#
# Solar evolution from Bahcall, Pinsonneault, & Basu 2001, ApJ, 555, 990
# Numbers from M. Pinsonneaults (private copy)
#
# extracted from m1000b.dat and converted into an ascii table with the
# subset of information on energy production.
#
# ageGyr = age in Gyr
# Lsun = luminosity in Lsun
# fraction of total energy generation from...
#   ppI = pp I cycle
#   ppII = pp II cycle
#   ppIII = pp III cycle
#   CNO = CNO cycle
#   3Alpha = triple-alpha process (3x 4He -> 12C)
#   HeC = 4He+12C -> 16O
#   KH = Kelvin-Helmholtz
#   ppTotal = total pp (I+II+III)
#   HHe = 
#
ageGyr         Lsun             ppI   ppII  ppIII  CNO  3Alpha HeC  KH  ppTotal  HHe
2.02700000E-06 18.7004785334265 1.02217723283563e-06 0 0 0 0 0 0.999998971500837 1.02217723283563e-06 1.02217723283563e-06
3.64860000E-06 18.1715410704519 1.37388078992351e-06 0 0 0 0 0 0.999998625848416 1.37388078992351e-06 1.37388078992351e-06
5.37717628E-06 17.6476767395021 1.85453641763179e-06 0 0 0 0 0 0.999998144826507 1.85453641763179e-06 1.85453641763179e-06
7.53789663E-06 17.0467805365119 2.64139640347676e-06 0 0 0 0 0 0.999997352197281 2.64139640347676e-06 2.64139640347676e-06
9.97519844E-06 16.4285627152543 3.84270581025217e-06 0 0 0 0 0 0.999996164286833 3.84270581025217e-06 3.84270581025217e-06
1.25598389E-05 15.8314972563676 5.58224049620163e-06 0 0 0 0 0 0.999994431583688 5.58224049620163e-06 5.58224049620163e-06
1.53009772E-05 15.2550343539615 8.09748114188427e-06 0 0 0 0 0 0.999991900774614 8.09748114188427e-06 8.09748114188427e-06
1.82083275E-05 14.6985566313924 1.17290739712358e-05 0 0 0 0 0 0.999988262018053 1.17290739712358e-05 1.17290739712358e-05
2.12921469E-05 14.1613279384743 1.69649541373365e-05 0 0 0 0 0 0.999983035596987 1.69649541373365e-05 1.69649541373365e-05
2.45634218E-05 13.6427370932148 2.45031400015953e-05 0 0 0 0 0 0.999975489286898 2.45031400015953e-05 2.45031400015953e-05
2.80337890E-05 13.1422994967095 3.53402432440599e-05 0 0 0 0 0 0.999964663968462 3.53402432440599e-05 3.53402432440599e-05
3.17155947E-05 12.6591681914633 5.08981380336269e-05 0 0 0 0 0 0.999949112654672 5.08981380336269e-05 5.08981380336269e-05
3.56220778E-05 12.1927239150231 7.32019212622603e-05 0 0 0 0 0 0.99992679937401 7.32019212622603e-05 7.32019212622603e-05
3.97673332E-05 11.7424524439816 0.000105131655920201 0 0 0 0 0 0.999894856377961 0.000105131655920201 0.000105131655920201
4.41663593E-05 11.3077437973536 0.000150778788461676 0 0 0 0 0 0.999849227451193 0.000150778788461676 0.000150778788461676
4.88351699E-05 10.8879600828674 0.000215946407968534 0 0 0 0 0 0.999784056623139 0.000215946407968534 0.000215946407968534
5.37909027E-05 10.4827430349173 0.000308847563964495 0 0 0 0 0 0.999691146209867 0.000308847563964495 0.000308847563964495
5.90518758E-05 10.0915068654072 0.000441102909542578 0 0 0 0 0 0.999558899828684 0.000441102909542578 0.000441102909542578
6.46376627E-05 9.71373116793724 0.000629122717557946 0 0 0 0 0 0.999370878416173 0.000629122717557946 0.000629122717557946
7.05693014E-05 9.34911551860694 0.000896033329925977 0 0 0 0 0 0.999103966723882 0.000896033329925977 0.000896033329925977
7.68692948E-05 8.99710251591314 0.00127438864675827 0 0 0 0 0 0.998725611285094 0.00127438864675827 0.00127438864675827
8.35621091E-05 8.65713332575731 0.00180994397456959 0 0 0 0 0 0.998190056088117 0.00180994397456959 0.00180994397456959
9.06744508E-05 8.32839487044839 0.00256696926989594 0 0 0 0 0 0.997433029919817 0.00256696926989594 0.00256696926989594
9.82358439E-05 8.01121890664226 0.00363521709235207 1.11565435224714e-30 0 0 0 0 0.996364783314295 0.00363521709235207 0.00363521709235207
1.06277570E-04 7.70538183929659 0.00513987942791106 2.64665601592843e-30 0 0 0 0 0.994860119832789 0.00513987942791106 0.00513987942791106
1.14834509E-04 7.41054546341627 0.00725508216168675 6.24540354397395e-30 0 0 0 0 0.992744918213958 0.00725508216168675 0.00725508216168675
1.23945991E-04 7.12639809073182 0.0102219965784313 1.46577513170154e-29 0 2.1702638560305e-30 0 0 0.989778004287109 0.0102219965784313 0.0102219965784313
1.33656955E-04 6.85258273942885 0.0143730050471757 3.42096581557714e-29 0 5.32487162687529e-30 0 0 0.985626995955534 0.0143730050471757 0.0143730050471757
1.44019986E-04 6.58890359120564 0.0201627744526902 7.93793179335771e-29 0 1.29791073152357e-29 0 0 0.979837226426722 0.0201627744526902 0.0201627744526902
1.55097681E-04 6.33508051686907 0.0282075117315661 1.83062716710846e-28 0 3.14118998914237e-29 0 0 0.971792488446952 0.0282075117315661 0.0282075117315661
1.66967345E-04 6.09097101729187 0.0393313357295393 4.19420078136547e-28 0 7.54336299902941e-29 0 0 0.960668665700139 0.0393313357295393 0.0393313357295393
1.79726392E-04 5.8564839039236 0.054615031176934 9.54135128119511e-28 0 1.79575787665943e-28 0 0 0.945384970031367 0.054615031176934 0.054615031176934
1.89933630E-04 5.68556164921135 0.0697471909490254 1.76700439109539e-27 0 3.43665384451689e-28 0 0 0.930252809893222 0.0697471909490254 0.0697471909490254
1.98099419E-04 5.55859014355771 0.0838724372474792 2.82161350179373e-27 0 5.62110400174274e-28 0 0 0.916127560853171 0.0838724372474792 0.0838724372474792
2.05048196E-04 5.45702063483348 0.097352569936949 4.13016981393323e-27 0 8.3841841110055e-28 0 0 0.902647429727065 0.097352569936949 0.097352569936949
2.11517233E-04 5.36767347415023 0.111100231389244 5.80443289817148e-27 0 1.19747267246311e-27 0 0 0.888899766906063 0.111100231389244 0.111100231389244
2.17709843E-04 5.28664909786868 0.125327767123245 7.93800721839443e-27 0 1.66109093443337e-27 0 0 0.874672234603996 0.125327767123245 0.125327767123245
2.23733548E-04 5.21183694347833 0.140136056618947 1.06388867114086e-26 0 2.25466309238706e-27 0 0 0.859863944056758 0.140136056618947 0.140136056618947
2.29664091E-04 5.14189824533729 0.155600925344161 1.40398893862717e-26 0 3.0094239640063e-27 0 0 0.844399074590243 0.155600925344161 0.155600925344161
2.35560437E-04 5.07579496967428 0.171787952273406 1.8305987132093e-26 0 3.96410444476468e-27 0 0 0.828212046608684 0.171787952273406 0.171787952273406
2.41474107E-04 5.01284791806228 0.188756266391133 2.36446048109548e-26 0 5.16725063744058e-27 0 0 0.811243733396955 0.188756266391133 0.188756266391133
2.47451371E-04 4.95243954773482 0.206561760146653 3.03175086849217e-26 0 6.67986314242464e-27 0 0 0.793438238291526 0.206561760146653 0.206561760146653
2.53538920E-04 4.89404819693724 0.225264820785772 3.86611533818588e-26 0 8.57989562225361e-27 0 0 0.774735177796743 0.225264820785772 0.225264820785772
2.59785793E-04 4.83731295019678 0.244914048811294 4.91102174793831e-26 0 1.09673995968861e-26 0 0 0.755085951148027 0.244914048811294 0.244914048811294
2.66245132E-04 4.78183982864463 0.26556593602173 6.22366973099461e-26 0 1.39729644016409e-26 0 0 0.734434062170466 0.26556593602173 0.26556593602173
2.72979407E-04 4.72722814843455 0.28727780368496 7.88074639730195e-26 0 1.77700633145489e-26 0 0 0.712722196646195 0.28727780368496 0.28727780368496
2.80065575E-04 4.67316200480752 0.310101021216295 9.98747489429749e-26 0 2.2594320053826e-26 0 0 0.689898982034712 0.310101021216295 0.310101021216295
2.87599413E-04 4.61920212151289 0.334089567722696 1.26918367626656e-25 0 2.8773355333598e-26 0 0 0.665910431949783 0.334089567722696 0.334089567722696
2.95709462E-04 4.56488747927323 0.359292435453661 1.62099742953097e-25 0 3.6779956299543e-26 0 0 0.640707564705549 0.359292435453661 0.359292435453661
3.04574090E-04 4.50963434110222 0.385747798695098 2.08712928101827e-25 0 4.73254742751131e-26 0 0 0.614252203277962 0.385747798695098 0.385747798695098
3.14456466E-04 4.45255300311339 0.41348147202575 2.72088116447549e-25 0 6.154586678887e-26 0 0 0.586518527275012 0.41348147202575 0.41348147202575
3.25776037E-04 4.39239908092702 0.44247137252151 3.61571280464073e-25 0 8.14065984014673e-26 0 0 0.557528627267438 0.44247137252151 0.44247137252151
3.39267954E-04 4.32696797613833 0.47259775465799 4.95546006308472e-25 0 1.10723354238359e-25 0 0 0.527402246234477 0.47259775465799 0.47259775465799
3.56132849E-04 4.25294153962276 0.502989949443262 7.13026843126788e-25 0 1.57458276292084e-25 0 0 0.497010048294125 0.502989949443262 0.502989949443262
3.77213968E-04 4.16936127156745 0.529609438035065 1.0848449595493e-24 0 2.35637917898789e-25 0 0 0.470390561588991 0.529609438035065 0.529609438035065
4.03565367E-04 4.07390930186566 0.546266240876018 1.76888557305384e-24 0 3.76207882020869e-25 0 0 0.453733756211383 0.546266240876018 0.546266240876018
4.36504615E-04 3.96165637383699 0.544404818712514 3.17222108989433e-24 0 6.59143710000995e-25 0 0 0.455595182843152 0.544404818712514 0.544404818712514
4.77678676E-04 3.82333308523516 0.512547681908146 6.56403662472332e-24 0 1.33737181040963e-24 0 0 0.487452316722588 0.512547681908146 0.512547681908146
5.10617924E-04 3.70941998963841 0.459232962230857 1.20143375580246e-23 0 2.42964804071122e-24 0 0 0.540767037866623 0.459232962230857 0.459232962230857
5.36969323E-04 3.61459934034784 0.399878648752508 1.99441573496947e-23 0 4.03667226326553e-24 0 0 0.600121348384703 0.399878648752508 0.399878648752508
5.58050442E-04 3.53592242980331 0.34309428560272 3.04475367142001e-23 0 6.19672558858109e-24 0 0 0.656905714452906 0.34309428560272 0.34309428560272
5.74915337E-04 3.47123890787576 0.293141378915548 4.32128473380689e-23 0 8.86241100553517e-24 0 0 0.706858621696407 0.293141378915548 0.293141378915548
5.88407253E-04 3.41848667978081 0.25146250827431 5.75948875754063e-23 0 1.19092678759861e-23 0 0 0.748537490327173 0.25146250827431 0.25146250827431
5.99200786E-04 3.37573587400998 0.217840275852644 7.27841561573764e-23 0 1.51686419823995e-23 0 0 0.782159724144399 0.217840275852644 0.217840275852644
6.07835613E-04 3.34125921865172 0.191267112540248 8.79854835443234e-23 0 1.84667238493691e-23 0 0 0.808732885768257 0.191267112540248 0.191267112540248
6.14743474E-04 3.31355851259555 0.170491859386989 1.02538685436961e-22 0 2.16535710256093e-23 0 0 0.82950814043328 0.170491859386989 0.170491859386989
6.20269763E-04 3.29133720474572 0.154334057071871 1.1598330564537e-22 0 2.46203032564269e-23 0 0 0.845665942701557 0.154334057071871 0.154334057071871
6.24690794E-04 3.27352362070398 0.141780890495053 1.28051355227385e-22 0 2.73000394238125e-23 0 0 0.858219110511819 0.141780890495053 0.141780890495053
6.28279629E-04 3.25906698652017 0.131876387867347 1.38797973429504e-22 0 2.96986630837393e-23 0 0 0.868123613814063 0.131876387867347 0.131876387867347
6.31837235E-04 3.24474372332139 0.12237875217878 1.50372060663255e-22 0 3.22941532321506e-23 0 0 0.877621246181216 0.12237875217878 0.12237875217878
6.35375738E-04 3.23047513038813 0.113267789173798 1.62869968894261e-22 0 3.51100251269765e-23 0 0 0.886732209467846 0.113267789173798 0.113267789173798
6.38904314E-04 3.21625678940683 0.104530563948535 1.76389804716006e-22 0 3.81705715800888e-23 0 0 0.895469434992211 0.104530563948535 0.104530563948535
6.42433484E-04 3.20206628592695 0.0961544060949599 1.91052389417636e-22 0 4.15056004880693e-23 0 0 0.903845595801643 0.0961544060949599 0.0961544060949599
6.45974324E-04 3.18786352040367 0.0881275127375671 2.06999889981626e-22 0 4.51502679078852e-23 0 0 0.911872488076874 0.0881275127375671 0.0881275127375671
6.49538962E-04 3.17357854920083 0.0804397783266732 2.24405507523782e-22 0 4.91473919998852e-23 0 0 0.919560223500655 0.0804397783266732 0.0804397783266732
6.53140358E-04 3.15917518934369 0.0730818755410536 2.43473992387169e-22 0 5.35477910723729e-23 0 0 0.926918124033617 0.0730818755410536 0.0730818755410536
6.56793786E-04 3.14462484234658 0.0660439611756749 2.6445837506627e-22 0 5.84143540833082e-23 0 0 0.93395603839611 0.0660439611756749 0.0660439611756749
6.60517015E-04 3.12986952159972 0.0593173928557599 2.87675266584212e-22 0 6.38258782423289e-23 0 0 0.940682606633126 0.0593173928557599 0.0593173928557599
6.64331057E-04 3.11480585943179 0.0528952645639544 3.13529057691624e-22 0 6.98831082331751e-23 0 0 0.947104735618467 0.0528952645639544 0.0528952645639544
6.68259901E-04 3.0993641264828 0.0467729524780006 3.42524994378356e-22 0 7.67124798175338e-23 0 0 0.953227045752991 0.0467729524780006 0.0467729524780006
6.72334196E-04 3.08346450888611 0.0409454273386817 3.75329255992661e-22 0 8.44810719401154e-23 0 0 0.959054573671185 0.0409454273386817 0.0409454273386817
6.76591819E-04 3.06697931551202 0.0354109293958081 4.12830241011463e-22 0 9.34123293727434e-23 0 0 0.964589071415407 0.0354109293958081 0.0354109293958081
6.81081454E-04 3.0496810910059 0.0301708336558073 4.56251823872199e-22 0 1.03814883114737e-22 0 0 0.969829166309468 0.0301708336558073 0.0301708336558073
6.85864751E-04 3.0314353941493 0.0252310035528447 5.072681881883e-22 0 1.16113396867815e-22 0 0 0.974768997453511 0.0252310035528447 0.0252310035528447
6.91029665E-04 3.01196296853371 0.0205991794547874 5.68372794713808e-22 0 1.30942098598244e-22 0 0 0.979400819604395 0.0205991794547874 0.0205991794547874
6.96696354E-04 2.99081019920441 0.0162932861847812 6.43323973053129e-22 0 1.49261842867445e-22 0 0 0.98370671291098 0.0162932861847812 0.0162932861847812
7.03036581E-04 2.96750933633635 0.0123428791786785 7.38026129583764e-22 0 1.72592093554225e-22 0 0 0.987657118416494 0.0123428791786785 0.0123428791786785
7.10318421E-04 2.94118135371331 0.00879070485312215 8.62602395053568e-22 0 2.03553604147579e-22 0 0 0.991209296332349 0.00879070485312215 0.00879070485312215
7.18962516E-04 2.91057944526743 0.00570661090423316 1.03536293602978e-21 0 2.46928644111951e-22 0 0 0.994293388797741 0.00570661090423316 0.00570661090423316
7.29683547E-04 2.87360829083237 0.00319179024826076 1.29310650719332e-21 0 3.12429153571221e-22 0 0 0.996808211174214 0.00319179024826076 0.00319179024826076
7.43084836E-04 2.82894871266191 0.00143375755164662 1.69621234860947e-21 0 4.16391161397763e-22 0 0 0.99856624383335 0.00143375755164662 0.00143375755164662
7.59836447E-04 2.77544006961341 0.000466136986405981 2.35744267067217e-21 0 5.90000136529011e-22 0 0 0.999533865051682 0.000466136986405981 0.000466136986405981
7.80775961E-04 2.71196026461489 9.30015370397823e-05 3.50475099654519e-21 0 8.97799765641385e-22 0 0 0.999906999148112 9.30015370397823e-05 9.30015370397823e-05
8.06950354E-04 2.63748253812994 9.88084403337045e-08 5.62998548249286e-21 0 1.48289917125787e-21 0 0 0.999999902130179 9.88084403337101e-08 9.88084403337116e-08
8.39668345E-04 2.55116273785789 1.21244845109223e-07 9.87239583984664e-21 0 2.6874000777217e-21 0 0 0.99999987932644 1.21244845109232e-07 1.21244845109235e-07
8.80565833E-04 2.45248427825843 1.54221638178487e-07 1.90821490334825e-20 0 5.39891061377266e-21 0 0 0.999999845765198 1.54221638178506e-07 1.54221638178512e-07
9.26367749E-04 2.3521502877367 1.98516530357124e-07 3.80488728830827e-20 0 1.12088788022848e-20 0 0 0.999999801145064 1.98516530357162e-07 1.98516530357173e-07
9.74748361E-04 2.25600265803602 2.5488880917392e-07 7.52308023199546e-20 0 2.3063431913372e-20 0 0 0.999999743778661 2.54888809173995e-07 2.54888809174018e-07
1.02589980E-03 2.16377393529071 3.2653882666586e-07 1.47622756143924e-19 0 4.70736232370389e-20 0 0 0.999999674046027 3.26538826666008e-07 3.26538826666055e-07
1.07998230E-03 2.07524830588779 4.1743066867818e-07 2.8754489393245e-19 0 9.53277472573911e-20 0 0 0.999999582754611 4.17430668678468e-07 4.17430668678563e-07
1.13711823E-03 1.99034912857536 5.32400715425479e-07 5.55782055579259e-19 0 1.91466474664559e-19 0 0 0.999999468145893 5.32400715426035e-07 5.32400715426227e-07
1.19747975E-03 1.908919775222 6.77522637036745e-07 1.06618966203716e-18 0 3.81494099151081e-19 0 0 0.999999321489559 6.77522637037811e-07 6.77522637038193e-07
1.26124432E-03 1.830808491215 8.60320206923834e-07 2.03030115811468e-18 0 7.54177652455433e-19 0 0 0.999999136329657 8.60320206925865e-07 8.60320206926619e-07
1.32859387E-03 1.75584280373801 1.09010038138107e-06 3.83820615698214e-18 0 1.47944375457178e-18 0 0 0.999998910074409 1.0901003813849e-06 1.09010038138638e-06
1.39968616E-03 1.68396973921148 1.37815340499331e-06 7.20183167049e-18 0 2.87913838776596e-18 0 0 0.999998622771287 1.37815340500052e-06 1.37815340500339e-06
1.47474886E-03 1.61501444091716 1.73864067023783e-06 1.3417086591309e-17 0 5.56068990621529e-18 0 0 0.999998259509579 1.73864067025125e-06 1.73864067025681e-06
1.55396820E-03 1.54888615227456 2.18868430389264e-06 2.48162711271928e-17 0 1.06575594828314e-17 0 0 0.999997809861908 2.18868430391746e-06 2.18868430392811e-06
1.63757979E-03 1.48544593281828 2.74949410797548e-06 4.55806356220189e-17 1.2153252434943e-30 2.02748898728745e-17 0 0 0.999997251452785 2.74949410802106e-06 2.74949410804133e-06
1.72580460E-03 1.42461471530653 3.44678495683197e-06 8.31384989411089e-17 3.31783814193088e-30 3.82864240513366e-17 0 0 0.999996549729217 3.4467849569151e-06 3.44678495695339e-06
1.81892456E-03 1.36625313345973 4.31242708668499e-06 1.50644151482245e-16 8.95286576143138e-30 7.17919563350745e-17 0 0 0.99999568640716 4.31242708683563e-06 4.31242708690743e-06
1.91717111E-03 1.31028018392341 5.38447746257941e-06 2.70840493776974e-16 2.37789120085031e-29 1.3349249507556e-16 0 0 0.999994616477075 5.38447746285025e-06 5.38447746298374e-06
2.02302616E-03 1.25555855689227 6.73847016816274e-06 4.8757352704859e-16 6.28932671172705e-29 2.48472251881414e-16 0 0 0.999993264438189 6.73847016865031e-06 6.73847016889878e-06
2.13487669E-03 1.20316150562917 8.41460090988017e-06 8.67200592038876e-16 1.61928416998448e-28 4.56416972643117e-16 0 0 0.999991584147996 8.41460091074737e-06 8.41460091120379e-06
2.25315459E-03 1.15297587961406 1.04858576087879e-05 1.52310436068084e-15 4.05880764961576e-28 8.2695701172791e-16 0 0 0.999989514425868 1.0485857610311e-05 1.0485857611138e-05
2.37829368E-03 1.10489492072826 1.30406052464274e-05 2.64147933459257e-15 9.91607119777373e-28 1.47789631336499e-15 0 0 0.999986957376678 1.30406052490689e-05 1.30406052505468e-05
2.51072459E-03 1.05891590477761 1.61841763096374e-05 4.52430332605701e-15 2.36482747940774e-27 2.60593024200495e-15 0 0 0.999983818566206 1.61841763141617e-05 1.61841763167676e-05
2.65118038E-03 1.01486285384512 2.00525799352055e-05 7.66450897333474e-15 5.52348342316557e-27 4.54093386366402e-15 0 0 0.999979944240703 2.005257994287e-05 2.0052579947411e-05
2.80019178E-03 0.972695204144622 2.48048522262609e-05 1.28498448915367e-14 1.26563129411396e-26 7.82500086107995e-15 0 0 0.999975195575635 2.48048522391107e-05 2.48048522469357e-05
2.95848612E-03 0.932336566058832 3.06396342693669e-05 2.13451037152009e-14 2.85196026499321e-26 1.33516793754226e-14 0 0 0.999969360786789 3.0639634290712e-05 3.06396343040636e-05
3.12688922E-03 0.893736436437513 3.78015134245476e-05 3.51741049355751e-14 6.3355678801352e-26 2.2588372228026e-14 0 0 0.999962198657081 3.78015134597217e-05 3.78015134823101e-05
3.30645323E-03 0.856769090017208 4.66017463342405e-05 5.75941800129705e-14 1.39159811423175e-25 3.79568279002068e-14 0 0 0.999953398158648 4.66017463918347e-05 4.66017464297915e-05
3.49810520E-03 0.821427986651639 5.74129749246059e-05 9.37937734676602e-14 3.02778333635565e-25 6.34154732325811e-14 0 0 0.999942586991916 5.74129750183996e-05 5.74129750818151e-05
3.70324559E-03 0.787624462052214 7.07222908679889e-05 1.52198989208201e-13 6.546723062111e-25 1.05549820130509e-13 0 0 0.999929277142981 7.07222910201879e-05 7.07222911257377e-05
3.92336427E-03 0.755294518769332 8.71418713685923e-05 2.46484647211979e-13 1.41069903663024e-24 1.75315990927295e-13 0 0 0.999912858139842 8.7141871615077e-05 8.7141871790393e-05
4.16018340E-03 0.724379661380362 0.000107455026348577 3.99062410793187e-13 3.03827051936561e-24 2.91116940801669e-13 0 0 0.9998925461543 0.000107455026747639 0.000107455027038756
4.41572657E-03 0.694853561737994 0.000132666123592181 6.47051862086492e-13 6.56080958784661e-24 4.84195795382369e-13 0 0 0.999867333574914 0.000132666124239233 0.000132666124723429
4.69267567E-03 0.666651867434485 0.000164124980885548 1.05334893263313e-12 1.42652240765448e-23 8.08791365236801e-13 0 0 0.999835876204913 0.000164124981938897 0.000164124982747689
4.98884580E-03 0.640151935620181 0.00020289962706145 1.71209325320276e-12 3.09642709754467e-23 1.34890638917374e-12 0 0 0.99979710032423 0.000202899628773543 0.00020289963012245
5.30042335E-03 0.615689835742285 0.000249879751246044 2.76069631383597e-12 6.64290300499938e-23 2.23114904657124e-12 0 0 0.999750121354368 0.000249879754006741 0.00024987975623789
5.62763470E-03 0.593194811872533 0.000306576475990957 4.41949627260621e-12 1.41054551431208e-22 3.66290189413676e-12 0 0 0.999693424708219 0.000306576480410454 0.000306576484073355
5.97063938E-03 0.57259353208522 0.000374734445949112 7.02920879204232e-12 2.96854853356433e-22 5.97321995158506e-12 0 0 0.999625266313367 0.000374734452978321 0.000374734458951541
6.32952081E-03 0.553784823868187 0.000456392743366616 1.11158811774611e-11 6.2002267523627e-22 9.68321542750758e-12 0 0 0.999543608171813 0.000456392754482497 0.000456392764165712
6.70429763E-03 0.536700086151109 0.000553874735015982 1.74892954598059e-11 1.28679136788056e-21 1.56156879535889e-11 0 0 0.999446124271676 0.000553874752505278 0.000553874768120966
7.09491253E-03 0.521286495264092 0.000669832754487726 2.73942216607115e-11 2.65669752157762e-21 2.50676444118888e-11 0 0 0.999330166295762 0.000669832781881948 0.000669832806949592
7.50122631E-03 0.507454641274609 0.000807348773027173 4.27450456370185e-11 5.46265347585993e-21 4.00838450288064e-11 0 0 0.999192652423909 0.000807348815772219 0.000807348855856064
7.92302118E-03 0.495167241970619 0.000969887194251224 6.64809236349954e-11 1.11979599214461e-20 6.3882459740495e-11 0 0 0.999030113606249 0.000969887260732147 0.000969887324614607
8.35997860E-03 0.484345976087897 0.00116146112855888 1.03117299545679e-10 2.29065080494993e-20 1.01529753993612e-10 0 0 0.998838538739518 0.00116146123167618 0.00116146133320593
8.81171842E-03 0.474959912598818 0.00138656290674422 1.59590415715831e-10 4.68021466872219e-20 1.60999974674895e-10 0 0 0.998613437510515 0.00138656306633464 0.00138656322733461
9.27777140E-03 0.466952318401432 0.00165036825952214 2.46574601865489e-10 9.55964779290902e-20 2.54861302343274e-10 0 0 0.998349631491134 0.00165036850609674 0.00165036876095805
9.75760567E-03 0.46030735573778 0.00195865727271497 3.80503952015435e-10 1.95365872778337e-19 4.02928331881048e-10 0 0 0.998041341884847 0.00195865765321892 0.00195865805614725
1.02506014E-02 0.454968124879209 0.00231812255040946 5.86731930002508e-10 3.99766172736361e-19 6.36486272696317e-10 0 0 0.997681877429351 0.00231812313714139 0.00231812377362766
1.07561098E-02 0.450929280953314 0.00273618603207926 9.0441625599874e-10 8.19639199784557e-19 1.00497380884636e-09 0 0 0.997263812740868 0.00273618693649551 0.00273618794146932
1.12733984E-02 0.44812654053639 0.00322157413009276 1.39425204151519e-09 1.68496190628701e-18 1.58673050506871e-09 0 0 0.996778422151337 0.00322157552434481 0.00322157711107531
1.18017172E-02 0.446396975049552 0.00378508095806976 2.15083956582238e-09 3.47546483671352e-18 2.50644456064202e-09 0 0 0.996214915996319 0.00378508310890933 0.00378508561535389
1.23403613E-02 0.445840461913858 0.004437214876164 3.32066150668498e-09 7.19506458931446e-18 3.96138944504603e-09 0 0 0.995562776188223 0.00443721819682552 0.00443722215821496
1.28885584E-02 0.446502855851847 0.00519011103653261 5.13230146227859e-09 1.49577041724813e-17 6.2655446730855e-09 0 0 0.99480987899299 0.00519011616883409 0.00519012243437876
1.34454720E-02 0.448392853315805 0.00605778020303754 7.94360979141514e-09 3.12407117919295e-17 9.91967351198463e-09 0 0 0.993942202031726 0.00605778814664737 0.00605779806632088
1.40102460E-02 0.451514366022956 0.0070561435465777 1.23164202481151e-08 6.5583578792473e-17 1.57237014461663e-08 0 0 0.992943828009243 0.00705615586299802 0.00705617158669946
1.45820417E-02 0.455852151611222 0.00820364303816952 1.91369091253956e-08 1.38447407952185e-16 2.49591703357881e-08 0 0 0.991796312471041 0.00820366217507879 0.00820368713424912
1.51600453E-02 0.461428436157173 0.00952073098612326 2.98067980260219e-08 2.94009881856933e-16 3.96815214781499e-08 0 0 0.99047919934506 0.00952076079292158 0.00952080047444306
1.57434579E-02 0.468245961083678 0.011031054252013 4.65554932914933e-08 6.28362398084668e-16 6.31979304883139e-08 0 0 0.988968835797913 0.0110311008075069 0.0110311640054374
1.63315162E-02 0.476362553947741 0.0127604057657875 7.29402252802007e-08 1.35203696777278e-15 1.00834262689064e-07 0 0 0.987239421114515 0.0127604787060141 0.0127605795402768
1.69234881E-02 0.485742796733619 0.0147403232495624 1.14680337566691e-07 2.93008340951378e-15 1.61205244682078e-07 0 0 0.985259401103285 0.0147404379299028 0.0147405991351475
1.75187506E-02 0.496357420581642 0.0170072782232365 1.81021956304612e-07 6.39853000742559e-15 2.58277228634509e-07 0 0 0.982992282916311 0.0170074592451992 0.0170077175224278
1.81167649E-02 0.508219766123359 0.0196020692898078 2.86991606234766e-07 1.40854251785682e-14 4.14728975631458e-07 0 0 0.980397228153182 0.0196023562814281 0.0196027710104037
1.87170720E-02 0.521371452679532 0.022570592117235 4.57168709132427e-07 3.1270266939646e-14 6.67470415212593e-07 0 0 0.97742828338788 0.0225710492859754 0.0225717167563906
1.93193020E-02 0.53586215463799 0.0259651988474529 7.32060574915974e-07 7.00462129581765e-14 1.07674166202275e-06 0 0 0.974032992407552 0.0259659309080979 0.0259670076497599
1.99231841E-02 0.551737109092282 0.029846414947677 1.17898484854533e-06 1.58415357893538e-13 1.74117984483679e-06 0 0 0.970150664472476 0.029847593932684 0.0298493351125288
2.05285577E-02 0.568978100396942 0.0342877788905931 1.91093660589304e-06 3.61978263937251e-13 2.82300949523265e-06 0 0 0.965707487892189 0.0342896898275609 0.0342925128370562
2.11354077E-02 0.587618913717472 0.0393727311356147 3.1190505057181e-06 8.36216198167261e-13 4.58948351906974e-06 0 0 0.960619561118147 0.0393758501869567 0.0393804396704757
2.17438850E-02 0.607672690361148 0.0452011654229116 5.13012588758476e-06 1.95441220057819e-12 7.48283081027978e-06 0 0 0.954786221600943 0.0452062955507536 0.0452137783815639
2.23543180E-02 0.629257886101866 0.0518857095335864 8.50799913397243e-06 4.62480807038927e-12 1.2236567502872e-05 0 0 0.948093546663031 0.0518942175373451 0.051906454104848
2.29671803E-02 0.652230000364035 0.0595847574909296 1.42404617156769e-05 1.10914921361518e-11 2.00784934650211e-05 0 0 0.940380921849145 0.0595989979637368 0.0596190764572018
2.35832570E-02 0.676596465921966 0.0684872900375811 2.40733894135926e-05 2.69839334367816e-11 3.30678360394812e-05 0 0 0.931455568780174 0.0685113634539786 0.0685444312900181
2.42036730E-02 0.702311307836691 0.0788503221891409 4.1136228019723e-05 6.66718927596822e-11 5.46882628421684e-05 0 0 0.921053852874054 0.0788914584838325 0.0789461467466747
2.48292006E-02 0.729302054490442 0.0910202228161554 7.10651940178776e-05 1.67359492885673e-10 9.08302973947925e-05 0 0 0.908817879942893 0.0910912881775328 0.0911821184749276
2.54282999E-02 0.756146994008051 0.104686797444515 0.000120593550358053 4.06849705728942e-10 0.000147573076246088 0 0 0.895045035374159 0.104807391401723 0.104954964477969
2.59213641E-02 0.779011543221071 0.117816870364338 0.000186965288598641 8.4896993215968e-10 0.000219855484158591 0 0 0.881776308679248 0.118003836501907 0.118223691986065
2.63251108E-02 0.798181173365236 0.130205985142228 0.000268103187773485 1.55453135378856e-09 0.000304605699950213 0 0 0.869221304825903 0.130474089884533 0.130778695584483
2.66593062E-02 0.814264908549876 0.141880155692505 0.000361412556171791 2.56858784903892e-09 0.000398968604183808 0 0 0.857359460870391 0.142241570817265 0.142640539421449
2.69408254E-02 0.827936348237338 0.152940028867656 0.000464627633294493 3.92431586910907e-09 0.000500892192839345 0 0 0.84609444734656 0.153404660425266 0.153905552618105
2.71830204E-02 0.83970768854862 0.163534594088749 0.000576349121962312 5.65359240452533e-09 0.000609405097724517 0 0 0.835279645006357 0.164110948864303 0.164720353962028
2.73958184E-02 0.850002007471697 0.173805670694159 0.000695911103503713 7.79364905231777e-09 0.000724322458756664 0 0 0.82477408739925 0.174501589591312 0.175225912050069
2.75864381E-02 0.859161705418315 0.183871440037104 0.000823150988387761 1.03905951856333e-08 0.000845964372499727 0 0 0.814459434803719 0.184694601416087 0.185540565788587
2.77601610E-02 0.867416349318442 0.193837903945564 0.000958296473951793 1.35024924411475e-08 0.000975043807583923 0 0 0.804228742688708 0.194796213922008 0.195771257729592
2.79209451E-02 0.874959947605538 0.203793669056482 0.00110186261284116 1.72023637666963e-08 0.00111258217552019 0 0 0.793991868886322 0.204895548871687 0.206008131047207
2.80718033E-02 0.881952095416077 0.213813144704914 0.00125456818545003 2.15805046543042e-08 0.00125985809861453 0 0 0.783672407597073 0.215067734470869 0.216327592569484
2.82151258E-02 0.888466099856888 0.223976628969922 0.00141743347349196 2.67508494739736e-08 0.00141854175438209 0 0 0.773187368781603 0.225394089194264 0.226812630948646
2.83528847E-02 0.894603315121861 0.234356950679801 0.00159172798259308 3.28568383362139e-08 0.00159069061778086 0 0 0.762460598424102 0.235948711519232 0.237539402137013
2.84867469E-02 0.900446039654568 0.2450213874944 0.00177894936448885 4.00776003344343e-08 0.0017787934417641 0 0 0.751420829458659 0.246800376936489 0.248579170378253
2.86182182E-02 0.906022364810728 0.256055271934114 0.00198106171515419 4.86442945690496e-08 0.0019860949352789 0 0 0.739977522674131 0.258036382293563 0.260022477228842
2.87487199E-02 0.911409623813298 0.2675364705716 0.00220037653498688 5.88523039460332e-08 0.00221660337702759 0 0 0.728046490472354 0.269736905958891 0.271953509335919
2.88796667E-02 0.91663327614203 0.27956706315372 0.00243988326434427 7.10898801037015e-08 0.00247560518373369 0 0 0.715517377637047 0.282007017507944 0.284482622691678
2.90121331E-02 0.921708214604082 0.292221993611824 0.00270245251212169 8.58194553836948e-08 0.00276904161160841 0 0 0.702306427070367 0.294924531943401 0.29769357355501
2.91463276E-02 0.926647651073621 0.305474211985577 0.00298909243096969 1.03446072721318e-07 0.00310155465960563 0 0 0.688435038130061 0.308463407862619 0.311564962522225
2.92536833E-02 0.930416805363653 0.316395620009187 0.00323425418871691 1.19903443657595e-07 0.00339497334075496 0 0 0.676975032446685 0.319629994101348 0.323024967442102
2.93395678E-02 0.933357163871139 0.32533262908766 0.00344101053093049 1.34801106018372e-07 0.00364806180506275 0 0 0.667578163128584 0.328773774419697 0.33242183622476
2.94082754E-02 0.93564718154187 0.332607206155597 0.0036133703672667 1.47934392077048e-07 0.00386277756327348 0 0 0.659916497565348 0.336220724457256 0.340083502020529
2.94751262E-02 0.937793772407924 0.339765230240196 0.003786402495383 1.61720575954124e-07 0.00408273920413128 0 0 0.652365466694403 0.343551794456155 0.347634533660286
2.95494168E-02 0.94009587528581 0.347771358852738 0.00398411050241158 1.78183265562221e-07 0.00434032301094768 0 0 0.643904029273574 0.351755647538415 0.356095970549363
2.96328402E-02 0.942583710895049 0.356879764748507 0.00421409168659214 1.98322386478005e-07 0.00464618040751143 0 0 0.634259765037003 0.361094054757486 0.365740235164997
2.97198589E-02 0.945021426950216 0.366522804797999 0.00446329438646919 2.21367216693829e-07 0.00498450716107218 0 0 0.624029172442316 0.370986320551685 0.375970827712757
2.98082314E-02 0.947367575433652 0.376455891301482 0.00472621862527907 2.47078234541491e-07 0.00534852910464093 0 0 0.613469113858966 0.381182357004996 0.386530886109637
2.98972414E-02 0.949587438776186 0.386613801961348 0.00500142608891374 2.75529408157712e-07 0.00573631447465247 0 0 0.602648182391217 0.39161550357967 0.397351818054322
2.99866802E-02 0.951650990365046 0.396990612971548 0.00528885802774116 3.06912126354183e-07 0.00614767703625866 0 0 0.591572544661619 0.402279777911415 0.408427454947674
3.00764253E-02 0.953567994046878 0.407211026821556 0.00558038006017472 3.40433920839043e-07 0.00658456538935736 0 0 0.580623686466538 0.412791747315651 0.419376312705008
3.01762099E-02 0.955502378352472 0.418563819474312 0.00591235830280274 3.80687488844552e-07 0.00709715857713799 0 0 0.5684262837069 0.424476558464604 0.431573717041742
3.02817976E-02 0.957299817237437 0.431109157829954 0.00628488092410002 4.28492851052389e-07 0.0076673267014523 0 0 0.554938205810017 0.437394467246905 0.445061793948357
3.03813093E-02 0.95878913706697 0.442577994049969 0.00663729737225371 4.76414490257303e-07 0.00823616518451275 0 0 0.542548067024737 0.449215767836713 0.457451933021225
3.04896690E-02 0.960154435036647 0.454982964259626 0.00702830560767282 5.325336688993e-07 0.00888766979415587 0 0 0.529100528479681 0.462011802400967 0.470899472195123
3.06041387E-02 0.961287692466739 0.468019540378716 0.0074497973875264 5.96509953777277e-07 0.00961182418375724 0 0 0.514918241312162 0.475469934276196 0.485081758459954
3.07237928E-02 0.962163852325245 0.481545491321762 0.00789865799014761 6.68633182846418e-07 0.0104073457715132 0 0 0.500147836397131 0.489444817945093 0.499852163716606
3.08486606E-02 0.962691464605993 0.49554055742589 0.00837505807044818 7.49654687439624e-07 0.0112789119870757 0 0 0.484804723173708 0.503916365151025 0.515195277138101
3.09791826E-02 0.962864812540098 0.508634504679861 0.00884695943714866 8.35602642781687e-07 0.0122442384916928 0 0 0.470273462175297 0.517482299719652 0.529726538211345
3.11338263E-02 0.962503209604575 0.525053241336846 0.00943834703027344 9.48518560655053e-07 0.0134342399806773 0 0 0.45207322392074 0.53449253688568 0.547926776866358
3.12877852E-02 0.961594798587235 0.541206356112364 0.0100352928012688 1.06966594610452e-06 0.0146766761017579 0 0 0.434080605066972 0.551242718579579 0.565919394681337
3.14472884E-02 0.960083334931229 0.555593904812657 0.0106051289815684 1.194759494583e-06 0.0160406908855502 0 0 0.417759080287265 0.56620022855372 0.58224091943927
3.16405438E-02 0.957413315361398 0.572119424507103 0.0112773668662885 1.35145125855241e-06 0.0177740906951733 0 0 0.398827766308916 0.58339814282465 0.601172233519823
3.18636066E-02 0.953332730310413 0.590250823358156 0.012032352226347 1.53896525667621e-06 0.0198784198816183 0 0 0.377836864871632 0.602284714549759 0.622163134431378
3.21119013E-02 0.94762254341806 0.609468049289754 0.0128473846306852 1.75471238158e-06 0.0223433122682257 0 0 0.355339498135437 0.622317188632821 0.644660500901046
3.23860263E-02 0.940012778882159 0.629670407995806 0.0137142238803714 1.99865698872113e-06 0.0252003673058254 0 0 0.331413002034363 0.643386630533166 0.668586997838991
3.26906197E-02 0.930222327331769 0.648181653228533 0.0145397978554176 2.25129185622427e-06 0.0285756780061886 0 0 0.308700619800951 0.662723702375807 0.691299380381996
3.30342009E-02 0.917849882805516 0.666179412837122 0.0153310525649232 2.50957047895388e-06 0.0326203441988608 0 0 0.28586668137713 0.681512974972524 0.714133319171385
3.34273945E-02 0.902435248885948 0.687771011566994 0.0162018805427312 2.79471228890212e-06 0.0374402012130071 0 0 0.258584112586555 0.703975686822014 0.741415888035021
3.38834693E-02 0.883525768382895 0.713513249482045 0.0171616893842862 3.10636766715172e-06 0.0431762511803369 0 0 0.226145702989174 0.730678045233998 0.773854296414335
3.44212954E-02 0.860766680894574 0.743052801875747 0.0181832756162608 3.43080934188913e-06 0.0499550036663961 0 0 0.188805487720667 0.76123950830135 0.811194511967746
3.50718579E-02 0.833910120205539 0.776629385239229 0.0192537385156599 3.75434351273772e-06 0.0578101290917512 0 0 0.146302992425525 0.795886878098402 0.853697007190153
3.58850611E-02 0.803226181970614 0.81316289067865 0.0203113593234401 4.04684797752138e-06 0.0665209884828614 0 0 0.100000714995292 0.833478296850067 0.899999285332929
3.68566862E-02 0.772307522475814 0.846817100658865 0.0211464147696573 4.23539414651038e-06 0.0748588733341135 0 0 0.0571733752617731 0.867967750822669 0.942826624156782
3.79743645E-02 0.744820710255643 0.874329651462677 0.0216926070630534 4.30978624224645e-06 0.081491598399791 0 0 0.0224818329692426 0.896026568311972 0.977518166711764
3.93691026E-02 0.721596307168489 0.894416953895665 0.0219092270053823 4.25883421169232e-06 0.0858492636181623 0 0 -0.00217970418414675 0.916330439735259 1.00217970335342
4.14612098E-02 0.703889795252932 0.906310942852588 0.0217695329628891 4.08225109865027e-06 0.0869585118477323 0 0 -0.0150430707639328 0.928084558066576 1.01504306991431
4.45993706E-02 0.695783556785347 0.909883094859209 0.0213647736498407 3.83443558558121e-06 0.0836598273016644 0 0 -0.0149115307466238 0.931251702944635 1.0149115302463
4.93066118E-02 0.695691482131998 0.911737503319973 0.0209629377023664 3.60771354035895e-06 0.0761566124651034 0 0 -0.00886066073586108 0.93270404873588 1.00886066120098
5.63674736E-02 0.69909360594526 0.917327380119415 0.0206973261905831 3.42574436331996e-06 0.0651757564545193 0 0 -0.0032038881073322 0.938028132054361 1.00320388850888
6.69587663E-02 0.703426931893027 0.927583287498049 0.0205768611404278 3.27766574673974e-06 0.0519208195536564 0 0 -8.42449963360401e-05 0.948163426304223 1.00008424585788
8.28457053E-02 0.708097948253158 0.940055887242901 0.0205603584022743 3.14948695374935e-06 0.0385615221274979 0 0 0.00081908345791823 0.960619395132129 0.999180917259627
1.00000000E-01 0.711757912780561 0.949274269899558 0.0205937637457907 3.05232755546449e-06 0.0294924263194975 0 0 0.000636487041261275 0.969871085972904 0.999363512292402
1.25731442E-01 0.715440628066334 0.956894320986934 0.0206961198723357 2.99500430355953e-06 0.0222675141374875 0 0 0.000139050727757631 0.977593435863574 0.999860950001061
1.53122124E-01 0.718212446326272 0.961371796787732 0.0208529851809283 2.99464980174255e-06 0.0179664324476745 0 0 -0.000194208814833926 0.982227776618462 1.00019420906614
1.79470103E-01 0.720387466105307 0.963952223869604 0.0210180247608398 3.0269799276064e-06 0.015338717731639 0 0 -0.000311994326074442 0.984973275610371 1.00031199334201
2.07099456E-01 0.722369886152819 0.965747818912284 0.0211962801793219 3.07522909327099e-06 0.0134279006031931 0 0 -0.000375075610423053 0.986947174320699 1.00037507492389
2.34830727E-01 0.724216619681312 0.96700281375505 0.0213738433768775 3.12364786794795e-06 0.0120042233273045 0 0 -0.000384002510357159 0.988379780779796 1.0003840041071
2.62564121E-01 0.725947566909366 0.967934392275094 0.0215599683963871 3.17644810053877e-06 0.0108914625937263 0 0 -0.000389000292682649 0.989497537119582 1.00038899971331
2.90277794E-01 0.727605435910657 0.968637225913387 0.0217510616591151 3.23163498229928e-06 0.00999197856582906 0 0 -0.000383497537577857 0.990391519207485 1.00038349777331
3.17972763E-01 0.729208380190644 0.969180091999535 0.0219478071491935 3.28940874126117e-06 0.00924608665116724 0 0 -0.000377275846621613 0.99113118855747 1.00037727520864
3.45647549E-01 0.730771721138083 0.969601003301707 0.0221493662546112 3.34939970882851e-06 0.00861644776044942 0 0 -0.000370166604940213 0.991753718956027 1.00037016671648
3.73302282E-01 0.732303336733129 0.969927780431302 0.0223553689827935 3.41147047225653e-06 0.00807735366383509 0 0 -0.000363914811844041 0.992286560884568 1.0003639145484
4.00936878E-01 0.73380998342307 0.970178952429905 0.0225654306619773 3.47549054607182e-06 0.00761055637857164 0 0 -0.000358415020157017 0.992747858582428 1.000358414961
4.28551366E-01 0.735296957569939 0.970368229671525 0.0227792151559485 3.5413564182364e-06 0.00720262447093868 0 0 -0.000353611388328462 0.993150986183892 1.00035361065483
4.56145758E-01 0.736768634628982 0.970506297896456 0.0229965028418075 3.60901294520906e-06 0.00684316027179812 0 0 -0.000349568838702934 0.993506409751208 1.00034957002301
4.83720020E-01 0.738227008351412 0.97060116860276 0.0232170684709509 3.67839950215878e-06 0.00652431530614941 0 0 -0.000346230077074518 0.993821915473214 1.00034623077936
5.11274174E-01 0.739674653589304 0.970659202009977 0.0234407441377963 3.74947979701883e-06 0.00623979795387535 0 0 -0.000343492750180231 0.99410369562757 1.00034349358145
5.38808222E-01 0.741114152941485 0.97068517602146 0.0236674385860567 3.8222489055929e-06 0.00598458393001461 0 0 -0.000341020452783007 0.994356436856422 1.00034102078644
5.66322162E-01 0.742546080458744 0.970683448432863 0.0238970319377854 3.89668631502629e-06 0.00575460558267321 0 0 -0.000338983196631371 0.994584377056964 1.00033898263964
5.93816012E-01 0.74397262899722 0.970657404390476 0.0241294747955937 3.97280430058811e-06 0.00554643021687754 0 0 -0.000337282803452354 0.994790851990371 1.00033728220725
6.21289743E-01 0.745394371402548 0.970609762773863 0.0243646874684972 4.05059761092486e-06 0.00535730592181173 0 0 -0.000335806573812753 0.994978500839972 1.00033580676178
6.48743371E-01 0.746812242966261 0.970542899941111 0.0246026336245134 4.13008013600461e-06 0.005184895717055 0 0 -0.000334560566398331 0.99514966364576 1.00033455936282
6.76176893E-01 0.748226910766249 0.970458800066929 0.0248432748575748 4.21126368840854e-06 0.00502723138646255 0 0 -0.000333516762641487 0.995306286188193 1.00033351757466
7.03590313E-01 0.749638988511254 0.970359133060326 0.0250865869948247 4.29416644456143e-06 0.0048826411860848 0 0 -0.000332654089264003 0.995450014221595 1.00033265540768
7.30983633E-01 0.751049226191879 0.970245199099413 0.025332518078035 4.37879311410115e-06 0.00474971355484578 0 0 -0.000331809626199299 0.995582095970562 1.00033180952541
7.58356867E-01 0.752458294719604 0.970118422672206 0.0255811313863885 4.46520182391241e-06 0.00462719042960041 0 0 -0.000331211301342449 0.995704019260418 1.00033120969002
7.85709980E-01 0.75386668096688 0.969979629637094 0.0258323822920827 4.55340292476835e-06 0.0045140343457486 0 0 -0.00033059963424879 0.995816565332101 1.00033059967785
8.13042976E-01 0.755274748599383 0.969829818034245 0.0260862726266658 4.64342460343558e-06 0.00440932581974411 0 0 -0.00033005966433048 0.995920734085514 1.00033005990526
8.40355842E-01 0.75668291983401 0.969669778142945 0.0263428077699608 4.73529861198138e-06 0.00431226338598444 0 0 -0.000329584439483196 0.996017321211518 1.0003295845975
8.67648563E-01 0.758092618565995 0.969499855295079 0.0266020091821332 4.82906696404049e-06 0.00422216757110049 0 0 -0.00032886120230479 0.996106693544176 1.00032886111528
8.94921119E-01 0.759502535435957 0.969321436928999 0.0268638547576257 4.92474456040232e-06 0.00413838133956438 0 0 -0.000328598059066051 0.996190216431185 1.00032859777075
9.22173469E-01 0.760913299652906 0.969134533903377 0.0271284036031649 5.02239083183753e-06 0.00406038212423062 0 0 -0.000328341671927623 0.996267959897374 1.0003283420216
9.49405607E-01 0.762324419980483 0.968939834065542 0.0273955824483947 5.12199655115333e-06 0.00398767430286154 0 0 -0.000328212379719393 0.996340538510488 1.00032821281335
9.76617525E-01 0.763737042309077 0.968737493421964 0.0276654656373852 5.22363173316595e-06 0.0039198377375396 0 0 -0.000328020077751599 0.996408182691083 1.00032802042862
1.00380920E+00 0.765151255146859 0.968527976677974 0.0279380486618911 5.3273238102676e-06 0.00385648913224829 0 0 -0.000327841301066485 0.996471352663676 1.00032784179592
1.03098062E+00 0.766567032927364 0.96831155021812 0.0282133407399602 5.43310711405801e-06 0.00379730139043929 0 0 -0.000327626580862626 0.996530324065194 1.00032762545563
1.05813177E+00 0.767984715941769 0.968088712661793 0.0284913817238767 5.5410348691401e-06 0.00374193906512313 0 0 -0.00032757536807422 0.996585635420539 1.00032757448566
1.08526261E+00 0.76940456372998 0.96785957492883 0.0287721696017507 5.65113652162573e-06 0.00369014043305885 0 0 -0.000327537500919272 0.996637395667102 1.00032753610016
1.11237310E+00 0.770826615878465 0.967624222666437 0.0290557319099258 5.76346268860605e-06 0.00364166439271291 0 0 -0.000327384048243332 0.996685718039051 1.00032738243176
1.13946324E+00 0.772251244768082 0.967383077801776 0.0293420889296267 5.87805191736949e-06 0.00359628047065698 0 0 -0.000327324376247412 0.99673104478332 1.00032732525398
1.16653299E+00 0.773678618865068 0.967136190344298 0.0296312628280066 5.99495284851463e-06 0.0035537909966199 0 0 -0.000327240157381363 0.996773448125153 1.00032723912177
1.19358229E+00 0.775108404554813 0.96688370245507 0.0299232908115884 6.11421868496184e-06 0.00351402733345976 0 0 -0.000327133784784124 0.996813107485344 1.0003271348188
1.22061116E+00 0.776540741348909 0.966626001742174 0.0302181505109937 6.23587002220692e-06 0.00347678745780953 0 0 -0.000327176251639636 0.99685038812319 1.000327175581
1.24761952E+00 0.777975882623272 0.966363079874619 0.0305159003386435 6.35997260392708e-06 0.00344193474349214 0 0 -0.000327275844517785 0.996885340185867 1.00032727492936
1.27460735E+00 0.779413887983057 0.966094939555874 0.0308165494229968 6.48657081680061e-06 0.00340933273190247 0 0 -0.000327309311436783 0.996917975549687 1.00032730828159
1.30157463E+00 0.780854812049955 0.965821760155526 0.0311201213401057 6.61571278076406e-06 0.00337885431361241 0 0 -0.00032735065988637 0.996948497208413 1.00032735152203
1.32852130E+00 0.782298612547578 0.96554357490192 0.0314266358212476 6.74744444811216e-06 0.0033503961249076 0 0 -0.000327355037951605 0.996976958167615 1.00032735429252
1.35544736E+00 0.783745457997385 0.965260672684529 0.0317361300741126 6.88182759461427e-06 0.0033238235621248 0 0 -0.00032750952669745 0.997003684586236 1.00032750814836
1.38235275E+00 0.78519538615378 0.964972952415702 0.0320486134327228 7.01890490849196e-06 0.00329905364407309 0 0 -0.000327639580589201 0.997028584753333 1.00032763839741
1.40923743E+00 0.786648252072241 0.964680540509623 0.0323641137356293 7.15873057006786e-06 0.00327599553321494 0 0 -0.000327807932351852 0.997051812975822 1.00032780850904
1.43610138E+00 0.788103969584339 0.964383510719857 0.0326826513938065 7.3013552933059e-06 0.00325456575399918 0 0 -0.000328029810757519 0.997073463468957 1.00032802922296
1.46294457E+00 0.789562119150876 0.964081991191048 0.0330042469970883 7.44682938477758e-06 0.00323468640155464 0 0 -0.000328370409004458 0.997093685017521 1.00032837141908
1.48976696E+00 0.791024644094057 0.96377555451907 0.0333289193918782 7.59521158393343e-06 0.00321630251218505 0 0 -0.000328371646748738 0.997112069122532 1.00032837163472
1.51656853E+00 0.792490467510107 0.963464768729553 0.0336567334163674 7.74658424509278e-06 0.00319932789597582 0 0 -0.000328577792005655 0.997129248730165 1.00032857662614
1.54334921E+00 0.793959612318989 0.963149453870162 0.0339876265509061 7.90094670140436e-06 0.00318370768585699 0 0 -0.000328688700219618 0.99714498136777 1.00032868905363
1.57010897E+00 0.795432281430163 0.9628297328127 0.0343218154924693 8.05848038814198e-06 0.00316939938050697 0 0 -0.000329006371893114 0.997159606785557 1.00032900616606
1.59684775E+00 0.796908544167803 0.962505497793344 0.0346590739955526 8.21908538681801e-06 0.00315633565282788 0 0 -0.000329126606709805 0.997172790874283 1.00032912652711
1.62356554E+00 0.798388227481758 0.962176778862326 0.0349996174018466 8.38294474996241e-06 0.00314449384846091 0 0 -0.000329272454115697 0.997184779208922 1.00032927305738
1.65026228E+00 0.799871692764129 0.961843750641231 0.0353434994083939 8.55014401918175e-06 0.00313380842537101 0 0 -0.000329608471439863 0.997195800193644 1.00032960861901
1.67693791E+00 0.801359056059225 0.96150624513945 0.0356905964732571 8.72064801309679e-06 0.00312424112645826 0 0 -0.000329803529393779 0.99720556226072 1.00032980338718
1.70359240E+00 0.802849098963782 0.961164560059886 0.0360410031441105 8.89455997299704e-06 0.00311575642699058 0 0 -0.000330214664676306 0.99721445776397 1.00033021419096
1.73022571E+00 0.804342883299872 0.960818379879762 0.0363946681294702 9.07189854165663e-06 0.00310831327274627 0 0 -0.000330433007512435 0.997222119907774 1.00033043318052
1.75683780E+00 0.805840435781205 0.96046781674548 0.0367517608759473 9.25282965326956e-06 0.00310189044755093 0 0 -0.000330720846418732 0.99722883045108 1.00033072089863
1.78342862E+00 0.807341807627615 0.960112780827933 0.0371122357555649 9.43737145533077e-06 0.00309646521012706 0 0 -0.000330919762207124 0.997234453954953 1.00033091916508
1.80999813E+00 0.808847702248964 0.959753451535498 0.0374762331842166 9.62567930693528e-06 0.00309199330485358 0 0 -0.000331304004764938 0.997239310399021 1.00033130370387
1.83654626E+00 0.810357324890886 0.959389607670521 0.0378435459988336 9.81766067342113e-06 0.00308844892632641 0 0 -0.000331420779143525 0.997242971330028 1.00033142025635
1.86307296E+00 0.811870832874054 0.959021496367495 0.0382144136034173 1.00135300971715e-05 0.00308581639905845 0 0 -0.000331740469166209 0.997245923501009 1.00033173990007
1.88957818E+00 0.813388302242293 0.958648952597952 0.038588803051965 1.02133267802091e-05 0.00308407267855292 0 0 -0.000332041126305194 0.997247968976697 1.00033204165525
1.91606186E+00 0.814909617792682 0.958271919915745 0.0389667960798059 1.04171649771345e-05 0.00308321343268181 0 0 -0.00033234718683723 0.997249133160529 1.00033234659321
1.94252397E+00 0.816435083947112 0.957890578659479 0.0393483146812944 1.06250443183575e-05 0.00308318425983157 0 0 -0.000332702883965721 0.997249518385092 1.00033270264492
1.96896442E+00 0.81796422724333 0.957504834458989 0.039733436765972 1.08370800516231e-05 0.00308398534554687 0 0 -0.000333093659753593 0.997249108305013 1.00033309365056
1.99538319E+00 0.819497461075539 0.957114580892765 0.0401221101488797 1.10532929755655e-05 0.00308559474568881 0 0 -0.000333339367081724 0.997247744334621 1.00033333908031
2.02178020E+00 0.821034718871126 0.956719875476175 0.0405145305496165 1.12738920014574e-05 0.00308800821905068 0 0 -0.000333687852295323 0.997245679917793 1.00033368813684
2.04815541E+00 0.822575881231117 0.95632063612497 0.0409106302139983 1.14988866994781e-05 0.00309121855869923 0 0 -0.000333984313506526 0.997242765225668 1.00033398378437
2.07450878E+00 0.824121182282852 0.955917003392368 0.0413104786430732 1.17283946436443e-05 0.00309518854124601 0 0 -0.000334398507069819 0.997239210430085 1.00033439897133
2.10084023E+00 0.825671526700419 0.955508696239991 0.0417141725083331 1.19625659001122e-05 0.00309992675928702 0 0 -0.000334758417920214 0.997234831314224 1.00033475807351
2.12714970E+00 0.827225760209006 0.955095875883241 0.0421215893847362 1.22013648335248e-05 0.00310541471695822 0 0 -0.000335081291387693 0.99722966663281 1.00033508134977
2.15343712E+00 0.828784020119932 0.954678514295561 0.0425327553913249 1.24448732716968e-05 0.00311163857819895 0 0 -0.000335352795484378 0.997223714560158 1.00033535313836
2.17970245E+00 0.830346201723529 0.954256611706432 0.0429479309063834 1.26933661864444e-05 0.00311861420528567 0 0 -0.000335850543328978 0.997217235979002 1.00033585018429
2.20594562E+00 0.831911534200075 0.953830350198225 0.0433669194581973 1.29467555830398e-05 0.00312629548104631 0 0 -0.000336512360378781 0.997210216412005 1.00033651189305
2.23216658E+00 0.833481299740393 0.953399251125981 0.0437897173114359 1.32051172634925e-05 0.00313468565019249 0 0 -0.000336859304566822 0.99720217355468 1.00033685920487
2.25836527E+00 0.835055362512614 0.952963477302356 0.0442165461807237 1.34687047169643e-05 0.00314379090040314 0 0 -0.000337282949902313 0.997193492187797 1.0003372830882
2.28454165E+00 0.83663362586462 0.952523014092853 0.0446473579894629 1.37375529080872e-05 0.00315360109662498 0 0 -0.000337711368830064 0.997184109635224 1.00033771073185
2.31069563E+00 0.838216130551597 0.952077835193694 0.0450821839650506 1.40117645937822e-05 0.00316411177658283 0 0 -0.000338142362893305 0.997174030923339 1.00033814269992
2.33682717E+00 0.839802777389932 0.951627855392207 0.045521046047041 1.42914332068556e-05 0.00317532931754266 0 0 -0.000338522670624605 0.997163192872455 1.00033852219
2.36293621E+00 0.841393769978505 0.951173199226857 0.0459640073172731 1.45766958796395e-05 0.00318722829391583 0 0 -0.000339011039988194 0.997151783240009 1.00033901153393
2.38902266E+00 0.842989274392793 0.950713679693351 0.046411083140033 1.48676501359139e-05 0.00319981795965666 0 0 -0.000339448359181219 0.997139630483519 1.00033944844318
2.41508646E+00 0.844589778212717 0.950249275687855 0.0468624116950082 1.51645023778328e-05 0.00321310302350891 0 0 -0.00033995455948756 0.997126851885241 1.00033995490875
2.44112754E+00 0.846194476957929 0.949779907438415 0.0473178371997229 1.54672021106216e-05 0.00322707251625771 0 0 -0.000340283939260828 0.997113211840249 1.00034028435651
2.46714584E+00 0.847803323838199 0.949305765111153 0.047777477819526 1.57759197492278e-05 0.00324173429464463 0 0 -0.00034075311794264 0.997099018850428 1.00034075314507
2.49314128E+00 0.849416628988357 0.948826735308766 0.0482413865017019 1.60908088369758e-05 0.00325707149540385 0 0 -0.000341283658815648 0.997084212619305 1.00034128411471
2.51911378E+00 0.851034406409009 0.948342677948228 0.0487095721251925 1.64119660671949e-05 0.00327309346017354 0 0 -0.000341755314250149 0.997068662039487 1.00034175549966
2.54506328E+00 0.852656585728142 0.947853612494916 0.0491820797515901 1.67395215599153e-05 0.00328980032166709 0 0 -0.000342231682583917 0.997052431768066 1.00034223208973
2.57098972E+00 0.854283180169764 0.947359512379926 0.0496589393128045 1.70735970677797e-05 0.0033071926798776 0 0 -0.000342717634850096 0.997035525289798 1.00034271796968
2.59689301E+00 0.855914143286811 0.946860277232771 0.0501401775360303 1.7414309153442e-05 0.00332528374758527 0 0 -0.000343152994145091 0.997017869077955 1.00034315282554
2.62277309E+00 0.857549581842996 0.94635604305919 0.0506258524512329 1.77618169520473e-05 0.00334405102715685 0 0 -0.000343708609088872 0.996999657327375 1.00034370835453
2.64862988E+00 0.859189490596208 0.945846630917329 0.051115974974885 1.81162291559211e-05 0.00336350882038216 0 0 -0.000344230582702736 0.99698072212137 1.00034423094175
2.67446331E+00 0.860833735367333 0.945332051435865 0.0516105834084694 1.84776812832649e-05 0.00338365950395412 0 0 -0.00034477179135336 0.996961112525618 1.00034477202957
2.70027331E+00 0.862482508373079 0.944812273975428 0.0521097149955868 1.88463120610544e-05 0.00340450594822944 0 0 -0.000345340907332535 0.996940835283076 1.00034534123131
2.72605980E+00 0.864135905750424 0.944287072866604 0.0526133803692807 1.92222481318782e-05 0.00342606450015406 0 0 -0.00034574032396044 0.996919675484017 1.00034573998417
2.75182272E+00 0.865793686605879 0.943756732857715 0.0531215619974096 1.96055645387571e-05 0.00344830877862367 0 0 -0.000346209424528235 0.996897900419663 1.00034620919829
2.77756198E+00 0.867456130054361 0.943221073264795 0.0536345881803664 1.99967081896268e-05 0.00347127307730398 0 0 -0.000346931247095044 0.996875658153351 1.00034693123065
2.80327748E+00 0.869123160680193 0.942679976861732 0.0541521522256593 2.03954874314098e-05 0.00349494413153455 0 0 -0.000347468236565753 0.996852524574823 1.00034746870636
2.82896918E+00 0.870794621421782 0.942133417935554 0.0546743866220314 2.08021442190627e-05 0.00351934372883041 0 0 -0.000347950526503357 0.996828606701805 1.00034795043063
2.85463699E+00 0.872470756740696 0.941581503624145 0.0552013875856632 2.12168955314357e-05 0.00354445599019555 0 0 -0.000348563792712177 0.99680410810534 1.00034856409554
2.88028082E+00 0.874151527709511 0.941024054668651 0.0557331402573375 2.16398507585588e-05 0.0035702978271716 0 0 -0.000349132881801036 0.996778834776747 1.00034913260392
2.90590060E+00 0.875836878906073 0.940461065111572 0.0562696927783572 2.20711775966139e-05 0.00359687525824982 0 0 -0.000349704476229125 0.996752829067525 1.00034970432578
2.93149626E+00 0.877526706127984 0.939892525481394 0.0568110725882901 2.25110287379891e-05 0.00362419453196238 0 0 -0.00035030396209408 0.996726109098422 1.00035030363038
2.95706771E+00 0.879219843885577 0.939318514866777 0.0573572852691016 2.29595156892604e-05 0.00365226905685935 0 0 -0.000351028302132095 0.996698759651568 1.00035102870843
2.98261490E+00 0.880917825729253 0.938738827671493 0.0579084039510384 2.34168687447358e-05 0.00368108615274706 0 0 -0.000351734137907241 0.996670648491277 1.00035173464402
3.00813775E+00 0.882621654803226 0.938153242098512 0.05846449259338 2.38833045680254e-05 0.00371067008403523 0 0 -0.000352287761475013 0.99664161799646 1.0003522880805
3.03363615E+00 0.884329655537283 0.937561942889119 0.0590254451755173 2.43588333435594e-05 0.00374102457074111 0 0 -0.000352771919438189 0.996611746897979 1.00035277146872
3.05911006E+00 0.886042126446369 0.936964943562704 0.0595914684234779 2.48437994571271e-05 0.00377216046533235 0 0 -0.000353415960317722 0.996581255785639 1.00035341625097
3.08455936E+00 0.887759210088326 0.936362125623337 0.0601624907892378 2.53382671161046e-05 0.0038040930374172 0 0 -0.000354047789567543 0.996549954679691 1.00035404771711
3.10998399E+00 0.889481173363922 0.935753454850762 0.0607386092228125 2.58425044715312e-05 0.00383681445116287 0 0 -0.000354720698367057 0.996517906578046 1.00035472102921
3.13538386E+00 0.891207905550136 0.935138823174539 0.0613198168010704 2.63566489409677e-05 0.00387034459470014 0 0 -0.000355341607752586 0.99648499662455 1.00035534121925
3.16075888E+00 0.892939303017477 0.934518240131342 0.0619061616094168 2.6880897300508e-05 0.00390469300457229 0 0 -0.000355975978351329 0.996451282638059 1.00035597564263
3.18610897E+00 0.894675154555773 0.933891703313098 0.0624976724962963 2.74154312602753e-05 0.00393986930569252 0 0 -0.000356660672172615 0.996416791240654 1.00035666054635
3.21143406E+00 0.896415665636931 0.933259050538322 0.0630943481557892 2.79604047104545e-05 0.00397589224131601 0 0 -0.000357251222034876 0.996381359098822 1.00035725134014
3.23673408E+00 0.898160993019235 0.932620406041237 0.0636962905811417 2.85160981149974e-05 0.00401275527217514 0 0 -0.00035796814546489 0.996345212720494 1.00035796799267
3.26200891E+00 0.89991109403924 0.93197559576194 0.0643034855146221 2.90826591352799e-05 0.00405047937973422 0 0 -0.000358643183907595 0.996308163935697 1.00035864331543
3.28725849E+00 0.901665937055255 0.931324600929822 0.0649159768540896 2.96603004515642e-05 0.00408907644004085 0 0 -0.000359314680399362 0.996270238084364 1.0003593145244
3.31248272E+00 0.903426711825277 0.930667235089025 0.0655338594985559 3.02493260851083e-05 0.00412856400101811 0 0 -0.000359907750948684 0.996231343913666 1.00035990791468
3.33768152E+00 0.905191321677659 0.930003638832696 0.0661569719747326 3.08496861726919e-05 0.00416895754480491 0 0 -0.000360418279745923 0.996191460493601 1.00036041803841
3.36285483E+00 0.90696082588405 0.929333959025653 0.0667855929069022 3.14618763960242e-05 0.00421025063158371 0 0 -0.000361265060903401 0.996151013808951 1.00036126444053
3.38800251E+00 0.908735302230415 0.928657800493397 0.067419610803747 3.208597523221e-05 0.0042524688878216 0 0 -0.000361966700526175 0.996109497272377 1.0003619661602
3.41312451E+00 0.910514488358716 0.927975241254064 0.0680590786772699 3.27222148366979e-05 0.00429562523167571 0 0 -0.000362666956124157 0.996067042146171 1.00036266737785
3.43822073E+00 0.9122980975208 0.927286233851553 0.0687040202871528 3.33707913923452e-05 0.00433974279981411 0 0 -0.000363367331249358 0.996023624930098 1.00036336772991
3.46329112E+00 0.914086238246193 0.926590861519873 0.0693544901426745 3.40319778357954e-05 0.00438481471692443 0 0 -0.000364198663179455 0.995979383640384 1.00036419835731
3.48833557E+00 0.915879261113839 0.925888897155187 0.0700104827376696 3.47059592345645e-05 0.00443086552158057 0 0 -0.000364951497639004 0.995934085852091 1.00036495137367
3.51335401E+00 0.917677129117812 0.925180345091724 0.0706720403529573 3.53929835117753e-05 0.00447791153294881 0 0 -0.000365689816550846 0.995887778428193 1.00036568996114
3.53834637E+00 0.919479796426504 0.924465174007708 0.0713391994635775 3.60932944138406e-05 0.00452596909271257 0 0 -0.000366436180881253 0.995840466765699 1.00036643585841
3.56331254E+00 0.921287214872998 0.923743297704741 0.0720119661154156 3.68070970187886e-05 0.00457506285982818 0 0 -0.000367133444966591 0.995792070917176 1.000367133777
3.58825248E+00 0.923099516302502 0.923014787628581 0.0726904226629569 3.75347161254992e-05 0.00462519281464001 0 0 -0.000367938093349296 0.995742745007664 1.0003679378223
3.61316607E+00 0.924917505241459 0.922279402396333 0.0733745499630078 3.82763531875827e-05 0.00467638518623436 0 0 -0.000368613488303473 0.995692228712528 1.00036861389876
3.63805323E+00 0.926739935627478 0.921537233012146 0.0740644691798311 3.90323795375323e-05 0.00472866714978983 0 0 -0.000369401116579927 0.995640734571514 1.0003694017213
3.66291390E+00 0.928566242527488 0.920788316267797 0.0747599722245395 3.98026780506248e-05 0.00478204377526523 0 0 -0.000370135304579335 0.995588091170387 1.00037013494565
3.68774801E+00 0.93039763568926 0.920032639986084 0.0754613500796222 4.05878854926629e-05 0.00483652499467755 0 0 -0.00037110327966839 0.995534577951199 1.00037110294588
3.71255544E+00 0.932234156334177 0.919269885336406 0.076168479579444 4.1388101409759e-05 0.00489214122762217 0 0 -0.000371893870916827 0.99547975301726 1.00037189424488
3.73733615E+00 0.934075586554493 0.918500131413025 0.07688142205375 4.22036220274345e-05 0.00494891197943789 0 0 -0.000372668745453495 0.995423757088802 1.00037266906824
3.76209005E+00 0.935921863104907 0.91772336544266 0.0776002084822108 4.30347189095265e-05 0.0050068568485559 0 0 -0.000373465530381376 0.99536660864378 1.00037346549234
3.78681707E+00 0.937772840982677 0.916939515009781 0.0783248199244414 4.38815972286834e-05 0.00506600407090245 0 0 -0.000374220862093065 0.995308216531451 1.00037422060235
3.81151714E+00 0.939628822263581 0.916148621246231 0.0790553698864322 4.47446674727546e-05 0.00512635734012083 0 0 -0.0003750928756644 0.995248735800136 1.00037509314026
3.83619018E+00 0.941489778368852 0.915350533590574 0.0797918134917538 4.56241224141803e-05 0.00518794739169905 0 0 -0.000375918907598954 0.995187971204742 1.00037591859644
3.86083611E+00 0.943355634808922 0.914545239531802 0.0805341898608454 4.65202594659744e-05 0.00525079598533729 0 0 -0.000376745943826358 0.995125949652113 1.00037674563745
3.88545486E+00 0.945226019782754 0.913732713577335 0.0812824794197459 4.74332896700248e-05 0.00531493213777023 0 0 -0.000377558061808352 0.995062626286751 1.00037755842452
3.91004639E+00 0.947101577768537 0.912912967621838 0.0820367840406961 4.83636381515926e-05 0.00538036312008484 0 0 -0.000378478284076519 0.994998115300685 1.00037847842077
3.93461060E+00 0.948982533952623 0.912085720265966 0.0827970531477902 4.93115366466125e-05 0.00544712508929913 0 0 -0.000379210467131701 0.994932084950403 1.0003792100397
3.95914745E+00 0.950867761499645 0.911251232909029 0.0835633626643148 5.02773006254854e-05 0.00551523864025961 0 0 -0.00038011112862841 0.99486487287397 1.00038011151423
3.98365686E+00 0.952757875853686 0.910409355811198 0.0843356698867525 5.12611282863855e-05 0.00558473126788104 0 0 -0.000381018294574296 0.994796286826237 1.00038101809412
4.00813877E+00 0.95465314383257 0.909560013089202 0.085114041078621 5.22634583275939e-05 0.00565561793294311 0 0 -0.00038193539963238 0.994726317626151 1.00038193555909
4.03259311E+00 0.956553427280596 0.90870312855512 0.0858984639609652 5.32845369075747e-05 0.00572793281978673 0 0 -0.000382809774714847 0.994654877052993 1.00038280987278
4.05701982E+00 0.958458694347142 0.907838694700026 0.0866889641567659 5.43246908887047e-05 0.00580170258019068 0 0 -0.000383686073452015 0.99458198354768 1.00038368612787
4.08141884E+00 0.960368910867792 0.906966680348848 0.0874855596107133 5.53842327652381e-05 0.00587695428926373 0 0 -0.000384578515423064 0.994507624192327 1.00038457848159
4.10579010E+00 0.962283638628497 0.906087064145351 0.0882882310262363 5.64634057141819e-05 0.00595372243693715 0 0 -0.000385481172192316 0.994431758577301 1.00038548101424
4.13013357E+00 0.964202817051361 0.905199915998076 0.0890970492730099 5.75626338343746e-05 0.006032018562014 0 0 -0.000386546686453154 0.99435452790492 1.00038654646693
4.15444917E+00 0.966127239701528 0.904304961187007 0.0899119556207071 5.8682152277908e-05 0.00611187761544145 0 0 -0.000387476106269036 0.994275598959992 1.00038747657543
4.17873686E+00 0.96805667772419 0.903402255388571 0.0907329939673481 5.98223317214693e-05 0.00619333243389721 0 0 -0.000388403858629366 0.99419507168764 1.00038840412154
4.20299659E+00 0.969991259283016 0.902491695282979 0.091560155465367 6.09834650919681e-05 0.0062764211138357 0 0 -0.000389255445744006 0.994112834213438 1.00038925532727
4.22722832E+00 0.971931480073869 0.901573327919579 0.0923935081238186 6.2166028818624e-05 0.00636116394699975 0 0 -0.000390165993976426 0.994029002072216 1.00039016601922
4.25143197E+00 0.973876912218363 0.900647008873059 0.0932330094910817 6.3370289638987e-05 0.00644760522733501 0 0 -0.00039099357446788 0.99394338865378 1.00039099388112
4.27560752E+00 0.975827133317871 0.899712832348563 0.094078715036196 6.4596619163147e-05 0.00653577216931359 0 0 -0.000391916077081884 0.993856144003922 1.00039191617324
4.29975491E+00 0.977782331636652 0.898770772968484 0.0949305807608854 6.58452379603079e-05 0.00662570051675615 0 0 -0.000392899804557687 0.993767198967329 1.00039289948409
4.32387411E+00 0.979742410942103 0.897820777355305 0.0957886477627902 6.71166345006635e-05 0.00671741760538007 0 0 -0.000393959639482024 0.993676541752596 1.00039395935798
4.34796507E+00 0.98170655069876 0.896862866376218 0.096652865800338 6.84109990426336e-05 0.00681096061266045 0 0 -0.000395103738203557 0.993584143175599 1.00039510378826
4.37202779E+00 0.983676003372559 0.895896787131672 0.0975232194046588 6.97286997597134e-05 0.00690636098340093 0 0 -0.000396096413518416 0.993489735236091 1.00039609621949
4.39606224E+00 0.985650344457233 0.894922614251948 0.0983996919855064 7.10700298477291e-05 0.00700366463505003 0 0 -0.000397041337428336 0.993393376267303 1.00039704090235
4.42006842E+00 0.987629895664203 0.893940370654983 0.0992823877957403 7.24355679329533e-05 0.00710290026739443 0 0 -0.000398093844390549 0.993295194018656 1.00039809428605
4.44404628E+00 0.989614598747808 0.892949938408492 0.100171224763088 7.3825533892127e-05 0.0072041130042149 0 0 -0.000399101708381982 0.993194988705472 1.00039910170969
4.46799581E+00 0.991604383755273 0.89195130688156 0.101066220200105 7.52403161202778e-05 0.00730734293706824 0 0 -0.000400110250115552 0.993092767397786 1.00040011033485
4.49191700E+00 0.993599293415375 0.890944445981932 0.101967364179319 7.66802809793756e-05 0.00741263117718521 0 0 -0.000401121850268249 0.992988490442231 1.00040112161942
4.51580985E+00 0.995599061913352 0.889929329882304 0.102874597735322 7.81456614176392e-05 0.00752002403016687 0 0 -0.000402096599238099 0.992882073279044 1.00040209730921
4.53967437E+00 0.99760396900295 0.888905982287023 0.103788025325803 7.96370766040578e-05 0.0076295528350865 0 0 -0.000403197278176437 0.99277364468943 1.00040319752452
4.56351053E+00 0.999613944026 0.887874336191648 0.10470754497326 8.11547014573158e-05 0.00774126648217177 0 0 -0.000404301848143775 0.992663035866365 1.00040430234854
4.58731836E+00 1.00162923061928 0.88683421054995 0.105633137258368 8.26989527340236e-05 0.00785521388501756 0 0 -0.000405261025328735 0.992550046761052 1.00040526064607
4.61109786E+00 1.0036492787055 0.885785742950612 0.106564800343351 8.42701332970492e-05 0.00797144060156054 0 0 -0.000406253536619778 0.99243481342726 1.00040625402882
4.63484907E+00 1.00567465339715 0.884728992616493 0.107502606966177 8.58687998233732e-05 0.00808997958983766 0 0 -0.000407447601086335 0.992317468382493 1.00040744797233
4.65857196E+00 1.00770540836405 0.883663708271275 0.108446410124376 8.74951545046655e-05 0.00821089227201089 0 0 -0.000408506222734573 0.992197613550155 1.00040850582217
4.68226657E+00 1.00974139770359 0.882589933449091 0.109396243683005 8.91496325739684e-05 0.00833422716859865 0 0 -0.000409553606438742 0.992075326764671 1.00040955393327
4.70593295E+00 1.01178260693379 0.881507639969108 0.110352045226753 9.08325158687114e-05 0.008460039826085 0 0 -0.000410558167489018 0.99195051771173 1.00041055753781
4.72957112E+00 1.01382945967017 0.880416820093575 0.111313882155993 9.25444090276522e-05 0.00858837223257715 0 0 -0.000411617929445218 0.991823246658596 1.00041161889117
4.75318111E+00 1.01588145136275 0.879317477252593 0.112281662242172 9.42855283670274e-05 0.0087192842217148 0 0 -0.000412709383006825 0.991693425023131 1.00041270924485
4.77676295E+00 1.01793753408149 0.878209720212981 0.113255367977 9.6056191393147e-05 0.00885282708249026 0 0 -0.00041397180857491 0.991561144381375 1.00041397146386
4.80031672E+00 1.01999903191136 0.877093259905907 0.114234885872055 9.78566362097042e-05 0.00898905237470542 0 0 -0.000415054558636868 0.991426002414172 1.00041505478888
4.82384248E+00 1.02206591391801 0.875968217713028 0.115220291956089 9.96875119427699e-05 0.00912801320634627 0 0 -0.000416210474497952 0.99128819718106 1.00041621038741
4.84734027E+00 1.02413812365351 0.874834527987089 0.116211483833275 0.000101549022146534 0.00926977278819854 0 0 -0.000417334195582199 0.99114756084251 1.00041733363071
4.87081016E+00 1.0262156907605 0.873692165372716 0.117208449532537 0.000103441599028107 0.009414392906856 0 0 -0.000418449766327163 0.991004056504281 1.00041844941114
4.89425223E+00 1.02829850901932 0.872541118294223 0.118211102062111 0.00010536547028871 0.00956193787480757 0 0 -0.00041952304920817 0.990857585826623 1.00041952370143
4.91766656E+00 1.03038798953956 0.871381199232748 0.119219656330519 0.00010732171388121 0.00971248170747025 0 0 -0.000420658522226845 0.990708177277148 1.00042065898462
4.94105320E+00 1.03248229568182 0.870212632950448 0.120233661651333 0.000109309733902479 0.0098660752272494 0 0 -0.000421679890125855 0.990555604335684 1.00042167956293
4.96441227E+00 1.03458178622098 0.869035473052452 0.121253214265658 0.000111330052910286 0.0100227658538976 0 0 -0.000422783149505953 0.990400017371021 1.00042278322492
4.98774382E+00 1.03668653227994 0.867849569745401 0.122278387972507 0.000113383366466132 0.0101826498862526 0 0 -0.000423990686011253 0.990241341084374 1.00042399097063
5.01104798E+00 1.03879703698927 0.866654841073929 0.123309087761023 0.00011547003286383 0.0103457861519787 0 0 -0.00042518445689845 0.990079398867816 1.00042518501979
5.03432483E+00 1.04091321022367 0.865451276006409 0.124345200664893 0.00011759026381623 0.0105122493331108 0 0 -0.000426316926945953 0.989914066935119 1.00042631626823
5.05757449E+00 1.04303475113264 0.864238906729737 0.125386645898405 0.000119744264382728 0.0106821125450528 0 0 -0.000427409675004497 0.989745296892525 1.00042740943758
5.08079710E+00 1.04516200730743 0.863017751978694 0.126433471630327 0.000121932725366005 0.0108554476920081 0 0 -0.0004286045578274 0.989573156334387 1.0004286040264
5.10399274E+00 1.04729493699191 0.861787763046328 0.127485517483249 0.000124155717178842 0.0110323317643321 0 0 -0.000429768049192315 0.989397436246756 1.00042976801109
5.12716155E+00 1.04943352603596 0.860548921484572 0.128542748686092 0.000126413645751445 0.0112128443660916 0 0 -0.000430928505503551 0.989218083816415 1.00043092818251
5.15030366E+00 1.05157772183398 0.859301217815891 0.129605048842521 0.000128706695843608 0.0113970680922167 0 0 -0.000432042242400916 0.989034973354256 1.00043204144647
5.17341922E+00 1.05372765275481 0.858044704090524 0.130672438594567 0.000131035454596852 0.0115850808015575 0 0 -0.000433259079617447 0.988848178139688 1.00043325894125
5.19650838E+00 1.05588312720976 0.856779343932335 0.131744766456871 0.000133400027304365 0.0117769692303547 0 0 -0.000434479680731619 0.98865751041651 1.00043447964686
5.21957128E+00 1.05804439998177 0.855505094129886 0.132821958135615 0.000135800724433186 0.0119728169254696 0 0 -0.000435670417997528 0.988462852989934 1.0004356699154
5.24260809E+00 1.06021175813186 0.854221903363723 0.133903909205978 0.000138237785872368 0.0121727170077233 0 0 -0.000436767534832797 0.988264050355573 1.0004367673633
5.26561898E+00 1.06238553330968 0.852929807107858 0.13499062299279 0.000140711825710098 0.0123767617194833 0 0 -0.000437904289369113 0.988061141926358 1.00043790364584
5.28860409E+00 1.06456594262719 0.851628784744518 0.136081954343276 0.00014322295209231 0.0125850493271808 0 0 -0.000439011518484831 0.987853962039886 1.00043901136707
5.31156359E+00 1.06675180062533 0.850318753123523 0.13717798077699 0.000145771938616691 0.0127977095440545 0 0 -0.00044021537224003 0.98764250583913 1.00044021538318
5.33449768E+00 1.0689432118325 0.849000069371514 0.138278107165867 0.000148357456452841 0.0130147588253547 0 0 -0.000441292806557358 0.987426533993834 1.00044129281919
5.35740651E+00 1.07114086288648 0.847672476571577 0.13938282832164 0.000150981478350284 0.0132363521841502 0 0 -0.000442637742082152 0.987206286371568 1.00044263855572
5.38029026E+00 1.0733447302573 0.846335922087432 0.140491698285835 0.000153643421680998 0.0134625854980776 0 0 -0.000443849215979098 0.986981263794948 1.00044384929303
5.40314913E+00 1.07555279427332 0.84499068185122 0.141604651869182 0.000156343356546818 0.0136935626762523 0 0 -0.000445239771166738 0.986751677076949 1.0004452397532
5.42598333E+00 1.07776722220603 0.843636481297804 0.142721620987093 0.000159081806782972 0.0139293755559493 0 0 -0.000446559970542505 0.986517184091679 1.00044655964763
5.44879306E+00 1.07998804037039 0.842273365997677 0.143842431761302 0.000161858812751343 0.0141701436756203 0 0 -0.000447799951408852 0.986277656571731 1.00044780024735
5.47157851E+00 1.0822150823309 0.84090135210456 0.144967013084032 0.000164674689818737 0.0144159881475666 0 0 -0.000449027729269271 0.986033039878411 1.00044902802598
5.49433989E+00 1.08444819816121 0.839520479211182 0.146095180266461 0.000167529371442593 0.0146670244157071 0 0 -0.00045021323363149 0.985783188849085 1.00045021326479
5.51707741E+00 1.08668808459604 0.838130687094609 0.147226945126093 0.000170423559092253 0.0149233795142132 0 0 -0.000451435138522168 0.985528055779795 1.00045143529401
5.53979124E+00 1.08893481719899 0.836731980288492 0.148362077737181 0.000173357088981299 0.015185178248349 0 0 -0.000452593686248106 0.985267415114654 1.000452593363
5.56248160E+00 1.0911877260804 0.835324439795654 0.149500504909437 0.000176330207352263 0.0154525546768821 0 0 -0.000453829698743802 0.985001274912444 1.00045382958933
5.58514868E+00 1.09344687163867 0.833908046792891 0.150642013135167 0.000179342775663271 0.0157256321692437 0 0 -0.000455034531540018 0.984729402703721 1.00045503487296
5.60779270E+00 1.09571090434029 0.832483034883364 0.151786575584127 0.000182395110980782 0.0160045456612101 0 0 -0.000456551591317047 0.984452005578472 1.00045655123968
5.63041385E+00 1.09798166912468 0.831049098230784 0.152933865584355 0.000185486904496648 0.0162894069208445 0 0 -0.000457857403394329 0.984168450719635 1.00045785764048
5.65301237E+00 1.10025909188394 0.829606322486345 0.154083771041342 0.00018861823595082 0.0165803633294805 0 0 -0.000459075622938166 0.983878711763639 1.00045907509312
5.67558847E+00 1.10254314958231 0.828154761422185 0.155236245461088 0.000191789607581444 0.0168775730972975 0 0 -0.000460369540359752 0.983582796490855 1.00046036958815
5.69814235E+00 1.10483441011132 0.82669438391946 0.156391037805014 0.000195000730451808 0.017181179121754 0 0 -0.000461601356124139 0.983280422454926 1.00046160157668
5.72067423E+00 1.10713238880553 0.825225008533721 0.157548196370794 0.000198252418788693 0.0174913841341892 0 0 -0.00046284125112883 0.982971457323304 1.00046284145749
5.74318429E+00 1.10943656594395 0.823747154234478 0.158706994527613 0.000201542589151777 0.0178082401522343 0 0 -0.000463931339384034 0.982655691351242 1.00046393150348
5.76567272E+00 1.11174769808754 0.822260555675126 0.159867978414295 0.000204873445109725 0.0181319757483436 0 0 -0.000465383773575632 0.982333407534531 1.00046538328287
5.78813966E+00 1.11406594466986 0.820765113030152 0.161030543890436 0.000208243922283029 0.0184627548291994 0 0 -0.000466655663865627 0.982003900842871 1.00046665567207
5.81058530E+00 1.11638999237599 0.8192610568404 0.162194547816241 0.000211653704004559 0.0188007326680971 0 0 -0.000467991353888848 0.981667258360645 1.00046799102874
5.83300982E+00 1.11872225915434 0.817748085831005 0.163359911277842 0.000215103405721009 0.0191460848523664 0 0 -0.000469184568113242 0.981323100514568 1.00046918536693
5.85541334E+00 1.1210615743728 0.816226465091299 0.164526375906863 0.00021859252212538 0.019499000322288 0 0 -0.000470433399070924 0.980971433520288 1.00047043384258
5.87779598E+00 1.12340779630968 0.814696151305419 0.165693778885515 0.000222120978525961 0.0198596593091916 0 0 -0.000471710166816325 0.98061205116946 1.00047171047865
5.90015785E+00 1.12576096417608 0.813157168466911 0.166861851652034 0.000225688366433943 0.0202282423397639 0 0 -0.00047295085363852 0.980244708485379 1.00047295082514
5.92249906E+00 1.12812128391112 0.811609541507536 0.168030500535201 0.000229294899129285 0.020604948006487 0 0 -0.000474285318990713 0.979869336941867 1.00047428494835
5.94481966E+00 1.13048877773824 0.810053259292098 0.169199422202747 0.00023294005759779 0.0209899695311212 0 0 -0.00047559106785268 0.979485621552443 1.00047559108356
5.96711971E+00 1.13286330362039 0.808488379906874 0.170368358991945 0.000236623303220548 0.0213834950100187 0 0 -0.000476857612276422 0.97909336220204 1.00047685721206
5.98939927E+00 1.13524484760769 0.806914894994144 0.171537243626669 0.000240345039728637 0.0217857572770476 0 0 -0.000478240576157735 0.978692483660542 1.00047824093759
6.01165831E+00 1.13763299316868 0.805332917119569 0.172705696107451 0.000244104266197934 0.0221969476550298 0 0 -0.000479664474638782 0.978282717493218 1.00047966514825
6.03389685E+00 1.1400284499599 0.803742335581391 0.173873502022667 0.000247900774765702 0.0226172746837213 0 0 -0.00048101319841561 0.977863738378824 1.00048101306255
6.05611483E+00 1.14243111226111 0.802143205104304 0.175040414125465 0.000251734116756329 0.0230469653858501 0 0 -0.000482318184515674 0.977435353346525 1.00048231873238
6.07831220E+00 1.14484182392155 0.800535473853199 0.176206260799416 0.000255604376854118 0.0234862610171748 0 0 -0.000483600293447995 0.97699733902947 1.00048360004664
6.10048882E+00 1.14725970261131 0.798919265545349 0.177370763164461 0.000259510888704918 0.0239354066367862 0 0 -0.00048494602724532 0.976549539598515 1.0004849462353
6.12264457E+00 1.14968451360773 0.79729461530588 0.178533591233563 0.000263452751093893 0.0243946167562011 0 0 -0.000486275956040887 0.976091659290537 1.00048627604674
6.14477928E+00 1.15211665279325 0.795661466898787 0.179694641595595 0.000267430250446428 0.0248641658208378 0 0 -0.000487704814124262 0.975623538744828 1.00048770456567
6.16689272E+00 1.15455601870532 0.794019896953983 0.180853487935689 0.000271442174240649 0.0253442840589171 0 0 -0.000489111473026006 0.975144827063913 1.00048911112283
6.18898465E+00 1.15700153810927 0.792370030465262 0.182009858296412 0.000275487685626479 0.0258352143151403 0 0 -0.000490590359912202 0.974655376447301 1.00049059076244
6.21105481E+00 1.15945295110393 0.790711879362686 0.183163589171773 0.000279566674690317 0.0263372384976256 0 0 -0.000492273805035871 0.97415503520915 1.00049227370678
6.23310284E+00 1.16191262781673 0.789045266443739 0.184314172058192 0.000283677857619418 0.0268505756397724 0 0 -0.000493691892373922 0.973643116359551 1.00049369199932
6.25512837E+00 1.16437855231841 0.787370304249038 0.185461372137115 0.000287820782453192 0.027375552080148 0 0 -0.000495049928438025 0.973119497168606 1.00049504924875
6.27713102E+00 1.16685135562556 0.78568715764872 0.186605147219688 0.000291995256600049 0.0279124081597687 0 0 -0.000496707618503199 0.972584300125008 1.00049670828478
6.29911026E+00 1.16933121468435 0.783995692142253 0.187744885489319 0.000296199818024609 0.0284614570979223 0 0 -0.000498234898447714 0.972036777449597 1.00049823454752
6.32106557E+00 1.17181789609067 0.782295947227167 0.188880378716177 0.000300433934465836 0.0290229915530906 0 0 -0.000499751616657923 0.971476759877809 1.0004997514309
6.34299636E+00 1.17431110566603 0.780588018436652 0.190011259302063 0.000304696364765335 0.0295972891955981 0 0 -0.000501262986579816 0.97090397410348 1.00050126329908
6.36490202E+00 1.17681159066966 0.778871806045371 0.191137303357119 0.000308987008526221 0.0301846882556507 0 0 -0.000502784362162262 0.970318096411016 1.00050278466667
6.38678180E+00 1.17931622637859 0.777147734848331 0.192258133084666 0.000313304019511885 0.0307854958559224 0 0 -0.000504667831822861 0.969719171952508 1.00050466780843
6.40863497E+00 1.18182716561164 0.775415480084794 0.193373253424688 0.000317646026359291 0.0313999481309897 0 0 -0.000506328406057844 0.969106379535842 1.00050632766683
6.43046072E+00 1.18434580390933 0.773674983248518 0.194482457944044 0.000322012998012191 0.032028414484005 0 0 -0.000507868825147668 0.968479454190574 1.00050786867458
6.45225812E+00 1.18687019511058 0.771926513762222 0.195585387480702 0.000326403468210697 0.0326712463247821 0 0 -0.000509550717080441 0.967838304711135 1.00050955103592
6.47402623E+00 1.18940012443737 0.770170040492741 0.196681623108673 0.000330816015498676 0.0333287483207148 0 0 -0.000511227989224932 0.967182479616913 1.00051122793763
6.49576401E+00 1.19193583161274 0.768405605158089 0.1977708797302 0.000335249871177485 0.0340012762643142 0 0 -0.000513010373362672 0.966511734759467 1.00051301102378
6.51747035E+00 1.19447696066788 0.76663321282311 0.198852722841293 0.000339703539173429 0.0346891672794022 0 0 -0.000514806611804527 0.965825639203576 1.00051480648298
6.53914408E+00 1.19702321480565 0.76485297835151 0.199926700702171 0.00034417517045974 0.0353927274558987 0 0 -0.000516581785007735 0.965123854224141 1.00051658168004
6.56078396E+00 1.19957434378998 0.763064865248784 0.200992601457482 0.000348664415144599 0.0361123677946753 0 0 -0.000518498458407256 0.964406131121411 1.00051849891609
6.58238865E+00 1.20212959749875 0.761269059429303 0.202049860102752 0.000353168857902978 0.0368484009479236 0 0 -0.000520489731142029 0.963672088389958 1.00052048933788
6.60395675E+00 1.20468930617605 0.759465507255279 0.203098066651424 0.000357686908807864 0.0376011444343148 0 0 -0.000522405297177954 0.96292126081551 1.00052240524982
6.62548681E+00 1.20725324521481 0.757654227582755 0.20413695716026 0.000362217968544117 0.0383710276891884 0 0 -0.000524430359172361 0.962153402711559 1.00052443040075
6.64697724E+00 1.20982104848761 0.755835362711796 0.205165973356382 0.000366759591060746 0.0391583735125311 0 0 -0.000526469040852136 0.961368095659238 1.00052646917177
6.66842642E+00 1.21239311720851 0.754008827685202 0.206184722968043 0.000371310344483403 0.0399635341971898 0 0 -0.000528395590429454 0.960564860997729 1.00052839519492
6.68983265E+00 1.21496951495318 0.752174680724577 0.207192891592594 0.000375869316373423 0.0407869443554802 0 0 -0.000530385588337033 0.959743441633545 1.00053038598903
6.71119410E+00 1.21754816475823 0.750333146928448 0.208190020187279 0.000380434218051634 0.0416289830390937 0 0 -0.000532584524184932 0.958903601333778 1.00053258437287
6.73250889E+00 1.22012896811586 0.748484261799186 0.209175566410915 0.000385002586837521 0.042489947747128 0 0 -0.000534779010293969 0.958044830796938 1.00053477854407
6.75377511E+00 1.22271077304578 0.746628153709594 0.21014926151336 0.000389573217559412 0.0433702659443359 0 0 -0.000537254294704251 0.957166988440513 1.00053725438485
6.77499073E+00 1.22529224069448 0.744764976625309 0.211110538701679 0.000394143245962509 0.0442702555345124 0 0 -0.000539913360281331 0.956269658572951 1.00053991410746
6.79615367E+00 1.22787548302837 0.742894628655862 0.212058790650178 0.000398710080758806 0.0451901607019202 0 0 -0.000542290272265835 0.955352129386799 1.00054229008872
6.81726184E+00 1.23045960660356 0.741017163917164 0.212993871227858 0.000403273398278952 0.0461304974136286 0 0 -0.000544805872864368 0.954414308543302 1.00054480595693
6.83831297E+00 1.23304389564014 0.739132774771857 0.213915169551254 0.000407830089243441 0.0470915861189634 0 0 -0.000547360686335997 0.953455774412355 1.00054736053132
6.85930480E+00 1.23562776559133 0.73724149971982 0.214822293081906 0.000412378100581246 0.0480737696692763 0 0 -0.000549940465019257 0.952476170902307 1.00054994057158
6.88023500E+00 1.23821193551951 0.735343328456918 0.215714813706697 0.000416915881838441 0.0490774532669189 0 0 -0.000552511696402735 0.951475058045453 1.00055251131237
6.90110115E+00 1.24079605126497 0.733438376977607 0.2165922624641 0.000421440942261939 0.050102979403119 0 0 -0.000555060179549949 0.950452080383968 1.00055505978709
6.92190080E+00 1.24337748291968 0.731526968675817 0.21745425320483 0.000425950551039706 0.0511506819720239 0 0 -0.000557853978802355 0.949407172431687 1.00055785440371
6.94263152E+00 1.24595490059997 0.729609280851381 0.218300359723314 0.000430442255768444 0.0522208940858685 0 0 -0.000560977306372348 0.948340082830463 1.00056097691633
6.96329085E+00 1.24852744756357 0.727685476817472 0.219130036375167 0.000434912591677205 0.053313824802086 0 0 -0.000564251257250897 0.947250425784316 1.0005642505864
6.98387637E+00 1.25109765623578 0.72575540804057 0.219942751573776 0.000439359045443218 0.0544296589963131 0 0 -0.000567177793406617 0.94613751865979 1.0005671776561
7.00438565E+00 1.25366520744582 0.723819213144445 0.220738305854244 0.000443780555363338 0.0555688420530812 0 0 -0.000570141490530988 0.945001299554053 1.00057014160713
7.02481618E+00 1.25622778611498 0.721877165927454 0.221516278397723 0.000448174175275303 0.0567316890994777 0 0 -0.000573307717724756 0.943841618500452 1.00057330759993
7.04516549E+00 1.25878476461821 0.719929468859483 0.222276164173994 0.000452536424027004 0.0579183539150257 0 0 -0.000576523676960857 0.942658169457504 1.00057652337253
7.06543119E+00 1.26133597624466 0.71797613487268 0.223017721128915 0.000456865819934579 0.0591291720085953 0 0 -0.0005798931631029 0.94145072182153 1.00057989383013
7.08561084E+00 1.26388076392453 0.716017407520286 0.223740447731734 0.000461158830513543 0.0603643003973718 0 0 -0.000583314581599268 0.940219014082533 1.00058331447991
7.10570209E+00 1.26641847338008 0.71405346811346 0.224444009602419 0.000465412771046262 0.0616239193761176 0 0 -0.00058680928904688 0.938962890486926 1.00058680986304
7.12570265E+00 1.26894776163142 0.712084535172896 0.225128095606332 0.000469624771813965 0.06290817976413 0 0 -0.000590435278467846 0.937682255551042 1.00059043531517
7.14561031E+00 1.27146808364193 0.710110791309702 0.225792383382271 0.000473792428414311 0.0642172855539757 0 0 -0.000594252502851487 0.936376967120387 1.00059425267436
7.16542290E+00 1.27398003186882 0.708132343076548 0.226436469790529 0.000477912530628026 0.0655512636862108 0 0 -0.000597989475457058 0.935046725397704 1.00059798908391
7.18513840E+00 1.27648265813127 0.706149406933268 0.227060151701797 0.000481982675660235 0.0669102235396107 0 0 -0.000601763519548735 0.933691541310725 1.00060176485034
7.20475488E+00 1.27897546397794 0.704162218404787 0.227663162586692 0.00048600046561231 0.0682943084211554 0 0 -0.000605689380146983 0.932311381457091 1.00060568987825
7.22427050E+00 1.28145790947554 0.702170911230524 0.228245264894971 0.000489963153964977 0.069703528176401 0 0 -0.000609667642786448 0.93090613927946 1.00060966745586
7.24368359E+00 1.28392972329385 0.700175736794789 0.228806195284853 0.000493867776791765 0.0711378226104796 0 0 -0.000613622955919128 0.929475799856433 1.00061362246691
7.26299264E+00 1.28639141482311 0.698176843883475 0.229345804550917 0.000497712518617856 0.0725972502022967 0 0 -0.000617611286770945 0.92802036095301 1.00061761115531
7.28219627E+00 1.28884114185011 0.69617450348613 0.229863994390127 0.000501494834399977 0.0740817927824217 0 0 -0.000621784230793275 0.926539992710657 1.00062178549308
7.30129330E+00 1.29127792314953 0.69416906998123 0.230360554197716 0.000505211363335961 0.075591234040402 0 0 -0.000626071313933853 0.925034835542281 1.00062606958268
7.32028277E+00 1.29370024084383 0.692160837363633 0.230835477625956 0.000508860166533329 0.0771255346098715 0 0 -0.000630710568986048 0.923505175156123 1.00063070976599
7.33916394E+00 1.29611045546576 0.690149900595126 0.231288478335957 0.000512437986437912 0.0786842838663405 0 0 -0.000635101782821583 0.921950816917521 1.00063510078386
7.35793632E+00 1.29850780378373 0.688136549812233 0.231719695579213 0.000515943274309024 0.0802672896506974 0 0 -0.000639478732881221 0.920372188665756 1.00063947831645
7.37659965E+00 1.30089208402666 0.686120923449102 0.232129177129969 0.00051937499143561 0.0818744877517581 0 0 -0.000643963538779463 0.918769475570507 1.00064396332227
7.39515391E+00 1.30326427629638 0.684103336687522 0.232516799172271 0.000522730173296851 0.0835054332259246 0 0 -0.000648300028142457 0.91714286603309 1.00064829925901
7.41359937E+00 1.30562312909967 0.682083565426804 0.232883159177544 0.000526010296304712 0.0851601901972069 0 0 -0.000652925545664813 0.915492734900652 1.00065292509786
7.43193656E+00 1.30797225278857 0.680062602324779 0.233227202144104 0.000529207645287785 0.0868377465636956 0 0 -0.000656758998647395 0.913819012114171 1.00065675867787
7.45016642E+00 1.31030364758839 0.678040786679612 0.233550483174821 0.000532325927111445 0.0885381615273064 0 0 -0.000661756789425029 0.912123595781545 1.00066175730885
7.46829011E+00 1.31262265312161 0.676018863372296 0.233851809787074 0.000535356094402931 0.0902599362568088 0 0 -0.000665966163939889 0.910406029253773 1.00066596551058
7.48630925E+00 1.31492844412801 0.673995456526701 0.234133212628283 0.000538308975793282 0.0920039060226025 0 0 -0.000670884482679974 0.908666978130778 1.00067088415338
7.50422567E+00 1.31722100939576 0.671971569452896 0.234393819865984 0.000541177271631128 0.0937692385096854 0 0 -0.000675805562354601 0.906906566590511 1.0006758051002
7.52204177E+00 1.3195034163586 0.669948219944401 0.234633231836863 0.000543954810651993 0.0955542747649349 0 0 -0.000679682366776279 0.905125406591916 1.00067968135685
7.53976030E+00 1.32177342838817 0.6679254507912 0.234852998504095 0.00054664727288481 0.0973588954325749 0 0 -0.000683992625803106 0.90332509656818 1.00068399200076
7.55738420E+00 1.32403291912067 0.665902700202916 0.235053741115962 0.000549256875337345 0.0991828338280402 0 0 -0.000688532176077201 0.901505698194215 1.00068853202226
7.57491705E+00 1.32628358337874 0.663880816316009 0.23523503714432 0.000551778908501364 0.101025014317573 0 0 -0.000692647640755473 0.89966763236883 1.0006926466864
7.59236288E+00 1.32852462276885 0.661860032497859 0.235397838053026 0.000554215143913147 0.102884653891568 0 0 -0.000696739699916761 0.897812085694798 1.00069673958637
7.60972615E+00 1.33075757204912 0.659840654258243 0.235542579342491 0.000556565823525266 0.104760969186395 0 0 -0.000700768687390629 0.895939799424259 1.00070076861065
7.62701180E+00 1.33298355020639 0.657822895762091 0.235669894764538 0.000558831618653256 0.106653008567126 0 0 -0.00070463028358795 0.894051622145283 1.00070463071241
7.64422531E+00 1.33520353351452 0.655807021941557 0.235780438785498 0.000561013565496121 0.108559816808202 0 0 -0.000708291722768809 0.89214847429255 1.00070829110075
7.66137270E+00 1.33742002948954 0.653792930208871 0.235875146209979 0.000563115090542982 0.110480758282345 0 0 -0.000711949078079399 0.890231191509393 1.00071194979174
7.67846089E+00 1.339639591102 0.651780810898351 0.235953867069558 0.000565134614584822 0.11241438368966 0 0 -0.000714195551068294 0.888299812582494 1.00071419627215
7.69549674E+00 1.34184849370616 0.649771989974697 0.236018622434249 0.000567076514650566 0.114360560614531 0 0 -0.000718250689642352 0.886357688923596 1.00071824953813
7.71248802E+00 1.34405935494355 0.64776633546557 0.23606869877657 0.000568936477535337 0.116317029024783 0 0 -0.000721000133242406 0.884403970719676 1.00072099974446
7.72944277E+00 1.34627300947297 0.645763273780804 0.236106548793127 0.000570725429087217 0.118283329517494 0 0 -0.000723877793837303 0.882440548003018 1.00072387752051
7.74637063E+00 1.34849156740404 0.643763095731614 0.236132218173963 0.000572442999763091 0.120258439815227 0 0 -0.00072619709360525 0.880467756905341 1.00072619672057
7.76328165E+00 1.35071738911339 0.641766057049876 0.236146626652501 0.000574092320310616 0.122241446901325 0 0 -0.00072822259040113 0.878486776022688 1.00072822292401
7.78018655E+00 1.35295336455477 0.639771807127178 0.236151257959392 0.000575679527768727 0.124231276852112 0 0 -0.000730021388671463 0.876498744614338 1.00073002146645
7.79709746E+00 1.35520317979757 0.637780422068599 0.236146244172629 0.000577205290439804 0.126227045176763 0 0 -0.000730915239697092 0.874503871531668 1.00073091670843
7.81402672E+00 1.35746682903251 0.635792282022186 0.236132834441676 0.00057867426311983 0.128228135875747 0 0 -0.000731926039554227 0.872503790726982 1.00073192660273
7.83098701E+00 1.35975001726022 0.6338069866228 0.236113093527955 0.000580094346010255 0.130232613165771 0 0 -0.00073278773991684 0.870500174496765 1.00073278766254
7.84799432E+00 1.36206635698966 0.631822811409867 0.236086947856713 0.00058147122563869 0.132240188648436 0 0 -0.000731418026653136 0.868491230492219 1.00073141914065
7.86506448E+00 1.36439385264188 0.629841541968278 0.236056334742617 0.000582808769227661 0.134252080251844 0 0 -0.000732767419806324 0.866480685480122 1.00073276573197
7.88221432E+00 1.36675179519773 0.627862118795206 0.236021334036976 0.000584106863298104 0.136265007043986 0 0 -0.000732566171500911 0.86446755969548 1.00073256673947
7.89946240E+00 1.36914407708953 0.625884110620132 0.235984208241127 0.000585376601638392 0.138278116356063 0 0 -0.000731811302233376 0.862453695462897 1.00073181181896
7.91682980E+00 1.37157496357447 0.623906152216328 0.235945922457361 0.00058662630652219 0.140291952762487 0 0 -0.000730653472551219 0.860438700980211 1.0007306537427
7.93433899E+00 1.37404925821122 0.621927511618098 0.235907622716515 0.000587862071299798 0.14230609989525 0 0 -0.000729096721979379 0.858422996405913 1.00072909630116
7.95201457E+00 1.37657201080226 0.619947032413248 0.235870663831651 0.000589091823483606 0.144320388937893 0 0 -0.000727176465992951 0.856406788068382 1.00072717700627
7.96988353E+00 1.3791495529989 0.617963202139165 0.235836270470269 0.000590324221350524 0.146335203141063 0 0 -0.000724999881866181 0.854389796830785 1.00072499997185
7.98797555E+00 1.38178792434858 0.615974452375721 0.235805884722584 0.000591567848868964 0.148350562620989 0 0 -0.000722468591170118 0.852371904947174 1.00072246756816
8.00632354E+00 1.38449456114359 0.613978882876838 0.235780752168765 0.000592831920063335 0.150367232087962 0 0 -0.000719698872039598 0.850352466965666 1.00071969905363
8.02496404E+00 1.38728052953113 0.611974075125911 0.23576265220888 0.000594128400460263 0.152385450887463 0 0 -0.000716307558454563 0.848330855735251 1.00071630662271
8.04393854E+00 1.39016244518836 0.609956100407467 0.235752609440974 0.000595470640042961 0.154407133312335 0 0 -0.000711313955734157 0.846304180488483 1.00071131380082
8.06329229E+00 1.39312000925304 0.607924063522778 0.235752803648335 0.000596866273886794 0.156436079126342 0 0 -0.000709813010675368 0.844273733445 1.00070981257134
8.08227865E+00 1.3960798826353 0.605914800092408 0.235710913890422 0.000598239015108119 0.158472240558598 0 0 -0.000696192943605293 0.842223952997939 1.00069619355654
8.10080311E+00 1.39900709177267 0.603962430904744 0.235658044865416 0.000599593795437531 0.160467200859964 0 0 -0.000687270765569667 0.840220069565597 1.00068727042556
8.11889300E+00 1.40189745071347 0.602068902094402 0.235609219370433 0.00060095522648339 0.162402834732405 0 0 -0.000681912521856343 0.838279076691318 1.00068191142372
8.13657685E+00 1.40475388546148 0.600232659775137 0.235566650090661 0.000602322887843121 0.164276407695566 0 0 -0.000678041332974922 0.836401632753642 1.00067804044921
8.15388136E+00 1.40757964863352 0.598450750419538 0.235531807611633 0.000603700875346517 0.16608844709211 0 0 -0.000674705369548338 0.834586258906517 1.00067470599863
8.17083195E+00 1.41037655831741 0.596719044312559 0.235504434642801 0.000605091591296811 0.167843129272094 0 0 -0.000671699256778768 0.832828570546657 1.00067169981875
8.18745151E+00 1.41314688325773 0.595034271357228 0.235483690296127 0.000606493939274173 0.169544539805848 0 0 -0.000668996442762263 0.831124455592628 1.00066899539848
8.20376081E+00 1.41589186002256 0.593392812489658 0.235469472219925 0.000607910188131377 0.171196321445154 0 0 -0.000666515819213031 0.829470194897714 1.00066651634287
8.21977882E+00 1.41861377626714 0.591791671591597 0.235461049785476 0.000609340224563856 0.172802167229086 0 0 -0.000664229697867079 0.827862061601637 1.00066422883072
8.23552300E+00 1.42131249169373 0.590227533988894 0.235457518283821 0.000610782685773415 0.174366338471191 0 0 -0.000662172777978232 0.826295834958489 1.00066217342968
8.25100867E+00 1.42399039192417 0.588698388524409 0.235458712292951 0.000612237717293831 0.175891035094384 0 0 -0.000660372420581667 0.824769338534655 1.00066037362904
8.26625039E+00 1.42664816129696 0.587201128299514 0.23546417968577 0.000613706586355566 0.177379723231793 0 0 -0.000658737029560005 0.823279014571639 1.00065873780343
8.28126129E+00 1.42928636605247 0.585733698217666 0.235473334101366 0.000615187776840322 0.178835045286241 0 0 -0.000657266473893948 0.821822220095873 1.00065726538211
8.29605340E+00 1.43192246613885 0.584292987773314 0.235485336653209 0.000616683425172529 0.180258632086419 0 0 -0.000653639784368914 0.820395007851696 1.00065363993811
8.31063782E+00 1.43452103541021 0.582878743050916 0.235500729972493 0.000618192106012871 0.181656991823395 0 0 -0.000654656859549958 0.818997665129422 1.00065465695282
8.32502434E+00 1.43710581934852 0.581488907600992 0.235517442378345 0.000619703991877038 0.183027925611796 0 0 -0.000653980900603447 0.817626053971214 1.00065397958301
8.33922218E+00 1.43967485685702 0.580121835859043 0.235536868192786 0.000621227269991021 0.184373410243117 0 0 -0.000653340426499797 0.81627993132182 1.00065334156494
8.35324011E+00 1.44222767828855 0.578775896875411 0.235557766027029 0.000622758887186119 0.185696473609361 0 0 -0.000652895687813588 0.814956421789626 1.00065289539899
8.36708597E+00 1.44476411129936 0.577449789536704 0.23558008351543 0.000624298530082402 0.18699853760696 0 0 -0.000652707933166955 0.813654171582216 1.00065270918918
8.38076701E+00 1.44728612971232 0.57614231068859 0.235603509907042 0.000625845325540463 0.188280777660852 0 0 -0.000652444696051705 0.812371665921173 1.00065244358202
8.39428995E+00 1.44979473080187 0.574852415513362 0.235627690418668 0.000627398850109565 0.189544800489108 0 0 -0.000652304106855828 0.81110750478214 1.00065230527125
8.40766096E+00 1.45228903037032 0.573578893443539 0.235652245416143 0.000628957671578007 0.190792114520995 0 0 -0.000652211478013073 0.809860096531261 1.00065221105226
8.42088574E+00 1.45477031643612 0.572321239025335 0.235677131383822 0.000630521385153844 0.192023475351317 0 0 -0.000652366881065429 0.808628891794311 1.00065236714563
8.43396959E+00 1.45723868887707 0.571078186677353 0.235702250854098 0.000632090607414352 0.193240053362154 0 0 -0.000652582104948644 0.807412528138866 1.00065258150102
8.44691744E+00 1.45969422895494 0.569849159159535 0.235727390144132 0.000633664088445575 0.194442643102867 0 0 -0.000652855412521752 0.806210213392113 1.00065285649498
8.45973386E+00 1.46213773644139 0.568633525609935 0.235752152077648 0.000635240565817397 0.195632340832799 0 0 -0.000653258551635969 0.8050209182534 1.0006532590862
8.47242309E+00 1.46456985202878 0.567430489470206 0.235776617633949 0.000636820507883615 0.196809729901729 0 0 -0.000653656120036797 0.803843927612039 1.00065365751377
8.48498908E+00 1.46699063704171 0.566239455812138 0.235800766729886 0.000638403996148594 0.197975457829553 0 0 -0.000654083913538105 0.802678626538173 1.00065408436773
8.49743554E+00 1.46939884453475 0.565060214310224 0.235824125143992 0.000639988593633172 0.199130545180636 0 0 -0.000654872756011103 0.80152432804785 1.00065487322849
8.50976590E+00 1.4717954093764 0.563891956526512 0.23584706052798 0.000641575852176413 0.200275060733401 0 0 -0.000655652767940662 0.800380592906669 1.00065565364007
8.52198339E+00 1.47418238665807 0.562734406209137 0.235868973301368 0.000643163664537741 0.20140974392802 0 0 -0.000656287427360507 0.799246543175042 1.00065628710306
8.53409103E+00 1.47655858152173 0.561587001949776 0.235890189768861 0.000644753458422802 0.202535129145907 0 0 -0.000657073141656266 0.79812194517706 1.00065707432297
8.54609164E+00 1.47892418478744 0.560449406755175 0.235910615019218 0.000646344530593627 0.203651495524964 0 0 -0.000657863052756715 0.797006366304986 1.00065786182995
8.55798789E+00 1.48129705361406 0.559320066814813 0.235929498507634 0.000647938390654538 0.204758357724396 0 0 -0.000655860571402396 0.795897503713102 1.0006558614375
8.56978214E+00 1.4836389966412 0.55820119238904 0.235948096398451 0.000649534287101952 0.205860367442109 0 0 -0.000659190526950347 0.794798823074593 1.0006591905167
8.58147672E+00 1.48597478126384 0.557090903182035 0.235965159315677 0.000651126211022962 0.206953086201398 0 0 -0.000660273591026571 0.793707188708734 1.00066027491013
8.59307399E+00 1.48830190621511 0.555989480725965 0.235981290847879 0.000652718201154811 0.20803786765778 0 0 -0.000661358204198751 0.792623489774999 1.00066135743278
8.60457597E+00 1.49061972553854 0.554896227943828 0.235996434887447 0.00065431092671716 0.209115393859009 0 0 -0.000662367247718588 0.791546973757992 1.000662367617
8.61598463E+00 1.49292826350261 0.553811057244115 0.236010541573744 0.0006559036619098 0.210185849294461 0 0 -0.00066335200103757 0.790477502479769 1.00066335177423
8.62730184E+00 1.49522790996812 0.552733882567523 0.236023274878226 0.000657495049046377 0.2112497465398 0 0 -0.000664399633244662 0.789414652494794 1.00066439903459
8.63852932E+00 1.49751726463071 0.551664354403101 0.236035117823609 0.000659086720608454 0.212307081533649 0 0 -0.000665639883788459 0.788358558947319 1.00066564048097
8.64966877E+00 1.49979838288988 0.550602399909797 0.2360455252111 0.000660676556465359 0.213358162437421 0 0 -0.000666765527559196 0.787308601677362 1.00066676411478
8.66072172E+00 1.50207092938787 0.54954768170395 0.236054857372479 0.000662266102443907 0.21440307957444 0 0 -0.000667885271176132 0.786264805178873 1.00066788475331
8.67168968E+00 1.50433463643467 0.548500071736423 0.236063146057478 0.000663855262527802 0.215441916413041 0 0 -0.000668989216644756 0.785227073056429 1.00066898946947
8.68257409E+00 1.50659026200379 0.547459585928165 0.236069985960858 0.00066544237360634 0.216475113523055 0 0 -0.000670127476237106 0.784195014262629 1.00067012778568
8.69337626E+00 1.5088375615072 0.546425822125231 0.23607576460662 0.000667029212206683 0.217502674490805 0 0 -0.000671290326964177 0.783168615944057 1.00067129043486
8.70409747E+00 1.51107646326701 0.545398751839585 0.23608045566981 0.000668615139313089 0.218524602180672 0 0 -0.000672423940614618 0.782147822648708 1.00067242482938
8.71473897E+00 1.51330863436161 0.544378269768826 0.236083714774225 0.000670199281872098 0.219541258442731 0 0 -0.000673441330379982 0.781132183824923 1.00067344226765
8.72530182E+00 1.51553470867204 0.543363982552114 0.236085762967126 0.000671783017686278 0.220552683542883 0 0 -0.000674212041567378 0.780121528536926 1.00067421207981
8.73578718E+00 1.51774941447252 0.542356211869192 0.236086926855796 0.000673366169839827 0.221559224990292 0 0 -0.000675729214731033 0.779116504894828 1.00067572988512
8.74619613E+00 1.51997464691659 0.541353303273325 0.236086118757277 0.000674948902655151 0.222559376688448 0 0 -0.000673747231295891 0.778114370933258 1.00067374762171
8.75652962E+00 1.52216968698299 0.540358268880171 0.236085108692626 0.000676532142773849 0.223557887737521 0 0 -0.000677798328808482 0.777119909715571 1.00067779745309
8.76678858E+00 1.524360504957 0.539368803722182 0.236082448889051 0.000678109710031589 0.224549949232419 0 0 -0.000679311007227393 0.776129362321264 1.00067931155368
8.77697409E+00 1.52654406114311 0.538385564439303 0.236078758008554 0.000679685543582046 0.225536795670468 0 0 -0.000680803021972236 0.775144007991439 1.00068080366191
8.78708695E+00 1.52872040684333 0.537408026557595 0.236074024644707 0.000681260455043255 0.22651874695324 0 0 -0.000682059894884922 0.774163311657345 1.00068205861059
8.79712802E+00 1.53088884667063 0.536436279345815 0.236068285941176 0.00068283402304054 0.227495884993491 0 0 -0.000683285133518941 0.773187399310032 1.00068328430352
8.80709814E+00 1.53305012185738 0.535470407846435 0.236061204940608 0.000684404935651286 0.228468513198803 0 0 -0.000684530717579255 0.772216017722694 1.0006845309215
8.81699808E+00 1.53520393180924 0.534510053679279 0.236053136323669 0.000685974852056888 0.22943663099201 0 0 -0.000685796771481184 0.771249164855005 1.00068579584701
8.82682859E+00 1.53735001349712 0.53355519614827 0.236044142071802 0.000687543715302398 0.230400169050809 0 0 -0.000687051185954265 0.770286881935374 1.00068705098618
8.83659040E+00 1.5394889995846 0.532606060985979 0.236033763864534 0.000689109295543037 0.231359362812015 0 0 -0.000688297285843496 0.769328934146056 1.00068829695807
8.84628420E+00 1.54162056814888 0.531662205950047 0.236022493159199 0.000690674146413679 0.232314210383195 0 0 -0.000689582340793816 0.76837537325566 1.00068958363885
8.85591064E+00 1.54374570743871 0.530723608203154 0.236010273741581 0.000692237759658632 0.23326456958864 0 0 -0.000690689240373052 0.767426119704394 1.00069068929303
8.86547033E+00 1.54586632978575 0.529790300247699 0.235996623363006 0.000693798687075776 0.234210683694871 0 0 -0.000691405200699426 0.766480722297782 1.00069140599265
8.87496392E+00 1.54797488419281 0.528862418479674 0.235982275765723 0.00069535880135503 0.235153207404792 0 0 -0.000693260175574228 0.765540053046752 1.00069326045154
8.88439201E+00 1.55007647082026 0.527939693560377 0.235966956395671 0.000696916436276428 0.236091079304199 0 0 -0.000694644438690311 0.764603566392324 1.00069464569652
8.89375524E+00 1.55217276544778 0.527022303966278 0.235950455485763 0.000698471203807803 0.237024553058605 0 0 -0.000695783242716825 0.763671230655849 1.00069578371445
8.90305404E+00 1.55431295209778 0.526105710498229 0.235931375020113 0.000700031122131159 0.237950276037289 0 0 -0.000687392476886978 0.762737116640474 1.00068739267776
8.91228904E+00 1.5563765584387 0.525199729826304 0.235914137879545 0.000701593199974301 0.238881996123718 0 0 -0.00069745769692711 0.761815460905823 1.00069745702954
8.92146053E+00 1.55844751930698 0.524297243171426 0.235894168681072 0.000703140745148279 0.239805008747544 0 0 -0.000699561054506864 0.760894552597646 1.00069956134519
8.93056917E+00 1.560512964257 0.523399849733952 0.235873930195289 0.000704688109094679 0.240722746689167 0 0 -0.000701214437216162 0.759978468038336 1.0007012147275
8.93961541E+00 1.56257092477034 0.522507298105525 0.23585295307742 0.00070623408672614 0.241636137607958 0 0 -0.000702622084281624 0.759066485269671 1.00070262287763
8.94859978E+00 1.56462200170756 0.521620030339149 0.235830744165239 0.000707775877362984 0.242545390890476 0 0 -0.000703940938321189 0.758158550381751 1.00070394127223
8.95752273E+00 1.56666576043432 0.520737532920762 0.23580783427448 0.000709316497535458 0.243450611248607 0 0 -0.000705296297337648 0.757254683692778 1.00070529494139
8.96638469E+00 1.56870208579092 0.519859732059215 0.235784166637041 0.00071085552833811 0.24435188967492 0 0 -0.000706643772607149 0.756354754224595 1.00070664389951
8.97518610E+00 1.57073140119566 0.518987033288738 0.235759320605745 0.000712390520204932 0.245249223200583 0 0 -0.00070796952881537 0.755458744414688 1.00070796761527
8.98392733E+00 1.57275344446403 0.518118997525194 0.235733767619467 0.000713924044453541 0.246142615273003 0 0 -0.000709305806276689 0.754566689189114 1.00070930446212
8.99260880E+00 1.57476948251691 0.517255652997616 0.235707308352678 0.000715455107879832 0.247032014094052 0 0 -0.00071043025815557 0.753678416458174 1.00071043055223
9.00123080E+00 1.57677932222164 0.516396629207918 0.23568006109847 0.000716984878015218 0.247917575713269 0 0 -0.000711250987500176 0.752793675184403 1.00071125089767
9.00979379E+00 1.57878047217975 0.515542901209213 0.235651809454127 0.000718510660594772 0.24879957531884 0 0 -0.000712797903084194 0.751913221323935 1.00071279664278
9.01829813E+00 1.58091029637446 0.514890365295712 0.235656352453634 0.000720175226014418 0.249367058272749 0 0 -0.000633952035291576 0.75126689297536 1.00063395124811
9.02672936E+00 1.58302579632171 0.514224905173035 0.235750152566785 0.000722350919774659 0.249932164668019 0 0 -0.000629572717839312 0.750697408659595 1.00062957332761
9.03511882E+00 1.58513157507473 0.513552246892579 0.235836600493165 0.000724527615283833 0.250515444423772 0 0 -0.000628818366672816 0.750113375001027 1.0006288194248
9.04347090E+00 1.58722725375043 0.512873876174003 0.235918806910103 0.000726703625630514 0.251111090776841 0 0 -0.000630476453598843 0.749519386709737 1.00063047748658
9.05178480E+00 1.58931263486474 0.512191989884531 0.235997200155601 0.000728872743214921 0.251715331662261 0 0 -0.000633395065210484 0.748918062783347 1.00063339444561
9.06005942E+00 1.59138887979288 0.511507896238374 0.236071488100944 0.000731030438111022 0.252326156792211 0 0 -0.000636570547188846 0.748310414777429 1.00063657156964
9.06829383E+00 1.59345692890121 0.510821542921331 0.236142431072468 0.000733180011841057 0.252942573275534 0 0 -0.000639727307033601 0.747697154005641 1.00063972728117
9.07648726E+00 1.59551648603983 0.51013331865985 0.236210112711171 0.000735320926023144 0.25356413270549 0 0 -0.000642883993349345 0.747078752297044 1.00064288500253
9.08463900E+00 1.59756773206471 0.509443958252803 0.236274171306754 0.000737450660997876 0.254190440786614 0 0 -0.000646021273017421 0.746455580220555 1.00064602100717
9.09274832E+00 1.59961414190881 0.508753112190473 0.236335051119817 0.000739571987397097 0.254820827298761 0 0 -0.000648561364156246 0.745827735297687 1.00064856259645
9.10081440E+00 1.60164690557429 0.508061534766444 0.236392869540894 0.000741683329743679 0.255455988817519 0 0 -0.000652075477038754 0.745196087637081 1.0006520764546
9.10883678E+00 1.60367219379152 0.507369516133032 0.236447315397735 0.000743782691137106 0.256094614341983 0 0 -0.000655227535944047 0.744560614221904 1.00065522856389
9.11681485E+00 1.60568970918171 0.50667688492231 0.236498855805412 0.000745872707006598 0.256736581571594 0 0 -0.000658195935339583 0.743921613434729 1.00065819500632
9.12474780E+00 1.60769813883878 0.505983840714998 0.236547436246137 0.000747952585718945 0.257381812545281 0 0 -0.00066104288132573 0.743279229546855 1.00066104209214
9.13263513E+00 1.60969780927778 0.50529105296163 0.236592815002259 0.000750020254138059 0.258030081550744 0 0 -0.000663970494238002 0.742633888218026 1.00066396976877
9.14047633E+00 1.61168772042083 0.504598330492739 0.236635538118027 0.000752078175344975 0.258681127688396 0 0 -0.000667073749075457 0.741985946786112 1.00066707447451
9.14827071E+00 1.61366848017552 0.503905745814378 0.236675496046411 0.000754125345416448 0.259334583987463 0 0 -0.000669953043813812 0.741335367206205 1.00066995119367
9.15601773E+00 1.61564097880943 0.503213865371941 0.236712378564341 0.00075615988701912 0.259990250005627 0 0 -0.000672653909039148 0.740682403823301 1.00067265382893
9.16371666E+00 1.6176640645292 0.502517497807301 0.236744456650497 0.000758189581442521 0.260643007559614 0 0 -0.00066315173435729 0.740020144039241 1.00066315159885
9.17136749E+00 1.61959562894578 0.501829453274729 0.236777572220058 0.000760213962050166 0.261309667324478 0 0 -0.000676908624848297 0.739367239456837 1.00067690678132
9.17896907E+00 1.62153573131145 0.501139725328643 0.236806158251869 0.000762214212202647 0.26197258425902 0 0 -0.000680682934508831 0.738708097792715 1.00068068205173
9.18652090E+00 1.62346837114307 0.500451220634468 0.236832708190849 0.0007642040596864 0.262635666070777 0 0 -0.000683797596388264 0.738048132885004 1.00068379895578
9.19402250E+00 1.62539219134969 0.49976404360936 0.236856762970121 0.000766181772391739 0.26329939830991 0 0 -0.000686386200165998 0.737386988351873 1.00068638666178
9.20147335E+00 1.6273053715567 0.499078216169768 0.236878565472472 0.000768148352392042 0.263964060776796 0 0 -0.000688991611284025 0.736724929994632 1.00068899077143
9.20887318E+00 1.62920874291782 0.49839433806731 0.236897788375954 0.000770101600211759 0.264629404227146 0 0 -0.000691632711215348 0.736062228043476 1.00069163227062
9.21622137E+00 1.63110069961546 0.497712151795037 0.236914869873518 0.00077204346138585 0.26529539230902 0 0 -0.000694457797895033 0.73539906512994 1.00069445743896
9.22351743E+00 1.63298106888836 0.497031742414823 0.236929851405676 0.000773973363243201 0.265961698683779 0 0 -0.000697265578697192 0.734735567183741 1.00069726586752
9.23076091E+00 1.63485195131313 0.496353597246663 0.23694232477067 0.000775889137228086 0.266627947961821 0 0 -0.000699758622841123 0.734071811154561 1.00069975911638
9.23795128E+00 1.63671220887959 0.495677440174629 0.236952836849359 0.000777793703189546 0.267294191139124 0 0 -0.000702261884382728 0.733408070727178 1.0007022618663
9.24508812E+00 1.63856126092864 0.495003443167161 0.236961366204855 0.000779686149345405 0.267960240773154 0 0 -0.000704735262290747 0.732744495521362 1.00070473629452
9.25217102E+00 1.64040104772634 0.494332080026373 0.236967538845933 0.000781564411810768 0.268625711749432 0 0 -0.00070689389744492 0.732081183284117 1.00070689503355
9.25919933E+00 1.64222924565497 0.493663086408297 0.236971891122784 0.000783431310460483 0.269290825364411 0 0 -0.000709233673119417 0.731418408841542 1.00070923420595
9.26617286E+00 1.6440460952972 0.492996790855477 0.236974362284879 0.000785285542597034 0.269955219181229 0 0 -0.000711657564436168 0.730756438682953 1.00071165786418
9.27309106E+00 1.64585144080508 0.492333092714389 0.236975017507786 0.0007871270929327 0.270618762397006 0 0 -0.000713999915706348 0.730095237315109 1.00071399971211
9.27993432E+00 1.6476412942898 0.491673078847655 0.236971160138529 0.000788943136169884 0.271282359545781 0 0 -0.000715541328131242 0.729433182122354 1.00071554166813
9.28677014E+00 1.64942888609498 0.491015867266293 0.236973984932075 0.0007907808217716 0.271939624546003 0 0 -0.000720256932575384 0.72878063302014 1.00072025756614
9.29359852E+00 1.65121809795593 0.49035745914021 0.236976228933293 0.000792619970444953 0.272597137566024 0 0 -0.000723446358466381 0.728126308043948 1.00072344560997
9.30041947E+00 1.65301014130755 0.489697944841219 0.236976924225124 0.00079445860444704 0.273256528627649 0 0 -0.000725857561315931 0.72746932767079 1.00072585629844
9.30723302E+00 1.65480336366254 0.489036872761054 0.2369763342347 0.000796299348270313 0.273918751287018 0 0 -0.000728258804920921 0.726809506344024 1.00072825763104
9.31403917E+00 1.6565978294849 0.488374383691883 0.236974211853256 0.000798140753577542 0.274583908601062 0 0 -0.000730645355473123 0.726146736298717 1.00073064489978
9.32083792E+00 1.65839334767209 0.487710175716362 0.236970665344049 0.000799983792664323 0.275252146688096 0 0 -0.000732970631910874 0.725480824853075 1.00073297154117
9.32762930E+00 1.66019046407907 0.487044918336243 0.236965311217005 0.000801825940337771 0.275923197314656 0 0 -0.00073525309680484 0.724812055493585 1.00073525280824
9.33441332E+00 1.66198886588079 0.486378085674841 0.236958630761517 0.000803670269651375 0.276597170677419 0 0 -0.000737557438058025 0.724140386706009 1.00073755738343
9.34118997E+00 1.66378843427466 0.485709611482126 0.236950568881596 0.000805516424078445 0.277274141649577 0 0 -0.000739838770748899 0.7234656967878 1.00073983843738
9.34795929E+00 1.66559084863358 0.485039999266788 0.236940697845309 0.000807362126841173 0.27795381223414 0 0 -0.000741871271095005 0.722788059238938 1.00074187147308
9.35471814E+00 1.66746564554491 0.48436266627614 0.236926220972244 0.000809213529289264 0.278630183021354 0 0 -0.000728284293739166 0.722098100777674 1.00072828379903
9.36146948E+00 1.66924025304694 0.4836943822354 0.236915285428886 0.000811074989072847 0.279324201024338 0 0 -0.00074494398138926 0.721420742653358 1.0007449436777
9.36821354E+00 1.67104110118919 0.483020414893204 0.236901040146935 0.000812925414601278 0.280014138890426 0 0 -0.000748519410509931 0.720734380454741 1.00074851934517
9.37495030E+00 1.67284577187521 0.482345562015259 0.236885423427761 0.000814776002017281 0.280705449297706 0 0 -0.000751210709993497 0.720045761445037 1.00075121074274
9.38167978E+00 1.67465208306524 0.481669353985199 0.236868646336343 0.000816629193507966 0.281399069553268 0 0 -0.000753700080610015 0.71935462951505 1.00075369906832
9.38840198E+00 1.67645951087881 0.480991730946905 0.236850537948187 0.000818484043960424 0.282095316308649 0 0 -0.000756069879275259 0.718660752939053 1.0007560692477
9.39511692E+00 1.67826903626869 0.480313130719612 0.236830805675644 0.000820339206794246 0.282794069808493 0 0 -0.000758345082043354 0.71796427560205 1.00075834541054
9.40182460E+00 1.68008018211829 0.479633145237149 0.23680985243119 0.000822197193147261 0.283495437342445 0 0 -0.000760631887454775 0.717265194861487 1.00076063220393
9.40852504E+00 1.68189286038656 0.478951916601189 0.236787504352963 0.000824056818744953 0.28419943996322 0 0 -0.000762918221619113 0.716563477772897 1.00076291773612
9.41521824E+00 1.68370676941995 0.478269276827473 0.236763914144821 0.000825918832932574 0.284906107590967 0 0 -0.000765216986354378 0.715859109805226 1.00076521739619
9.42190421E+00 1.68552291805819 0.477585668148244 0.236738722283113 0.000827781541889322 0.28561524251157 0 0 -0.000767415011769862 0.715152171973246 1.00076741448482
9.42858297E+00 1.68734219127923 0.476900638862077 0.236712277488416 0.000829647298120776 0.286326843183909 0 0 -0.000769407288402925 0.714442563648613 1.00076940683252
9.43525451E+00 1.6891624324402 0.476214259535681 0.236684609675129 0.00083151585248728 0.287041190763142 0 0 -0.000771576471847766 0.713730385063297 1.00077157582644
9.44191884E+00 1.69098432571788 0.475526980215283 0.236655447311795 0.000833385572277099 0.287758066470205 0 0 -0.000773879562393014 0.713015813099355 1.00077387956956
9.44857599E+00 1.692808905149 0.474838314918509 0.23662505483142 0.000835258436849694 0.288477380710031 0 0 -0.000776008010121125 0.712298628186779 1.00077600889681
9.45522594E+00 1.69463534015003 0.474148264799471 0.236593413639363 0.000837134170631896 0.289199265109513 0 0 -0.000778078061256094 0.711578812609466 1.00077807771898
9.46186871E+00 1.69646344888513 0.473457392511369 0.236560301528296 0.000839011174060593 0.28992361333999 0 0 -0.000780318603899159 0.710856705213725 1.00078031855372
9.46850431E+00 1.69829325989295 0.472765211380872 0.236526096220461 0.000840891949421043 0.290650462235901 0 0 -0.000782661346771043 0.710132199550754 1.00078266178665
9.47513274E+00 1.70012488012422 0.472071853299011 0.236490585897797 0.00084277518478249 0.291379740859862 0 0 -0.00078495618504359 0.709405214381591 1.00078495524145
9.48175402E+00 1.70195868347166 0.471377151390972 0.236453866306033 0.000844661391584208 0.292111411298122 0 0 -0.000787090640336514 0.708675679088589 1.00078709038671
9.48836815E+00 1.70379491597208 0.47068161049328 0.236415686080496 0.00084654922166914 0.292845401358256 0 0 -0.00078924838746381 0.707943845795445 1.0007892471537
9.49497513E+00 1.70563267399784 0.469984790524137 0.236376439749483 0.00084844122773989 0.293581896403465 0 0 -0.000791568536756179 0.70720967150136 1.00079156790483
9.50157498E+00 1.70747365666399 0.469286564904051 0.236335968303265 0.000850336545066666 0.294320723507886 0 0 -0.000793593508580062 0.706472869752383 1.00079359326027
9.50816392E+00 1.70939362117616 0.468581117934015 0.236290357584278 0.000852235834949256 0.295054715164415 0 0 -0.000778428059819506 0.705723711353242 1.00077842651766
9.51474556E+00 1.71120716498881 0.467885410592724 0.236249146375357 0.000854150017545982 0.295807343702486 0 0 -0.000796051523083069 0.704988706985627 1.00079605068811
9.52132011E+00 1.71304747867332 0.467184072807955 0.236204762586831 0.000856053751140459 0.29655507995227 0 0 -0.000799969316122694 0.704244889145926 1.0007999690982
9.52788756E+00 1.71489318713009 0.466482042732213 0.236159300205604 0.000857959522518289 0.297303575421647 0 0 -0.000802878960819822 0.703499302460335 1.00080287788198
9.53444793E+00 1.71674073401798 0.465778802911324 0.236112808980366 0.000859869303936807 0.298053880158378 0 0 -0.000805361457675718 0.702751481195627 1.000805361354
9.54100123E+00 1.71859025158173 0.465074585558935 0.236065149110795 0.000861782084843605 0.298806271900687 0 0 -0.000807789325420818 0.702001516754574 1.00080778865526
9.54754745E+00 1.72044129821798 0.464369159138131 0.236016415916419 0.000863698646120112 0.2995609391229 0 0 -0.000810213955828551 0.701249273700671 1.00081021282357
9.55408662E+00 1.72229481048787 0.463662965908717 0.235966325582133 0.000865617489480612 0.30031767317088 0 0 -0.000812581267433281 0.700494908980331 1.00081258215121
9.56061873E+00 1.72415095086421 0.462955554790552 0.235915173086277 0.000867540779564724 0.301076586559782 0 0 -0.000814855752215774 0.699738268656394 1.00081485521618
9.56714380E+00 1.72601015276194 0.462246824981478 0.235862911552729 0.000869468408165841 0.301837727412173 0 0 -0.000816933288453537 0.698979204942372 1.00081693235454
9.57366182E+00 1.72787203982665 0.461537326039495 0.235809276733755 0.000871398793021187 0.302601092527926 0 0 -0.000819093339887593 0.698218001566271 1.0008190940942
9.58017281E+00 1.72973690717113 0.460826588538033 0.235754597308627 0.000873334172230012 0.303366698614407 0 0 -0.000821217957546572 0.69745452001889 1.0008212186333
9.58667677E+00 1.73160328884445 0.460114638920377 0.235698894561677 0.000875274250034156 0.304134751529286 0 0 -0.000823559731716419 0.696688807732088 1.00082355926137
9.59317369E+00 1.73347042702743 0.459401966473465 0.235641933448188 0.000877217289831466 0.304905134670426 0 0 -0.000826252151561702 0.695921117211484 1.00082625188191
9.59966361E+00 1.73533829585125 0.458688252257778 0.235583887001963 0.000879163834306793 0.305677704035104 0 0 -0.00082900775799125 0.695151303094048 1.00082900712915
9.60614652E+00 1.73720766535354 0.45797331825501 0.235524903072963 0.000881115079404448 0.306452327270647 0 0 -0.000831664791040381 0.694379336407377 1.00083166367802
9.61262243E+00 1.7390795451515 0.457257567209627 0.235464598006256 0.000883069083459442 0.307228986442627 0 0 -0.000834219914807643 0.693605234299342 1.00083422074197
9.61909136E+00 1.74095366642832 0.456540632485997 0.235403326293448 0.000885028309317984 0.308007741010193 0 0 -0.00083672747764076 0.692828987088763 1.00083672809896
9.62555331E+00 1.74283115572751 0.455822584069186 0.23534090703628 0.000886991923985146 0.308788503826897 0 0 -0.000838986034415726 0.692050483029451 1.00083898685635
9.63200412E+00 1.74479552216193 0.455096651678766 0.235273427622828 0.000888962145018646 0.309563219952987 0 0 -0.00082226166434811 0.691259041446613 1.0008222613996
9.63844778E+00 1.74664290066278 0.454381558874367 0.235210615658248 0.000890948246724902 0.310358432049448 0 0 -0.000841555923905359 0.69048312277934 1.00084155482879
9.64488450E+00 1.74852048216643 0.453660628565916 0.235144743909763 0.000892924976243655 0.311147644851104 0 0 -0.000845941969274119 0.689698297451923 1.00084594230303
9.65131428E+00 1.75040270985831 0.452938565242611 0.235078070710544 0.000894906007159233 0.311937520391635 0 0 -0.000849063333614414 0.688911541960314 1.00084906235195
9.65773712E+00 1.7522875245454 0.452215777890434 0.235010203081162 0.000896890389268582 0.312728934221093 0 0 -0.000851803918644706 0.688122871360865 1.00085180558196
9.66415304E+00 1.75417453842424 0.451491906108409 0.234941341909005 0.000898879806690397 0.313522304624279 0 0 -0.000854432707332749 0.687332127824104 1.00085443244838
9.67056204E+00 1.75606354801052 0.450766834091393 0.234871542358061 0.000900874670391213 0.314317851210641 0 0 -0.000857100753389698 0.686539251119846 1.00085710233049
9.67696413E+00 1.75795564424428 0.450040926567351 0.234800540816514 0.000902873821189225 0.315115278257284 0 0 -0.000859619186040175 0.685744341205054 1.00085961946234
9.68335931E+00 1.75985296823201 0.449313734882286 0.234728427577105 0.000904878628354855 0.315914574703667 0 0 -0.000861615122042456 0.684947041087745 1.00086161579141
9.68974759E+00 1.76175231967808 0.448585373308553 0.234655206854242 0.000906888580281222 0.316716375376738 0 0 -0.000863844396854883 0.684147468743077 1.00086384411981
9.69612896E+00 1.76365356265417 0.447856207548671 0.234580970299735 0.000908904245110141 0.317520415493191 0 0 -0.000866497413301605 0.683346082093516 1.00086649758671
9.70250344E+00 1.76555673544804 0.447125884515782 0.23450568802873 0.00091092521566115 0.318326682862093 0 0 -0.000869181623671002 0.682542497760172 1.00086918062227
9.70887103E+00 1.76746147767304 0.446394348033397 0.234429414860859 0.000912951580774707 0.319135204430376 0 0 -0.000871918629892246 0.681736714475031 1.00087191890541
9.71523174E+00 1.76936760256843 0.445662036456047 0.23435197208205 0.000914982187788413 0.319945850245162 0 0 -0.000874841591850688 0.680928990725885 1.00087484097105
9.72158558E+00 1.77127618282509 0.444928520826738 0.234273562769954 0.000917018608249638 0.320758518919295 0 0 -0.000877621652158522 0.680119102204942 1.00087762112424
9.72793255E+00 1.77318680549617 0.444193769973154 0.234194208254217 0.00091906091053051 0.321573347620553 0 0 -0.000880386355888304 0.679307039137901 1.00088038675845
9.73427267E+00 1.77510233796149 0.443458007555776 0.234113526365609 0.000921107811664364 0.322390019302885 0 0 -0.000882661431114624 0.678492641733049 1.00088266103593
9.74059926E+00 1.77718217233785 0.442709269340133 0.234024552166695 0.00092316524188501 0.323192751390491 0 0 -0.000849737862277473 0.677656986748713 1.0008497381392
9.74691866E+00 1.77903550263286 0.441980114975967 0.233945296979208 0.000925250607738823 0.324033292841466 0 0 -0.000883955855671606 0.676850662562913 1.00088395540438
9.75323126E+00 1.78094354594988 0.441241398014598 0.233861467393038 0.000927314531533431 0.32486030807418 0 0 -0.000890489181202059 0.67603017993917 1.00089048801335
9.75953705E+00 1.78285994943913 0.44050178492543 0.233776764199071 0.000929382142731547 0.325686433296494 0 0 -0.000894364978304448 0.675207931267232 1.00089436456373
9.76583604E+00 1.7847789986589 0.439761138264045 0.233691256628078 0.000931455900842164 0.326513771418135 0 0 -0.00089762134202823 0.674383850792965 1.0008976222111
9.77212824E+00 1.78670196894845 0.439019300158744 0.233604736690163 0.000933535339965879 0.327342760664341 0 0 -0.000900332953092754 0.673557572188873 1.00090033285321
9.77841365E+00 1.78863050356191 0.438276434645892 0.233516938332559 0.000935620334477919 0.328173599763101 0 0 -0.000902591942150741 0.672728993312929 1.00090259307603
9.78469226E+00 1.7905607198785 0.437532443498012 0.233428238629272 0.000937712774193959 0.329006939814906 0 0 -0.00090533351480535 0.671898394901479 1.00090533471638
9.79096409E+00 1.79249243724623 0.436787272699913 0.233338547660798 0.000939811273395398 0.329842647430251 0 0 -0.000908279374668488 0.671065631634106 1.00090827906436
9.79722915E+00 1.79442646586595 0.43604117743683 0.233247654312777 0.000941914863691195 0.330680484426341 0 0 -0.000911230914781965 0.670230746613299 1.00091123103964
9.80348743E+00 1.79636258122625 0.435293813828064 0.23315584636265 0.000944025625852432 0.331520564514027 0 0 -0.000914250200468383 0.669393685816566 1.00091425033059
9.80973895E+00 1.79829994500849 0.434545180946613 0.233063055005554 0.000946142602474452 0.332363059710363 0 0 -0.000917437947200854 0.668554378554642 1.00091743826501
9.81598372E+00 1.80023753702746 0.433795774134049 0.232969132891491 0.000948264362278966 0.333207762121477 0 0 -0.000920933380123554 0.667713171387818 1.0009209335093
9.82222174E+00 1.80218030822387 0.433044887039713 0.232874199704033 0.000950393260976214 0.334054184951851 0 0 -0.000923665164025985 0.666869480004721 1.00092366495657
9.82845302E+00 1.8041272904747 0.432292551705036 0.232778174919964 0.000952529175226786 0.334902901358486 0 0 -0.00092615638531822 0.666023255800227 1.00092615715871
9.83467756E+00 1.80607549451187 0.431539393213819 0.232681029822388 0.00095467112268527 0.335754119272789 0 0 -0.000929213942107984 0.665175094158892 1.00092921343168
9.84089536E+00 1.80802564413667 0.430784937440371 0.23258294779375 0.000956820394450797 0.336607670346736 0 0 -0.000932376321910496 0.664324705628572 1.00093237597531
9.84710644E+00 1.8099775702357 0.430029127874023 0.232483838429669 0.000958976176579896 0.337463600679019 0 0 -0.000935543283986384 0.663471942480271 1.00093554315929
9.85331081E+00 1.81193175798299 0.429272293822945 0.232383567507377 0.000961137897344778 0.338321761456622 0 0 -0.000938760995002091 0.662616999227666 1.00093876068429
9.85950846E+00 1.81388794284912 0.428514125728798 0.232282321882684 0.000963306849735944 0.33918229040854 0 0 -0.000942045166977624 0.661759754461219 1.00094204486976
9.86569940E+00 1.81584776157341 0.427754524050501 0.232180044451902 0.000965482810343585 0.340044937173021 0 0 -0.0009449871384114 0.660900051312746 1.00094498848577
9.87188365E+00 1.81781392531065 0.426993635152923 0.232076415592374 0.000967665367454698 0.340909630172459 0 0 -0.000947346566126511 0.660037716112752 1.00094734628521
9.87805422E+00 1.81995598562153 0.426219456474983 0.231964148218578 0.000969859416351326 0.341758780384783 0 0 -0.000912245374677571 0.659153464109912 1.00091224449469
9.88421774E+00 1.82184912344467 0.425465763890706 0.231862128737264 0.000972083734712067 0.342650081154736 0 0 -0.000950057635248832 0.658299976362683 1.00095005751742
9.89037463E+00 1.82380323201877 0.424701787123508 0.231755344863678 0.000974285678852069 0.343526031208148 0 0 -0.000957449136696142 0.657431417666039 1.00095744887419
9.89652487E+00 1.82576832376916 0.423936240936701 0.231647859421113 0.00097649412950677 0.344400963590987 0 0 -0.00096155797378264 0.656560594487322 1.00096155807831
9.90266847E+00 1.82773557913901 0.423169820529699 0.231539267949991 0.000978708326530831 0.3452774598267 0 0 -0.000965256927827097 0.655687796806221 1.00096525663292
9.90880543E+00 1.82970685008984 0.422402053619711 0.231429699779071 0.000980930240225026 0.346155893753637 0 0 -0.000968577791525995 0.654812683639007 1.00096857739264
9.91493576E+00 1.8316794879513 0.421632871405793 0.23131911329853 0.000983159685876155 0.347036972451427 0 0 -0.000972116471092643 0.653935144390198 1.00097211684163
9.92105947E+00 1.8336540667726 0.420862689961085 0.231207298411635 0.000985394842321738 0.347920321264784 0 0 -0.000975704519418425 0.653055383215042 1.00097570447983
9.92717656E+00 1.83563053329875 0.420091082607035 0.231094509109999 0.000987637880887735 0.348806100892959 0 0 -0.000979329580430021 0.652173229597921 1.00097933049088
9.93328704E+00 1.83760854208285 0.419317972437493 0.230980705237091 0.000989888487315262 0.349694441054153 0 0 -0.000983007718255673 0.6512885661619 1.00098300721605
9.93939093E+00 1.83959209212716 0.418543569139662 0.230865518947144 0.000992145219481536 0.350584823537836 0 0 -0.000986057989574469 0.650401233306288 1.00098605684412
9.94548821E+00 1.84157802919619 0.417767697487033 0.230749333594883 0.000994410706995302 0.351477908477503 0 0 -0.00098935032950803 0.649511441788911 1.00098935026641
9.95157890E+00 1.84356841520842 0.416990198822152 0.230632046249247 0.000996684443518343 0.352373451747684 0 0 -0.00099238125632195 0.648618929514918 1.0009923812626
9.95766299E+00 1.84555983905434 0.41621153632905 0.230513481057319 0.000998964959567328 0.353271982410539 0 0 -0.000995965815414497 0.647723982345936 1.00099596475647
9.96374050E+00 1.84755281420273 0.415431386913403 0.23039395124609 0.00100125389963386 0.354173162450229 0 0 -0.000999755322717027 0.646826592059127 1.00099975450936
9.96981142E+00 1.84954724734173 0.414649706355028 0.230273326411168 0.00100355010809683 0.355076982187878 0 0 -0.00100356419262484 0.645926582874292 1.00100356506217
9.97587578E+00 1.85154566244376 0.413866586465176 0.230151399797273 0.00100585343250025 0.355983240580772 0 0 -0.00100707935959783 0.645023839694949 1.00100708027572
9.98193357E+00 1.85354774766512 0.413081700735521 0.230028413099738 0.00100816569325174 0.356892142019703 0 0 -0.00101042122727036 0.64411827952851 1.00101042154821
9.98798480E+00 1.85556114961058 0.412295130861388 0.229903860128528 0.00101048570692133 0.357802866879023 0 0 -0.00101234345760808 0.643209476696837 1.00101234357586
9.99402230E+00 1.85774670204825 0.411495973136249 0.229770689690566 0.00101281704762307 0.358698389971731 0 0 -0.000977869086241457 0.642279479874438 1.00097786984617
1.00000529E+01 1.85968426297974 0.410715849569095 0.229647692622676 0.00101518214547615 0.359637313340692 0 0 -0.00101603796817233 0.641378724337247 1.00101603767794
1.00060770E+01 1.86168420027999 0.409925744057571 0.229519704757518 0.00101752400848388 0.360560836203608 0 0 -0.0010238088069466 0.640462972823572 1.00102380902718
1.00120946E+01 1.8636907470103 0.409133953808157 0.22939105250472 0.00101987386751215 0.361484185657267 0 0 -0.00102906502222893 0.639544880180389 1.00102906583766
1.00181056E+01 1.86570218004471 0.408340480677223 0.229261307927372 0.00102223135096208 0.362409226527139 0 0 -0.00103324628690406 0.638624019955557 1.0010332464827
1.00241102E+01 1.86771103613834 0.407545982902047 0.229130388330747 0.00102459498443434 0.363337305326998 0 0 -0.00103827136665073 0.637700966217229 1.00103827154423
1.00301082E+01 1.86972268808971 0.406749773559741 0.228998403200345 0.00102696666314822 0.364267595584379 0 0 -0.00104273914651586 0.636775143423234 1.00104273900761
1.00360998E+01 1.8717382866889 0.405951774029342 0.228865168836075 0.00102934595808705 0.365200398934626 0 0 -0.00104668865510343 0.635846288823504 1.00104668775813
1.00420849E+01 1.87375734386015 0.40515228531996 0.228730579444756 0.00103173286356138 0.366135926430398 0 0 -0.00105052473120389 0.634914597628278 1.00105052405868
1.00480636E+01 1.87577768062163 0.404351056543462 0.228594920618684 0.00103412870301195 0.367074557455986 0 0 -0.00105466423363369 0.633980105865157 1.00105466332114
1.00540357E+01 1.87780399638525 0.403548183654271 0.228457841620221 0.00103653245692671 0.368015655696912 0 0 -0.00105821325006506 0.633042557731419 1.00105821342833
1.00600014E+01 1.87983046670214 0.402743623646122 0.228319628606172 0.00103894547119789 0.368960280347397 0 0 -0.00106247787520111 0.632102197723492 1.00106247807089
1.00659607E+01 1.88185695735649 0.401937356632316 0.228180265944973 0.00104136629638039 0.369908136895727 0 0 -0.00106712458784379 0.63115898887367 1.0010671257694
1.00719135E+01 1.88388920696012 0.40112933510532 0.22803945179622 0.00104379475859571 0.370858403678296 0 0 -0.0010709846749723 0.630212581660136 1.00107098533843
1.00778599E+01 1.88592227465305 0.400319531799841 0.227897476887837 0.00104623257093827 0.371812094498434 0 0 -0.00107533550945152 0.629263241258617 1.00107533575705
1.00837998E+01 1.88795937961151 0.39950777815739 0.227754213699491 0.00104867883884631 0.372768702335543 0 0 -0.00107937267189473 0.628310670695728 1.00107937303127
1.00897260E+01 1.89018552924433 0.39868299557942 0.227601499611518 0.00105113390683628 0.373707305484663 0 0 -0.00104293399219288 0.627335629097774 1.00104293458244
1.00956455E+01 1.89214580401541 0.397877537451056 0.227459382404177 0.00105362579657935 0.374693250644561 0 0 -0.00108379646835255 0.626390545651813 1.00108379629637
1.01015585E+01 1.89416949867651 0.397061601153175 0.227312219049481 0.00105609362910644 0.375663039921816 0 0 -0.00109295444333071 0.625429913831762 1.00109295375358
1.01074653E+01 1.89620186330327 0.39624362286571 0.227164209326118 0.00105856947978273 0.376632632221909 0 0 -0.00109903487088109 0.624466401671611 1.00109903389352
1.01133656E+01 1.89824053028909 0.395423575686526 0.227014880951031 0.00106105331113821 0.377604083656794 0 0 -0.00110359409493852 0.623499509948695 1.00110359360549
1.01192596E+01 1.90027955137654 0.394602024453094 0.226864173056913 0.00106354476557725 0.378578812511491 0 0 -0.00110855496417568 0.622529742275584 1.00110855478707
1.01251472E+01 1.9023241486469 0.393778451234412 0.226712131739884 0.00106604529067376 0.379556206818683 0 0 -0.00111283504522916 0.62155662826497 1.00111283508365
1.01310285E+01 1.90436904271384 0.392952984540007 0.226558805737125 0.00106855457338254 0.38053729017107 0 0 -0.00111763543318627 0.620580344850514 1.00111763502158
1.01369034E+01 1.90641464682692 0.392125779270656 0.226404085133524 0.0010710718276313 0.381521800732384 0 0 -0.0011227367737457 0.619600936231811 1.0011227369642
1.01427720E+01 1.90846541886851 0.391296304673284 0.226247975850669 0.00107359812744983 0.382509259943942 0 0 -0.00112713899803086 0.618617878651402 1.00112713859534
1.01486343E+01 1.91051650974422 0.390465127726048 0.226090438264692 0.00107613264764472 0.383500415862982 0 0 -0.00113211471817617 0.617631698638385 1.00113211450137
1.01544902E+01 1.91257394462301 0.389631665795221 0.225931497297049 0.001078677065428 0.384494520103353 0 0 -0.00113635959336903 0.616641840157698 1.00113636026105
1.01603398E+01 1.91463071192638 0.388796152366651 0.225771214943627 0.00108123070266492 0.385492832848896 0 0 -0.00114143181574747 0.615648598012943 1.00114143086184
1.01661831E+01 1.9166879786859 0.387958884945799 0.225609471029537 0.00108379186549926 0.386494624183896 0 0 -0.00114677078608641 0.614652147840835 1.00114677202473
1.01720201E+01 1.91875234237624 0.387119056792974 0.225446277482734 0.0010863630881193 0.387499387273299 0 0 -0.00115108471855453 0.613651697363828 1.00115108463713
1.01778435E+01 1.92100431330092 0.386266447119509 0.225273548322434 0.00108894211507807 0.388486266705793 0 0 -0.00111520530441641 0.612628937557022 1.00111520426281
1.01836602E+01 1.92298971745476 0.385432482697317 0.225111152738228 0.00109155960687002 0.389521682929967 0 0 -0.00115687731962734 0.611635195042415 1.00115687797238
1.01894707E+01 1.92503176407642 0.384587867491733 0.22494401551226 0.00109415387803252 0.390542079372231 0 0 -0.00116811603941447 0.610626036882026 1.00116811625426
1.01952750E+01 1.92708206266087 0.383740962737683 0.224775556989982 0.00109675341333502 0.39156220361374 0 0 -0.00117547761140603 0.609613273141 1.00117547675474
1.02010731E+01 1.92913868490728 0.382891588758691 0.224605745761003 0.00109936185852907 0.392584427923802 0 0 -0.00118112395849317 0.608596696378222 1.00118112430202
1.02068649E+01 1.93119815569579 0.382040241610618 0.224434345445944 0.00110197849647037 0.39360999530684 0 0 -0.00118656073341909 0.607576565553032 1.00118656085987
1.02126505E+01 1.93326500218831 0.381186287014892 0.224261345707519 0.00110460513048277 0.394638804373124 0 0 -0.0011910428562011 0.606552237852894 1.00119104222602
1.02184299E+01 1.9353321088578 0.380330461439207 0.224086793690388 0.0011072407470492 0.39567189708434 0 0 -0.00119639207110893 0.605524495876644 1.00119639296098
1.02242031E+01 1.93739730821377 0.379472468493221 0.223910858222445 0.00110988565994371 0.396709386217025 0 0 -0.00120259969399262 0.60449321237561 1.00120259859264
1.02299702E+01 1.93946800710117 0.378611767923684 0.223733273460161 0.00111253961503859 0.397750257893147 0 0 -0.00120783964026368 0.603457580998883 1.00120783889203
1.02357310E+01 1.94153767800519 0.377749096661125 0.223554128213441 0.00111520197342995 0.398795451549269 0 0 -0.00121387905921118 0.602418426847996 1.00121387839726
1.02414857E+01 1.94360740041784 0.37688388963868 0.223373527959744 0.00111787358883945 0.399844790070736 0 0 -0.00122008240938484 0.601375291187264 1.001220081258
1.02472342E+01 1.94568435139054 0.376016163915351 0.223191125883108 0.00112055414766626 0.400897328203588 0 0 -0.0012251732550022 0.600327843946125 1.00122517214971
1.02529691E+01 1.94797683491368 0.37513430237089 0.222998449064846 0.00112324528751234 0.401928705191555 0 0 -0.00118470184482572 0.599255996723249 1.0011847019148
1.02586976E+01 1.94995689445578 0.37427271088661 0.222817100847381 0.0011259765414521 0.403017202705566 0 0 -0.0012329920609199 0.598215788275444 1.00123299098101
1.02644199E+01 1.95201290268534 0.373398989318818 0.222630160078431 0.00112868047489292 0.404086465778423 0 0 -0.00124429632440372 0.597157829872142 1.00124429565056
1.02701362E+01 1.95407843979893 0.372522426006042 0.222441875999986 0.0011313919569306 0.405156084768769 0 0 -0.00125177806590594 0.596095693962958 1.00125177873173
1.02758463E+01 1.95614758139744 0.37164349199085 0.222251980951977 0.00113411220150125 0.406228852340639 0 0 -0.00125843871567267 0.595029585144328 1.00125843748497
1.02815504E+01 1.95821714195333 0.370761923407421 0.222060481794293 0.00113684158018317 0.407305936053852 0 0 -0.00126518253104897 0.593959246781898 1.00126518283575
1.02872485E+01 1.96028730322516 0.369878026454125 0.22186722899467 0.00113957872722263 0.408387096464323 0 0 -0.00127193045422363 0.592884834176017 1.00127193064034
1.02929404E+01 1.96236390943352 0.368991249543019 0.221672200507179 0.00114232590562018 0.4094719211545 0 0 -0.00127769795293666 0.591805775955819 1.00127769711032
1.02986263E+01 1.96443785293136 0.368101904532617 0.221475569385295 0.00114508278622474 0.410562032184675 0 0 -0.00128458812592845 0.590722556704137 1.00128458888881
1.03043062E+01 1.96651840316578 0.367209808378855 0.221276950828167 0.00114784824101629 0.411655829254782 0 0 -0.00129043589722565 0.589634607448038 1.00129043670282
1.03099800E+01 1.96859738558027 0.366315027786871 0.221076696122765 0.00115062371645501 0.412754803979631 0 0 -0.0012971516058614 0.588542347626091 1.00129715160572
1.03156405E+01 1.9709136304248 0.365405342924528 0.220865434831955 0.00115341001498378 0.413829653623232 0 0 -0.00125384193495449 0.587424187771467 1.0012538413947
1.03212945E+01 1.97288508246329 0.364516745244021 0.220666010336718 0.00115623736540795 0.414968046176219 0 0 -0.00130703902772704 0.586338992946147 1.00130703912237
1.03269426E+01 1.97493635745627 0.36361521437832 0.220460811993351 0.0011590343108313 0.416085292519709 0 0 -0.00132035375223869 0.585235060682502 1.00132035320221
1.03325847E+01 1.9770145975658 0.362709577806309 0.220253744477225 0.00116184150730508 0.417201102114042 0 0 -0.00132626486077968 0.584125163790839 1.00132626590488
1.03382209E+01 1.97909044025113 0.361801793610371 0.220044851484776 0.00116465753313806 0.418322153026491 0 0 -0.00133345517027768 0.583011302628285 1.00133345565478
1.03438511E+01 1.98115734088847 0.360891487638917 0.219834422542474 0.00116748237621689 0.419449158756534 0 0 -0.00134254991014857 0.581893392557608 1.00134255131414
1.03494754E+01 1.98323019493733 0.359977800772926 0.219621963255639 0.00117031514845071 0.420579781978541 0 0 -0.00134986122984307 0.580770079177016 1.00134986115556
1.03550938E+01 1.98531065310487 0.35906107383505 0.219407404236092 0.00117315776065448 0.421714505329748 0 0 -0.00135614049407802 0.579641635831797 1.00135614116154
1.03607063E+01 1.98738658053594 0.358141467277121 0.219191057877893 0.00117601028048088 0.422855458636224 0 0 -0.00136399365707148 0.578508535435495 1.00136399407172
1.03663128E+01 1.98946059705914 0.357218985915344 0.218972799785011 0.00117887119426587 0.424001559642312 0 0 -0.00137221733571175 0.577370656894621 1.00137221653693
1.03719135E+01 1.99154315211443 0.356292896413841 0.21875243654021 0.0011817422924034 0.425151761387168 0 0 -0.00137883647014354 0.576227075246454 1.00137883663362
1.03775010E+01 1.99386389404786 0.355352104080477 0.218520818948909 0.00118462297604718 0.426277892155661 0 0 -0.00133543717700526 0.575057546005433 1.00133543816109
1.03830822E+01 1.99583204334195 0.354431683447424 0.218300917381028 0.00118754691703981 0.427470278296271 0 0 -0.00139042696466245 0.573920147745491 1.00139042604176
1.03886576E+01 1.99788869753651 0.353497753839259 0.218074927065369 0.00119044080530244 0.428640523897027 0 0 -0.00140364447902321 0.57276312170993 1.00140364560696
1.03942272E+01 1.99995678709724 0.352560010570726 0.217847180904522 0.00119334430393568 0.429812135215001 0 0 -0.00141267064779967 0.571600535779184 1.00141267099419
1.03997910E+01 2.00202144412922 0.351619394519614 0.217617405286833 0.0011962550636123 0.430989008399605 0 0 -0.00142206275979142 0.570433054870059 1.00142206326966
1.04053490E+01 2.00408347036688 0.350675409179112 0.217385713939473 0.00119917446330718 0.432171261230674 0 0 -0.00143156025805392 0.569260297581892 1.00143155881257
1.04109012E+01 2.00615986168423 0.349727615131816 0.217151485442574 0.00120210314046229 0.433356950562318 0 0 -0.00143815552544143 0.568081203714852 1.00143815427717
1.04164476E+01 2.00823415472965 0.348776536516128 0.216915183408303 0.00120504292007014 0.434549401993157 0 0 -0.00144616409553645 0.566896762844501 1.00144616483766
1.04219883E+01 2.010303667676 0.347822351539726 0.216676764313701 0.00120799112046956 0.435748317572679 0 0 -0.00145542581802202 0.565707106973896 1.00145542454657
1.04275232E+01 2.01237566080886 0.346864371595229 0.216436169191657 0.00121094938060447 0.436952577555308 0 0 -0.00146406870117668 0.56451149016749 1.0014640677228
1.04330476E+01 2.01458696683474 0.34589584389839 0.216187707043638 0.00121391341265468 0.438144890506684 0 0 -0.00144235390074295 0.563297464354682 1.00144235486137
1.04385660E+01 2.01659645777619 0.344937854729287 0.215945261790364 0.00121691044360267 0.439378564602406 0 0 -0.00147859266463658 0.562100026963254 1.00147859156566
1.04440787E+01 2.0186550473788 0.343969922895748 0.21569818358287 0.00121989428713815 0.440602886141893 0 0 -0.00149088592620513 0.560888000765756 1.00149088690765
1.04495858E+01 2.02072734272956 0.342997924234433 0.215448689585167 0.00122288723854355 0.441829904075034 0 0 -0.0014994050389338 0.559669501058143 1.00149940513318
1.04550871E+01 2.02279395453845 0.342022371308628 0.215197071369201 0.00122589013301941 0.443064050092287 0 0 -0.0015093827540614 0.558445332810849 1.00150938290314
1.04605828E+01 2.02486080093168 0.341043058704211 0.214943053270497 0.00122890154664215 0.444304126775553 0 0 -0.00151913956682091 0.55721501352135 1.0015191402969
1.04660680E+01 2.02706387965439 0.340053121620186 0.214681197454022 0.00123191815268583 0.445532578457261 0 0 -0.0014988159625823 0.555966237226894 1.00149881568416
1.04715475E+01 2.02906449240004 0.339073133740667 0.2144251026173 0.00123496748348103 0.446803009167862 0 0 -0.00153621260520557 0.554733203841449 1.00153621300931
1.04770213E+01 2.03111494161312 0.33808294840007 0.214164230240228 0.00123800338350273 0.448064119540778 0 0 -0.00154930205353164 0.553485182023802 1.00154930156458
1.04824895E+01 2.03317317905521 0.33708862091053 0.213900883348309 0.00124104730772247 0.44932903326244 0 0 -0.00155958379377869 0.552230551566562 1.001559584829
1.04879521E+01 2.03523011402856 0.336090125772579 0.213635168820963 0.00124410151095301 0.450600657723528 0 0 -0.00157005364060526 0.550969396104496 1.00157005382802
1.04934092E+01 2.03728896579028 0.335087583285067 0.213366773834845 0.00124716397755307 0.45187857219012 0 0 -0.00158009378348116 0.549701521097465 1.00158009328758
1.04988560E+01 2.03947353915153 0.334074596174193 0.213090658769126 0.00125023060169772 0.453146535249719 0 0 -0.00156202164374504 0.548415485545016 1.00156202079474
1.05042971E+01 2.04146182923225 0.333070685066746 0.212819925299995 0.00125332988026636 0.454455950983373 0 0 -0.00159988997748163 0.547143940247008 1.00159989123038
1.05097327E+01 2.04350313823525 0.332056316089633 0.212544184480719 0.00125641625009554 0.45575608354793 0 0 -0.00161300037094465 0.545856916820447 1.00161300036838
1.05151628E+01 2.04554632354287 0.331037524893193 0.212265858271041 0.001259510767538 0.457061810451054 0 0 -0.00162470498553359 0.544562893931772 1.00162470438283
1.05205874E+01 2.04758570071693 0.330014501841561 0.211984978625326 0.00126261392580286 0.458374645159604 0 0 -0.00163674027359469 0.54326209439269 1.00163673955229
1.05260020E+01 2.04976321015131 0.328980379128876 0.211695902654028 0.00126572066819781 0.45967580466548 0 0 -0.00161780707819183 0.541942002451102 1.00161780711658
1.05314109E+01 2.05173277471875 0.327955365967304 0.211412288844223 0.00126886103886354 0.461021178125725 0 0 -0.0016576953255846 0.540636515850391 1.00165769397612
1.05368144E+01 2.0537461580136 0.326919850040958 0.2111236066386 0.00127198502590343 0.462358266280789 0 0 -0.00167370731119208 0.539315441705462 1.00167370798625
1.05422125E+01 2.05575764973942 0.325879607007624 0.21083237465026 0.00127511571236632 0.463700831720524 0 0 -0.00168792905644293 0.53798709737025 1.00168792909077
1.05476053E+01 2.05777573131534 0.324834125909693 0.210538131734633 0.00127825468051305 0.465049218161544 0 0 -0.00169973108671287 0.536650512324839 1.00169973048638
1.05529927E+01 2.05979892901686 0.32378383812362 0.210240792875204 0.00128140311309891 0.466404623998198 0 0 -0.00171065801149912 0.535306034111922 1.00171065811012
1.05583703E+01 2.06193721932053 0.322723016377425 0.209935513042752 0.00128455322265962 0.467752434440184 0 0 -0.0016955164140022 0.533943082642836 1.00169551708302
1.05637424E+01 2.06388499680731 0.321669932688591 0.209635073014872 0.00128773710943747 0.46914197084519 0 0 -0.00173471273134811 0.532592742812901 1.00173471365809
1.05691093E+01 2.06588540278302 0.320605848759929 0.209329167250726 0.00129090765461016 0.470523452409568 0 0 -0.00174937723318604 0.531225923665265 1.00174937607483
1.05744708E+01 2.06789160920809 0.319536485886242 0.209020192390802 0.00129408747445172 0.471911183185134 0 0 -0.00176194922102097 0.529850765751496 1.00176194893663
1.05798271E+01 2.06990782340979 0.318461552512089 0.20870786762299 0.00129727836168886 0.473306124997454 0 0 -0.00177282339749557 0.528466698496768 1.00177282349422
1.05851737E+01 2.07202650725361 0.31737643543549 0.208387641030863 0.00130046897110964 0.474695653533746 0 0 -0.00176019848550788 0.527064545437463 1.00176019897121
1.05905149E+01 2.07396760259073 0.316297883911281 0.208071699124395 0.00130369389889335 0.476125570508666 0 0 -0.00179884772806464 0.525673276934569 1.00179884744323
1.05958509E+01 2.07594944472974 0.315208520930619 0.207750373254464 0.00130690540990183 0.477549898200466 0 0 -0.00181569773270212 0.524265799594985 1.00181569779545
1.06011818E+01 2.07792904677181 0.314113583432513 0.207425874174871 0.00131012346847421 0.478981658467233 0 0 -0.00183124029952398 0.522849581075858 1.00183123954309
1.06065032E+01 2.08006012209664 0.313006479997192 0.207092547193204 0.00131334575427867 0.480400538611727 0 0 -0.00181291085769145 0.521412372944675 1.0018129115564
1.06118192E+01 2.08194385280137 0.311908019097744 0.206764457370345 0.00131659782097953 0.481872149746065 0 0 -0.00186122129316121 0.519989074289069 1.00186122403513
1.06171302E+01 2.08389686350356 0.310796898993889 0.206430343331271 0.00131983230464481 0.48333118958038 0 0 -0.00187826476854492 0.518547074629805 1.00187826421019
1.06224361E+01 2.08583795575082 0.309680243002139 0.206093044195881 0.00132307243349909 0.484799678331676 0 0 -0.00189603806906295 0.517096359631519 1.00189603796319
1.06277369E+01 2.08778973035366 0.308557170118312 0.205752019829714 0.0013263207543084 0.486274764761881 0 0 -0.00191027397156724 0.515635510702334 1.00191027546422
1.06330286E+01 2.08987115135133 0.307422374142334 0.205402142482532 0.00132957014512752 0.487741365940622 0 0 -0.0018954507111305 0.514154086769994 1.00189545271062
1.06383150E+01 2.09173600514278 0.306294473310588 0.205056700723915 0.00133285252687023 0.489256673635612 0 0 -0.00194070058555162 0.512684026561373 1.00194070019699
1.06435966E+01 2.09365987562756 0.305154183082626 0.204705016793397 0.00133611831251316 0.490763223750475 0 0 -0.00195854206202949 0.511195318188536 1.00195854193901
1.06488731E+01 2.09558436235104 0.304007440332904 0.20434965716177 0.00133939211917531 0.49227843008078 0 0 -0.00197492085470465 0.509696489613849 1.00197491969463
1.06541407E+01 2.09766749730208 0.302848055669958 0.203984868693602 0.00134267060610055 0.493781179015351 0 0 -0.00195677517780069 0.50817559496966 1.00195677398501
1.06594031E+01 2.09949732677219 0.301696091213328 0.203624748433122 0.00134598001338948 0.495340159160319 0 0 -0.00200697847826182 0.506666819659839 1.00200697882016
1.06646606E+01 2.10139355046616 0.300531059905416 0.20325816880196 0.00134927026371192 0.496888014988136 0 0 -0.00202651123539202 0.505138498971088 1.00202651395922
1.06699134E+01 2.10327371302828 0.299359637834989 0.202887979988871 0.00135256525214878 0.498446956050509 0 0 -0.00204713941097123 0.503600183076008 1.00204713912652
1.06751613E+01 2.10517885891191 0.298180244088355 0.202513247363861 0.00135586981976216 0.500011975487943 0 0 -0.00206133692708795 0.502049361271979 1.00206133675992
1.06804004E+01 2.10716705213084 0.296990146731443 0.202130028831503 0.00135916823827699 0.501576160718355 0 0 -0.00205550277355564 0.500479343801223 1.00205550451958
1.06856346E+01 2.10898382548493 0.295803590554591 0.201749855953573 0.00136250190981871 0.503182559854858 0 0 -0.00209850744539606 0.498915948417982 1.00209850827284
1.06908640E+01 2.11082509140568 0.294605423031938 0.201363396583914 0.00136581552480983 0.504787660682216 0 0 -0.00212229529023493 0.497334635140662 1.00212229582288
1.06960888E+01 2.11269149018476 0.293398856804119 0.200972359652411 0.0013691383968925 0.506398305181055 0 0 -0.00213866117272279 0.495740354853423 1.00213866003448
1.07013050E+01 2.11464524916151 0.292180775118187 0.200572523059449 0.00137245499742843 0.508007846907636 0 0 -0.00213359744467258 0.494125753175064 1.0021336000827
1.07065164E+01 2.1164266669518 0.290965847111972 0.20017533969659 0.00137580584079189 0.509660838640606 0 0 -0.00217783004815303 0.492516992649355 1.00217783128996
1.07117232E+01 2.11823419185578 0.289738837829971 0.199771606759529 0.00137913704312394 0.511312882288581 0 0 -0.00220246352265361 0.490889581632624 1.0022024639212
1.07169235E+01 2.12012562896799 0.288500408014847 0.199360627136865 0.00138247203842667 0.512962691993578 0 0 -0.00220620010252733 0.489243507190139 1.00220619918372
1.07221191E+01 2.12190095859472 0.287260421619151 0.198948779531905 0.00138582582193067 0.514646419087921 0 0 -0.00224144392354196 0.487595026972987 1.00224144606091
1.07273084E+01 2.12375552643823 0.286007436561539 0.198528687860374 0.0013891662403101 0.51632528148804 0 0 -0.00225057245549163 0.485925290662224 1.00225057215026
1.07324930E+01 2.12550933656481 0.284751613454766 0.198107527337676 0.00139252612024918 0.518034511097253 0 0 -0.00228617704773457 0.484251666912692 1.00228617800995
1.07376713E+01 2.12734024426388 0.283482654279724 0.197677922999814 0.00139587130831887 0.519739596419186 0 0 -0.00229604409692826 0.482556448587857 1.00229604500704
1.07428452E+01 2.12907840514033 0.282210532758844 0.197246924766174 0.00139923646438171 0.521474421665004 0 0 -0.00233111515199126 0.4808566939894 1.0023311156544
1.07480109E+01 2.13094689076536 0.280922762361756 0.196805192479186 0.00140258290948139 0.523197919587553 0 0 -0.00232845769244765 0.479130537750424 1.00232845733798
1.07531722E+01 2.13259454508181 0.279637817406647 0.196365989477824 0.00140595602521574 0.524973991226752 0 0 -0.00238375420293733 0.477409762909687 1.00238375413644
1.07583291E+01 2.13428270440487 0.278338620640065 0.195919445037436 0.00140930443459631 0.526745584209511 0 0 -0.00241295472683691 0.475667370112097 1.00241295432161
1.07634801E+01 2.13603906975189 0.277027450190195 0.195465107315896 0.00141265009274877 0.528518034143979 0 0 -0.00242324215567894 0.47390520759884 1.00242324174282
1.07686268E+01 2.13768647747755 0.275712650666842 0.195008886659516 0.00141601218040721 0.530324690708489 0 0 -0.00246223906333116 0.472137549506766 1.00246224021526
1.07737675E+01 2.13940996331955 0.274383677305667 0.194543631251582 0.00141935795946672 0.532128572605866 0 0 -0.00247524123510359 0.470346666516716 1.00247523912258
1.07789040E+01 2.14104851360123 0.273050192130716 0.194075986303126 0.00142272209183922 0.533963029206226 0 0 -0.00251193103558124 0.468548900525681 1.00251192973191
1.07840330E+01 2.14280273490244 0.271700623448433 0.193597260374454 0.00142606474232409 0.535789819239834 0 0 -0.00251376845486678 0.466723948565212 1.00251376780505
1.07891577E+01 2.14436435257182 0.270351615062386 0.193119683930266 0.00142943561635118 0.537667108025376 0 0 -0.00256784227614862 0.464900734609003 1.00256784263438
1.07942784E+01 2.14596524467099 0.268987685347392 0.192633992105207 0.00143278370310764 0.539543668228194 0 0 -0.00259813103862957 0.463054461155707 1.0025981293839
1.07993935E+01 2.14760991337154 0.267611460732055 0.19214017239853 0.00143612433561459 0.541426598359551 0 0 -0.00261435502091979 0.461187757466201 1.00261435582575
1.08045028E+01 2.14922892100162 0.266227446229107 0.19164110624756 0.00143947554854147 0.543331907824778 0 0 -0.0026399339198152 0.459308028025208 1.00263993584999
1.08096082E+01 2.15076253143315 0.264835950354989 0.191138130775447 0.00144283077031857 0.545266296423043 0 0 -0.00268320752089473 0.457416911900755 1.0026832083238
1.08147081E+01 2.15235364934423 0.263429554512452 0.190625724599211 0.00144616459797318 0.547201766939573 0 0 -0.00270321251889655 0.455501443709636 1.00270321064921
1.08198024E+01 2.15391111305541 0.262014868013489 0.190107919736364 0.00144950506595937 0.549160428594516 0 0 -0.00273272059107881 0.453572292815812 1.00273272141033
1.08248929E+01 2.15538542115589 0.260591988554318 0.189585901430501 0.00145284766207645 0.551147733644283 0 0 -0.00277847339098563 0.451630737646895 1.00277847129118
1.08299781E+01 2.15691589047178 0.259153650111844 0.189054011703168 0.00145616601642868 0.553136691732121 0 0 -0.0028005177887019 0.449663827831441 1.00280051956356
1.08350579E+01 2.15841649353073 0.257706235412476 0.188516338352474 0.00145949137686904 0.555149237226185 0 0 -0.00283130286407488 0.447682065141819 1.002831302368
1.08401341E+01 2.15983980108249 0.256249957854565 0.187973806574229 0.00146281795919147 0.557190806187037 0 0 -0.00287739002998522 0.445686582387986 1.00287738857502
1.08452051E+01 2.16131226000998 0.254777965770414 0.187421180870056 0.00146611981000162 0.559236507543994 0 0 -0.00290177179671901 0.443665266450471 1.00290177399447
1.08502709E+01 2.16271389247759 0.253297176711819 0.18686286494282 0.00146941852597959 0.561311953570198 0 0 -0.00294141335667493 0.441629460180618 1.00294141375082
1.08553333E+01 2.16406561724567 0.251805796763943 0.186299117174242 0.00147271793637032 0.563410665685737 0 0 -0.00298829649547815 0.439577631874555 1.00298829756029
1.08603892E+01 2.16549919189957 0.2502967431378 0.18572293146284 0.00147597988120063 0.565508795653613 0 0 -0.00300444909161699 0.437495654481841 1.00300445013545
1.08654416E+01 2.16676801463286 0.248783580595424 0.185145397334091 0.00147926764118451 0.567657050359593 0 0 -0.00306529683618456 0.435408245570699 1.00306529593029
1.08704893E+01 2.16810638788494 0.247251801846751 0.184555914892326 0.00148251518835089 0.569803731451191 0 0 -0.00309396128228926 0.433290231927427 1.00309396337862
1.08755322E+01 2.16940522091488 0.245709397608624 0.183959605219213 0.00148576350740075 0.571977336477834 0 0 -0.00313210140018678 0.431154766335238 1.00313210281307
1.08805719E+01 2.17061995869979 0.244156247101614 0.183357219860083 0.00148900653799204 0.574183198217048 0 0 -0.00318566945000453 0.429002473499688 1.00318567171674
1.08856070E+01 2.17187823925182 0.242585846424566 0.182743582870799 0.00149221693068597 0.576395466088029 0 0 -0.00321711242542168 0.426821646226051 1.00321711231408
1.08906376E+01 2.17309319090618 0.241004151681873 0.182122608296869 0.00149542442247719 0.57863593023162 0 0 -0.00325811638894674 0.424622184401219 1.00325811463284
1.08956638E+01 2.17428133151778 0.239409144738703 0.181493094421472 0.00149861862987409 0.580899689332438 0 0 -0.00330054807810472 0.422400857790048 1.00330054712249
1.09006855E+01 2.17543050430413 0.237800883538442 0.180855046034142 0.0015017956324213 0.583188466600005 0 0 -0.0033461892235112 0.420157725205005 1.00334619180501
1.09057044E+01 2.17651178979853 0.236180246948069 0.180210016246366 0.00150496570951412 0.585507368245389 0 0 -0.00340259986861156 0.417895228903948 1.00340259714934
1.09107176E+01 2.17766871514366 0.234540150872446 0.179551181169541 0.00150808881404321 0.587828199531972 0 0 -0.00342762101420352 0.41559942085603 1.003427620388
1.09157281E+01 2.17865751745036 0.232893317988682 0.178889189272898 0.0015112324739563 0.590203687225153 0 0 -0.00349742677725556 0.413293739735537 1.00349742696069
1.09207345E+01 2.17970603681384 0.231226175221648 0.178213729025505 0.00151432562201134 0.59258135188177 0 0 -0.0035355794679841 0.410954229869165 1.00353558175093
1.09257370E+01 2.18071052668461 0.229546143275162 0.177529722199571 0.00151741127009223 0.59498949728675 0 0 -0.003582774872866 0.408593276744826 1.00358277403158
1.09307356E+01 2.18167565786264 0.227851485260188 0.176836058838353 0.00152047656031961 0.59742521089359 0 0 -0.00363323096237207 0.406208020658861 1.00363323155245
1.09357304E+01 2.18260406137454 0.226141900739046 0.176132564675014 0.00152351868982863 0.599887195836807 0 0 -0.00368517956249681 0.403797984103888 1.0036851799407
1.09407214E+01 2.18349213037829 0.224417200402323 0.175419148835513 0.00152653663534044 0.602376061585406 0 0 -0.00373894753565501 0.401362885873177 1.00373894745858
1.09457089E+01 2.18433814045962 0.222677110741496 0.174695652166613 0.00152952870167665 0.604892134384459 0 0 -0.00379442782528899 0.398902291609785 1.00379442599424
1.09506928E+01 2.18514340095623 0.220921448353801 0.173961781562552 0.00153249270896115 0.60743517767262 0 0 -0.00385090081333685 0.396415722625314 1.00385090029793
1.09556733E+01 2.18591548690226 0.21914982846792 0.173217423669285 0.00153543134220452 0.610004438867686 0 0 -0.00390712361075919 0.393902683479409 1.00390712234709
1.09606518E+01 2.18663733980152 0.217363092794868 0.172463614855416 0.00153835961216382 0.612605778570301 0 0 -0.00397084438830087 0.391365067262447 1.00397084583275
1.09656258E+01 2.18737732612387 0.21555619570928 0.171694513111512 0.00154122028227017 0.615221715031981 0 0 -0.00401364345563433 0.388791929103063 1.00401364413504
1.09705966E+01 2.18802825530744 0.21373754697436 0.170918062914802 0.00154408717154582 0.617880192689761 0 0 -0.00407989237723335 0.386199697060707 1.00407988975047
1.09755643E+01 2.18865123209775 0.211901059519422 0.170129254738825 0.00154691415441051 0.620563930004606 0 0 -0.00414115896908476 0.383577228412657 1.00414115841726
1.09805292E+01 2.18921838661442 0.210048107037477 0.169329114110574 0.00154970756263684 0.623279243561516 0 0 -0.00420617069375171 0.380926928710688 1.0042061722722
1.09854912E+01 2.18975597984863 0.208178087967369 0.168517218080851 0.00155246911130025 0.626021087561894 0 0 -0.0042688620860148 0.378247775159521 1.00426886272141
1.09904504E+01 2.19025529537374 0.206291227764342 0.167693310809837 0.00155519833564368 0.628792758957806 0 0 -0.00433249609762078 0.375539736909822 1.00433249586763
1.09954070E+01 2.19069300739996 0.204387784818566 0.166857639918172 0.00155789172123692 0.631597944269782 0 0 -0.00440126280470648 0.372803316457975 1.00440126072776
1.10003611E+01 2.19109421894356 0.2024669524316 0.166009695911379 0.00156054992087407 0.634431394132489 0 0 -0.00446859336095588 0.370037198263853 1.00446859239634
1.10053128E+01 2.19145643737075 0.200528978585237 0.165149306565372 0.00156317332691768 0.637294862988746 0 0 -0.00453632300440665 0.367241458477526 1.00453632146627
1.10102621E+01 2.19177108403345 0.198573949702385 0.164276365183812 0.00156576039121959 0.64019009111929 0 0 -0.00460616953729549 0.364416075277417 1.00460616639671
1.10152081E+01 2.19206098286963 0.196600808265758 0.163389335788977 0.00156829464000567 0.643110835426901 0 0 -0.00466927507034996 0.36155843869474 1.00466927412164
1.10201520E+01 2.19227724968771 0.194613167226351 0.162492165190669 0.00157082155575466 0.646071754930524 0 0 -0.00474790873347918 0.358676153972775 1.0047479089033
1.10250938E+01 2.19243590098376 0.192607513775213 0.161581120725602 0.0015732938000387 0.649063737444493 0 0 -0.00482566614387801 0.355761928300854 1.00482566574535
1.10300339E+01 2.19253532892028 0.190584726042147 0.160657303147523 0.00157572329824274 0.652086897365559 0 0 -0.00490464817517702 0.352817752487913 1.00490464985347
1.10349722E+01 2.19260940175123 0.188544344774685 0.15972015933175 0.00157811663000093 0.655136422772203 0 0 -0.00497904469044078 0.349842620736436 1.00497904350864
1.10399077E+01 2.19267584830026 0.18648591232351 0.158768014100153 0.00158045986263148 0.658209803842545 0 0 -0.00504419151083085 0.346834386286294 1.00504419012884
1.10448418E+01 2.19262931884375 0.184414242537461 0.157805392834236 0.00158278921118783 0.661331150476755 0 0 -0.00513357479226617 0.343802424582885 1.00513357505964
1.10497744E+01 2.19255464456316 0.182324259507633 0.15682820213975 0.0015850679245864 0.664476725181127 0 0 -0.00521425480926966 0.34073752957197 1.0052142547531
1.10547046E+01 2.19246096074036 0.18021690149802 0.155836097936551 0.00158729333945578 0.667645612036669 0 0 -0.00528590492944811 0.337640292774027 1.0052859048107
1.10596337E+01 2.19228637631879 0.178096169924483 0.154833090542657 0.00158951230899465 0.670856004893649 0 0 -0.00537477700326071 0.334518772776134 1.00537477766978
1.10645617E+01 2.19208978356284 0.175958139986898 0.153815265473288 0.00159168655689325 0.674090760825646 0 0 -0.00545585504283573 0.331365092017079 1.00545585284272
1.10694877E+01 2.19190665374048 0.173803259071225 0.152781981581433 0.00159381788181461 0.677344492506742 0 0 -0.00552355136991771 0.328179058534473 1.00552355104122
1.10744127E+01 2.19162291677232 0.171636719127754 0.151737913696285 0.00159594767568465 0.680644926909645 0 0 -0.00561550780739464 0.324970580499724 1.00561550740937
1.10793370E+01 2.19128243245457 0.169454739608377 0.150679503066223 0.00159802850976062 0.683973452167523 0 0 -0.00570572232717391 0.321732271184361 1.00570572335188
1.10842595E+01 2.19092380945063 0.167257379019441 0.149606385939176 0.00160005969394209 0.687320300005136 0 0 -0.00578412386835927 0.318463824652559 1.00578412465769
1.10891815E+01 2.19052950895305 0.165048688694816 0.148522559349358 0.00160210799519305 0.690698670716892 0 0 -0.00587202858826024 0.315173356039367 1.00587202675626
1.10941020E+01 2.19011288873275 0.162825391711356 0.147422747320948 0.00160409813944924 0.694097896880373 0 0 -0.00595013127726959 0.311852237171754 1.00595013405213
1.10990221E+01 2.18963548707056 0.160592404569788 0.146312828729596 0.00160610816766813 0.697531853597869 0 0 -0.00604319690566542 0.308511341467052 1.00604319506492
1.11039409E+01 2.18915432324143 0.158345866401384 0.145187275572873 0.00160806706161654 0.700979877804056 0 0 -0.00612108779072227 0.305141209035873 1.00612108683993
1.11088585E+01 2.18863572543979 0.156090384996047 0.144050667425091 0.00161003428713196 0.704454154740707 0 0 -0.00620524349581793 0.30175108670827 1.00620524144898
1.11137759E+01 2.1880583280598 0.15382660584668 0.14290333396974 0.00161201582460904 0.707959061298691 0 0 -0.00630101671568565 0.298341955641028 1.00630101693972
1.11186923E+01 2.18751909149237 0.151551315044217 0.141741086606229 0.00161396861573965 0.711467294641175 0 0 -0.00637366597357928 0.294906370266186 1.00637366490736
1.11236087E+01 2.18695519213398 0.149270698903282 0.140569755661079 0.00161597620870849 0.71500342376663 0 0 -0.00645985439062189 0.291456430773069 1.0064598545397
1.11285241E+01 2.1864039938485 0.146981434311388 0.139384123820402 0.00161796289704597 0.718549025898303 0 0 -0.00653254450695523 0.287983521028836 1.00653254692714
1.11334386E+01 2.18582277628522 0.144688352336362 0.138189056897532 0.00161998790497458 0.722116356881644 0 0 -0.00661375654826357 0.284497397138869 1.00661375402051
1.11383522E+01 2.18524245288929 0.142391246146893 0.136983692406403 0.00162204581249711 0.72569611573455 0 0 -0.00669310262605491 0.280996984365793 1.00669310010034
1.11432659E+01 2.18465405389476 0.140092215266016 0.135770025222624 0.00162417167316456 0.729292638877803 0 0 -0.00677905097770387 0.277486412161805 1.00677905103961
1.11481788E+01 2.18419521326854 0.137788316342674 0.134543546389445 0.00162633213754016 0.732872725970577 0 0 -0.0068309200154655 0.273958194869659 1.00683092084024
1.11530907E+01 2.18367639746658 0.135487160708998 0.133309591264406 0.00162856150486667 0.736482114229846 0 0 -0.00690742525655332 0.270425313478271 1.00690742770812
1.11580018E+01 2.18317270524006 0.133187672373372 0.132068095807517 0.00163086265298856 0.740094146524398 0 0 -0.00698077873702815 0.266886630833877 1.00698077735828
1.11629119E+01 2.18272064406369 0.13089120395549 0.130819575916224 0.00163325642229825 0.743702064858754 0 0 -0.00704609971130653 0.263344036294013 1.00704610115277
1.11678211E+01 2.18233414134307 0.128599509893238 0.129564443704292 0.0016357586230141 0.747305272416402 0 0 -0.00710498392810621 0.259799712220545 1.00710498463695
1.11727301E+01 2.1820316265565 0.126314932673531 0.128304836920177 0.00163842047772786 0.750905481872295 0 0 -0.00716367270288748 0.256258190071435 1.00716367194373
1.11776378E+01 2.18183288381468 0.124036612981485 0.127036983930407 0.00164117616274049 0.754488953856935 0 0 -0.00720372601247079 0.252714773074633 1.00720372693157
1.11825442E+01 2.18169007031409 0.121770022981199 0.12576660715172 0.00164410136380352 0.758070095520898 0 0 -0.00725082779412502 0.249180731496722 1.00725082701762
1.11874490E+01 2.18171112401748 0.119514832247751 0.12449293263897 0.00164721690715054 0.761625611983033 0 0 -0.00728059577876212 0.245654981793872 1.0072805937769
1.11923521E+01 2.18181868644418 0.117274308167654 0.123216909668208 0.00165051963867307 0.765173050525486 0 0 -0.0073147898123515 0.242141737474535 1.00731478800002
1.11972533E+01 2.18200933881566 0.115050145998118 0.121940159589059 0.00165402168349972 0.768705830063223 0 0 -0.00735015529709192 0.238644327270678 1.0073501573339
1.12021523E+01 2.18235505553516 0.112843468057772 0.120663672637551 0.0016577549564284 0.772207398482527 0 0 -0.00737229662020079 0.235164895651752 1.00737229413428
1.12070488E+01 2.18289159669521 0.110656099169421 0.119388022013806 0.0016617486848599 0.775675266038608 0 0 -0.00738113442023099 0.231705869868086 1.00738113590669
1.12119419E+01 2.18367372754673 0.108488922594747 0.118112094653335 0.00166599750874282 0.779098025743681 0 0 -0.0073650383283534 0.228267014756825 1.00736504050051
1.12168318E+01 2.18455428920437 0.106348389759915 0.11684220449974 0.00167057876658637 0.782516574867359 0 0 -0.00737774857766065 0.224861173026241 1.0073777478936
1.12217181E+01 2.18563802108746 0.104231941337959 0.11557524327579 0.00167544594057621 0.785890986260101 0 0 -0.00737361838717533 0.221482630554325 1.00737361681443
1.12266006E+01 2.18696698565907 0.102142047166149 0.114313505251502 0.00168065286952301 0.789217862600634 0 0 -0.00735406899393736 0.218136205287175 1.00735406788781
1.12314788E+01 2.18856130307385 0.100080518965755 0.113057656028404 0.00168622502134932 0.792497901504508 0 0 -0.00732230122020906 0.214824400015508 1.00732230152002
1.12363521E+01 2.19047284168757 0.0980487093528791 0.11180825360579 0.00169219180875317 0.795725076717754 0 0 -0.00727423147950294 0.211549154767423 1.00727423148518
1.12412193E+01 2.19253584386725 0.0960273044515606 0.110548847207204 0.00169841211053216 0.799008570327421 0 0 -0.00728313420492788 0.208274563769297 1.00728313409672
1.12460804E+01 2.19488662476866 0.0940504993153157 0.109305562434364 0.00170496685239696 0.802175593094964 0 0 -0.00723662006992008 0.205061028602076 1.00723662169704
1.12509351E+01 2.19766802270972 0.0921055445628315 0.108073307499443 0.00171206290537039 0.805270337336001 0 0 -0.00716125071547203 0.201890914967645 1.00716125230365
1.12557826E+01 2.20070221719359 0.0901932585196009 0.106847323169355 0.00171956691388525 0.808345379989007 0 0 -0.00710553048832798 0.198760148602842 1.00710552859185
1.12606223E+01 2.20406018311946 0.0883188723660407 0.105633164095584 0.00172751187520256 0.811353108093907 0 0 -0.00703265533251543 0.195679548336827 1.00703265643073
1.12654529E+01 2.20772811327662 0.0864820979774685 0.104430347928043 0.00173589415152763 0.814296669589383 0 0 -0.00694500844909017 0.19264834005704 1.00694500964642
1.12702745E+01 2.21181168444603 0.0846831655322013 0.103242584622295 0.00174487436120341 0.81718683950831 0 0 -0.00685746255282978 0.1896706245157 1.00685746402401
1.12750862E+01 2.2163469375799 0.0829200238842909 0.102063412169127 0.0017543273411182 0.820011731549806 0 0 -0.00674949505709358 0.186737763394536 1.00674949494434
1.12798873E+01 2.22120865988898 0.0811994114992398 0.100899149659898 0.00176428400481559 0.822780616248519 0 0 -0.00664346045757699 0.183862845163954 1.00664346141247
1.12846763E+01 2.2264872065106 0.0795166001773104 0.0997467523507833 0.00177473512465978 0.825479973397391 0 0 -0.00651806062822347 0.181038087652753 1.00651806105014
1.12894531E+01 2.23218444282423 0.0778750091905769 0.0986115648765555 0.0017858106496596 0.828132529971923 0 0 -0.00640491413958204 0.178272384716792 1.00640491468871
1.12942170E+01 2.23827791724779 0.0762723429849665 0.0974881181280239 0.0017973674086669 0.830727688314209 0 0 -0.00628551686615354 0.175557828521657 1.00628551683587
1.12989671E+01 2.24487906564705 0.074713405976574 0.0963831184989181 0.00180951474053198 0.833226207426396 0 0 -0.0061322445875418 0.172906039216024 1.00613224664242
1.13037019E+01 2.2519314125428 0.0731884568428737 0.0952864029538564 0.00182215873767071 0.835688151743048 0 0 -0.00598517060729702 0.170297018534401 1.00598517027745
1.13084213E+01 2.25935607386846 0.0717111246314479 0.0942121210825986 0.00183541025160314 0.838089768983551 0 0 -0.00584842590896954 0.16775865596565 1.0058484249492
1.13131244E+01 2.26713312267831 0.0702732024892241 0.0931527358880928 0.00184918181383514 0.840444101380791 0 0 -0.00571922339729311 0.165275120191152 1.00571922157194
1.13178107E+01 2.27550830549967 0.0688713377231938 0.0921072590653441 0.00186352944076328 0.842715082764298 0 0 -0.00555720779811579 0.162842126229301 1.0055572089936
1.13224784E+01 2.28436410327701 0.0675092003848124 0.0910749821806193 0.00187833073713805 0.844911066161133 0 0 -0.0053735822946923 0.16046251330257 1.0053735794637
1.13271275E+01 2.29365414920198 0.0661935087523217 0.09006792679353 0.00189384548734661 0.847050855804031 0 0 -0.00520613746590986 0.158155281033198 1.00520613683723
1.13317572E+01 2.30338019313372 0.0649089887312931 0.0890689594412476 0.00190983720061216 0.849174546099977 0 0 -0.00506233067157537 0.155887785373153 1.00506233147313
1.13363667E+01 2.31352786141195 0.0636658799129858 0.0880879143057409 0.00192628156951617 0.851217732384741 0 0 -0.00489780719264152 0.153680075788243 1.00489780817298
1.13409553E+01 2.32420244116238 0.0624546547362732 0.0871194945904685 0.00194327840811542 0.853218134048699 0 0 -0.00473556300650621 0.151517427734857 1.00473556178356
1.13455222E+01 2.33531930795843 0.0612793383381504 0.0861645897048275 0.00196070087049591 0.855167528138104 0 0 -0.00457215767608857 0.149404628913474 1.00457215705158
1.13500668E+01 2.34688201595214 0.0601447333272668 0.0852303182010829 0.00197864215944237 0.857035750552624 0 0 -0.00438944507221878 0.147353693687792 1.00438944424042
1.13545877E+01 2.35880870587596 0.0590410200085651 0.0843064155667303 0.00199695481378629 0.858875446301891 0 0 -0.0042198377957502 0.145344390389082 1.00421983669097
1.13590851E+01 2.3711455092924 0.0579748806900607 0.0834042644051048 0.00201585559859902 0.860674670534671 0 0 -0.0040696718831396 0.143395000693764 1.00406967122844
1.13635585E+01 2.38391824245711 0.0569371959082368 0.0825113422502529 0.00203510039211728 0.862435830803031 0 0 -0.00391946933984172 0.141483638550607 1.00391946935364
1.13680072E+01 2.39715911537372 0.0559324452599372 0.0816338893588596 0.00205473978277495 0.86412733585983 0 0 -0.00374841079274754 0.139621074401572 1.0037484102614
1.13724307E+01 2.41079705906668 0.0549554275013473 0.0807675089314163 0.00207475622686234 0.865800355177168 0 0 -0.0035980491212969 0.137797692659626 1.00359804783679
1.13768284E+01 2.42484458111929 0.0540098078943877 0.0799159511124423 0.00209510724916438 0.867414904187017 0 0 -0.00343576953956957 0.136020866255994 1.00343577044301
1.13812001E+01 2.43943641210096 0.053085161128865 0.0790708722896676 0.00211582058232653 0.869010481061993 0 0 -0.0032823370719075 0.134271854000859 1.00328233506285
1.13855449E+01 2.45437019848716 0.0521976126824579 0.0782457691665151 0.0021368086009326 0.870521102039522 0 0 -0.00310129147375232 0.132580190449906 1.00310129248943
1.13898626E+01 2.46957514189472 0.0513330478791337 0.077431001695818 0.00215815919086021 0.87205208437096 0 0 -0.0029742924826999 0.130922208765812 1.00297429313677
1.13941536E+01 2.48526848677821 0.0504916807449941 0.0766278331750301 0.00217987001759439 0.873556386985946 0 0 -0.00285576916045827 0.129299383937619 1.00285577092356
1.13984167E+01 2.50140435714926 0.049677391679935 0.0758343981683089 0.00220159761226137 0.874950182982112 0 0 -0.00266357176557937 0.127713387460505 1.00266357044262
1.14026517E+01 2.51782339160463 0.0488844660075855 0.0750525063156113 0.00222369261826256 0.876372531670599 0 0 -0.00253319609360495 0.126160664941459 1.00253319661206
1.14068583E+01 2.5346149957913 0.0481116225550971 0.0742777452641181 0.00224589007776419 0.877771414472918 0 0 -0.00240667127754273 0.124635257896979 1.0024066723699
1.14110362E+01 2.55174619587295 0.0473631398747532 0.0735161699480163 0.00226825139951661 0.879119601952643 0 0 -0.00226716316432907 0.123147561222286 1.00226716317493
1.14151852E+01 2.56917088056587 0.0466386649896985 0.072768818304068 0.00229083016023586 0.880430463816325 0 0 -0.00212877541597988 0.121698313454002 1.00212877727033
1.14193060E+01 2.58706701046047 0.04592874847059 0.0720288455020858 0.00231376354991848 0.881765598175973 0 0 -0.00203695725649644 0.120271357522594 1.00203695569857
1.14233972E+01 2.60520875509734 0.0452440664378145 0.0712978576617213 0.00233640290364086 0.882988526542877 0 0 -0.00186685265450764 0.118878327003177 1.00186685354605
1.14274592E+01 2.62361469655619 0.0445712684692211 0.0705739147760696 0.00235934697580599 0.884270481121051 0 0 -0.00177501049453367 0.117504530221097 1.00177501134215
1.14314917E+01 2.64228636694913 0.0439223482555379 0.0698639437076404 0.00238224798747606 0.885478863784729 0 0 -0.0016474041740699 0.116168539950654 1.00164740373538
1.14354955E+01 2.66138639232113 0.0432904839870009 0.0691677726808592 0.00240558700475519 0.886687737943186 0 0 -0.00155158152604762 0.114863843672615 1.0015515816158
1.14394695E+01 2.68078218651119 0.0426691551352274 0.0684670179187025 0.00242846975511743 0.887858395201279 0 0 -0.00142303764893511 0.113564642809047 1.00142303801033
1.14434138E+01 2.70047857478564 0.0420678971722698 0.067782541105526 0.00245155708762678 0.888993026056711 0 0 -0.00129502185377553 0.112301995365423 1.00129502142213
1.14473291E+01 2.72049975418143 0.0414825462956001 0.0671099865822021 0.00247494989832334 0.890150648342421 0 0 -0.00121812908268287 0.111067482776126 1.00121813111855
1.14512145E+01 2.74078810632086 0.0409038326390328 0.0664299967517028 0.00249776082441835 0.891279962273022 0 0 -0.00111155157269329 0.109831590215154 1.00111155248818
1.14550708E+01 2.76139473201108 0.0403493878323054 0.0657757461816116 0.00252106314946503 0.892365249862479 0 0 -0.00101144923890178 0.108646197163382 1.00101144702586
1.14588972E+01 2.78215901771601 0.0398030307738879 0.0651173792893864 0.00254387369842367 0.893433410589375 0 0 -0.000897694324478377 0.107464283761698 1.00089769435107
1.14626947E+01 2.80337180437693 0.0392668171336145 0.0644703605557485 0.00256710509064975 0.894544257770104 0 0 -0.00084854321367076 0.106304282780013 1.00084854055012
1.14664622E+01 2.8245785257104 0.038746692295437 0.0638255064814169 0.00258953932539737 0.895568261591803 0 0 -0.000729998023149812 0.105161738102251 1.00072999969405
1.14702011E+01 2.84619406690942 0.0382403667639519 0.0632006397916945 0.00261270233342689 0.89661389912567 0 0 -0.00066760980640484 0.104053708889073 1.00066760801474
1.14739104E+01 2.86792908914939 0.0377427766291475 0.062570679198077 0.00263504168864976 0.897606126225216 0 0 -0.000554623629300321 0.102948497515874 1.00055462374109
1.14775911E+01 2.89010230261213 0.0372582828305685 0.0619588697044237 0.00265800095140471 0.898619034230272 0 0 -0.000494188793493266 0.101875153486397 1.00049418771667
1.14812423E+01 2.91237079946446 0.0367817532093434 0.0613413996022934 0.00268006790256079 0.899579978099547 0 0 -0.00038320027113485 0.100803220714198 1.00038319881375
1.14848653E+01 2.93493292280633 0.0363184991969351 0.0607428158288318 0.00270273731244775 0.900581202200925 0 0 -0.000345254142650423 0.0997640523382146 1.00034525453914
1.14884589E+01 2.95764392178864 0.0358599323666587 0.0601361826181016 0.00272445352215588 0.901527570765683 0 0 -0.000248138129675925 0.0987205685069163 1.0002481392726
1.14920246E+01 2.98072135474168 0.0354159904387134 0.0595508220577644 0.00274681469536745 0.902484623636728 0 0 -0.000198250667429869 0.0977136271918453 1.00019825082857
1.14955612E+01 3.0038816438356 0.0349782512954929 0.0589594141844601 0.00276822423981466 0.903384597581874 0 0 -9.04887289943027e-05 0.0967058897197677 1.00009048730164
1.14990701E+01 3.02735752978253 0.0345523097192667 0.0583868645381629 0.00279031175435919 0.904332749953279 0 0 -6.22347807110626e-05 0.0957294860117888 1.00006223596507
1.15025511E+01 3.05108380009493 0.0341327917629662 0.0578125556546535 0.0028118142083587 0.90524844316438 0 0 -5.60688372422538e-06 0.0947571616259784 1.00000560479036
1.15060037E+01 3.07484129503867 0.0337207550084941 0.0572397151957029 0.00283262157434062 0.906105188093929 0 0 0.000101720826861754 0.0937930917785377 0.999898279872467
1.15094291E+01 3.09900277408545 0.033319357395694 0.0566859095671001 0.00285421941340802 0.907010730517823 0 0 0.000129784037421101 0.0928594863762021 0.999870216894025
1.15128272E+01 3.12338383293625 0.0329253894175801 0.0561312852910507 0.0028751684424126 0.90787472871506 0 0 0.000193429789393525 0.0919318431510434 0.999806571866103
1.15161973E+01 3.14767623398087 0.0325364196909403 0.0555755687676813 0.00289533265258163 0.908711426264618 0 0 0.000281253161758752 0.0910073211112032 0.999718747375821
1.15195408E+01 3.17239449804793 0.032157613456578 0.0550396434325685 0.00291633455917696 0.909590548015257 0 0 0.000295859369500716 0.0901135914483235 0.999704139463581
1.15228576E+01 3.19741202539909 0.0317831700114769 0.0544998575772385 0.00293661591481255 0.910431857663592 0 0 0.000348499959075783 0.0892196435035279 0.99965150116712
1.15261477E+01 3.2227095274347 0.0314150931500765 0.0539656532863011 0.00295672418158794 0.911254335831391 0 0 0.000408194582478286 0.0883374706179655 0.999591806449357
1.15294106E+01 3.24784635498483 0.0310534397186628 0.0534312590660745 0.00297589268506058 0.912031086524054 0 0 0.000508320951656505 0.0874605914697978 0.999491677993852
1.15326477E+01 3.2733062897207 0.0307052063278123 0.0529224376417219 0.00299614835030816 0.912847001022613 0 0 0.000529205493369154 0.0866237923198424 0.999470793342455
1.15358589E+01 3.29906565830757 0.030356317628239 0.0524044286795708 0.00301561444372821 0.913669081550297 0 0 0.000554557219979232 0.085776360751538 0.999445442301835
1.15390442E+01 3.32501715246092 0.0300137693202992 0.0518916820841958 0.00303473336747504 0.914464542761705 0 0 0.000595274081078072 0.08494018477197 0.999404727533675
1.15422040E+01 3.35119655575188 0.0296770380505736 0.0513848275191261 0.00305366961613626 0.915243334425021 0 0 0.000641131379271767 0.084115535185836 0.999358869610857
1.15453376E+01 3.37714275453675 0.0293475297622103 0.0508795210889953 0.00307157995795855 0.91594949483393 0 0 0.000751874058799835 0.0832986308091641 0.999248125643094
1.15484466E+01 3.40351783717899 0.0290249358533933 0.0503938986675509 0.00309074786830529 0.916758774088337 0 0 0.000731643461009146 0.0825095823892494 0.999268356477586
1.15515307E+01 3.43019794961128 0.0287048580712836 0.0499018816157236 0.00310890014414722 0.917517019785011 0 0 0.000767340992754742 0.0817156398311544 0.999232659616166
1.15545900E+01 3.4570929383198 0.0283931541475151 0.0494196309003584 0.00312693580787963 0.918224527554299 0 0 0.000835751815629299 0.0809397208557532 0.999164248410052
1.15576248E+01 3.48414697525221 0.0280828151610674 0.0489378841395338 0.00314474423089079 0.918978720686208 0 0 0.000855837073229135 0.080165443531492 0.9991441642177
1.15606354E+01 3.51127336389386 0.0277828317222837 0.0484670019571693 0.00316225623848512 0.919670630947096 0 0 0.000917279267720769 0.079412089917938 0.999082720865034
1.15636220E+01 3.53869133802831 0.0274819163386502 0.0479953414345067 0.00317963948397637 0.92041081825881 0 0 0.000932284201944037 0.0786568972571332 0.999067715515943
1.15665839E+01 3.56577697239996 0.0271861717797662 0.0475216513291772 0.00319556892879107 0.92106867743595 0 0 0.00102793152190138 0.0779033920377344 0.998972069473685
1.15695227E+01 3.59345348036925 0.0268981387203231 0.0470712839122712 0.00321313529257475 0.921810060460174 0 0 0.00100738174009366 0.0771825579251691 0.998992618385343
1.15724380E+01 3.62135225980722 0.0266131652724473 0.0466149197562422 0.00322957294980814 0.922498517219045 0 0 0.00104382562888296 0.0764576579784976 0.998956175197543
1.15753300E+01 3.64944247168257 0.0263308360785576 0.046161999074431 0.00324582538070224 0.923193900477258 0 0 0.00106743815534211 0.0757386605336908 0.998932561010949
1.15781991E+01 3.67772966628445 0.0260528433284224 0.0457136391892152 0.00326178517414504 0.923871741076796 0 0 0.00109999038186161 0.0750282676917826 0.998900008768579
1.15810454E+01 3.70614519845715 0.0257806067446509 0.0452719591423045 0.00327754085432399 0.924529193142895 0 0 0.00114069984677339 0.0743301067412794 0.998859299884174
1.15838691E+01 3.73474406684444 0.0255107811926992 0.0448330525474195 0.0032930780743944 0.925199948953805 0 0 0.00116314048359152 0.0736369118145131 0.998836860768318
1.15866704E+01 3.76355987780033 0.0252448936073605 0.0443983482196281 0.00330831688727567 0.925852937946763 0 0 0.00119550259756455 0.0729515587142642 0.998804496661028
1.15894495E+01 3.79254026201383 0.0249842362252698 0.0439698472473044 0.00332335517337589 0.926484576892591 0 0 0.00123798447890621 0.0722774386459501 0.998762015538541
1.15922067E+01 3.82167484736093 0.0247258566398586 0.0435438548925519 0.0033381531421517 0.927134466305204 0 0 0.00125766946482092 0.0716078646745622 0.998742330979766
1.15949421E+01 3.85086399091976 0.0244744355869835 0.0431260414264421 0.00335269810370953 0.927747016883526 0 0 0.00129980876546213 0.0709531751171352 0.998700192000661
1.15976561E+01 3.8803627332704 0.0242216556184647 0.0427071349745518 0.00336704888127518 0.928400009904166 0 0 0.0013041515569177 0.0702958394742917 0.998695849378458
1.16003486E+01 3.91003648620177 0.0239742811942555 0.0422937587880776 0.0033809890640795 0.929011870558938 0 0 0.00133909836864111 0.0696490290464126 0.998660899605351
1.16030200E+01 3.93978430720973 0.0237332087517812 0.0418887347964693 0.00339484534103151 0.929597407984456 0 0 0.00138580162878682 0.069016788889282 0.998614196873738
1.16056705E+01 3.96981507872551 0.0234907677941358 0.0414822619528335 0.00340847352626411 0.930229616938622 0 0 0.001388880139417 0.0683815032732334 0.998611120211855
1.16083002E+01 3.99986041670651 0.0232564635534444 0.0410848899410627 0.00342173647931181 0.930802246110775 0 0 0.00143466334375864 0.0677630899738189 0.998565336084594
1.16109094E+01 4.03016535203072 0.0230208514777815 0.0406870576457555 0.00343488452478128 0.931422934820415 0 0 0.001434271382212 0.0671427936483182 0.998565728468733
1.16134983E+01 4.06052580673218 0.0227929869443395 0.040298097534242 0.00344768398634226 0.931979645031623 0 0 0.00148158680090783 0.0665387684649237 0.998518413496547
1.16160678E+01 4.09198470745531 0.0225645298555917 0.0399161567496605 0.00346181677419055 0.932651887248451 0 0 0.0014056092950496 0.0659425033794427 0.998594390627894
1.16186159E+01 4.12208406070286 0.0223380105897936 0.0395129132743178 0.00347143328211508 0.93307394836198 0 0 0.00160369493747608 0.0653223571462265 0.998396305508206
1.16211458E+01 4.15378837922259 0.0221190766625419 0.0391534402218242 0.003486480310947 0.933780184710789 0 0 0.0014608181823494 0.0647589971953131 0.998539181906102
1.16236553E+01 4.18504811124235 0.0218979679955926 0.0387630009710552 0.00349694264223299 0.934282236683605 0 0 0.00155985169978419 0.0641579116088808 0.998440148292486
1.16261456E+01 4.21636859603294 0.0216819443361791 0.0383910071696055 0.00350872096759266 0.934835133652344 0 0 0.00158319326642377 0.0635816724733773 0.998416806125722
1.16286166E+01 4.2478313911743 0.0214699593749148 0.0380234421110931 0.00352018654296593 0.935370996187679 0 0 0.00161541720188263 0.0630135880289738 0.998384584216653
1.16310686E+01 4.27949976633656 0.0212594206724032 0.0376580733261631 0.00353144790867397 0.935919583757493 0 0 0.0016314752707597 0.0624489419072403 0.998368525664733
1.16335018E+01 4.31124933116264 0.0210530111176667 0.0372978027129403 0.00354243123672029 0.936449912747506 0 0 0.00165684394274494 0.0618932450673272 0.998343157814833
1.16359163E+01 4.34325659721783 0.020847862536605 0.0369399224772428 0.00355325646886389 0.936985980199019 0 0 0.00167297722512055 0.0613410414827117 0.99832702168173
1.16383131E+01 4.37640867269245 0.02064589668323 0.036592556129242 0.00356540180933339 0.937593560583906 0 0 0.00160258499480697 0.0608038546218054 0.998397415205711
1.16406908E+01 4.4089201257822 0.0204424705208307 0.0362270230449374 0.00357421194996229 0.938056758119711 0 0 0.00169953551577908 0.0602437055157304 0.998300463635442
1.16430505E+01 4.44140162368279 0.020246341519873 0.0358821289995958 0.00358441954789924 0.938549668143617 0 0 0.00173744125026941 0.059712890067368 0.998262558210985
1.16453923E+01 4.47404011772165 0.0200515702898266 0.0355387284906532 0.00359436204791771 0.939065499962373 0 0 0.00174983929826421 0.0591846608283976 0.998250160790771
1.16477163E+01 4.50673543664437 0.0198605978003991 0.0352001727703188 0.00360403219322184 0.939564986568822 0 0 0.00177021164924209 0.0586648027639398 0.998229789332762
1.16500235E+01 4.54090149576135 0.0196697273401269 0.0348693254297189 0.00361525902187568 0.940160605550464 0 0 0.0016850828821419 0.0581543117917215 0.998314917342185
1.16523124E+01 4.57428123190467 0.0194795357746069 0.0345222081883773 0.00362284714468675 0.940573316741288 0 0 0.00180209322778512 0.057624591107671 0.998197907848959
1.16545841E+01 4.60787665236773 0.0192925634097259 0.0341912368507183 0.00363201922764151 0.941057514586861 0 0 0.00182666598197132 0.0571158194880857 0.998173334074946
1.16568387E+01 4.64120884253129 0.019112136064022 0.0338671420168786 0.00364078538012612 0.941525531011598 0 0 0.00185440569946556 0.0566200634610267 0.998145594472625
1.16590764E+01 4.67492503378416 0.0189301770104247 0.0335428433326274 0.00364950677854821 0.942025739059867 0 0 0.00185173436310544 0.0561225271216003 0.998148266181468
1.16612980E+01 4.71018232038092 0.0187524391397352 0.0332303109208184 0.00365973512859815 0.942557488866155 0 0 0.00180002553687016 0.0556424851891518 0.998199974055307
1.16635021E+01 4.7447188909472 0.0185705721087324 0.0328960116684259 0.00366623252079057 0.942972014324502 0 0 0.00189516986078071 0.0551328162979489 0.998104830622451
1.16656898E+01 4.77906410431862 0.018397017529133 0.03258327710216 0.00367425220016034 0.943412038755822 0 0 0.00193341423724581 0.0546545468314534 0.998066585587275
1.16678611E+01 4.81337570963466 0.0182250205660049 0.0322727491828787 0.00368208242388484 0.943889813318737 0 0 0.00193033539671584 0.0541798521727684 0.998069665491505
1.16700169E+01 4.84950225932634 0.0180543529249046 0.0319712881258742 0.00369160821929113 0.944423925402238 0 0 0.00185882565837844 0.0537172492700699 0.998141174672308
1.16721559E+01 4.88460357519211 0.0178823584463688 0.031651101593013 0.00369714569913481 0.944807124868571 0 0 0.00196226914066881 0.0532306057385167 0.998037730607088
1.16742790E+01 4.91963765558402 0.0177169670008254 0.0313513225562321 0.00370446424632802 0.945229487525737 0 0 0.00199775844240164 0.0527727538033855 0.998002241329123
1.16763865E+01 4.95485018866542 0.0175533840556795 0.0310538432326334 0.00371157643516027 0.945663364498628 0 0 0.00201783146398074 0.0523188037234731 0.997982168222101
1.16784790E+01 4.99182784201898 0.017389488950182 0.0307624951941234 0.0037203323687719 0.946208761496395 0 0 0.00191892374359724 0.0518723165130773 0.998081078009472
1.16805552E+01 5.02761614271174 0.0172262785466527 0.0304553101616491 0.00372495563869737 0.946559760115889 0 0 0.00203369553477588 0.0514065443469992 0.997966304462889
1.16826163E+01 5.06336277010879 0.0170684475167761 0.0301675022974343 0.00373156590942704 0.946971771073986 0 0 0.00206071397088063 0.0509675157236375 0.997939286797623
1.16846628E+01 5.10098891777916 0.0169101300140747 0.029884986902965 0.0037398101049601 0.947502289831331 0 0 0.00196278448382888 0.0505349270219998 0.998037216853331
1.16866934E+01 5.13733659082952 0.0167524988052425 0.0295866195085063 0.00374380597026337 0.947838877968817 0 0 0.00207819832538481 0.0500829242840122 0.997921802252829
1.16887093E+01 5.17378510285875 0.0165982289547646 0.0293049720824749 0.0037497936644644 0.948255989080253 0 0 0.00209101726973977 0.0496529947017039 0.997908983781957
1.16907110E+01 5.21204547177926 0.0164463010662756 0.0290318495529827 0.00375744208411799 0.948752639779239 0 0 0.00201176585215412 0.0492355927033762 0.997988232482615
1.16926972E+01 5.24900768967513 0.0162931451535544 0.0287411160202239 0.0037608767346313 0.949089474530439 0 0 0.00211538663238027 0.0487951379084095 0.997884612438848
1.16946691E+01 5.2858733599125 0.0161461008973951 0.0284701826459367 0.00376632644114833 0.949471231766908 0 0 0.00214615828408492 0.0483826099844802 0.997853841751388
1.16966273E+01 5.32475833458032 0.0159991514632212 0.0282053923507943 0.00377359471311738 0.949966975430573 0 0 0.00205488418675106 0.0479781385271329 0.997945113957706
1.16985705E+01 5.36219471158944 0.0158519295310715 0.0279238733491676 0.00377642894172293 0.95028522350871 0 0 0.00216254634971335 0.047552231821962 0.997837455330672
1.17004997E+01 5.39969190990787 0.0157089412720674 0.0276600314410435 0.0037813707227508 0.950667824321773 0 0 0.00218183142604538 0.0471503434358617 0.997818167757635
1.17024155E+01 5.4392490805632 0.0155668560578647 0.0274028158652677 0.00378806237677694 0.951148648163087 0 0 0.00209361787469767 0.0467577342999093 0.997906382462997
1.17043167E+01 5.47747110210982 0.015422713442972 0.0271271041380331 0.00379027171718044 0.951467834854039 0 0 0.00219207573644252 0.0463400892981856 0.997807924152225
1.17062043E+01 5.51557634063407 0.0152854040073549 0.0268719422679519 0.00379463872991991 0.951817459459999 0 0 0.00223055609064159 0.0459519850052267 0.997769444465225
1.17080789E+01 5.55581799381542 0.0151472785814221 0.0266213684761888 0.00380086398141674 0.952304311604449 0 0 0.00212617614780569 0.0455695110390276 0.997873822643477
1.17099392E+01 5.59444720820649 0.015009723423044 0.0263558025507348 0.00380253598046193 0.952591155419711 0 0 0.00224078251763839 0.0451680619542408 0.997759217373952
1.17117869E+01 5.63511415083754 0.0148753934980255 0.0261121363403313 0.00380860531402192 0.953048205634269 0 0 0.00215565979230333 0.0447961351523786 0.997844340786648
1.17136205E+01 5.67413576572295 0.014740745930908 0.0258517429008522 0.00380996452897626 0.953329818556216 0 0 0.00226772844910251 0.0444024533607364 0.997732271916953
1.17154413E+01 5.71329636842016 0.0146092092231302 0.0256071797375453 0.0038135393466425 0.95369151863317 0 0 0.00227855237336476 0.044029928307318 0.997721446940488
1.17172495E+01 5.75453796998012 0.0144802634085822 0.0253708045305511 0.00381891432720461 0.954131245400223 0 0 0.00219877225000632 0.0436699822663379 0.997801227666561
1.17190442E+01 5.79430194717314 0.0143483626600717 0.025115991249127 0.00381976118983546 0.95442544424148 0 0 0.00229043971491247 0.0432841150990342 0.997709559340514
1.17208267E+01 5.83615355377495 0.0142212780104655 0.0248838891338054 0.00382492091654462 0.954855131663811 0 0 0.00221478144481639 0.0429300880608155 0.997785219724627
1.17225958E+01 5.87617852933069 0.0140938841947393 0.024636007785912 0.00382543298979046 0.955117839253136 0 0 0.00232683636682451 0.0425553249704418 0.997673164223578
1.17243530E+01 5.918439411598 0.013969461145109 0.0244086971164912 0.00383040927234549 0.955552793007815 0 0 0.00223863852927788 0.0422085675339457 0.99776136054176
1.17260971E+01 5.95906850404032 0.0138431525571604 0.0241634376081382 0.0038304984217791 0.955824296387625 0 0 0.00233861634424092 0.0418370885870778 0.997661384974703
1.17278290E+01 5.99956786109226 0.0137230162582094 0.0239373327088018 0.00383294472742465 0.956131546940391 0 0 0.00237515783301861 0.0414932936944359 0.997624840634827
1.17295492E+01 6.04253167971877 0.0136024937156516 0.0237156909712171 0.00383733445334277 0.956567209966041 0 0 0.00227727103958525 0.0411555191402115 0.997722729106252
1.17312566E+01 6.08370906420902 0.0134810429352218 0.0234784820398986 0.00383698001558445 0.956822515436448 0 0 0.0023809803767931 0.0407965049907049 0.997619020427153
1.17329526E+01 6.12713956674557 0.0133631708251571 0.0232618954484995 0.00384113344303999 0.957239355511411 0 0 0.00229444623332892 0.0404661997166966 0.997705555228108
1.17346360E+01 6.16883657423031 0.0132435230074471 0.0230284662740842 0.00384045359524798 0.957492526982201 0 0 0.00239503020094894 0.0401124428767793 0.99760496985898
1.17363082E+01 6.2128108120786 0.0131281936577611 0.0228161473586823 0.00384428470823004 0.957893930784112 0 0 0.00231744499156622 0.0397886257246735 0.997682556508786
1.17379680E+01 6.25480553775184 0.0130124572712542 0.0225890140224541 0.00384337179707757 0.958122923858959 0 0 0.00243223291406563 0.0394448430907859 0.997567766949745
1.17396168E+01 6.29925297848556 0.0128993675404882 0.0223807649068087 0.00384700990462937 0.958529659091678 0 0 0.00234319825706518 0.0391271423519263 0.997656801443604
1.17412534E+01 6.34181462220347 0.012784620133193 0.0221560462376272 0.00384568357053713 0.958773291592585 0 0 0.00244035818168125 0.0387863499413573 0.997559641533942
1.17428792E+01 6.38677453460314 0.0126740499075767 0.0219519263190511 0.00384894971112793 0.959163737002132 0 0 0.00236133665252943 0.0384749259377557 0.997638662939888
1.17444930E+01 6.42959244487211 0.0125631624543205 0.0217335214009478 0.00384741818584927 0.959382533634711 0 0 0.00247336594603024 0.0381441020411175 0.997526635675829
1.17460963E+01 6.47497274964767 0.0124547825169439 0.0215334303928286 0.00385049731697429 0.959779047770997 0 0 0.00238224228833076 0.0378387102267468 0.997617757997744
1.17476877E+01 6.51843268525168 0.0123447507837374 0.0213174210288918 0.00384859537734589 0.960006988207225 0 0 0.00248224457953043 0.0375107671899751 0.9975177553972
1.17492687E+01 6.56440177136444 0.0122386797301868 0.0211211386549823 0.00385130651360864 0.960384747853362 0 0 0.00240412816729828 0.0372111248987777 0.997595872752139
1.17508381E+01 6.60815513412628 0.012132297528242 0.0209110867095693 0.0038492110708238 0.960589751777867 0 0 0.00251765188048959 0.0368925953086351 0.997482347086502
1.17523973E+01 6.65477848712546 0.0120269481177836 0.0207168808498616 0.00385167708430695 0.960989197818124 0 0 0.0024152942928297 0.0365955060519521 0.997584703870076
1.17539450E+01 6.69901528943211 0.0119228368572317 0.0205107688314663 0.00384919321510997 0.961180899252112 0 0 0.00253630245131749 0.0362827989038079 0.99746369815592
1.17554827E+01 6.74594897578328 0.0118210090509528 0.0203221185769615 0.00385147546968857 0.961557332153825 0 0 0.00244806374303809 0.0359946030976029 0.997551935251428
1.17570092E+01 6.7908034559107 0.0117176266279273 0.0201184482641868 0.00384876959989927 0.961769830684066 0 0 0.00254532454255547 0.0356848444920133 0.997454675176079
1.17585258E+01 6.83822472592295 0.0116180270295632 0.0199333845352095 0.00385066061081314 0.962133375795426 0 0 0.00246455073874826 0.0354020721755858 0.997535447971012
1.17600317E+01 6.88625670111877 0.011516566465946 0.0197375206733026 0.00384992129260776 0.962430807861587 0 0 0.00246518200479544 0.0351040084318563 0.997534816293443
1.17615268E+01 6.93159557813892 0.0114176326226535 0.0195420547077516 0.00384698512765217 0.962606958929287 0 0 0.00258636772701235 0.0348066724580574 0.997413631387345
1.17630122E+01 6.98004746696375 0.0113195876924844 0.0193609522914584 0.00384857314038943 0.962984520064283 0 0 0.00248636584237288 0.0345291131243322 0.997513633188615
1.17644869E+01 7.02592665829988 0.0112227074569378 0.0191686206745274 0.00384517650324253 0.963155589164303 0 0 0.00260790517623105 0.0342365046347077 0.997392093799011
1.17659521E+01 7.07466083069359 0.0111279442907628 0.0189925578364196 0.00384655802606612 0.963514889706976 0 0 0.00251804886853544 0.0339670601532485 0.997481949860225
1.17674067E+01 7.12117558189321 0.0110317222060567 0.0188025545024411 0.00384296520782099 0.963706928874164 0 0 0.00261583034792237 0.0336772419163188 0.997384170790483
1.17688520E+01 7.17038463844078 0.0109394829225029 0.0186304663886272 0.00384400887676699 0.964043803583619 0 0 0.00254223885037831 0.0334139581878971 0.997457761771516
1.17702873E+01 7.22048388422537 0.0108437041139383 0.0184459529493554 0.00384233511837225 0.964341896145235 0 0 0.00252611219586661 0.033131992181666 0.997473888326901
1.17717122E+01 7.26756594173539 0.0107516402364203 0.0182635039109539 0.00383845725290231 0.964491102825306 0 0 0.00265529546683302 0.0328536014002766 0.997344704225583
1.17731281E+01 7.31766566109626 0.0106615640852212 0.0180960283146036 0.00383925967667006 0.964834181689341 0 0 0.00256896519609284 0.0325968520764948 0.997431033765836
1.17745339E+01 7.36538788289288 0.0105700626413476 0.0179151917180733 0.00383508110490789 0.965015224318143 0 0 0.00266443972972298 0.0323203354643288 0.997335559782472
1.17759307E+01 7.41604395134986 0.0104818837253319 0.0177508091731359 0.00383550934792162 0.965345029905994 0 0 0.00258676707228902 0.0320682022463894 0.997413232152383
1.17773178E+01 7.46731219869224 0.0103919830904606 0.0175765563977606 0.00383327231249458 0.965611866511057 0 0 0.00258632116698995 0.0318018118007158 0.997413678311773
1.17786951E+01 7.51578416969462 0.0103032307410108 0.0174016008239516 0.00382886609703818 0.965773703197616 0 0 0.00269259831616775 0.0315336976620005 0.997307400859617
1.17800637E+01 7.56740807371797 0.0102170242633702 0.0172413511639656 0.00382895027170962 0.966102923059104 0 0 0.00260975209842186 0.0312873256990454 0.99739024875815
1.17814225E+01 7.61618924952947 0.0101312495622095 0.0170708514114237 0.00382429311375101 0.966251640931145 0 0 0.00272196505638049 0.0310263940873842 0.99727803501853
1.17827728E+01 7.66815341281426 0.0100472932337597 0.0169143822531321 0.00382424903641013 0.966579241569946 0 0 0.00263483421787527 0.030785924523302 0.997365166093248
1.17841138E+01 7.72100036526417 0.00996069438695961 0.0167471131826032 0.00382136848908056 0.966848150090015 0 0 0.00262267289755622 0.0305291760586434 0.997377326148659
1.17854454E+01 7.77057660098927 0.00987746090685581 0.0165820932752398 0.00381646080114885 0.966974998875039 0 0 0.00274898654203866 0.0302760149832445 0.997251013858283
1.17867686E+01 7.82355535986779 0.00979536794653615 0.0164295580573705 0.00381608992672924 0.96730024162926 0 0 0.00265874239309422 0.0300410159306359 0.997341257559896
1.17880827E+01 7.87707473632644 0.00971238973361309 0.0162684187073948 0.003812910173556 0.967543428888974 0 0 0.00266285237884923 0.0297937186145639 0.997337147503538
1.17893877E+01 7.92760719219757 0.00963041622132093 0.0161069000903164 0.00380771876912739 0.967688381123414 0 0 0.00276658370782877 0.0295450350807647 0.997233416204179
1.17906844E+01 7.9813552007583 0.00955135829473636 0.0159594546033859 0.00380696182987987 0.967990507334641 0 0 0.00269171853145427 0.0293177747280021 0.997308282062643
1.17919723E+01 8.03584580978855 0.009470197686882 0.0158023494982094 0.00380349551540291 0.968238831875338 0 0 0.00268512589847313 0.0290760427004943 0.997314874575832
1.17932513E+01 8.08695236554806 0.00939167195092694 0.0156468244500936 0.00379803622077085 0.96835954461187 0 0 0.00280392193190114 0.0288365326217914 0.997196077233661
1.17945223E+01 8.14150681975248 0.00931482687160675 0.0155036820326385 0.003797054093844 0.96866436823052 0 0 0.00272006810167768 0.0286155629980892 0.997279931228609
1.17957846E+01 8.19697189459547 0.00923549390841678 0.0153504654667612 0.00379322662073547 0.968913416091681 0 0 0.00270739742497253 0.0283791859959135 0.997292602087595
1.17970382E+01 8.24903807163681 0.00915872130106546 0.0151988372354696 0.00378741491173658 0.969031207103385 0 0 0.00282381853468376 0.0281449734482716 0.997176180551656
1.17982840E+01 8.30448643436118 0.00908417704047982 0.0150598796191086 0.00378608932033479 0.969323611234151 0 0 0.00274624149009816 0.0279301459799232 0.997253757214074
1.17995214E+01 8.36059363214027 0.00900814240157253 0.0149123615481935 0.00378206044824898 0.96955255411988 0 0 0.00274488187199755 0.027702564398015 0.997255118517895
1.18007502E+01 8.41356009337615 0.0089330504525868 0.0147646275323806 0.00377604397513152 0.969679877418718 0 0 0.00284640158674972 0.0274737219600989 0.997153599378817
1.18019714E+01 8.47001235839517 0.00886013826480638 0.0146289237556056 0.00377430282829683 0.969969829129817 0 0 0.00276680539630762 0.0272633648487088 0.997233193978526
1.18031844E+01 8.52705342499859 0.0087863654495647 0.0144857809425558 0.00376997763444942 0.970186970536234 0 0 0.00277090685637447 0.0270421240265699 0.997229094562804
1.18043893E+01 8.58443281449777 0.00871319606272392 0.0143443107612234 0.00376567784949124 0.97039648279749 0 0 0.0027803331583761 0.0268231846734386 0.997219667470929
1.18055859E+01 8.63831659637327 0.00864137441215572 0.0142028534878555 0.00375933869032238 0.970511589436278 0 0 0.00288484344397178 0.0266035665903336 0.997115156026612
1.18067752E+01 8.6961036195246 0.00857074287071047 0.0140719163839368 0.00375724937621962 0.970803168794522 0 0 0.0027969229857601 0.0263999086308669 0.997203077425389
1.18079565E+01 8.75439834275004 0.00849976201524151 0.0139341863625639 0.00375249165206258 0.97100722598941 0 0 0.00280633290126052 0.026186440029868 0.997193666019278
1.18091297E+01 8.8091791862944 0.00843003707037072 0.0137969326573689 0.00374594981009587 0.97111732081801 0 0 0.00290975837338852 0.0259729195378355 0.997090240355846
1.18102957E+01 8.8675823847722 0.00836237541219133 0.0136708188026735 0.00374362689395558 0.971389602739088 0 0 0.00283357612139574 0.0257768211088204 0.997166423847908
1.18114539E+01 8.92700843227493 0.00829247850067676 0.0135360288854579 0.00373863757978941 0.971609458622373 0 0 0.00282339571999004 0.0255671449659241 0.997176603588297
1.18126045E+01 8.98672282349087 0.00822369055456105 0.0134033295969855 0.00373359610160609 0.971804269646714 0 0 0.0028351136115382 0.0253606162531526 0.997164885899867
1.18137472E+01 9.04253480395992 0.00815710607690429 0.0132720171502623 0.00372675408285322 0.971895250671457 0 0 0.00294887257589793 0.0251558773100198 0.997051127981476
1.18148829E+01 9.10204979308121 0.0080923726604956 0.0131512547965834 0.00372416767328242 0.972158057927365 0 0 0.00287414762550361 0.0249677951303614 0.997125853057726
1.18160112E+01 9.16267435827067 0.00802503862135268 0.0130215627375541 0.00371885489625009 0.972377396775843 0 0 0.00285714607726613 0.0247654562551569 0.997142853031
1.18171320E+01 9.22335774755482 0.00795964120761365 0.0128949656139631 0.00371354091833641 0.972554842337984 0 0 0.00287700914637457 0.0245681477399132 0.997122990077897
1.18182452E+01 9.28026408606515 0.00789544804118472 0.0127687585074148 0.00370647849899543 0.972649435004088 0 0 0.00297988072791206 0.0243706850475949 0.997020120051683
1.18193517E+01 9.34115877499567 0.00783267870318732 0.0126520476577655 0.0037034756429366 0.972910635490639 0 0 0.0029011621205435 0.0241882020038895 0.997098837494528
1.18204510E+01 9.40299263624251 0.007768225407139 0.0125277708445673 0.00369783547059062 0.973112278609255 0 0 0.00289389022757693 0.0239938317222969 0.997106110331552
1.18215429E+01 9.46536435203389 0.00770404306563548 0.0124045805986085 0.00369213797802623 0.973302912319525 0 0 0.00289632646778242 0.0238007616422702 0.997103673961795
1.18226277E+01 9.52798950273416 0.00764089266461814 0.0122831146031821 0.00368638629271378 0.973480143669171 0 0 0.00290946216849264 0.0236103935605141 0.997090537229685
1.18237052E+01 9.58645208678354 0.00757976702352455 0.0121630143190046 0.00367891676511086 0.973558518366455 0 0 0.00301978437256374 0.02342169810764 0.996980216474095
1.18247763E+01 9.6491369638073 0.00751952701802783 0.0120513724114573 0.00367549313819734 0.973816884892925 0 0 0.00293672235209096 0.0232463925676825 0.997063277460608
1.18258403E+01 9.71277289189765 0.00745782546407792 0.0119326649855761 0.00366942450901235 0.974010420638145 0 0 0.00292966417692492 0.0230599149586664 0.997070335596812
1.18268973E+01 9.77641838343352 0.0073978917803433 0.0118168256992523 0.00366345940765901 0.974170523035161 0 0 0.00295129912288662 0.0228781768872546 0.997048699922416
1.18279474E+01 9.8407443378511 0.00733724166801868 0.0117007105404736 0.00365742144743691 0.974357769169907 0 0 0.00294685701654276 0.0226953736559292 0.997053142825836
1.18289906E+01 9.90089402428727 0.00727854489940242 0.0115858869631985 0.00364955372831608 0.974434091136988 0 0 0.00305192284917676 0.022513985590917 0.996948076727905
1.18300275E+01 9.96513895662848 0.00722159380950045 0.0114801093590275 0.00364575574491454 0.974670559263945 0 0 0.00298198257237888 0.0223474589134425 0.997018018177387
1.18310576E+01 10.0302860804873 0.0071631202463678 0.0113675356899152 0.0036394212594808 0.974854536703794 0 0 0.00297538701892638 0.0221700771957638 0.997024613899557
1.18320810E+01 10.0959792661106 0.00710486341238631 0.0112559180248573 0.00363302592380722 0.975028254370838 0 0 0.0029779308086458 0.0219938073610508 0.997022061731889
1.18330978E+01 10.1619178568619 0.00704753439348467 0.0111458722256369 0.00362658577043258 0.975189508475349 0 0 0.00299049074476425 0.0218199923895541 0.997009500864903
1.18341080E+01 10.2280424068073 0.00699109769552864 0.0110373773895252 0.00362016440950189 0.97534759763613 0 0 0.00300376041455913 0.0216486394945557 0.996996237130686
1.18351115E+01 10.2900122078404 0.00693559327807428 0.0109292127869694 0.00361203685178141 0.97542469311672 0 0 0.00309846853006713 0.0214768429168251 0.996901536033545
1.18361091E+01 10.3564468336085 0.00688137671587589 0.0108289513577239 0.00360775120080267 0.975658405082484 0 0 0.00302350852595356 0.0213180792744025 0.996976484356887
1.18371002E+01 10.4238254409383 0.00682587785100083 0.0107224841430133 0.0036009592843509 0.975832371487251 0 0 0.00301830149384848 0.021149321278365 0.996981692765616
1.18380849E+01 10.4914853854813 0.00677125767132174 0.0106177260804419 0.00359420888601564 0.975987691330161 0 0 0.00302912685214041 0.0209831926377793 0.996970883967941
1.18390633E+01 10.5592898178313 0.00671751636935071 0.0105144837309525 0.0035874804701383 0.976138289394632 0 0 0.00304223735253037 0.0208194805704415 0.996957769965073
1.18400354E+01 10.6276046461571 0.00666381104284007 0.0104117640507084 0.00358068294474619 0.976297495574586 0 0 0.00304623457287776 0.0206562580382947 0.996953753612881
1.18410010E+01 10.6915640000724 0.00661142687819303 0.0103099426799721 0.0035722403756589 0.976363663906353 0 0 0.00314271603291832 0.020493609933824 0.996857273840177
1.18419611E+01 10.7602281547195 0.00655995120038789 0.0102150443670462 0.00356751953100204 0.976591067485028 0 0 0.00306640311205 0.0203425150984362 0.996933582583464
1.18429149E+01 10.8295619499842 0.00650792994448893 0.0101151297260144 0.00356039569080228 0.976747900686366 0 0 0.00306865135944382 0.0201834553613056 0.996931356047671
1.18438626E+01 10.8992880396433 0.00645636139205137 0.010016439477782 0.003553342829287 0.976897230467954 0 0 0.00307662386552521 0.0200261436991204 0.996923374167074
1.18448042E+01 10.9691970956396 0.00640562734786955 0.00991915817095236 0.00354627867115847 0.977039805790373 0 0 0.00308912120956145 0.0198710641899804 0.996910869980353
1.18457399E+01 11.0396183580434 0.00635492282655631 0.00982236889747144 0.00353914719991505 0.97719138924219 0 0 0.00309216535326409 0.0197164389239428 0.996907828166133
1.18466696E+01 11.1104443904649 0.00630469784449991 0.00972652228859034 0.00353190954573133 0.977336847958938 0 0 0.00310002866578039 0.0195631296788216 0.99689997763776
1.18475934E+01 11.1817647237522 0.00625465704455739 0.00963131103726725 0.0035245918666383 0.977486011379095 0 0 0.00310343271007005 0.0194105599484629 0.996896571327558
1.18485113E+01 11.253328844538 0.0062054171849687 0.00953741994770672 0.00351723549953943 0.977625834273901 0 0 0.0031140978002264 0.0192600726322148 0.996885906906116
1.18494232E+01 11.3202596950477 0.00615732252419024 0.00944444755510087 0.00350841846122795 0.977682535396409 0 0 0.00320728263998073 0.0191101885405191 0.996792723936929
1.18503298E+01 11.3918484827864 0.00611070862689115 0.00935834620352354 0.00350322786159797 0.977884916291932 0 0 0.00314280075389861 0.0189722826920127 0.996857198983945
1.18512307E+01 11.4643965562424 0.00606287533399681 0.00926692263991445 0.00349569437897527 0.978036946383776 0 0 0.00313756386771304 0.0188254923528865 0.996862438736663
1.18521259E+01 11.5373598904661 0.00601550321381162 0.0091766268890935 0.0034881561017487 0.978175761798489 0 0 0.00314394613190268 0.0186802862046538 0.996856048003143
1.18530154E+01 11.6107410697575 0.00596855874949312 0.00908725854500552 0.0034805938791678 0.978311206128488 0 0 0.00315239306260445 0.0185364111736664 0.996847617302155
1.18538993E+01 11.6846252975409 0.00592177601232641 0.00899845440676033 0.00347294790090876 0.978450853910234 0 0 0.00315597354309349 0.0183931783199955 0.996844032230229
1.18547776E+01 11.7587489973125 0.00587573853441308 0.00891088193343938 0.00346527115336105 0.978581879979748 0 0 0.00316622346548169 0.0182518916212135 0.996833771600961
1.18556504E+01 11.8332587214395 0.00583009854884739 0.00882416149752684 0.00345757958675164 0.978713993552501 0 0 0.00317415616308192 0.0181118396331259 0.996825833185627
1.18565177E+01 11.9081413200033 0.00578487124470748 0.00873827637779255 0.00344983274014325 0.978845546653018 0 0 0.00318146570333023 0.0179729803626433 0.996818527015661
1.18573795E+01 11.9835477301215 0.00573979882661196 0.0086529528095724 0.00344201255161869 0.978980537667623 0 0 0.00318470889919116 0.0178347641878031 0.996815301855427
1.18582360E+01 12.0591920050176 0.00569548200836527 0.00856883794179619 0.00343416009818641 0.979105622921275 0 0 0.0031959017058493 0.0176984800483479 0.996804102969622
1.18590870E+01 12.1352101060182 0.00565154809029536 0.00848554784798761 0.00342630398952713 0.979232893059412 0 0 0.00320370315473315 0.0175633999278101 0.996796292987222
1.18599328E+01 12.211592120643 0.00560801609842782 0.00840306529944903 0.00341839430007118 0.979359970579357 0 0 0.00321054602976174 0.017429475697948 0.996789446277305
1.18607732E+01 12.2883603969162 0.00556488672949085 0.00832140958574599 0.00341044649134127 0.97948575816677 0 0 0.00321750590175741 0.0172967428065781 0.996782500973348
1.18616084E+01 12.3653490452297 0.00552246883207423 0.00824091698724117 0.00340250164763694 0.979604664267281 0 0 0.00322944404997652 0.0171658874669523 0.996770551734233
1.18624385E+01 12.4432343357205 0.00547950653024905 0.00816018201220512 0.00339442045857398 0.979741622722887 0 0 0.00322426595188579 0.0170341090010282 0.996775731723916
1.18632633E+01 12.5212440382166 0.00543762234744347 0.00808096613173362 0.00338629931423643 0.979856966492561 0 0 0.00323813679984587 0.0169048877934135 0.996761854285974
1.18640829E+01 12.5941592341641 0.0053966564370274 0.0080026751390117 0.0033769510381153 0.979899052453028 0 0 0.0033251791740411 0.0167762826141544 0.996675335067182
1.18648978E+01 12.6723914557402 0.00535668978796038 0.00792953661121972 0.00337086219670483 0.980081774097511 0 0 0.00326221339866156 0.0166570885958849 0.996738862693396
1.18657076E+01 12.7514913315396 0.00531603829211208 0.00785240631049467 0.00336261675479042 0.980208124290888 0 0 0.00326254137797205 0.0165310613573972 0.996739185648286
1.18665125E+01 12.8310010347515 0.00527573837120424 0.00777619373030719 0.00335440809983797 0.980326832328368 0 0 0.0032692040462307 0.0164063402013494 0.996733172529717
1.18673123E+01 12.9109541844789 0.00523578063511875 0.00770073806160074 0.00334617793407836 0.98044282545883 0 0 0.00327753648532585 0.0162826966307978 0.996725522089628
1.18681072E+01 12.9914429344365 0.00519596625568581 0.00762578859022614 0.0033378792578194 0.980561740854272 0 0 0.00328240093230641 0.0161596341037313 0.996721374958003
1.18688971E+01 13.0721878459883 0.00515676301428665 0.00755185049840725 0.00332956169332872 0.980673767163938 0 0 0.00329255429214236 0.0160381752060226 0.996711942369961
1.18696822E+01 13.153317093737 0.00511788906328833 0.0074786269652724 0.00332123627741027 0.980787789731205 0 0 0.0032995887114031 0.015917752305971 0.996705542037176
1.18704625E+01 13.2349044426939 0.00507934453860829 0.00740610764697358 0.00331287186770767 0.980899292186921 0 0 0.00330820761038211 0.0157983240532895 0.99669761624021
1.18712379E+01 13.3168611027713 0.00504117564806839 0.00733432421846573 0.00330447726084957 0.981010930367165 0 0 0.00331550828376603 0.0156799771273837 0.996690907494548
1.18720086E+01 13.3992111205244 0.00500333873367437 0.00726324157628402 0.00329604817796703 0.981122297555493 0 0 0.00332225651940156 0.0155626284879254 0.996684926043418
1.18727746E+01 13.4819788034614 0.00496584139286817 0.0071928664711372 0.00328759496258964 0.981232509919356 0 0 0.00332885089453467 0.015446302826595 0.996678812745951
1.18735358E+01 13.565546362996 0.00492815661906265 0.00712261230137881 0.00327903118014747 0.981350499550382 0 0 0.00332803845801233 0.0153298001005889 0.996680299650971
1.18742924E+01 13.6491934794034 0.00489144500740995 0.00705371212923919 0.00327048645528844 0.981450715034158 0 0 0.00334247807893146 0.0152156435919376 0.996666358626096
1.18750443E+01 13.7332570825838 0.00485501406542194 0.00698543904210893 0.00326197042920074 0.981555585753575 0 0 0.00335149813501782 0.0151024235367316 0.996658009290307
1.18757917E+01 13.8177076563181 0.00481890395687692 0.00691780593261375 0.00325341122551862 0.981661780476136 0 0 0.00335812255940897 0.0149901211150093 0.996651901591145
1.18765344E+01 13.902541815366 0.00478314352750246 0.00685087945534748 0.00324482862911731 0.981766513006578 0 0 0.00336519200742777 0.0148788516119672 0.996645364618546
1.18772727E+01 13.9878246693817 0.00474769283070628 0.00678459978896739 0.00323622409988364 0.981870335425579 0 0 0.00337222662672144 0.0147685167195573 0.996638852145136
1.18780064E+01 14.0739660803503 0.00471204893641106 0.00671842701340704 0.0032275145357512 0.981981256818262 0 0 0.00337219452065204 0.0146579904855693 0.996639247303831
1.18787357E+01 14.1601857381185 0.00467733174726001 0.00665351424355813 0.00321882454389728 0.982076228178614 0 0 0.0033860425199741 0.0145496705347154 0.996625898713329
1.18794605E+01 14.2467498875139 0.0046428882181733 0.00658920177171592 0.00321015510632937 0.982176511167896 0 0 0.00339354081328908 0.0144422450962186 0.996618756264115
1.18801810E+01 14.3339663302728 0.00460850431610737 0.00652525646739257 0.00320142680278827 0.982280289738341 0 0 0.00339737552593185 0.0143351875862882 0.996615477324629
1.18808970E+01 14.421411527657 0.00457471891523774 0.00646224004642499 0.00319268912142891 0.982375793994259 0 0 0.00340776442068458 0.0142296480830916 0.996605442077351
1.18816087E+01 14.5092745945218 0.00454121774805183 0.00639982588344282 0.00318396223043724 0.982473769252543 0 0 0.00341477467927355 0.0141250058619319 0.996598775114475
1.18823162E+01 14.5975479333478 0.00450803049255054 0.00633804184253715 0.00317520609020327 0.982570803363039 0 0 0.00342194531767117 0.014021278425291 0.99659208178833
1.18830193E+01 14.6862818952551 0.00447512487290838 0.00627684739796416 0.00316643198950338 0.982667138144929 0 0 0.00342882267677767 0.0139184042603759 0.996585542405305
1.18837182E+01 14.7758444329709 0.00444206277331543 0.0062157872409011 0.00315755864320637 0.982770336130311 0 0 0.00342893657481564 0.0138154086574229 0.996585744787734
1.18844129E+01 14.8654801043749 0.00440984604867942 0.00615588027143966 0.00314871648755056 0.982858831158781 0 0 0.00344173152436179 0.0137144428076696 0.996573273966451
1.18851033E+01 14.9555149051631 0.00437791055107012 0.00609655429974683 0.00313990547953573 0.982951038009725 0 0 0.00344992103763593 0.0136143703303527 0.996565408340077
1.18857897E+01 15.046227704566 0.00434596751982931 0.00603750766528892 0.0031310237572507 0.983048182602697 0 0 0.00345299126931553 0.0135144989423689 0.996562681545066
1.18864719E+01 15.1371456590685 0.00431463445427525 0.00597936484450594 0.00312214874352397 0.983136803673711 0 0 0.00346303108133174 0.0134161480423052 0.996552951716016
1.18871500E+01 15.2284678229585 0.0042835516782362 0.00592177875991205 0.00311328287593868 0.983227858118892 0 0 0.0034697962995554 0.0133186133140869 0.996546471432979
1.18878240E+01 15.3206979332529 0.00425230661056234 0.00586430274857094 0.00310433025356972 0.983324961149557 0 0 0.00347054717948549 0.013220939612703 0.99654590076226
1.18884940E+01 15.412974858747 0.00422185068725208 0.00580789473287166 0.00309539256614856 0.983408546300076 0 0 0.0034830360129689 0.0131251379862723 0.996533684286349
1.18891600E+01 15.5058164962056 0.0041914246448037 0.00575181554107934 0.00308645938198167 0.983501075466214 0 0 0.00348628137146007 0.0130296995678647 0.996530775034078
1.18898219E+01 15.5989594819248 0.00416151484175725 0.00569651988025008 0.00307751962915391 0.983584412651273 0 0 0.00349737083189528 0.0129355543511612 0.996519967002434
1.18904800E+01 15.692466131457 0.00413188552116888 0.0056418006168276 0.00306860039694278 0.983670964824115 0 0 0.00350422040993085 0.0128422865349393 0.996513251359054
1.18911341E+01 15.7863973509264 0.0041025023227481 0.00558759957950911 0.00305966251997107 0.983758184642974 0 0 0.0035098083602177 0.0127497644222283 0.996507949065202
1.18917844E+01 15.8810411109364 0.004073148400545 0.00553370745570837 0.00305066696582232 0.983847135137774 0 0 0.00351328428093907 0.0126575228220757 0.996504657959849
1.18924307E+01 15.975966088305 0.00404432320667595 0.00548062055940991 0.00304169189715372 0.983927977382665 0 0 0.00352358380637827 0.0125666356632396 0.996494613045905
1.18930733E+01 16.0716841937197 0.00401533359678741 0.00542761717742605 0.00303264939831545 0.984019646564478 0 0 0.00352321660365419 0.0124756001725289 0.996495246737007
1.18937120E+01 16.1672621351133 0.00398731948311719 0.00537585289170491 0.00302368447987421 0.984092338395707 0 0 0.00353942349804048 0.0123868568546963 0.996479195250404
1.18943469E+01 16.2639162775629 0.00395883484034069 0.00532388796906515 0.003014650682114 0.984184112044541 0 0 0.00353739385509312 0.0122973734915198 0.996481485536061
1.18949781E+01 16.3605865620025 0.00393114167736343 0.00527295611151004 0.00300563159600931 0.984259484766849 0 0 0.00354980103432744 0.0122097293848828 0.996469214151731
1.18956055E+01 16.4578708515728 0.00390344819080049 0.00522228787521361 0.00299660833073599 0.984343652110494 0 0 0.00355317822258956 0.0121223443967501 0.996465996507244
1.18962293E+01 16.5554012070963 0.00387623423904055 0.0051723597772608 0.00298759538239394 0.984420123446735 0 0 0.00356309396927905 0.0120361893986953 0.99645631284543
1.18968493E+01 16.6538005831243 0.00384885589208701 0.00512252810247087 0.00297853098170665 0.9845060542285 0 0 0.00356355334650383 0.0119499149762645 0.996455969204765
1.18974657E+01 16.752038020015 0.00382239819558042 0.00507384433454885 0.00296953883703969 0.984574801005927 0 0 0.00357920826877077 0.011865781367169 0.996440582373096
1.18980785E+01 16.8513124043141 0.00379548589839364 0.00502497796422798 0.00296047757605088 0.984662921313598 0 0 0.00357603997565036 0.0117809414386725 0.99644386275227
1.18986877E+01 16.9504702046725 0.00376949971466793 0.00497725638765726 0.00295146813014127 0.984729703568866 0 0 0.00359214682334982 0.0116982242324665 0.996427927801332
1.18992934E+01 17.0506378412384 0.00374310968271464 0.00492939735056243 0.00294240307999857 0.984815515780167 0 0 0.00358983677736448 0.0116149101132756 0.996430425893442
1.18998954E+01 17.1511336033371 0.00371718856458533 0.00488224838291198 0.00293331682112319 0.984889336802397 0 0 0.00359832375091475 0.0115327537686205 0.996422090571017
1.19004940E+01 17.2517549243373 0.00369175537673288 0.00483580534072564 0.00292429602212993 0.984960235902073 0 0 0.00360843626477562 0.0114518567395884 0.996412092641662
1.19010891E+01 17.3527967498641 0.00366653211105571 0.00478981423560158 0.00291529351891914 0.985033360696387 0 0 0.0036157214600287 0.0113716398655764 0.996405000561964
1.19016807E+01 17.4545722397634 0.00364131649443742 0.00474407794488136 0.00290624891307492 0.98511057525825 0 0 0.00361866719117352 0.0112916433523937 0.996402218610643
1.19022688E+01 17.5567692012308 0.00361637192311835 0.00469883914030246 0.00289718280265564 0.98518442668754 0 0 0.00362418587216715 0.0112123938660765 0.996396820553616
1.19028536E+01 17.6596922096723 0.00359145876649324 0.0046538818244514 0.00288809123026875 0.985259748211821 0 0 0.00362795986698507 0.0111334318212134 0.996393180033034
1.19034349E+01 17.7626255241607 0.00356722284742272 0.0046097816557932 0.00287905842131502 0.985323863085099 0 0 0.00364138718186799 0.0110560629245309 0.99637992600963
1.19040129E+01 17.8661189034568 0.00354297287743634 0.00456590451125995 0.00287002338768041 0.98539847378905 0 0 0.00364407823276063 0.0109789007763767 0.996377374565427
1.19045875E+01 17.9700762543007 0.00351897546260362 0.00452251394206244 0.00286097887802206 0.985469223913939 0 0 0.00364988930886161 0.0109024682826881 0.996371692196627
1.19051588E+01 18.0743167930971 0.00349540699232009 0.00447975993377097 0.00285198155980574 0.985533262690353 0 0 0.00366127471137794 0.0108271484858968 0.99636041117625
1.19057268E+01 18.1786358479261 0.00347222375364327 0.0044375836765113 0.00284302903322067 0.985598812247732 0 0 0.00367016597714682 0.0107528364633752 0.996351648711107
1.19062916E+01 18.2833001934611 0.00344919336950743 0.00439580888294684 0.00283408410690165 0.985667549584138 0 0 0.00367530113212452 0.0106790863593559 0.996346635943494
1.19068531E+01 18.3892251435084 0.00342578883059892 0.00435394838962336 0.00282503620433071 0.985743817835578 0 0 0.00367345261003814 0.010604773424553 0.996348591260131
1.19074114E+01 18.4954315895593 0.00340286772953859 0.00431275904072594 0.00281599020535433 0.985808204134719 0 0 0.00368234717693456 0.0105316169756189 0.996339821110338
1.19079665E+01 18.6020582508839 0.00338018114726697 0.00427199580434728 0.00280698361954214 0.985875210832034 0 0 0.00368789838063968 0.0104591605711564 0.996334371403191
1.19085184E+01 18.7088210078338 0.00335792609666289 0.00423183737590138 0.00279801889055868 0.985936804477223 0 0 0.00369784977744091 0.0103877823631229 0.996324586840346
1.19090672E+01 18.8163204205319 0.00333563168554003 0.0041918649575043 0.00278902882323029 0.986003760849837 0 0 0.003702259562076 0.0103165254662746 0.996320286316111
1.19096128E+01 18.9242061338789 0.00331357083918779 0.0041523401586354 0.00278003154414047 0.986069152279684 0 0 0.00370757557297958 0.0102459425419637 0.996315094821647
1.19101554E+01 19.032540385332 0.00329173794099936 0.00411323952636049 0.00277105703874643 0.986133428329125 0 0 0.003713321772561 0.0101760345061063 0.996309462835231
1.19106948E+01 19.1414154765904 0.00327011402978804 0.00407453605483792 0.00276209268664899 0.986195546671378 0 0 0.00372061475741427 0.0101067427712749 0.996302289442653
1.19112312E+01 19.2509386509579 0.00324853400833462 0.00403607522774657 0.00275309790140352 0.98626107766726 0 0 0.00372419031091935 0.0100377071374847 0.996298784804745
1.19117645E+01 19.3605900898377 0.00322736665101947 0.00399819323382251 0.00274413709259238 0.986320902998888 0 0 0.00373250248906055 0.00996969697743436 0.996290599976323
1.19122948E+01 19.4706517903284 0.00320638464352852 0.00396069936591986 0.00273520498817887 0.986381555523472 0 0 0.00373936499322358 0.00990228899762724 0.9962838445211
1.19128221E+01 19.5812737960316 0.0031855963534222 0.00392358998195359 0.00272629250048171 0.986441479813974 0 0 0.00374636450438005 0.00983547883585751 0.996276958649831
1.19133465E+01 19.6919121671956 0.00316520241258401 0.00388702958098257 0.00271741375066374 0.986498484000018 0 0 0.00375527376275776 0.00976964574423032 0.996268129744248
1.19138679E+01 19.8032436106192 0.00314476314206453 0.00385066154814705 0.0027085262674463 0.98656082226467 0 0 0.00375873497107744 0.00970395095765788 0.996264773222328
1.19143864E+01 19.9149962973432 0.00312454222792406 0.00381470601177742 0.00269964414741933 0.986619902240268 0 0 0.00376482415464986 0.00963889238712081 0.996258794627388
1.19149019E+01 20.0272790914186 0.00310450630443559 0.00377911212274613 0.00269076904825732 0.986678180785282 0 0 0.00377116975577386 0.00957438747543903 0.996252568260721
1.19154146E+01 20.1402070047935 0.00308451238287741 0.00374375134188314 0.00268187114398299 0.986738830205172 0 0 0.00377486802801505 0.00951013486874354 0.996248965073916
1.19159244E+01 20.2531854788797 0.00306495518765346 0.00370897288124551 0.00267302288108975 0.986792498436425 0 0 0.00378446679313381 0.00944695094998872 0.996239449386414
1.19164314E+01 20.3665426026478 0.003045552016862 0.00367452838020089 0.00266420895576776 0.986848572785594 0 0 0.00379117466358584 0.00938428935283066 0.996232862138425
1.19169356E+01 20.4804129903423 0.00302632445103658 0.00364045112445528 0.0026554208172289 0.986904659077492 0 0 0.00379727505185921 0.00932219639272075 0.996226855470213
1.19174369E+01 20.5946843494497 0.00300726533357404 0.00360670626651215 0.00264662864820535 0.986959797737473 0 0 0.00380382352896286 0.00926060024829154 0.996220397985764
1.19179355E+01 20.7091512497964 0.00298843153702924 0.00357335061236407 0.00263785108047521 0.987014796185863 0 0 0.00380986286440763 0.00919963322986852 0.996214429415732
1.19184313E+01 20.8241225052856 0.00296976896790263 0.00354037787096609 0.00262912951967621 0.987068059880207 0 0 0.00381705435030094 0.00913927635854493 0.996207336238752
1.19189244E+01 20.9396013845025 0.002951253291084 0.00350768495785982 0.00262039386483305 0.987121484332454 0 0 0.00382368558645331 0.00907933211377687 0.996200816446231
1.19194147E+01 21.0555999233794 0.00293277332513493 0.00347523920317042 0.00261162823192427 0.987178260208126 0 0 0.00382670004147135 0.00901964076022961 0.996197900968356
1.19199024E+01 21.171652153679 0.0029146921672467 0.00344334741903134 0.0026029543466887 0.987227980522434 0 0 0.00383571652842824 0.00896099393296674 0.996188974455401
1.19203874E+01 21.2882597183208 0.00289671869452671 0.00341170967289048 0.00259426795946457 0.987278949904591 0 0 0.00384312337798053 0.00890269632688176 0.996181646231473
1.19208698E+01 21.4057007632803 0.00287866258065718 0.00338020237693502 0.00258558351871114 0.987335749187649 0 0 0.00384467042261822 0.00884444847630335 0.996180197663952
1.19213495E+01 21.5228931676269 0.00286111548853586 0.00334928983006927 0.00257690957568022 0.987382715441094 0 0 0.00385493659025341 0.00878731489428535 0.99617003033538
1.19218266E+01 21.640377876755 0.00284377738921572 0.00331875277821023 0.00256834365446553 0.987430978409707 0 0 0.00386319626561604 0.00873087382189148 0.996161852231598
1.19223011E+01 21.7583796374217 0.00282653788677472 0.00328846086851708 0.00255976434036518 0.987480095394917 0 0 0.00387028900144601 0.00867476309565698 0.996154858490574
1.19227730E+01 21.8768263726095 0.00280933802066232 0.00325843376392337 0.00255118411827221 0.987532722161612 0 0 0.00387356761701501 0.0086189559028579 0.99615167806447
1.19232424E+01 21.9952787379768 0.00279246558007702 0.00322884080015677 0.00254264003499254 0.98758019658532 0 0 0.00388119122366951 0.00856394641522633 0.996144143000546
1.19237093E+01 22.1148562126634 0.00277547893188891 0.00319935028379182 0.00253411573021711 0.987630961285346 0 0 0.00388552340895601 0.00850894494589784 0.996139906231244
1.19241736E+01 22.2341361130857 0.00275896885257876 0.00317042011623347 0.00252559780665149 0.987674155105833 0 0 0.00389637641234971 0.00845498677546373 0.996129141881296
1.19246354E+01 22.3537747290829 0.00274248085359117 0.00314168656753217 0.00251713181249851 0.987724273309155 0 0 0.00390002600708755 0.00840129923362185 0.996125572542777
1.19250948E+01 22.4734920171363 0.00272637390545626 0.00311345532535161 0.0025087482202147 0.98776745434458 0 0 0.00390966125927394 0.00834857745102257 0.996116031795603
1.19255518E+01 22.5939737577895 0.00271015457734119 0.0030853222964361 0.00250030921986549 0.987815022680789 0 0 0.00391498126660894 0.00829578609364278 0.996110808774432
1.19260063E+01 22.7141892543705 0.00269433853062681 0.00305767873650328 0.00249194114595611 0.987857684406788 0 0 0.00392423533597393 0.0082439584130862 0.996101642819874
1.19264584E+01 22.834963407672 0.00267852455500105 0.00303026867460412 0.00248361145965076 0.987906338944285 0 0 0.00392723196875674 0.00819240468925593 0.996098743633541
1.19269081E+01 22.9557269324952 0.00266305107129776 0.00300328400415008 0.00247532100234055 0.987945760406155 0 0 0.00393864179365251 0.00814165607778839 0.996087416483944
1.19273554E+01 23.0770828903701 0.00264751784661203 0.00297641587657782 0.00246705545802574 0.987992135241418 0 0 0.00394303327817793 0.00809098918121558 0.996083124422634
1.19278004E+01 23.1983357662274 0.0026323402685162 0.00294998469673108 0.00245880842810459 0.988033638747849 0 0 0.00395147524476526 0.00804113339335187 0.996074772141201
1.19282431E+01 23.3199857121224 0.00261715332305173 0.00292374568499659 0.00245058106404812 0.988078967304945 0 0 0.00395586965355838 0.00799148007209644 0.996070447377042
1.19286835E+01 23.4422125843125 0.00260202350697985 0.00289774396318965 0.0024423675621095 0.988122380372115 0 0 0.00396191579894436 0.00794213503227901 0.996064515404394
1.19291216E+01 23.5643958670631 0.00258724342198036 0.00287217332376429 0.00243422046648672 0.988161068561363 0 0 0.00397181770447251 0.00789363721223137 0.996054705773594
1.19295574E+01 23.6865134936025 0.00257262028945114 0.002846891241221 0.00242611439693398 0.988202654068192 0 0 0.00397833436843508 0.00784562592760613 0.996048279995798
1.19299910E+01 23.8085112636626 0.00255831765478603 0.00282205819826065 0.00241810306249042 0.98823894276456 0 0 0.00398926662184711 0.0077984789155371 0.996037421680097
1.19304223E+01 23.9309886062724 0.00254396229514911 0.00279732115548516 0.00241007359323564 0.988281114880525 0 0 0.00399432502236644 0.00775135704386991 0.996032471924395
1.19308514E+01 24.0534972833278 0.00252978294520927 0.00277292204598584 0.00240207972751006 0.988320310347449 0 0 0.00400178803382237 0.00770478471870517 0.996025095066154
1.19312784E+01 24.1761426759849 0.00251577682242985 0.00274885200218536 0.00239414740704255 0.988359479849347 0 0 0.00400871203478915 0.00765877623165777 0.996018256081005
1.19317032E+01 24.2988181038965 0.00250192902963668 0.0027249604699655 0.00238624970778731 0.988397069244644 0 0 0.00401686245736982 0.00761313920738949 0.996010208452034
1.19321259E+01 24.4218393460367 0.00248809504636518 0.00270133882076766 0.00237835435640216 0.988436569333076 0 0 0.00402281449844783 0.007567788223535 0.996004357556611
1.19325464E+01 24.5446334091577 0.00247459559845528 0.00267813888699085 0.00237054203784895 0.988471206538693 0 0 0.00403276572723507 0.00752327652329508 0.995994483061988
1.19329648E+01 24.6673030857278 0.00246124140077264 0.0026552105056793 0.00236277948981468 0.988506725492343 0 0 0.00404139155194795 0.00747923139626661 0.99598595688861
1.19333812E+01 24.7899311164798 0.00244804573739444 0.0026325805180078 0.00235507781468537 0.988542678269447 0 0 0.00404907067019933 0.00743570407008761 0.995978382339534
1.19337955E+01 24.9124976074666 0.00243500100454877 0.00261023352714785 0.00234742258369441 0.988576982045297 0 0 0.00405790365112574 0.00739265711539103 0.995969639160688
1.19342078E+01 25.0347033747466 0.00242219482261446 0.00258827835225572 0.00233985387097054 0.988609620394614 0 0 0.00406769261355511 0.00735032704584072 0.995959947440454
1.19346180E+01 25.1569843735631 0.00240946664353375 0.00256644087150004 0.00233229120504835 0.988643305997228 0 0 0.00407623324311332 0.00730819872008214 0.99595150471731
1.19350263E+01 25.2788952333371 0.00239690508784949 0.0025449976514463 0.00232481352359487 0.988677015720227 0 0 0.00408410893937515 0.00726671626289066 0.995943731983117
1.19354326E+01 25.4005815518165 0.00238454772291103 0.00252390056775748 0.00231739518561497 0.988708095079185 0 0 0.00409397717087163 0.00722584347628348 0.995933938555468
1.19358369E+01 25.5227378642217 0.00237202645821423 0.00250276104545761 0.0023099741498598 0.98874518220773 0 0 0.00409807601976049 0.00718476165353164 0.995929943861262
1.19362394E+01 25.6435915002031 0.00236018149795907 0.00248228936260725 0.00230268991765573 0.988766631998453 0 0 0.00411633343165538 0.00714516077822206 0.995911792776675
1.19366399E+01 25.7649853584939 0.00234801392115118 0.00246184241975862 0.00229543986837558 0.9888056502078 0 0 0.00411726975676423 0.00710529620928538 0.995910946417085
1.19370385E+01 25.8852146102404 0.00233634853759624 0.00244184181015036 0.00228822931514609 0.988830024606941 0 0 0.0041318749954535 0.00706641966289268 0.995896444269833
1.19374353E+01 26.005177953543 0.00232481463145547 0.0024222011021239 0.00228117637210469 0.988857401627452 0 0 0.00414282960079964 0.00702819210568407 0.995885593733136
1.19378303E+01 26.1248370333519 0.00231329695656464 0.00240266004415135 0.00227411246332959 0.988886375330065 0 0 0.00415208293401104 0.00699006946404557 0.995876444794111
1.19382235E+01 26.243508167474 0.00230216283640311 0.0023835918239593 0.00226718372102943 0.988911281768546 0 0 0.00416441012011693 0.00695293838139184 0.995864220149938
1.19386149E+01 26.3616275613594 0.00229101375320718 0.0023647102803081 0.00226029890837769 0.988940767762505 0 0 0.00417194400247147 0.00691602294189297 0.995856790704397
1.19390045E+01 26.4793463365628 0.00228006290761923 0.00234616230364485 0.00225351142515196 0.988964408983189 0 0 0.00418471002235411 0.00687973663641604 0.995844145619605
1.19393924E+01 26.5962557204958 0.00226929002466648 0.00232790550860465 0.00224679663663897 0.988987189641507 0 0 0.00419778581516507 0.0068439921699101 0.995831181811417
1.19397787E+01 26.7125900984982 0.00225858397398132 0.00230988307283123 0.00224015729584247 0.989014097943476 0 0 0.00420634762805413 0.00680862434265502 0.995822722286131
1.19401632E+01 26.8275467285015 0.00224821358100264 0.00229227755420016 0.00223363668718683 0.989035131259728 0 0 0.00421991780112066 0.00677412782238963 0.995809259082118
1.19405461E+01 26.9415395833195 0.00223798337558002 0.00227494435907988 0.00222719182452181 0.989056973436587 0 0 0.00423221103038207 0.00674011955918171 0.995797092995769
1.19409274E+01 27.0546394138772 0.00222792406795423 0.00225791599974778 0.00222084227702481 0.989074686623783 0 0 0.00424805255179447 0.00670668234472681 0.99578136896851
1.19413071E+01 27.1664512317837 0.00221805502624877 0.00224120837427474 0.00221460157186861 0.989094558974377 0 0 0.00426109752106917 0.00667386497239212 0.995768423946769
1.19416852E+01 27.276428224254 0.00220851824897054 0.00222492642002286 0.00220850496277349 0.989110981767403 0 0 0.00427671926254158 0.00664194963176689 0.99575293139917
1.19420618E+01 27.3853414352563 0.00219899197321936 0.00220872519128531 0.00220250830695679 0.989132031237956 0 0 0.00428752262510914 0.00661022547146146 0.995742256709417
1.19424369E+01 27.4928852870806 0.00218966861322079 0.00219300308681433 0.00219661804388276 0.989147054448271 0 0 0.00430354510865395 0.00657928974391787 0.995726344192189
1.19428106E+01 27.5990358116369 0.00218055384654507 0.00217761364600496 0.0021908574818583 0.989159642616545 0 0 0.00432136810191436 0.00654902497440833 0.995708667590953
1.19431828E+01 27.7032256833427 0.00217163927723311 0.00216255821920486 0.00218521541108477 0.989173741470725 0 0 0.00433699535113135 0.00651941290752274 0.995693154378248
1.19435537E+01 27.8061422381206 0.00216274652862686 0.00214764969871046 0.00217967104465536 0.989191019899604 0 0 0.00434918770695944 0.00649006727199268 0.995681087171596
1.19439231E+01 27.9062692404224 0.00215434623603919 0.00213340543972688 0.00217432085877351 0.98919802794758 0 0 0.00437033047840522 0.00646207253453958 0.995660100482119
1.19442913E+01 28.0042089869181 0.00214617414932434 0.00211941287210526 0.00216912812386082 0.989206194431012 0 0 0.0043896593564712 0.00643471514529042 0.995640909576303
1.19446582E+01 28.1005525721296 0.002138011138599 0.00210576828509374 0.00216406670452144 0.989214198854216 0 0 0.00440864953391951 0.00640784612821418 0.99562204498243
1.19450238E+01 28.1938600733252 0.00213029695982727 0.00209252283109037 0.00215917459481171 0.989217539828369 0 0 0.00443132283678335 0.00638199438572935 0.995599534214099
1.19453882E+01 28.2845484619085 0.00212276141444715 0.00207975026998295 0.00215450056351679 0.98922294049279 0 0 0.00445103301435221 0.00635701224794689 0.995579952740737
1.19457515E+01 28.3727270436058 0.00211531441118649 0.00206715418330639 0.00214990488599322 0.989228957684044 0 0 0.00446982532927095 0.0063323734804861 0.99556133116453
1.19461136E+01 28.4582984745708 0.00210808251777972 0.0020549845645992 0.00214552384270476 0.989232354322076 0 0 0.0044903483640874 0.00630859092508368 0.99554094524716
1.19464746E+01 28.5403365470339 0.00210125892177794 0.00204332672825685 0.00214135223665929 0.989228177231644 0 0 0.00451735342319917 0.00628593788669408 0.995514115118338
1.19468347E+01 28.6192237466741 0.00209471378157022 0.00203209371836155 0.0021374154813374 0.989223091813945 0 0 0.00454432556072085 0.00626422298126917 0.995487314795214
1.19471937E+01 28.6945362341296 0.00208842049270422 0.00202127454253869 0.00213366984921606 0.98921772662206 0 0 0.0045707065250981 0.00624336488445897 0.995461091506519
1.19475518E+01 28.7660174786104 0.00208237160894938 0.0020108748506119 0.00213010597819327 0.989211291453842 0 0 0.00459732439842724 0.00622335243775455 0.995434643891597
1.19479090E+01 28.8332182945268 0.00207676478526736 0.00200104073054349 0.00212683394457013 0.989199596404889 0 0 0.00462792084591297 0.00620463946038098 0.99540423586527
1.19482654E+01 28.8965796209348 0.00207128081541658 0.00199156892459019 0.00212377546772142 0.989190716512743 0 0 0.00465500269459395 0.0061866252077282 0.995377341720471
1.19486211E+01 28.9555187564712 0.00206612579118893 0.00198239019935264 0.0021209741437036 0.989176866106012 0 0 0.00468617402924874 0.00616949013424518 0.995346356240257
1.19489760E+01 29.0099633411063 0.00206130470407273 0.00197391907486003 0.00211844562081602 0.989160433006795 0 0 0.00471863347052336 0.00615366939974878 0.995314102406544
1.19493303E+01 29.0596266297159 0.00205682748651972 0.00196595768858158 0.0021161911776635 0.989140076239205 0 0 0.00475389690171496 0.0061389763527648 0.99527905259197
1.19496839E+01 29.1041546885343 0.00205271143379181 0.00195852695981086 0.00211422998051344 0.989117444161362 0 0 0.00479024333439663 0.00612546837411611 0.995242912535478
1.19500371E+01 29.1433330871432 0.00204897286530151 0.00195163599269611 0.00211257197026516 0.989092236423587 0 0 0.0048279620789865 0.00611318082826278 0.99520541725185
1.19503898E+01 29.1776701275969 0.00204543150769096 0.00194507907423087 0.00211117106782759 0.989068036405854 0 0 0.00486389126956959 0.00610168164974943 0.995169718055603
1.19507421E+01 29.2055695489086 0.00204257797472843 0.00193943059748057 0.00211016490182788 0.989031751345505 0 0 0.00490990866519015 0.00609217347403687 0.995123924819541
1.19510940E+01 29.22755793192 0.00204004974479519 0.00193415386368157 0.00210947229130853 0.988998669246711 0 0 0.00495174069407765 0.00608367589978529 0.995082345146496
1.19514457E+01 29.2429673927811 0.00203809680117185 0.00192970795480661 0.00210917428698518 0.988958853304989 0 0 0.00499851270347084 0.00607697904296364 0.995035832347953
1.19517973E+01 29.2516177783185 0.00203669470357153 0.00192576227157437 0.00210923591192728 0.988916278724289 0 0 0.00504664357775859 0.00607169288707318 0.994987971611362
1.19521487E+01 29.2538789508709 0.00203577148862945 0.00192244313290719 0.00210967855933385 0.988873196904332 0 0 0.00509378589588934 0.00606789318087049 0.994941090085202
1.19525002E+01 29.249172244501 0.00203563344638561 0.00191983305820072 0.00211051461504541 0.988823969383869 0 0 0.00514521579421084 0.00606598111963174 0.994889950503501
1.19528517E+01 29.2371421989599 0.0020365235902611 0.00191794126178293 0.00211177550048638 0.988769849777877 0 0 0.00519937321389119 0.0060662403525304 0.994836090130407
1.19532034E+01 29.2177036638642 0.0020388214243433 0.00191643867513284 0.00211345759442319 0.988711817750683 0 0 0.00525523904159183 0.00606871769389932 0.994780535444582
1.19535553E+01 29.1907047319438 0.00204333565591269 0.00191598497924568 0.00211556990717051 0.988647230856981 0 0 0.00531398808026211 0.00607489054232887 0.99472212139931
1.19539076E+01 29.1549593344249 0.00205179568298581 0.00191645392672615 0.00211819868419714 0.988570128649384 0 0 0.00537986210856411 0.00608644829390911 0.994656576943293
1.19542603E+01 29.1115406557292 0.00206635196712481 0.00191761487858643 0.00212128927597127 0.9884911224833 0 0 0.00544040807983932 0.00610525612168251 0.994596378604983
1.19546136E+01 29.0604336028131 0.00209164308870174 0.00191953457276013 0.00212481395989985 0.988398252847112 0 0 0.00550291338338873 0.00613599162136172 0.994534244468474
1.19549676E+01 29.0011373402989 0.00213525353069349 0.00192234592891402 0.00212881610385021 0.988280320309141 0 0 0.00557078141813092 0.00618641556345772 0.994466735872599
1.19553222E+01 28.9336764054621 0.00220728780556707 0.00192607021724622 0.00213328765190544 0.988129938945567 0 0 0.00564132862732877 0.00626664567471872 0.994396584620285
1.19556778E+01 28.8580651804534 0.00231706344073583 0.00193056624037762 0.00213814596765807 0.987941080655363 0 0 0.00571147753563327 0.00638577564877151 0.994326856304135
1.19560343E+01 28.7735713844897 0.00246550571536771 0.00193641881139699 0.00214360068049279 0.987704978302402 0 0 0.0057882535252394 0.00654552520725749 0.99425050350966
1.19563918E+01 28.6810726778549 0.00263568871879634 0.00194290216150199 0.00214945966953321 0.987447977211367 0 0 0.00586315267524287 0.00672805054983154 0.994176027761198
1.19567506E+01 28.5788625692633 0.00280047976738156 0.00195055423444157 0.00215598608414416 0.987183637264235 0 0 0.00594899935530859 0.00690702008596729 0.994090657350202
1.19571106E+01 28.4669835242621 0.0029372084340702 0.00195906557688028 0.00216324438265527 0.986945012142037 0 0 0.00603560285386626 0.00705951839360575 0.994004530535643
1.19574721E+01 28.3455220523949 0.00304053743800137 0.00196820138281018 0.00217116195236208 0.986734650654878 0 0 0.00612608396059965 0.00717990077317363 0.993914551428052
1.19578352E+01 28.2143305440828 0.00311839538289 0.00197793283852003 0.0021797556353113 0.986547373736558 0 0 0.00621769298144101 0.00727608385672133 0.99382345759328
1.19582000E+01 28.0748219076783 0.00318136517815532 0.00198809686072255 0.00218897898629919 0.986374655948442 0 0 0.00630859624265543 0.00735844102517706 0.993733096973619
1.19585666E+01 27.925336817455 0.00323976980802071 0.0019987122685343 0.00219885823406144 0.986195578589617 0 0 0.00640933028561091 0.00743734031061645 0.993632918900234
1.19589353E+01 27.7671336087249 0.0032977664814213 0.00201046653164297 0.00220930708097014 0.986017811049718 0 0 0.00650748199458452 0.00751754009403441 0.993535351143752
1.19593061E+01 27.6010764495885 0.00335827416620129 0.0020229973277304 0.0022202140018678 0.985835159353201 0 0 0.00660680522127674 0.00760148549579948 0.993436644849001
1.19596791E+01 27.4270589520119 0.00342304596946634 0.00203623917525081 0.00223161676966863 0.985648441099696 0 0 0.00670473980902392 0.00769090191438578 0.993339343014082
1.19600546E+01 27.2458963420842 0.0034926243058855 0.00204973736590705 0.00224356401905492 0.985458458143211 0 0 0.00680036735344296 0.00778592569084747 0.993244383834058
1.19604326E+01 27.0560161818747 0.00357079339953683 0.00206443436921872 0.0022566594427491 0.985242343913802 0 0 0.00691117815509244 0.00789188721150465 0.993134231125306
1.19608133E+01 26.8592567072273 0.00365576410659119 0.00207940257650435 0.00227059672070485 0.985035467972608 0 0 0.00700487980925302 0.00800576340380038 0.993041231376408
1.19611968E+01 26.6563492582229 0.00375049795197143 0.00209618784848279 0.00228563945159165 0.984809673136394 0 0 0.00710485108689735 0.00813232525204587 0.99294199838844
1.19615832E+01 26.4475855123689 0.00385599679608959 0.00211570208077524 0.00230233301529633 0.984571831247956 0 0 0.00720173933877337 0.00827403189216116 0.992845863140118
1.19619728E+01 26.2360886690494 0.00396990314805846 0.00213946209010254 0.00232159669714239 0.984336759406742 0 0 0.00728064283550545 0.00843096193530339 0.992767721342045
1.19623655E+01 26.0217961283067 0.00409536472711327 0.00217010415889668 0.00234597463215051 0.984075963616672 0 0 0.00736176000516786 0.00861144351816047 0.992687407134833
1.19627615E+01 25.8070028631484 0.004230294799397 0.0022092625905589 0.00237932126506956 0.983807280319828 0 0 0.00742380484924808 0.00881887865502546 0.992626158974853
1.19631608E+01 25.5943632844972 0.00437320716893149 0.00225795618189903 0.00242733549607896 0.983522673339851 0 0 0.00746960636898516 0.00905849884690948 0.992581172186761
1.19635635E+01 25.3873932338287 0.00451970326150321 0.00231520927172939 0.00249722693527755 0.983240105436989 0 0 0.00747936238475178 0.00933213946851015 0.992572244905499
1.19639694E+01 25.1943970894231 0.00465811698463975 0.00237906388024515 0.00259577560708747 0.982994699658721 0 0 0.00742476072501577 0.00963295647197238 0.992627656130694
1.19643785E+01 25.0270741304053 0.00476653956345109 0.00244255102220413 0.00272503240469267 0.98286868340377 0 0 0.00725036063163095 0.00993412299034789 0.992802806394118
1.19647901E+01 24.9095952013823 0.0048005438881385 0.00249043012535817 0.00287374602522756 0.983054469654372 0 0 0.00683461379535193 0.0101647200387242 0.993219189693096
1.19652036E+01 24.8761238296329 0.00470552035363974 0.00250344826736293 0.00300737343214552 0.983794411364336 0 0 0.00604352177331233 0.0102163420531482 0.994010753417484
1.19656173E+01 24.9669412889145 0.00443975946902303 0.00245894710087129 0.00306557128141217 0.985317256740727 0 0 0.0047728923067124 0.00996427785130649 0.995281534592034
1.19660289E+01 25.2015701639717 0.00403659979668378 0.00235653979548077 0.00300018893696123 0.987448981872413 0 0 0.0032119259622847 0.00939332852912578 0.996842310401539
1.19666397E+01 25.4816290993901 0.00365716179827099 0.00203762147614191 0.00259279936703816 0.99044801262742 0 0 0.00131821127954507 0.00828758264145106 0.998735595268871
1.19675558E+01 25.4119387563625 0.00495035464259897 0.00327201141546832 0.004324541627997 0.982390625105277 0 0 0.00511693174010359 0.0125469076860643 0.994937532791341
1.19689044E+01 25.5578801943564 0.00570029493416948 0.00372336957824121 0.00509949811990979 0.981573174661788 0 0 0.0039583552403669 0.0145231626323205 0.996096337294108
1.19702438E+01 26.0032301582271 0.00526027709510247 0.00354559762533309 0.00488172727878722 0.983308136889685 0 0 0.00305852659904397 0.0136876019992228 0.996995738888908
1.19715590E+01 26.4509625118545 0.00506187950400647 0.00341246043351152 0.00481417176947456 0.983737600790076 0 0 0.00302780727786774 0.0132885117069926 0.997026112497068
1.19728519E+01 26.8756922872876 0.00498146345660187 0.00336068476430363 0.00476312322047796 0.98388623137003 0 0 0.00306213170698218 0.0131052714413834 0.996991502811413
1.19741244E+01 27.2926942507295 0.00492876261186287 0.00324218158848993 0.00470604960507214 0.984115010898278 0 0 0.00306131815468408 0.0128769938054249 0.996992004703703
1.19753775E+01 27.712853121125 0.00487616137571165 0.00318624742151469 0.00464741278846613 0.984303733750407 0 0 0.0030394844093404 0.0127098215856925 0.9970135553361
1.19766115E+01 28.1301436533385 0.00483369611174605 0.00307579858340793 0.00459131562183374 0.984517730918634 0 0 0.00303418876035034 0.0125008103169877 0.997018541235622
1.19778273E+01 28.5529444231424 0.00478187772779525 0.00300028793634909 0.00453483217286177 0.984724156056254 0 0 0.00301129100122899 0.0123169978370061 0.99704115389326
1.19790250E+01 28.9755894785619 0.00473783399994572 0.00295273722259563 0.00448080361215981 0.984873626854557 0 0 0.00300714866092604 0.0121713748347012 0.997045001689258
1.19802052E+01 29.3972638270403 0.0046986646720824 0.00287026812074895 0.00442812211251656 0.98504986281628 0 0 0.00300493379314934 0.0119970549053479 0.997046917721628
1.19813686E+01 29.8220167637053 0.00465835302490587 0.00277067854446923 0.00437601165722722 0.985250509139254 0 0 0.00299603209628465 0.0118050432266023 0.997055552365856
1.19825153E+01 30.251984555192 0.00461216654217991 0.00272120872763937 0.00432362210027479 0.985413460912392 0 0 0.00298086186496229 0.0116569973700941 0.997070458282486
1.19836457E+01 30.6823252931206 0.00457398250162827 0.00266802204910964 0.00427328980927654 0.985554553349972 0 0 0.0029812006236864 0.0115152943600144 0.997069847709986
1.19847603E+01 31.1149709608534 0.00453654127389642 0.00261155726297266 0.00422374551354541 0.985702886838202 0 0 0.00297604923740737 0.0113718440504145 0.997074730888617
1.19858593E+01 31.5493524657125 0.0045022378241953 0.00252502425165704 0.00417485243613621 0.985874234148011 0 0 0.00297417458256796 0.0112021145119886 0.99707634866
1.19869432E+01 31.9869241127379 0.00446402406485649 0.00248273573039101 0.00412614443748412 0.986011946282772 0 0 0.00296541615773012 0.0110729042327316 0.997084850515504
1.19880123E+01 32.4267766330279 0.00442952210839551 0.00243612079282466 0.00407890304660384 0.986142695029075 0 0 0.0029627768861289 0.010944545947824 0.997087240976899
1.19890669E+01 32.868985514709 0.00439850438752672 0.00240490610714548 0.00403252972138995 0.986250792118096 0 0 0.00296303838025109 0.0108359402160622 0.997086732334158
1.19901073E+01 33.3148912548805 0.00436574854431479 0.0023438925795251 0.00398622669916551 0.986396979314346 0 0 0.00295669205240374 0.0106958678230054 0.997092847137351
1.19911338E+01 33.7671953252351 0.00432884951184445 0.00227235472952227 0.00394027243656114 0.986559569994968 0 0 0.00294826929927462 0.0105414766779279 0.997101046672896
1.19921465E+01 34.2227701152628 0.00429589906091303 0.00222580440868602 0.00389551610085893 0.986687564632308 0 0 0.00294435236132627 0.010417219570458 0.997104784202766
1.19931457E+01 34.6748515142751 0.00427307064138405 0.00218314676758848 0.00385209078530621 0.986787643082294 0 0 0.00295293867250871 0.0103083081942787 0.997095951276573
1.19941319E+01 35.1365389490048 0.00424133774861228 0.00214599155623823 0.00380810549366274 0.986911404402343 0 0 0.00294187805890676 0.0101954347985132 0.997106839200857
1.19951051E+01 35.6009781059136 0.00421175838354546 0.00206507054613165 0.00376477816427567 0.987066234401095 0 0 0.00294067471091784 0.0100416070939528 0.997107841495047
1.19960657E+01 36.0659137701044 0.00418661456805128 0.00202223920804846 0.00372273748159664 0.987175517774133 0 0 0.00294122363504151 0.00993159125769638 0.997107109031829
1.19970138E+01 36.5348862900655 0.00416088701612673 0.00198311563979607 0.00368104506832883 0.987284066347518 0 0 0.00293903865328843 0.00982504772425164 0.997109114071769
1.19979498E+01 37.0071729703527 0.00413675300522533 0.00194784821466229 0.00364007796834194 0.987383381845278 0 0 0.00293989978881013 0.00972467918822955 0.997108061033507
1.19988738E+01 37.4843789716904 0.00411296831451941 0.00193260093637169 0.00359897465826727 0.987467110711767 0 0 0.00293615092524599 0.00964454390915836 0.997111654620925
1.19997861E+01 37.9648667570441 0.0040878192196264 0.00185821948359428 0.0035584964610717 0.987609395285003 0 0 0.00293370720125956 0.00950453516429238 0.997113930449296
1.20006868E+01 38.4481900332241 0.00406632532935621 0.00182339047532327 0.00351919590709154 0.987701636076614 0 0 0.00293693903152327 0.00940891171177102 0.997110547788385
1.20015762E+01 38.9356213741993 0.00404219358636695 0.00178578141419041 0.00348018845513511 0.987808904611092 0 0 0.00293024698138252 0.00930816345569247 0.997117068066785
1.20024545E+01 39.429629840467 0.00401798780868605 0.00174067759138738 0.00344161044749977 0.98791950768003 0 0 0.00292740562026623 0.0092002758475732 0.997119783527603
1.20033218E+01 39.9223354947098 0.00400413295011717 0.00174367829279989 0.00340377879490559 0.987956719246209 0 0 0.002938739694113 0.00915159003782265 0.997108309284031
1.20041783E+01 40.4179051139553 0.00398538065112095 0.00166755145300019 0.00336592093569509 0.988095797825276 0 0 0.00293226065690078 0.00901885303981623 0.997114650865092
1.20050244E+01 40.9218114500722 0.00396052254914816 0.00164557035023143 0.00332875520836113 0.988186636100848 0 0 0.00292529271696717 0.00893484810774072 0.997121484208589
1.20058600E+01 41.4318589970586 0.00394026669215084 0.00160294487883623 0.00329231049009131 0.988281894445213 0 0 0.00292923477096734 0.00883552206107838 0.997117416506292
1.20066854E+01 41.9388656867114 0.00392483149710354 0.00158789653247825 0.003256672367352 0.988348383326298 0 0 0.00292873877222957 0.00876940039693378 0.997117783723232
1.20075007E+01 42.4561716036251 0.003903705132609 0.00156238668241901 0.00322082547330584 0.98843626768309 0 0 0.00292324315434515 0.00868691728833386 0.997123184971424
1.20083062E+01 42.969617720773 0.00389666191791728 0.00153987653625348 0.00318552589621543 0.988484698095561 0 0 0.00293954227893763 0.00862206435038619 0.997106762445947
1.20091020E+01 43.4892882482995 0.00387783410105807 0.00147881030227058 0.00315040941157176 0.988612567180405 0 0 0.00292658397335295 0.00850705381490041 0.997119620995305
1.20098883E+01 44.0180257361425 0.00385710049827597 0.00145269214896878 0.00311600724262787 0.988697356870914 0 0 0.00292295390009636 0.00842579988987262 0.997123156760786
1.20106651E+01 44.5497662847437 0.00384180931289446 0.00142662973344857 0.00308253769777976 0.988765288205001 0 0 0.00292973215989007 0.00835097674412279 0.997116264949124
1.20114327E+01 45.0851573781936 0.00382464697979299 0.00140223541352387 0.00304935701669515 0.988847951134428 0 0 0.00292173754424361 0.00827623941001202 0.99712419054444
1.20121912E+01 45.6178391986875 0.0038166461861922 0.00139560880827147 0.00301685273606645 0.988885648518352 0 0 0.00293106449907971 0.00822910773053013 0.997114756248882
1.20129408E+01 46.1561291621296 0.00380813419995833 0.00133362440519611 0.00298385550305201 0.988983197435308 0 0 0.00293691842146984 0.00812561410820646 0.997108811543514
1.20136817E+01 46.7056574731666 0.00378518878792295 0.00131642541881193 0.00295107748090662 0.989074133610905 0 0 0.00291883492012337 0.0080526916876415 0.997126825298547
1.20144138E+01 47.2515011148958 0.0037788491960462 0.001329053285467 0.00291978300677748 0.989085800393054 0 0 0.00293209245698068 0.00802768548829069 0.997113485881345
1.20151375E+01 47.8120252293529 0.00375909817954458 0.00127670514911644 0.00288811129287252 0.989197091592017 0 0 0.0029245062581904 0.00792391462153354 0.99712100621355
1.20158527E+01 48.3616645124985 0.00374904416189279 0.00125406330636792 0.00285809895902731 0.989267838116607 0 0 0.00291639118342483 0.00786120642728802 0.997129044543895
1.20165598E+01 48.9313569890079 0.00373779386582486 0.00123687916346967 0.0028278677624061 0.989306638499205 0 0 0.00293619316611789 0.00780254079170063 0.997109179290906
1.20172586E+01 49.4946149557777 0.00373017565981586 0.00119360010079447 0.00279665311314523 0.989397922253834 0 0 0.0029269783819803 0.00772042887375556 0.997118351127589
1.20179495E+01 50.0602829509143 0.00372071390772269 0.00117007614913871 0.00276687643047911 0.989461287075992 0 0 0.00292631058725018 0.00765766648734051 0.997118953563332
1.20186326E+01 50.6410521178941 0.00370970359309771 0.00115077176248888 0.00273742187814886 0.989510626346043 0 0 0.00293668365447428 0.00759789723373544 0.997108523579778
1.20193079E+01 51.2154956428821 0.00370181753823072 0.00113444348767276 0.00270831640422243 0.989571169112441 0 0 0.00292940046985274 0.0075445774301259 0.997115746542567
1.20199756E+01 51.8045588797439 0.0036850323818633 0.00111405197048336 0.00267968709708056 0.98964163789157 0 0 0.00292468298691069 0.00747877144942722 0.997120409340997
1.20206357E+01 52.3882606964162 0.00368050092591049 0.00110860063548498 0.00265243988162229 0.98966908255358 0 0 0.00293439417450475 0.00744154144301777 0.997110623996598
1.20212884E+01 52.9873853640877 0.00366878053454124 0.00109225361852305 0.00262438686197655 0.989724509704593 0 0 0.00293505361571218 0.00738542101504083 0.997109930719634
1.20219338E+01 53.5684820367718 0.00366724993000826 0.00107846399418865 0.00259702107863543 0.989776409262523 0 0 0.00292579961277254 0.00734273500283234 0.997119144265356
1.20225721E+01 54.1710033972229 0.00365696837009587 0.00106667732876002 0.00256919673389574 0.989820201535141 0 0 0.00293187720440382 0.00729284243275163 0.997113043967892
1.20232034E+01 54.7765858780168 0.00364727085117911 0.00102254159148825 0.00254239300912491 0.989898063759412 0 0 0.00293458672940972 0.00721220545179226 0.997110269211204
1.20238277E+01 55.3876730594353 0.00363723117206639 0.00101624001498672 0.00251625452563146 0.989944627952908 0 0 0.00293046986873463 0.00716972571268458 0.997114353665593
1.20244450E+01 55.9990410451924 0.00363368738467834 0.000988772553360601 0.00249014448100039 0.989993736772382 0 0 0.00293843337187159 0.00711260441903933 0.997106341191421
1.20250557E+01 56.6133064226613 0.00362277842365878 0.000975057040263311 0.00246407406341066 0.990061224856564 0 0 0.00292163788783395 0.00706190952733275 0.997123134383897
1.20256597E+01 57.2362879626294 0.00361751286413243 0.000972929915307558 0.00243903974155606 0.990082572038913 0 0 0.00293269871221552 0.00702948252099605 0.997112054559909
1.20262572E+01 57.858080314178 0.00361712958438264 0.000961275909915923 0.00241391804293541 0.990111431090157 0 0 0.0029409606934073 0.00699232353723397 0.997103754627391
1.20268482E+01 58.4885937928646 0.00360991144269497 0.000914331002543681 0.00238774210394912 0.990197969284491 0 0 0.00293473855103934 0.00691198454918778 0.997109953833679
1.20274329E+01 59.1172685854608 0.00360481463537053 0.00090820724104301 0.00236332838683215 0.990234738524391 0 0 0.0029335670126453 0.00687635026324569 0.997111088787636
1.20280113E+01 59.757299088366 0.0036000366194911 0.000922473624828402 0.00233927189033908 0.990244236314898 0 0 0.00293863140869745 0.00686178213465859 0.997106018449557
1.20285835E+01 60.407712456068 0.00358648924435869 0.000885554749965151 0.00231501893242032 0.990327902972772 0 0 0.00292968286340435 0.00678706292674415 0.997114965899516
1.20291496E+01 61.0519275254479 0.00358719912501883 0.000869327212934881 0.00229257692055109 0.99035470214757 0 0 0.00294080805106706 0.00674910325850481 0.997103805406075
1.20297097E+01 61.7064426151755 0.00357974000182723 0.000859195856268034 0.00226858185413484 0.990402505960863 0 0 0.00293457352791014 0.0067075177122301 0.997110023673093
1.20302639E+01 62.3626153144381 0.00357662860794679 0.000846511767247484 0.00224596863511547 0.990438965533569 0 0 0.00293653540789849 0.00666910901030975 0.997108074543878
1.20308123E+01 63.0182066479772 0.00357804117244326 0.000837547645473885 0.00222337379073128 0.990459899131445 0 0 0.00294572422596794 0.00663896260864843 0.997098861740093
1.20313549E+01 63.6835419524318 0.003572664067114 0.000809003708344031 0.00219928726804511 0.990525793102361 0 0 0.00293783028179788 0.00658095504350314 0.997106748145865
1.20318919E+01 64.3569820290047 0.00356510788365737 0.00080283977543748 0.00217716132084709 0.990560493829079 0 0 0.00293898495604961 0.00654510897994193 0.997105602809021
1.20324232E+01 65.0214080522238 0.00357033067960546 0.000784394256104635 0.00215536784265635 0.99058767918818 0 0 0.00294679853512411 0.00651009277836645 0.997097771966547
1.20329491E+01 65.7060500259654 0.00355996633350451 0.000772462412212311 0.00213333135905457 0.990639406482016 0 0 0.00293939831908443 0.00646576010477139 0.997105166586787
1.20334696E+01 66.3943280586681 0.00355258860051383 0.000760873837827849 0.00211218108685553 0.990681222677314 0 0 0.00293770484170953 0.00642564352519721 0.997106866202512
1.20339846E+01 67.0766801848106 0.00355379834456954 0.000750655552142278 0.00209185588215462 0.990705545010682 0 0 0.00294272254464821 0.00639630977886643 0.997101854789549
1.20344944E+01 67.7726316702461 0.00354922994831266 0.000751192142688343 0.00207122960316778 0.990730023982205 0 0 0.00294290186295898 0.00637165169416878 0.997101675676373
1.20349990E+01 68.4696282643603 0.00354723558688316 0.000742768053357054 0.00205064222720608 0.990762387931796 0 0 0.00294156295434185 0.0063406458674463 0.997103033799243
1.20354984E+01 69.1641111413405 0.00355234859445977 0.000736993103198176 0.00202985459775662 0.990775028684507 0 0 0.00295035183179028 0.00631919629541457 0.997094224979921
1.20359929E+01 69.8729018411268 0.00354647796886181 0.000709343391987578 0.00200851845711374 0.990836031934343 0 0 0.00294422041419945 0.00626433981796313 0.997100371752307
1.20364823E+01 70.5801212334879 0.00354423006971701 0.000694905145285145 0.00198911767997061 0.990870210730353 0 0 0.00294614131239746 0.00622825289497277 0.997098463625326
1.20369668E+01 71.2938207708006 0.00354557608593659 0.000681195727412754 0.00196930595782436 0.990898879260706 0 0 0.00294966835451367 0.00619607777117371 0.99709495703188
1.20374464E+01 72.0223868562466 0.00353424160335118 0.000676967473978839 0.00194988155946987 0.990942983359486 0 0 0.0029405610844683 0.00616109063679989 0.997104073996286
1.20379212E+01 72.7399687264854 0.003540366135822 0.000662465485532362 0.00193109512499494 0.990958873945104 0 0 0.00295182417258615 0.0061339267463493 0.997092800691453
1.20383914E+01 73.4742480311042 0.00353280332845482 0.000660346311805198 0.00191274024254737 0.99099472742036 0 0 0.0029440438765488 0.00610588988280739 0.997100617303167
1.20388568E+01 74.2123715091613 0.00353080471182158 0.000654661775550488 0.00189403262746627 0.991018062142388 0 0 0.00294711567023566 0.00607949911483834 0.997097561257226
1.20393176E+01 74.94961218474 0.00353431803418902 0.000658521975782138 0.00187584626393338 0.991025283985699 0 0 0.0029507422327267 0.00606868627390454 0.997093970259604
1.20397738E+01 75.6853214850923 0.00354042490329885 0.000627346047665957 0.00185620115292331 0.991064556880748 0 0 0.00295618366427987 0.00602397210388812 0.997088528984636
1.20402256E+01 76.4384760566281 0.00353155704988172 0.000623230842078898 0.00183809029494403 0.991104751275727 0 0 0.00294710893808389 0.00599287818690466 0.997097629462632
1.20406730E+01 77.1972944870859 0.00353052503731972 0.000627279079166443 0.00182109782388187 0.991114894742838 0 0 0.00295098725303267 0.00597890194036803 0.997093796683206
1.20411160E+01 77.9480221690552 0.00353422808345952 0.00060465314434509 0.001802825332697 0.991148637901821 0 0 0.00295443886312518 0.0059417065605016 0.997090344462322
1.20415547E+01 78.7161129093027 0.00352725892753258 0.000600955754185996 0.00178646245098545 0.991181746866713 0 0 0.00294838133416738 0.00591467713270402 0.997096423999417
1.20419891E+01 79.4867774152688 0.0035268616129121 0.000587902686705518 0.00176885120484192 0.991209005598275 0 0 0.00295222281781577 0.00588361550445954 0.997092621102735
1.20424193E+01 80.2508146957622 0.00353280413507093 0.000588358648806257 0.00175291877762617 0.991213451247375 0 0 0.00295731886211658 0.00587408156150336 0.997087532808878
1.20428455E+01 81.0324294920102 0.00352783628470854 0.000583468440924159 0.00173573776427212 0.99124581236849 0 0 0.00295203511112284 0.00584704248990482 0.997092854858394
1.20432675E+01 81.8162594223127 0.00353131963059664 0.000579483523626725 0.0017188276999333 0.991258138328948 0 0 0.00295715271888876 0.00582963085415666 0.997087769183105
1.20436855E+01 82.6070874245726 0.00353109523763735 0.000575569525355966 0.00170194583035473 0.991280020310239 0 0 0.0029563502553336 0.00580861059334804 0.997088630903587
1.20440994E+01 83.4056574380893 0.00352687040706263 0.000549443806423041 0.00168517708890827 0.991330018127055 0 0 0.00295349347474244 0.00576149130239394 0.997091509429448
1.20445094E+01 84.1942843896927 0.00353479670451875 0.000543588881736525 0.00166942283575258 0.991335635251482 0 0 0.0029615688619182 0.00574780842200785 0.99708344367349
1.20449156E+01 84.9778815156945 0.00354624638347031 0.000539332360168751 0.00165395818880283 0.991338789546565 0 0 0.00296669596256573 0.00573953693244189 0.997078326479006
1.20453180E+01 85.7168020748842 0.00356832339280214 0.000535214898240381 0.00163989856827834 0.991321387909056 0 0 0.00298011346453215 0.00574343685932085 0.997064824768377
1.20457170E+01 86.4661734995024 0.00357476567413705 0.000528578658569446 0.00162617966436099 0.9913392015722 0 0 0.00297610990038181 0.00572952399706749 0.997068725569267
1.20461125E+01 87.2469412159422 0.00356004658353851 0.000522805540965662 0.00161176952498485 0.991384931030627 0 0 0.0029652768841451 0.00569462164948902 0.997079552680116
1.20465045E+01 88.0687819900754 0.00353909151412045 0.000515828371568933 0.00159704455792122 0.991439118686116 0 0 0.00295378788171858 0.0056519644436106 0.997091083129726
1.20468928E+01 88.8962702490144 0.00353452425079087 0.000510854281881455 0.00158254181650056 0.991457665806594 0 0 0.00295934024299424 0.00562792034917288 0.997085586155767
1.20472775E+01 89.712599310891 0.0035419675100354 0.000514915117328365 0.00156825600953154 0.991455791975944 0 0 0.00296401839922744 0.0056251386368953 0.99708093061284
1.20476586E+01 90.5481183883101 0.00354166927715421 0.000512012798556236 0.00155307300143915 0.991474062608354 0 0 0.00296417075006443 0.00560675507714959 0.997080817685503
1.20480363E+01 91.388801100889 0.00354109477421355 0.000485602198140318 0.00153730606275164 0.991519235491082 0 0 0.00296181237459484 0.00556400303510551 0.997083238526187
1.20484105E+01 92.2459143531657 0.00353622190519059 0.000484331422299645 0.00152304860312958 0.991539837198882 0 0 0.00296164489143713 0.00554360193061982 0.997083439129502
1.20487812E+01 93.0972580291109 0.0035401581741209 0.00049537525031703 0.00151039736268098 0.991535508716438 0 0 0.00296369745834753 0.00554593078711892 0.997081439503557
1.20491485E+01 93.9623500099726 0.00353919815718429 0.00047098850332397 0.00149507508044541 0.991575477732426 0 0 0.00296444282173058 0.00550526174095367 0.997080739473379
1.20495125E+01 94.8165349338578 0.00354292503131797 0.000469169022376022 0.00148259251509309 0.991585360776848 0 0 0.00296517523231706 0.00549468656878709 0.997080047345635
1.20498732E+01 95.6845128219909 0.00354523475111468 0.000460814317799048 0.00146830530726923 0.991602267720318 0 0 0.00296864826524692 0.00547435437618296 0.997076622096501
1.20502305E+01 96.5605431524718 0.00354241011734868 0.000460778889051444 0.00145571745363988 0.991622237965311 0 0 0.00296416996689888 0.00545890646004001 0.997081144425351
1.20505847E+01 97.4424690911116 0.00354373172417383 0.000458414410232495 0.00144227545043622 0.991632956361674 0 0 0.00296798629691518 0.00544442158484254 0.997077377946516
1.20509356E+01 98.3268463045127 0.00354742405669927 0.000460546022799896 0.00142975095087076 0.991639201953384 0 0 0.00296850667920389 0.00543772103036993 0.997076922983754
1.20512834E+01 99.2209223758719 0.00354757555736648 0.000450876717619376 0.00141659215248517 0.99166133254902 0 0 0.00296910027588736 0.00541504442747102 0.997076376976491
1.20516281E+01 100.091136375429 0.00356380326887334 0.000438035933926744 0.00140249613585625 0.991662542702097 0 0 0.00297863195280085 0.00540433533865633 0.997066878040753
1.20519697E+01 101.000582850333 0.00355225085712282 0.000436363276886324 0.00138967334681611 0.991701366203251 0 0 0.00296590837939914 0.00537828748082525 0.997079653684076
1.20523083E+01 101.902577713858 0.00356084647847582 0.000442498182201213 0.00137791359306218 0.991686346578623 0 0 0.00297802876834126 0.00538125825373921 0.997067604832362
1.20526439E+01 102.82040258988 0.00355499916157668 0.000425504515621359 0.00136460579287607 0.99173230634711 0 0 0.00296827721262044 0.00534510947007411 0.997077415817185
1.20529765E+01 103.750980569468 0.00355117680794649 0.000423446212834434 0.00135350757389686 0.991747156848371 0 0 0.00297043849907183 0.00532813059467778 0.997075287443048
1.20533061E+01 104.650729483587 0.00356613506510275 0.000416649596378004 0.00134112358979793 0.991743473859663 0 0 0.00297837761416546 0.00532390825127868 0.997067382110941
1.20536329E+01 105.579159421024 0.00356280308597624 0.000417119683860929 0.00132981900755731 0.99176194027502 0 0 0.00297413166312322 0.00530974177739447 0.997071682052415
1.20539568E+01 106.510356914191 0.00356295317182848 0.000408608881435468 0.00131788543449429 0.991782452528105 0 0 0.00297396849637067 0.00528944748775823 0.997071900015863
1.20542779E+01 107.449136575596 0.00356565918731651 0.000410973407579986 0.00130693220509223 0.991786536367604 0 0 0.00297583329369091 0.00528356479998872 0.997070101167593
1.20545961E+01 108.394253805436 0.00356724909693145 0.000408875750734467 0.00129525097568372 0.991797768108337 0 0 0.00297686977558046 0.00527137582334964 0.997069143931687
1.20549116E+01 109.329708457214 0.00358031943488799 0.000397565048085813 0.00128210462625405 0.991801995360078 0 0 0.00298407341978487 0.00525998910922785 0.997061984469305
1.20552244E+01 110.269267591537 0.00358376615381029 0.000411805482994658 0.0012711422417279 0.991798879132065 0 0 0.00298049646269007 0.00526671387853285 0.997065593010598
1.20555345E+01 111.240963039726 0.00357482485887854 0.000399912751421553 0.00126119986888191 0.991832999149771 0 0 0.00297721884951434 0.005235937479182 0.997068936628953
1.20558420E+01 112.204007876498 0.00357819067784027 0.000387267529229691 0.0012487731468044 0.991853046127338 0 0 0.00297893071135128 0.00521423135387436 0.997067277481212
1.20561467E+01 113.188329397229 0.00357333688158404 0.000379043958228528 0.00123817796186531 0.991879088576325 0 0 0.00297663685641648 0.00519055880167788 0.997069647378003
1.20564489E+01 114.157305656856 0.00358408986306893 0.000390657484804798 0.00122849268553648 0.991860068424797 0 0 0.00298303137973148 0.0052032400334102 0.997063308458207
1.20567484E+01 115.143243753 0.00358279810046825 0.000371901924109936 0.00121644320964643 0.991896200570817 0 0 0.00297905160406829 0.00517114323422461 0.997067343805042
1.20570454E+01 116.12274139766 0.00358594599979354 0.000376425469928501 0.00120750103134256 0.991894486933985 0 0 0.00298206822222832 0.0051698725010646 0.997064359435049
1.20573399E+01 117.113928686672 0.0035875230103848 0.000365547261372609 0.00119615366481974 0.991915831897289 0 0 0.00298143842423874 0.00514922393657714 0.997065055833866
1.20576319E+01 118.109151626361 0.00358953724721681 0.000371566297748304 0.00118721665568804 0.99191660753452 0 0 0.00298163526831567 0.00514832020065316 0.997064927735173
1.20579215E+01 119.119771043317 0.0035873127043252 0.00036543392854718 0.00117635128721868 0.991937005629671 0 0 0.00298051644064101 0.00512909792009105 0.997066103549762
1.20582085E+01 120.110075510119 0.00360406024358491 0.000373350144936194 0.0011655756305657 0.991913488473023 0 0 0.00299021635341277 0.0051429860190868 0.99705647449211
1.20584933E+01 121.128000991435 0.00360114162233095 0.000351369630074301 0.00115500439085008 0.991956442907832 0 0 0.00298280386073199 0.00510751564325533 0.997063958551087
1.20587756E+01 122.155934378079 0.00359883545763201 0.000362221763725793 0.00114665575367361 0.991955156472075 0 0 0.00298395076633633 0.00510771297503141 0.997062869447107
1.20590555E+01 123.172180571761 0.0036011079769882 0.000356104636585901 0.00113747740236175 0.991968969233398 0 0 0.00298319483583326 0.00509469001593585 0.997063659249334
1.20593332E+01 124.207934557802 0.00359875881191779 0.000346593441500036 0.00112724470862884 0.991993003012706 0 0 0.00298133759584958 0.00507259696204667 0.997065599974752
1.20596085E+01 125.236790723215 0.00360778832953793 0.000340615548782922 0.0011171616598609 0.991993169759264 0 0 0.00298826831028517 0.00506556553818175 0.997058735297445
1.20598816E+01 126.288239766904 0.00360421391445575 0.000342690166399339 0.00110755491768803 0.99200989918961 0 0 0.00298272266440058 0.00505445899854312 0.997064358188153
1.20601524E+01 127.304472004788 0.00361970141930809 0.000335567466148347 0.00109865990406636 0.99200234690302 0 0 0.0029908396853936 0.0050539287895228 0.997056275692543
1.20604210E+01 128.357934519419 0.00361614198403745 0.000333439111966429 0.0010893142174927 0.992021774709503 0 0 0.0029864977138753 0.00503889531349658 0.997060670022999
1.20606874E+01 129.420522847159 0.00361259418301185 0.000330499420486145 0.00108043830239455 0.992039725813997 0 0 0.00298398914255721 0.00502353190589255 0.99706325771989
1.20609517E+01 130.495558369381 0.00360960979734406 0.00033333565711771 0.00107174757323247 0.992050485224605 0 0 0.0029821214136535 0.00501469302769424 0.997065178252299
1.20612137E+01 131.566354127601 0.00361425768125199 0.000330816710614232 0.00106342616946204 0.992052526388423 0 0 0.0029863527541315 0.00500850056132826 0.997061026949751
1.20614736E+01 132.640478523015 0.00361822720593343 0.00032986249060017 0.00105514232576985 0.99205800118678 0 0 0.00298621237958873 0.00500323202230345 0.997061233209084
1.20617315E+01 133.69779045777 0.00363459566785802 0.000336800239897929 0.00104559238055737 0.992036536623946 0 0 0.00299400003268145 0.00501698828831332 0.997053524912259
1.20619872E+01 134.769894997909 0.00363410580684654 0.000327839819127895 0.00103820180317103 0.992058092811263 0 0 0.00298932361716428 0.00500014742914546 0.997058240240408
1.20622410E+01 135.861804956856 0.00363018790422093 0.000317422371311017 0.00102822870669474 0.992085318186395 0 0 0.00298646487236681 0.00497583898222668 0.997061157168622
1.20624927E+01 136.970616339232 0.00362475187941309 0.000317288602194543 0.00102013452764159 0.992101522442211 0 0 0.00298400941693749 0.00496217500924922 0.99706369745146
1.20627424E+01 138.054291026946 0.00364167974251427 0.000314809747503734 0.00101161906639136 0.992085367149268 0 0 0.00299431157065095 0.00496810855640936 0.997053475705677
1.20629901E+01 139.182479797349 0.00362900377788512 0.000312603607604559 0.00100342532482066 0.992120187835811 0 0 0.00298263783347181 0.00494503271031034 0.997065220546121
1.20632358E+01 140.286167233622 0.00364003762501834 0.000316610712772791 0.000996963726060654 0.99210328961531 0 0 0.00299103088547019 0.00495361206385179 0.997056901679162
1.20634796E+01 141.384011574038 0.00364755630610992 0.000303861942533033 0.000987677676176803 0.992117435616443 0 0 0.00299143844690331 0.00493909592481976 0.997056531541263
1.20637214E+01 142.517586804579 0.00364020902705413 0.000306566514909556 0.000981339230727882 0.992133687990967 0 0 0.00298624113375968 0.00492811477269157 0.997061802763659
1.20639614E+01 143.648647063525 0.00364132331694488 0.000303579842841924 0.000972208223710177 0.992143698624421 0 0 0.00298730053343441 0.00491711138349698 0.997060810007918
1.20641995E+01 144.779002468087 0.00364594959214721 0.000304319517671161 0.000966007753996154 0.992143153021534 0 0 0.00298876570237028 0.00491627686381452 0.997059429885349
1.20644357E+01 145.92338652019 0.00364551873887876 0.000298699358885625 0.000958091134902878 0.99215869678277 0 0 0.00298725447233016 0.00490230923266726 0.997061006015437
1.20646700E+01 147.050169689392 0.00365935705573565 0.000305552564100451 0.000950443663514404 0.992138746307921 0 0 0.00299425127444626 0.00491535328335051 0.997054099591272
1.20649026E+01 148.192140136338 0.00365821358340089 0.000293274265828239 0.000941904900432524 0.992165481008171 0 0 0.00298951504170475 0.00489339274966166 0.997058873757833
1.20651333E+01 149.332817803258 0.00366601629202 0.000292375022063284 0.000934472864389726 0.992162166223901 0 0 0.00299343872014076 0.00489286417847301 0.997055030402374
1.20653623E+01 150.507748837085 0.00365654467130264 0.000295396402135577 0.0009288091947433 0.992181466760499 0 0 0.00298632442829582 0.00488075026818152 0.997062217028681
1.20655896E+01 151.678543611125 0.00365797908386104 0.000293129878765127 0.000921755580396709 0.992187948387988 0 0 0.00298782082956894 0.00487286454302288 0.997060812931011
1.20658150E+01 152.863553122692 0.00365697904817978 0.000290035689962113 0.000914417839599793 0.992200540296647 0 0 0.002986727042996 0.00486143257774168 0.997061972874389
1.20660387E+01 154.016326265466 0.00366855732570925 0.000284758444532733 0.000907016115676063 0.992196669699846 0 0 0.00299175281071042 0.00486033188591804 0.997057001585764
1.20662608E+01 155.193740257802 0.00366843413306664 0.000282176938497997 0.000900182699172859 0.992209065547401 0 0 0.00298895876360374 0.0048507937707375 0.997059859318138
1.20664811E+01 156.391210072222 0.00366637034610326 0.000281139444983485 0.000892790035549448 0.99222064288869 0 0 0.00298797661827799 0.0048402998266362 0.997060942715326
1.20666998E+01 157.583687910747 0.00367048477966579 0.00028029062389387 0.00088591590824471 0.992222806008698 0 0 0.00298949201053616 0.00483669131180437 0.997059497320503
1.20669168E+01 158.785591065037 0.00367150056935088 0.000279065864243629 0.000879489789113173 0.992230698914413 0 0 0.00298830412644715 0.00483005622270768 0.997060755137121
1.20671322E+01 159.987278205189 0.00367614107570289 0.000279417996240092 0.000873759767452973 0.992230112174328 0 0 0.00298971159685925 0.00482931883939595 0.997059431013724
1.20673459E+01 161.198612744469 0.00367786500085957 0.000275159058411449 0.000865947086165537 0.992241324393703 0 0 0.00298893379910015 0.00481897114543656 0.99706029553914
1.20675581E+01 162.390691070478 0.00368671550107615 0.000273858843797265 0.000859796002342298 0.992236808266733 0 0 0.00299211673278194 0.00482037034721572 0.997057178613948
1.20677687E+01 163.610228054413 0.00368424900550551 0.000272375171955505 0.000853507752299926 0.99225084476998 0 0 0.00298838534616182 0.00481013192976094 0.997060976699741
1.20679777E+01 164.836801930213 0.00368431003203469 0.000271436995113159 0.000847641615002664 0.99225736658763 0 0 0.00298869024532866 0.00480338864215052 0.99706075522978
1.20681851E+01 166.063015533583 0.00369258866599343 0.000274226939416204 0.00084197198003865 0.99224842732473 0 0 0.00299232335630753 0.00480878758544828 0.997057214910178
1.20683911E+01 167.312589173747 0.00368701056535199 0.000269544681740401 0.000835402253292797 0.992271489072446 0 0 0.00298617436659929 0.00479195750038518 0.997063446572831
1.20685955E+01 168.547140941766 0.00369670292547576 0.000265558572218467 0.000827988764568943 0.99226738623697 0 0 0.0029920659774006 0.00479025026226317 0.997057636499234
1.20687984E+01 169.776634395921 0.0037031933177202 0.000269249978730279 0.000823691148652903 0.992261848041721 0 0 0.00299177844941544 0.00479613444510338 0.997057982486824
1.20689998E+01 171.036964406561 0.00369630313653852 0.000264305277264766 0.00081710908215019 0.992285285165465 0 0 0.00298682546648614 0.00477771749595348 0.997063002661418
1.20691997E+01 172.293185232859 0.00370362308954691 0.000266709478601224 0.000811781631472941 0.992276205056743 0 0 0.0029916176156554 0.00478211419962108 0.997058319256364
1.20693982E+01 173.569910689996 0.0036982267171092 0.000261372530063846 0.000805306763392006 0.992299173948514 0 0 0.00298592438020925 0.00476490601056505 0.997064079959079
1.20695952E+01 174.829811774973 0.00370949214219104 0.000263309461542244 0.000800214383231562 0.992284177616635 0 0 0.0029929051040419 0.00477301598696485 0.9970571936036
1.20697909E+01 176.122069524495 0.00370171609248168 0.000257865505002391 0.000793446695109183 0.992312499346901 0 0 0.00298465641142657 0.00475302829259326 0.997065527639494
1.20699850E+01 177.415765729424 0.00370369923044004 0.000257062547471429 0.000788112749873898 0.99231386385636 0 0 0.00298753121979223 0.00474887452778537 0.997062738384146
1.20701778E+01 178.697793492936 0.00371234649311003 0.000257414440888541 0.000783089932252197 0.992307025923127 0 0 0.00299047225796398 0.00475285086625077 0.997059876789378
1.20703691E+01 179.985798863335 0.0037177551297149 0.000253073004023979 0.000775882013369486 0.992313577670725 0 0 0.00299014423581633 0.00474671014710837 0.997060287817834
1.20705591E+01 181.302795284981 0.00371292828630626 0.00025433398877011 0.000771821420513927 0.992324485219359 0 0 0.0029869509024876 0.00473908369559029 0.997063568914949
1.20707478E+01 182.59565543741 0.00372546632815794 0.000250608729930519 0.000764899568203994 0.992316578211847 0 0 0.00299307038106028 0.00474097462629246 0.99705755283814
1.20709351E+01 183.925815365906 0.00371516047184894 0.000250099103317755 0.000760335158617015 0.992341475485082 0 0 0.0029836377123476 0.0047255947337837 0.997067070218865
1.20711210E+01 185.244490434066 0.00371965614407977 0.000249346152167696 0.000755483424484422 0.992338555221046 0 0 0.00298775820378309 0.00472448572073189 0.997063040941777
1.20713056E+01 186.537404649362 0.00373241165925261 0.000249764498908822 0.000750910635125957 0.992326232628504 0 0 0.00299153785295205 0.00473308679328739 0.997059319421791
1.20714889E+01 187.875188788116 0.00372623339205012 0.000246919034382545 0.000745026482224105 0.992346324187926 0 0 0.00298645168965222 0.00471817890865677 0.997064503096583
1.20716709E+01 189.20805006666 0.00372860218553836 0.000245896009094796 0.000740099118143573 0.992348665576598 0 0 0.00298776616957278 0.00471459731277673 0.997063262889375
1.20718517E+01 190.535792195221 0.00373600625267642 0.000243517595121762 0.000733968035027845 0.99234807708083 0 0 0.00298956343811967 0.00471349188282603 0.997061568963656
1.20720312E+01 191.897567659535 0.00373204951857771 0.00024431345572436 0.000730227556863135 0.992357841334725 0 0 0.00298677394919822 0.00470659053116521 0.99706443186589
1.20722094E+01 193.255347515662 0.00373212608226299 0.000241545736250413 0.00072453211670457 0.992368120548164 0 0 0.00298498118378457 0.00469820393521797 0.997066324483382
1.20723863E+01 194.605033860512 0.00374005440949534 0.000240103860486423 0.000719232859620291 0.992362870420003 0 0 0.0029891382944233 0.00469939112960206 0.997062261549605
1.20725621E+01 195.953867735996 0.00374885290342783 0.000243555042579203 0.000715728107949139 0.992352481972876 0 0 0.00299087187087118 0.00470813605395617 0.997060618026833
1.20727366E+01 197.338889529482 0.00374392661660145 0.000241936913772221 0.000710743393430548 0.992369408112754 0 0 0.00298557560754886 0.00469660692380422 0.997066015036558
1.20729099E+01 198.724677105435 0.00374372742145798 0.000239222443797343 0.000706047769425021 0.992376074640035 0 0 0.00298662305882176 0.00468899763468034 0.997065072274715
1.20730820E+01 200.110128109822 0.00374458057209758 0.000236250515886204 0.000700691176026075 0.992384552824902 0 0 0.00298569315628094 0.00468152226400986 0.997066075088912
1.20732528E+01 201.470753176056 0.00375966368348308 0.000239819601794899 0.000696779635688997 0.992364568296861 0 0 0.00299104051332657 0.00469626292096697 0.997060831217828
1.20734226E+01 202.867959044336 0.00375660080867403 0.000237786922721777 0.000692148344477174 0.992378677975472 0 0 0.00298673659879223 0.00468653607587298 0.997065214051345
1.20735912E+01 204.293180635022 0.00374866173026195 0.000234253747243269 0.000687422705757829 0.992399057911793 0 0 0.00298266081670442 0.00467033818326305 0.997069396095056
1.20737585E+01 205.667637802276 0.00376349377700411 0.0002319297294884 0.000682300416825457 0.992382701435108 0 0 0.00299169882328075 0.00467772392331796 0.997060425358426
1.20739248E+01 206.896212298909 0.00380388542765097 0.000233022990437096 0.000679660862021212 0.992333168977415 0 0 0.00300233065215605 0.00471656928010928 0.997049738257524
1.20740901E+01 208.107384007826 0.00382882635231259 0.000238782644531879 0.000675925035868551 0.992302719024302 0 0 0.00300577321646827 0.00474353403271302 0.997046253057015
1.20742545E+01 209.558721408241 0.0038339568145905 0.000236412970870759 0.000672337204833027 0.992226911877993 0 0 0.00308234866418018 0.00474270699029429 0.996969618868287
1.20744177E+01 210.572091127537 0.00379490949024203 0.000233062850053932 0.000668224408308586 0.992475982362841 0 0 0.00287984314897986 0.00469619674860455 0.997172179111446
1.20745801E+01 211.878914847469 0.00379369392456374 0.000229727136062786 0.000664653833541579 0.992388087089128 0 0 0.00297587489748054 0.0046880748941681 0.997076161983296
1.20747415E+01 213.253938145837 0.00378637371961594 0.000224739588945948 0.000659240725973643 0.992408284883678 0 0 0.00297350997835431 0.00467035403453553 0.997078638918213
1.20749018E+01 214.680234003313 0.00377331719317717 0.000225616760317359 0.000654632498666976 0.992430523420763 0 0 0.00296817055355998 0.00465356645216151 0.997084089872924
1.20750611E+01 216.109122543155 0.00376920618349806 0.000224624543974567 0.00065097303318099 0.992439826121505 0 0 0.00296772669035259 0.00464480376065361 0.997084629882159
1.20752193E+01 217.535489805354 0.00377294912078204 0.000223962403300691 0.000647244760503143 0.992438517472135 0 0 0.00296977126618767 0.00464415628458587 0.997082673756721
1.20753765E+01 218.959327230163 0.00377817462478045 0.00022344324774332 0.000643695191170574 0.992436347649067 0 0 0.0029708967515972 0.00464531306369434 0.997081660712762
1.20755327E+01 220.381198215389 0.00378731625364998 0.000224756532322644 0.00064051493567995 0.992426317540222 0 0 0.0029737677910231 0.00465258772165258 0.997078905261875
1.20756879E+01 221.811567033521 0.00378702334704238 0.00022168236290657 0.000635661619841006 0.992437630480886 0 0 0.00297076257479582 0.00464436732978995 0.997081997810676
1.20758421E+01 223.250546149904 0.00378972497308877 0.000221407645591201 0.000632467420282101 0.992437778186797 0 0 0.00297148559069845 0.00464360003896208 0.997081378225759
1.20759952E+01 224.666143240753 0.00380722885371918 0.000217628351538511 0.000627827348461886 0.992421634091399 0 0 0.00297865431500678 0.00465268455371958 0.997074318645119
1.20761475E+01 226.141724673641 0.0037993586289304 0.000223401166560081 0.000624885412915007 0.992434484719217 0 0 0.00297093752145736 0.00464764520840548 0.997082129927622
1.20762987E+01 227.61604349143 0.00379545445368629 0.000219446066866902 0.000621346662698338 0.992447735822739 0 0 0.00296919261328539 0.00463624718325153 0.997083983005991
1.20764489E+01 229.083842991006 0.0038027592589068 0.000217182875275727 0.000616400838908328 0.992444019759725 0 0 0.00297291550599113 0.00463634297309085 0.997080362732816
1.20765982E+01 230.531257888763 0.00381635448943986 0.000221536037966023 0.000614035984952216 0.992424849867405 0 0 0.002976604796609 0.0046519265123581 0.997076776379764
1.20767465E+01 232.046445361271 0.00380166369119151 0.000216704302975686 0.000610251127870258 0.992458185004529 0 0 0.00296666897408503 0.00462861912203745 0.997086804126567
1.20768939E+01 233.487766065016 0.00382541389235479 0.000212974108828268 0.000606041170313812 0.992429787244081 0 0 0.0029793716164396 0.00464442917149687 0.997074216415578
1.20770404E+01 235.025551255725 0.0038053187758589 0.000214359212140228 0.000602587630337704 0.992466592477859 0 0 0.00296483837726144 0.00462226561833683 0.997088858096196
1.20771859E+01 236.517734265836 0.00381411572709415 0.000214112404962755 0.00059975332268558 0.992454306771644 0 0 0.00297151666948604 0.00462798145474249 0.997082288226387
1.20773305E+01 238.000248220069 0.00382569207305231 0.000214890194789668 0.00059691973879219 0.992442145613202 0 0 0.00297427146523584 0.00463750200663416 0.997079647619836
1.20774741E+01 239.510109883009 0.00382482965102171 0.000211876714201282 0.000591987662104357 0.992454364937281 0 0 0.00297095435072689 0.00462869402732735 0.997083058964609
1.20776169E+01 240.999993021916 0.00383804986216694 0.000209278765395704 0.000588840133232264 0.99244158475245 0 0 0.00297636951771517 0.00463616876079491 0.997077753513245
1.20777588E+01 242.550799224566 0.00382320435127257 0.000210788221945474 0.000585873711627859 0.992468401545547 0 0 0.00296594673899198 0.0046198662848459 0.997088267830393
1.20778998E+01 244.067470403363 0.00383127690246719 0.000210538265566798 0.000583141828629526 0.992458055142206 0 0 0.00297131860219422 0.00462495699666351 0.99708301213887
1.20780399E+01 245.569383535528 0.00384531499165239 0.000212242238220464 0.000580401342984923 0.992441103574056 0 0 0.0029753894743735 0.00463795857285777 0.997079062146914
1.20781792E+01 247.125163696568 0.00383522351517277 0.000208451518370063 0.000575916785935856 0.992467530749504 0 0 0.00296741941221497 0.00461959181947869 0.997087122568982
1.20783175E+01 248.628832136268 0.00384749746753309 0.000207891240351687 0.000572902389381501 0.992453135381984 0 0 0.00297320965814153 0.00462829109726628 0.99708142647925
1.20784551E+01 250.183872204323 0.00384814622748238 0.000207018370703373 0.000569272370537476 0.992458861605666 0 0 0.0029714624585907 0.00462443696872323 0.997083298574389
1.20785918E+01 251.741688035158 0.00384698905278155 0.000207500568569735 0.00056744861812498 0.992463687480746 0 0 0.0029692491332449 0.00462193823947627 0.997085625720222
1.20787276E+01 253.226381998178 0.00387272480956213 0.000204102645988805 0.000563666277082564 0.992435041787267 0 0 0.0029794288653756 0.0046404937326335 0.9970755355199
1.20788627E+01 254.831599400997 0.00384886835975399 0.000205054521585346 0.000560385192949668 0.992476936119763 0 0 0.00296381038213209 0.004614308074289 0.997091244194052
1.20789969E+01 256.385565046528 0.00385812864238471 0.000204423601580255 0.000557433500493928 0.99246415044397 0 0 0.00297104298700187 0.0046199857444589 0.997084136188429
1.20791302E+01 257.916038758262 0.00387621508461917 0.000202006225556343 0.00055458739087593 0.992446069784406 0 0 0.00297640235828648 0.00463280870105145 0.997078878485457
1.20792628E+01 259.544063621477 0.0038551546740798 0.00020305800627697 0.000551496778630832 0.992482414761286 0 0 0.00296326414971164 0.0046097094589876 0.997092124220274
1.20793946E+01 261.115065535155 0.00386600136583881 0.00020248342657533 0.000548668441272729 0.992467862659995 0 0 0.00297047969028647 0.00461715323368687 0.997085015893682
1.20795255E+01 262.66254020358 0.00388303268981367 0.000200087308069381 0.000545848021910075 0.992451694093708 0 0 0.0029749517247277 0.00462896801979313 0.997080662113501
1.20796557E+01 264.282861227398 0.00386842777186496 0.000201491875230536 0.000543294000727713 0.992477831448603 0 0 0.00296466983277376 0.00461321364782321 0.997091045096426
1.20797851E+01 265.874814558139 0.00387403226481524 0.000200920755840598 0.000540666156134041 0.992471537548731 0 0 0.00296866285854016 0.00461561917678988 0.997087156725521
1.20799138E+01 267.46957646322 0.00387874970199708 0.000200266879726285 0.000537796466058187 0.992470341898877 0 0 0.00296876411702544 0.00461681304778155 0.997087154946659
1.20800416E+01 269.084257158417 0.00388006719912021 0.000196666800053058 0.000534736013617062 0.992476616135798 0 0 0.00296794758799222 0.00461147001279033 0.997088086148588
1.20801687E+01 270.667791902837 0.00389406830635526 0.000196035268278419 0.000531829793962608 0.992461626525665 0 0 0.00297259565071867 0.00462193336859629 0.997083559894261
1.20802950E+01 272.297359528246 0.00388676493901225 0.0001987979170778 0.000529949130795854 0.992474893874124 0 0 0.00296583861628018 0.00461551198688591 0.99709040586101
1.20804206E+01 273.918427611165 0.00389102113098052 0.000198501454882708 0.000527572972217623 0.992471143218987 0 0 0.00296812045867213 0.00461709555808085 0.997088238777068
1.20805455E+01 275.528742427967 0.00389995573794239 0.000198841770253146 0.000525261258497691 0.992462254900648 0 0 0.00297015240511232 0.00462405876669322 0.997086313667341
1.20806696E+01 277.148938785167 0.00390508484262658 0.000199051231232614 0.000522647041821371 0.99245988530814 0 0 0.00296989799999931 0.00462678311568057 0.997086668423821
1.20807930E+01 278.738141476959 0.00391885414106593 0.000194320423868068 0.00051904201281316 0.992450948887694 0 0 0.00297351513721173 0.00463221657774716 0.997083165465442
1.20809156E+01 280.408962149303 0.00390222146115781 0.000192584353888256 0.000516166772597427 0.992482579254436 0 0 0.00296321424476291 0.0046109725876435 0.99709355184208
1.20810376E+01 282.038658295949 0.00391218337467126 0.000196888752540196 0.000515168189630006 0.992463443455618 0 0 0.00296920756913141 0.00462424031684146 0.997087683772459
1.20811588E+01 283.68119649228 0.00391764922646273 0.000197228370762045 0.000512528658218476 0.992460580684494 0 0 0.0029690170952974 0.00462740625544325 0.997087986939937
1.20812794E+01 285.323038289928 0.00392442778792437 0.000191951469913719 0.000508959875341151 0.992461739848213 0 0 0.00297003738316744 0.00462533913317924 0.997087078981393
1.20813992E+01 287.028366895384 0.00390940185507513 0.000190315470177587 0.000506283555077904 0.992489641638208 0 0 0.00296157288979673 0.00460600088033062 0.997095642518539
1.20815184E+01 288.670922443418 0.00392527207246549 0.000194946511493656 0.000505375372639394 0.992462169639394 0 0 0.00296955533915274 0.00462559395659854 0.997087763595992
1.20816368E+01 290.32288440491 0.00393501436285908 0.000197455222028066 0.000501957013477285 0.992452743057435 0 0 0.00297027080303221 0.00463442659836443 0.997087169655799
1.20817546E+01 292.032489019655 0.00392206666403789 0.000188735534135349 0.000499114247491107 0.99248543534652 0 0 0.00296218206715274 0.00460991644566435 0.997095351792185
1.20818717E+01 293.728122972957 0.00392399899721593 0.000189380818006049 0.000497955284361608 0.992482262336317 0 0 0.00296405491305359 0.00461133509958359 0.997093597435901
1.20819882E+01 295.423480208445 0.00392666124297739 0.000188233226285073 0.000495254154804373 0.992483775470797 0 0 0.00296385193344212 0.00461014862406684 0.997093924094864
1.20821039E+01 297.111854421488 0.00393181322998572 0.000187531750654949 0.000492777625063388 0.992481150151891 0 0 0.0029646090214578 0.00461212260570406 0.997093272757595
1.20822190E+01 298.791046929804 0.00394058166099138 0.000186831783193005 0.000490223872184536 0.992473767360465 0 0 0.00296657174339043 0.00461763731636892 0.997091404676834
1.20823335E+01 300.50681808984 0.00393827190851352 0.00018970631502596 0.000488939022861284 0.992477880854058 0 0 0.00296331267842907 0.00461691724640077 0.997094798100458
1.20824473E+01 302.186654058107 0.00394485555199528 0.000186493993176692 0.000486560872313466 0.992475666851689 0 0 0.0029646118747115 0.00461791041748544 0.997093577269174
1.20825604E+01 303.888951003842 0.00394730254600416 0.000185410519579199 0.000483791337310389 0.992477745583408 0 0 0.0029640633594099 0.00461650440289375 0.997094249986302
1.20826729E+01 305.611814915556 0.00395311794582882 0.000189974749883418 0.000482613350667591 0.992466934185146 0 0 0.00296579296599002 0.00462570604637983 0.997092640231526
1.20827848E+01 307.28466684721 0.00396775030303166 0.000191474753698841 0.000480019102526005 0.992450512187895 0 0 0.00296878636789776 0.00463924415925651 0.997089756347151
1.20828961E+01 309.031564107734 0.00395734449822627 0.000184646037904747 0.000477220715061284 0.992477897478059 0 0 0.00296151845084971 0.0046192112511923 0.997097108729252
1.20830068E+01 310.803112972354 0.00394804166620155 0.000183315179359442 0.000475301040543761 0.992493659571031 0 0 0.00295842642374624 0.00460665788610475 0.997100317457136
1.20831168E+01 312.50578408965 0.00396756064407534 0.000183707967093277 0.000473241519131608 0.992467614330702 0 0 0.00296675196173019 0.00462451013030023 0.997092124461002
1.20832262E+01 314.279468494434 0.00395695603647753 0.000182429812149868 0.000471201264624204 0.992490013726506 0 0 0.00295838468371492 0.0046105871132516 0.997100600839757
1.20833350E+01 315.996047159819 0.00397300957174644 0.000182774964494379 0.000469194840671579 0.992468465408951 0 0 0.00296565235996776 0.0046249793769124 0.997093444785863
1.20834433E+01 317.79784652721 0.00395930917641466 0.000181468834764625 0.000467213659949352 0.992494333887799 0 0 0.00295688317359175 0.00460799167112864 0.997102325558928
1.20835509E+01 319.528418590171 0.00397630331475964 0.000180969808429362 0.000465126819253666 0.992472254578221 0 0 0.00296467283310725 0.00462239994244266 0.997094654520663
1.20836579E+01 321.305951503745 0.00397019315711347 0.000180822669882362 0.000463588070195656 0.99248655217108 0 0 0.00295826830642731 0.00461460389719149 0.997101156068272
1.20837643E+01 323.049705899511 0.00398218013050959 0.000180096803177706 0.000461301915087815 0.992472619986635 0 0 0.00296334518656947 0.00462357884877511 0.99709619883541
1.20838702E+01 324.853230529627 0.003973257608969 0.000179844090221143 0.000459726965794727 0.992489908363697 0 0 0.00295692936602149 0.00461282866498487 0.997102737028682
1.20839754E+01 326.586350743036 0.0039896517323383 0.000179259138254872 0.000457605085638095 0.992469768753529 0 0 0.00296348995234498 0.00462651595623127 0.99709628470976
1.20840801E+01 328.405982524868 0.00397917044614449 0.000179145283370546 0.000456174960176481 0.992489105996473 0 0 0.00295628419901419 0.00461449068969152 0.997103596686165
1.20841843E+01 330.144038874643 0.00399322772718783 0.000178417000351673 0.000454043688054951 0.992472704086635 0 0 0.00296159682704814 0.00462568841559445 0.99709839250223
1.20842879E+01 331.958650196852 0.00399144869161949 0.000179430515411117 0.000453073432220583 0.992477140766262 0 0 0.00295901671915315 0.00462395263925119 0.997101093405514
1.20843909E+01 333.723577075993 0.00399902731384215 0.000178789322057438 0.000451346522531433 0.992470897327639 0 0 0.00296015267981815 0.00462916315843102 0.99710006048607
1.20844933E+01 335.532791481532 0.00399544260362936 0.000177784262863272 0.000449283318433267 0.992480855685097 0 0 0.00295695544873327 0.0046225101849259 0.997103365870022
1.20845953E+01 337.358618846949 0.00399316787756698 0.000176582378430432 0.000446923409027833 0.992487923220664 0 0 0.00295584273616082 0.00461667366502525 0.997104596885689
1.20846966E+01 339.112079466595 0.00401763532618192 0.000177010333263322 0.000445169341173148 0.992455950048672 0 0 0.00296479633394787 0.00463981500061838 0.997095765049291
1.20847975E+01 340.964378966284 0.00400377140315584 0.000175573870447973 0.000443043004838161 0.992483525774586 0 0 0.00295476827536762 0.00462238827844198 0.997105914053028
1.20848978E+01 342.817781413536 0.0039985567386496 0.00017525940647613 0.000441755239111469 0.99249166888916 0 0 0.00295354571698427 0.0046155713842372 0.997107240273398
1.20849975E+01 344.604440995936 0.0040193576321796 0.000175481253884111 0.000439917789689158 0.992464560269649 0 0 0.00296159813567822 0.00463475667575287 0.997099316945402
1.20850967E+01 346.488328552948 0.00400534735411131 0.00017418702370743 0.000437974305321544 0.992491246202107 0 0 0.00295227632709043 0.00461750868314029 0.997108754885247
1.20851954E+01 348.31839456975 0.00401527166467212 0.000175115662712397 0.000437490165250188 0.992476318762934 0 0 0.00295694139631134 0.00462787749263471 0.997104196255568
1.20852936E+01 350.181807462336 0.00401368643387099 0.00017411645379824 0.00043553226566861 0.992483951461075 0 0 0.00295397084587628 0.00462333515333784 0.997107286614412
1.20853913E+01 352.041862509105 0.00401491802686802 0.000173125270289194 0.000433408160360627 0.992486224535195 0 0 0.00295369312782541 0.00462145145751784 0.997107675992713
1.20854884E+01 353.82875149116 0.0040411056025664 0.000177659903936808 0.000431930331709684 0.992448206993076 0 0 0.00296259296504962 0.00465069583821289 0.997098902831289
1.20855850E+01 355.736591873564 0.00402495341415116 0.000172818135959009 0.000429839792962167 0.992482083837709 0 0 0.002951919577543 0.00462761134307233 0.997109695180782
1.20856812E+01 357.64175717442 0.00401813991563395 0.000171707072421219 0.000428468711849177 0.992493130009115 0 0 0.00295029637572609 0.00461831569990434 0.99711144570902
1.20857768E+01 359.422284292864 0.00404714892083524 0.000174081735424668 0.000428237885424446 0.992451911271441 0 0 0.00296045720173819 0.00464946854168435 0.997101379813125
1.20858719E+01 361.309832170915 0.00404088770910986 0.000173725359818904 0.000426368236575215 0.99246708799879 0 0 0.00295390234355741 0.00464098130550398 0.997108069304294
1.20859666E+01 363.172177527353 0.0040475267681795 0.00017517801124842 0.000424176001170677 0.992459002377332 0 0 0.00295621213967895 0.0046468807805986 0.99710588315793
1.20860607E+01 365.096609620499 0.00403882852139531 0.000170707046731504 0.000422266917680366 0.992479339582603 0 0 0.00295105043873162 0.00463180248580718 0.99711114206841
1.20861544E+01 367.025196624786 0.00403342580731153 0.000169571158253817 0.000420768752173379 0.992489533007175 0 0 0.00294901222028773 0.00462376571773873 0.997113298724913
1.20862476E+01 368.918734321434 0.00404186543343393 0.000170175382704473 0.00042027431403066 0.992478220639735 0 0 0.00295190275983967 0.00463231513016906 0.997110535769904
1.20863403E+01 370.8431146609 0.0040396454208671 0.000169087400631228 0.000418274091840256 0.992486511004935 0 0 0.00294904906351038 0.00462700691333859 0.997113517918274
1.20864325E+01 372.715316347772 0.0040553979504015 0.000169230156726767 0.000416588549463103 0.992467016447609 0 0 0.00295445494644637 0.00464121665659137 0.9971082331042
1.20865242E+01 374.67772967603 0.00404245067170027 0.000168062322931355 0.000415103532132751 0.992490614057945 0 0 0.00294656626897627 0.00462561652676438 0.99711623058471
1.20866155E+01 376.549928957166 0.00406350099238515 0.000170110752583057 0.000414846109339645 0.992459366636904 0 0 0.0029551033327285 0.00464845785430785 0.997107824491212
1.20867063E+01 378.483716855409 0.00406165729604499 0.000169651679690437 0.000413298937401207 0.992467811088163 0 0 0.00295064453308208 0.00464460791313664 0.997112419001299
1.20867966E+01 380.408620506194 0.00406593241220941 0.000169837578375667 0.000411824812990665 0.992464146836686 0 0 0.00295143138056652 0.00464759480357574 0.997111741640262
1.20868865E+01 382.332538213687 0.00407184464935573 0.000167340943302716 0.000409713302801472 0.99246247199584 0 0 0.00295194373273354 0.00464889889545992 0.9971113708913
1.20869760E+01 384.268495490131 0.0040681590303313 0.000166866557504834 0.000408252359590142 0.992472072199305 0 0 0.00294806059641986 0.00464327794742627 0.997115350146731
1.20870650E+01 386.250567035703 0.00405867743322975 0.000165734242389042 0.000406942675078251 0.992487692489434 0 0 0.00294446827283201 0.00463135435069704 0.997119046840131
1.20871535E+01 388.17550797119 0.0040721152095905 0.000166693254652229 0.000406676592825419 0.992468350240667 0 0 0.00294981328416265 0.00464548505706814 0.997113835297735
1.20872416E+01 390.155128508276 0.00406708066626462 0.000165618077473584 0.000404974243460825 0.992480848529423 0 0 0.00294526152813502 0.00463767298719903 0.997118521516622
1.20873292E+01 392.127607852911 0.00406773230972893 0.000164702363992249 0.000403192529252634 0.992483003507327 0 0 0.00294526002982482 0.00463562720297381 0.997118630710301
1.20874164E+01 393.873307505831 0.00411433409961656 0.000169140514044643 0.000402767608205213 0.992418619264299 0 0 0.00295909818662374 0.00468624222186641 0.997104861486166
1.20875033E+01 395.691954535711 0.00411302143332591 0.000165359052540693 0.000401425172231205 0.992433744226052 0 0 0.00295046115195814 0.00467980565809781 0.997113549884149
1.20875897E+01 397.567019534243 0.00410054576938967 0.000164223771067551 0.000400206506531651 0.992453834481146 0 0 0.0029452700110079 0.00466497604698887 0.997118810528135
1.20876757E+01 399.452616292496 0.00410013714568019 0.000164191122363246 0.000399564597877434 0.992454856547268 0 0 0.00294538458884066 0.00466389286592087 0.997118749413189
1.20877613E+01 401.299492031193 0.00410617953105187 0.00016349401308213 0.000397919743660148 0.992449414735472 0 0 0.00294723066808185 0.00466759328779415 0.997117008023267
1.20878465E+01 403.169165747015 0.00410475549868425 0.000163455147116463 0.000397178962590806 0.992454594732268 0 0 0.00294430871914661 0.00466538960839152 0.99711998434066
1.20879313E+01 405.060896896685 0.00410681157511063 0.00016273132880761 0.000395569726003121 0.99245412746552 0 0 0.00294516878607584 0.00466511262992137 0.997119240095441
1.20880158E+01 406.997432937338 0.00410095114839944 0.000162579365974005 0.000394756752740345 0.992464213065908 0 0 0.00294200494425318 0.00465828726711379 0.997122500333022
1.20880998E+01 408.877488186155 0.00411121509148647 0.00016201506933989 0.000393322735163108 0.99245296384537 0 0 0.00294506693274285 0.00466655289598946 0.99711951674136
1.20881834E+01 410.841011697065 0.00410362688241828 0.00016187730607829 0.000392512707857184 0.992465840534567 0 0 0.00294082921519743 0.00465801689635375 0.997123857430921
1.20882666E+01 412.846968541465 0.00409900008707472 0.00016091263630855 0.000390689168845865 0.992473938824253 0 0 0.00294027410274682 0.00465060189222914 0.997124540716482
1.20883495E+01 414.8464423401 0.00410277653678091 0.000161288481401862 0.000390275416336504 0.992469277734485 0 0 0.00294132446482367 0.00465434043451928 0.997123618169004
1.20884319E+01 416.885490521388 0.00409838506939436 0.000160347634590009 0.000388679991710306 0.992479012600159 0 0 0.00293863782226584 0.00464741269569467 0.997126425295854
1.20885139E+01 418.898977226764 0.00410466299388745 0.000159751969181281 0.000387207765637955 0.992472898244731 0 0 0.00294068622023194 0.00465162272870669 0.997124520973437
1.20885956E+01 420.942688006628 0.00410519479072835 0.000159948152606798 0.000386712059950158 0.992474046712558 0 0 0.00293943495220071 0.00465185500328531 0.997125901715843
1.20886768E+01 422.957119796701 0.00410912770740301 0.000159204511871951 0.000385297850236758 0.992472580203327 0 0 0.00293924091075129 0.00465363006951172 0.997126210272839
1.20887576E+01 424.945837966184 0.00412359242859426 0.000159340870883852 0.000384083745310121 0.992455064434731 0 0 0.00294349455447434 0.00466701704478823 0.997122081479519
1.20888381E+01 427.061272718126 0.0041056332475206 0.00015818259817857 0.000382742581549616 0.992484322688178 0 0 0.00293483010534475 0.00464655842724879 0.997130881115426
1.20889182E+01 429.085362909701 0.00411985227837292 0.000159005192666891 0.000382765119010977 0.992463450890584 0 0 0.00294076927127796 0.00466162259005079 0.997125073480635
1.20889979E+01 431.118728774382 0.00412260871860692 0.000158364809838104 0.0003816126092868 0.992464793205303 0 0 0.00293856129517164 0.00466258613773183 0.997127379343035
1.20890772E+01 433.211981940407 0.00411562870909988 0.000157475016721454 0.000380129375144229 0.992477313471778 0 0 0.0029355279009225 0.00465323310096556 0.997130546572744
1.20891561E+01 435.255973365047 0.00412524401702832 0.000156903913051465 0.000378809645563937 0.992466533337391 0 0 0.00293869846313915 0.00466095757564372 0.997127490913034
1.20892347E+01 437.334561549441 0.0041235326419454 0.000156883341341509 0.00037823844384478 0.992471856013902 0 0 0.00293582068028449 0.00465865442713169 0.997130510441034
1.20893129E+01 439.410519772306 0.00412584266516748 0.000156201906444038 0.000376852409190856 0.99247140288307 0 0 0.00293614611381753 0.00465889698080237 0.997130299863873
1.20893907E+01 441.443432438344 0.00414052822103155 0.000157322410294777 0.00037691582153788 0.992451858622204 0 0 0.00293995992381485 0.00467476645286421 0.997126625075068
1.20894682E+01 443.539385041176 0.00413625139474297 0.000156690386342011 0.000375787367754335 0.992462236378703 0 0 0.00293574682185015 0.00466872914883931 0.997130965527543
1.20895453E+01 445.638342240215 0.00413532646391237 0.000156003856738444 0.000374721165509556 0.992465825037996 0 0 0.00293496031653169 0.00466605148616037 0.997131876524156
1.20896220E+01 447.718871060064 0.00413784423607971 0.000155353755215444 0.000373601509366711 0.992465562034325 0 0 0.00293458054803264 0.00466679950066186 0.997132361534987
1.20896984E+01 449.858654533249 0.00413262650671667 0.00015442548009236 0.000372034856534321 0.992475706537733 0 0 0.00293229570378868 0.00465908684334335 0.997134793381076
1.20897744E+01 451.884109875844 0.00415857842515487 0.000156733472038792 0.000372083247287001 0.992439105953996 0 0 0.00294071535368904 0.00468739514448067 0.997126501098477
1.20898501E+01 453.958142182743 0.00415974096404649 0.000154607355785121 0.000370461116065412 0.992446003575892 0 0 0.00293652897950086 0.00468480943589703 0.997130813011789
1.20899254E+01 456.114774327319 0.00414558836158873 0.000153509450342324 0.000369317006335593 0.992468180114566 0 0 0.00293086754747539 0.00466841481826664 0.997136594932833
1.20900003E+01 458.262763774423 0.00414154273493239 0.000153136306170719 0.000368552842061453 0.992474305034042 0 0 0.00293003594475101 0.00466323188316456 0.997137536917206
1.20900750E+01 460.32328096351 0.00416309426277293 0.000153441921625509 0.000367705234559747 0.992446336939048 0 0 0.0029371224222465 0.00468424141895818 0.997130578358006
1.20901493E+01 462.494667768166 0.00414889274131449 0.000152461932242959 0.000366626931761723 0.992471189376152 0 0 0.00292865789466564 0.00466798160531917 0.997139170981471
1.20902232E+01 464.599084841507 0.00415972595094389 0.000153067910205334 0.000366741215295605 0.992455304033363 0 0 0.00293311946678689 0.00467953507644483 0.997134839109807
1.20902968E+01 466.750540997503 0.00415669894212373 0.000152337348871719 0.000365602873507784 0.992463563105925 0 0 0.00292988138177073 0.00467463916450323 0.997138202270428
1.20903701E+01 468.902124021559 0.00415602519196607 0.000151603682854573 0.000364349995975162 0.992467172058711 0 0 0.00292905333467172 0.0046719788707958 0.997139150929507
1.20904430E+01 471.007182674901 0.00417052661244836 0.000151723166076058 0.000363386887282644 0.992449402459843 0 0 0.00293330057548955 0.00468563666580706 0.99713503912565
1.20905156E+01 473.197160602586 0.00415900517554636 0.000150866876101052 0.000362551046970636 0.992469507640223 0 0 0.00292653533304492 0.00467242309861805 0.997141930738841
1.20905878E+01 475.260302391567 0.00418665459746446 0.000151340163986051 0.000362085899314644 0.992432076961893 0 0 0.00293644576030713 0.00470008066076515 0.997132157622658
1.20906598E+01 477.436172689212 0.00417485480577001 0.000150739406682635 0.000360933609260004 0.992454332337409 0 0 0.00292786169117928 0.00468652782171265 0.997140860159122
1.20907314E+01 479.640370742686 0.00416490375259027 0.000149868985149633 0.00036015494428152 0.992468985175095 0 0 0.0029249212442808 0.00467492768202142 0.997143912857116
1.20908027E+01 481.727212434505 0.00419056735408001 0.00015207879585993 0.000360315764855404 0.992432035516365 0 0 0.0029339678006921 0.00470296191479534 0.997134997431161
1.20908737E+01 483.901858403043 0.00418679745658786 0.000149914523038632 0.000358725811826534 0.992444874224894 0 0 0.00292879813414473 0.00469543779145303 0.997140312016347
1.20909444E+01 486.107531654537 0.00417796742026892 0.00014894669632779 0.000357843607993348 0.99245945718623 0 0 0.00292500051410534 0.00468475772459006 0.99714421491082
1.20910147E+01 488.316714587915 0.00417404823367568 0.000148681019164517 0.000357249434206275 0.992465640683588 0 0 0.0029237309462258 0.00467997868704647 0.997145619370634
1.20910847E+01 490.463970951434 0.00418836084129697 0.000148417215557732 0.00035643519066421 0.992447999912719 0 0 0.00292826133021342 0.00469321324751891 0.997141213160238
1.20911544E+01 492.700825592927 0.00417868463589917 0.000148133489754493 0.000355821230437404 0.992464383252333 0 0 0.00292258960245727 0.00468263935609106 0.997147022608424
1.20912238E+01 494.880897178371 0.00418702670039243 0.00014768774126607 0.000354898908002699 0.992454650806565 0 0 0.00292546565901933 0.0046896133496612 0.997144264156226
1.20912929E+01 497.064480271133 0.00419230701993296 0.000148005911546668 0.000354891125802788 0.992449484080846 0 0 0.00292518280366138 0.00469520405728242 0.997144688138129
1.20913617E+01 499.244179159346 0.00419358816266091 0.000147442636835442 0.000354023076037883 0.992451256686273 0 0 0.0029236567614224 0.00469505387553424 0.997146310561807
1.20914302E+01 501.481666014567 0.00419085301104298 0.000146788190653139 0.000352886151165613 0.992457642480478 0 0 0.00292194596393766 0.00469052735286173 0.99714816983334
1.20914984E+01 503.621949697849 0.00420982493172111 0.000147047514597866 0.000352288938372215 0.992433074650271 0 0 0.00292801713842041 0.0047091613846912 0.997142236034962
1.20915663E+01 505.875666976945 0.00419516521259506 0.000146136402728715 0.000351380824585305 0.992458223974788 0 0 0.0029194609395342 0.00469268243990908 0.997150906414697
1.20916339E+01 508.046823106701 0.00421026407944049 0.000147132040198391 0.000351782971315745 0.992435923359974 0 0 0.00292538920116003 0.00470917909095463 0.997145102450929
1.20917012E+01 510.243557640643 0.00421373104629032 0.000147125620256965 0.000351100248729001 0.992435068345612 0 0 0.00292360149905237 0.00471195691527628 0.997147025260889
1.20917682E+01 512.464587498188 0.00421720706703006 0.000148417456455504 0.000349777971732796 0.992431370688221 0 0 0.00292397944473636 0.00471540249521836 0.997146773183439
1.20918350E+01 514.744008223621 0.00420579275409359 0.000145293352433758 0.000348630117365133 0.992452694617994 0 0 0.00291845495236415 0.00469971622389248 0.997152410841887
1.20919014E+01 517.017198410236 0.00420177157874018 0.000144657677790935 0.000348301158169818 0.99245901988904 0 0 0.00291724796513102 0.00469473041470093 0.997153750303741
1.20919675E+01 519.244864601394 0.00421082163552731 0.000144274415612196 0.000347486960970737 0.992448594355567 0 0 0.00291995136276198 0.00470258301211024 0.997151177367677
1.20920334E+01 521.46654352018 0.00422009744890726 0.000144992742563309 0.000347739003112062 0.992437251115752 0 0 0.00292119789644961 0.00471282919458263 0.997150080310334
1.20920990E+01 523.695943608637 0.00422428870606879 0.000144960743779853 0.00034721569303559 0.992434496281687 0 0 0.00292044261305746 0.00471646514288423 0.997150961424571
1.20921643E+01 525.901803303008 0.00423218280679219 0.000145354561288615 0.000346653365428681 0.992426094989614 0 0 0.00292122744274913 0.00472419073350949 0.997150285723123
1.20922293E+01 528.170851686034 0.00422684179347156 0.000143625766847682 0.00034512322180997 0.992438117943683 0 0 0.00291793991485947 0.00471559078212922 0.997153708725812
1.20922940E+01 530.537088838995 0.00420862738340544 0.00014266370569046 0.000344288644173249 0.992464144499787 0 0 0.00291205343132732 0.00469557973326915 0.997159724233056
1.20923585E+01 532.687897666694 0.00423914641179427 0.000143124386031582 0.000344073221492037 0.992423573570242 0 0 0.00292198020044734 0.00472634401931789 0.99714991758956
1.20924227E+01 535.017823154328 0.00422028469385906 0.00014227339689587 0.000343345030857061 0.992454198758229 0 0 0.00291191760830482 0.00470590312161199 0.997160101879841
1.20924866E+01 537.251417474796 0.00423287478828604 0.000142026437749845 0.000342821969396927 0.992437115393956 0 0 0.00291731643513724 0.00471772319543281 0.997154838589389
1.20925502E+01 539.535244850868 0.0042314216944827 0.000142091591108548 0.000342746277958383 0.992441602490685 0 0 0.00291443497900612 0.00471625956354963 0.997157862054235
1.20926136E+01 541.822742272772 0.00423099004737956 0.00014163515650542 0.000342005898871462 0.992444290441557 0 0 0.0029134943162007 0.00471463110275644 0.997158921544314
1.20926767E+01 544.118873174981 0.00423120412377172 0.000141070148977015 0.000341148387147206 0.992446357997108 0 0 0.00291275860503064 0.00471342265989594 0.997159780657004
1.20927395E+01 546.367452234473 0.00424232721133119 0.000140890810909734 0.000340584943775425 0.992433591683462 0 0 0.00291528328322977 0.00472380296601635 0.997157394649478
1.20928021E+01 548.675325549633 0.00423883661557078 0.000140868128018285 0.000340497409488665 0.992440504691043 0 0 0.00291208858061809 0.00472020215307773 0.997160706844121
1.20928645E+01 550.976073834334 0.0042395982528678 0.000140424149930081 0.000339853116845691 0.992441425259446 0 0 0.00291164202255788 0.00471987551964357 0.99716130077909
1.20929265E+01 553.248773741108 0.00424394290858152 0.000140052552445888 0.00033920098137952 0.992438290079128 0 0 0.00291157344842807 0.00472319644240693 0.997161486521535
1.20929883E+01 555.543857399383 0.00424643332579239 0.000139679428485183 0.000338441789060826 0.992437179633213 0 0 0.00291144021926827 0.0047245545433384 0.997161734176552
1.20930499E+01 557.784818901631 0.00426218261852564 0.000140777790357626 0.000338981662090279 0.992416184954692 0 0 0.00291520298670367 0.00474194207097354 0.997158127025666
1.20931112E+01 560.097159273985 0.00426081191537092 0.000139613710773612 0.000337594368886103 0.992423115876028 0 0 0.00291232359063272 0.00473801999503064 0.997161135871059
1.20931722E+01 562.504835298284 0.0042411567515414 0.000138625873604536 0.000336744931089445 0.992451955908908 0 0 0.00290508610318605 0.00471652755623538 0.997168483465143
1.20932330E+01 564.734214077599 0.00426990029980486 0.000139070152192352 0.000336702799759662 0.992412802393074 0 0 0.0029152496147042 0.00474567325175687 0.997158475644831
1.20932936E+01 567.159133069864 0.00424575844695668 0.000138086874976503 0.000335760053742346 0.992450549025477 0 0 0.00290368327683641 0.00471960537567553 0.997170154401153
1.20933539E+01 569.435619797021 0.00426477520121706 0.000138302975195111 0.000335481298251233 0.99242420275964 0 0 0.0029112053274625 0.0047385594746634 0.997162762234304
1.20934139E+01 571.821578433186 0.00425402346071875 0.000137711789603619 0.000335162970808374 0.992442299143332 0 0 0.0029048988227262 0.00472689822113075 0.997169197364463
1.20934737E+01 574.165098881713 0.00425769047049589 0.000137352414755964 0.000334517631555953 0.992438363303223 0 0 0.00290630388933441 0.00472956051680781 0.99716792382003
1.20935333E+01 576.469029484901 0.0042702592057714 0.000137433853247575 0.00033402754727701 0.992423677142199 0 0 0.00290896368101233 0.00474172060629598 0.997165397748495
1.20935926E+01 578.82595902309 0.00426541654103926 0.000137060778396836 0.000334031606540797 0.99243313131553 2.76950676625761e-16 2.82565899905459e-07 0.00290456456520626 0.00473650892597689 0.997169640241507
1.20936516E+01 581.215074884336 0.00426219853380951 0.00013660489779244 0.00033333682206807 0.992438517040855 4.63906670097394e-16 4.4187561214084e-07 0.00290353442800126 0.00473214025367002 0.997170657294525
1.20937105E+01 583.563607008951 0.00426709640575959 0.000136277246807099 0.000332744803938779 0.992434161493413 6.41088296985356e-16 5.68278792606258e-07 0.0029039144827515 0.00473611845650547 0.997170279949918
1.20937691E+01 585.900029669721 0.00427498013852625 0.000136003023493477 0.000332271034547894 0.992426025866183 8.16238466943902e-16 6.81347999290996e-07 0.00290492780988497 0.00474325419656762 0.997169280062751
1.20938274E+01 588.228835237048 0.00428266863011706 0.000136577867298234 0.000332733149542263 0.992416892933768 1.01007188258727e-15 7.91266928987648e-07 0.00290536814522411 0.00475197964695756 0.997168872580725
1.20938856E+01 590.578755063315 0.00428927726959705 0.000137667576259636 0.000332041238054655 0.99240924089314 1.23248014385815e-15 9.01279425371364e-07 0.00290604261546118 0.00475898608391134 0.997168226977052
1.20939435E+01 593.012516558662 0.00427529143012482 0.000135360293178668 0.000330813471085637 0.992433327403101 1.44148140238359e-15 9.97560779042141e-07 0.00289951053643554 0.00474146519438912 0.99717479259749
1.20940011E+01 595.434493905757 0.00427447611122583 0.000135080373111086 0.000330954435822776 0.99243402598965 1.68172129805851e-15 1.09421744737402e-06 0.00289980227493049 0.00474051092015969 0.99717453690981
1.20940586E+01 597.797824189048 0.00428303357154793 0.000134948387290363 0.000330669738164667 0.992424612459587 1.9258462032072e-15 1.18572641504938e-06 0.00290112059600195 0.00474865169700296 0.99717326415659
1.20941157E+01 600.21640319673 0.0042818589533909 0.000134640520434947 0.000330199023126397 0.992428247257947 2.21320390933167e-15 1.28411845776793e-06 0.00289947140853061 0.00474669849695224 0.997174945754899
1.20941727E+01 602.610701705831 0.00428618158072616 0.000134440335478058 0.000329896287001297 0.992424243889284 2.55042591452393e-15 1.39699548583681e-06 0.0028996879495396 0.00475051820320552 0.99717476209249
1.20942295E+01 605.005133946687 0.00429003106646152 0.000134274539903588 0.000329601609657699 0.992421309027948 2.86787291982368e-15 1.48470775469346e-06 0.00289927612441479 0.00475390721602281 0.99717521624397
1.20942860E+01 607.361039908429 0.00430307907203603 0.000134747243768449 0.000329580608315245 0.992405685242628 3.20309728838272e-15 1.57372868062809e-06 0.00290145709752092 0.00476740692411972 0.997173092166748
1.20943423E+01 609.797275979061 0.00429359817292773 0.000133533425463836 0.000328105529298675 0.992422624434256 3.604708919814e-15 1.67468491616395e-06 0.00289671558004902 0.00475523712769024 0.997177861561947
1.20943984E+01 612.234290148018 0.00428907653859953 0.000133096545899609 0.000328112789878909 0.99242962502656 3.98686937219715e-15 1.75799294048e-06 0.00289471203837918 0.00475028587437804 0.997179910900938
1.20944542E+01 614.659728798792 0.00429164254042664 0.000132738315814908 0.000327646999736866 0.992427462576915 4.4292828250201e-15 1.84972790103218e-06 0.00289518902349065 0.00475202785597842 0.997179490432893
1.20945098E+01 617.088310990699 0.00429333692246835 0.000132408748544958 0.000327139500788636 0.992427346447064 4.88420967683089e-15 1.9369185718023e-06 0.00289447774036174 0.00475288517180195 0.997180231618866
1.20945652E+01 619.511924233256 0.00429643851213077 0.000132116422781207 0.00032666233704939 0.992425283437339 5.35281616105169e-15 2.0132256236127e-06 0.00289428627579554 0.00475521727196137 0.9971805007093
1.20946204E+01 621.911317289526 0.00430504723996457 0.000131990404769858 0.000326332030561069 0.992415824960249 5.86951087481276e-15 2.09442659071858e-06 0.00289563675709995 0.00476336967529549 0.997179194635545
1.20946754E+01 624.314698748913 0.00431204017043766 0.000132483546304049 0.000326896455279647 0.992407619493164 6.39333571354098e-15 2.1641961701488e-06 0.00289588104144112 0.00477142017202136 0.997179039665185
1.20947302E+01 626.761353859779 0.00431093688747836 0.000131688658676402 0.000325671735730001 0.992412672174993 6.98332386489038e-15 2.24421424731731e-06 0.00289400456621931 0.00476829728188476 0.997180969456878
1.20947847E+01 629.283087669081 0.0042972285176398 0.00013100409373047 0.000325367326743842 0.992432700381763 7.56166512852844e-15 2.30238930362277e-06 0.00288874486796305 0.00475359993811411 0.997186300319877
1.20948391E+01 631.68970643668 0.00430787097252276 0.000130857010582435 0.000325108773987258 0.992419638332099 8.1453951007444e-15 2.35321851037477e-06 0.00289166451722623 0.00476383675709246 0.997183475089192
1.20948932E+01 634.141112228407 0.00430856884581849 0.000130554237540398 0.000324594397099837 0.992421143913035 8.76853595008236e-15 2.39983418619902e-06 0.00289036390269524 0.00476371748045872 0.997184861393493
1.20949471E+01 636.574869962995 0.00431466019096805 0.00013030141090053 0.000324289323598339 0.992414760319904 9.39124241638304e-15 2.43203724031707e-06 0.00289132934215105 0.00476925092546692 0.997184011245371
1.20950008E+01 638.969708292557 0.00432917184351636 0.000131360713991108 0.000324972064098111 0.992395822165748 1.00029144997803e-14 2.44735116501643e-06 0.00289414358145645 0.00478550462160558 0.997181326787354
1.20950544E+01 641.508211724767 0.00431174884349998 0.000129709352708489 0.000323516948352085 0.992424089612664 1.05557732328847e-14 2.43162255991395e-06 0.00288656262874851 0.00476497514456055 0.997189064757225
1.20951077E+01 643.933663960643 0.00432774690308834 0.000130532038941728 0.000324269105167892 0.992401048066743 1.11404061186626e-14 2.41390344533223e-06 0.00289218797561394 0.00478254804719796 0.997183596113941
1.20951608E+01 646.452084223763 0.00431969924476786 0.000129414427366966 0.000322874930863016 0.992416641011143 1.17474608177941e-14 2.39613924651503e-06 0.00288730873571432 0.00477198860299784 0.997188629614141
1.20952137E+01 648.934658933005 0.00432304171364905 0.000129364196447807 0.000323360884044974 0.992412374858972 1.2383510341724e-14 2.37861568765332e-06 0.00288797017419512 0.00477576679414183 0.997188141653113
1.20952663E+01 651.358462641712 0.00433885590207578 0.0001291766291924 0.000322720018325188 0.992393913757381 1.30608299084609e-14 2.36086816737325e-06 0.00289159915472845 0.00479075254959337 0.997184666306975
1.20953188E+01 653.959510377293 0.00431368116104387 0.000128323248715482 0.000322002358951108 0.992430962011032 1.37574859104188e-14 2.34280989218442e-06 0.00288145226133778 0.00476400676871046 0.997194968779742
1.20953711E+01 656.449784360278 0.00432214211596546 0.000128080029429723 0.000321768974615237 0.992418990029637 1.45027277132518e-14 2.32468672601843e-06 0.00288559509825413 0.00477199112001042 0.997190981149647
1.20954232E+01 658.938374151425 0.00432748415004999 0.000127884749933588 0.00032142975171655 0.992414449745984 1.52811774135437e-14 2.30486726768016e-06 0.00288549390138123 0.00477679865170012 0.997191248397684
1.20954751E+01 661.402984069329 0.00433667668439086 0.000127928549822102 0.000321218467586669 0.992404270633283 1.61008513062344e-14 2.28698697531344e-06 0.00288681394851381 0.00478582370179963 0.997190094335083
1.20955268E+01 663.849037625175 0.00434449195003341 0.000128206599959033 0.000321971791605855 0.992395494549131 1.69347668864854e-14 2.26676183094753e-06 0.00288691080558904 0.0047946703415983 0.997190164890729
1.20955783E+01 666.387297392517 0.00433630187926276 0.000127386149964378 0.000320648993214737 0.992409638640609 1.78387827116668e-14 2.24854541174936e-06 0.00288324556533117 0.00478433702244187 0.997193975663051
1.20956296E+01 668.884173173539 0.00434187965043466 0.000127448693539177 0.000321262336019197 0.992402240361845 1.87857547000741e-14 2.23055457108702e-06 0.00288456901416236 0.00479059067999303 0.997192831041838
1.20956807E+01 671.392970712595 0.00434549551048088 0.000126938758845724 0.000320238594055877 0.992400549402269 1.97895801409688e-14 2.21241194769056e-06 0.00288432382296861 0.00479267286338248 0.997193222265651
1.20957317E+01 673.971295054733 0.00433461015541137 0.000126465629805611 0.000320170788553355 0.99241686983966 2.08240831664207e-14 2.19262723923575e-06 0.00287958984936056 0.00478124657377034 0.99719811641343
1.20957824E+01 676.474701989932 0.00434456969544404 0.00012646941067912 0.00032024286992956 0.992403794295905 2.19293012086959e-14 2.17464188338841e-06 0.00288279990997952 0.00479128197605272 0.997195076271957
1.20958330E+01 678.931876978726 0.00436080692392172 0.000127641669272682 0.000320190794350951 0.992383562837354 2.3086626554863e-14 2.15694273557565e-06 0.0028858335518416 0.00480863938754536 0.997192202224899
1.20958833E+01 681.598584743581 0.00433282589797486 0.000125459907948856 0.000318967059008477 0.992425848792625 2.43052815407948e-14 2.13850554068911e-06 0.00287509435005243 0.00477725286493219 0.997203101657557
1.20959335E+01 684.127061776073 0.00434290797134479 0.000125308108229842 0.00031884177689699 0.992411572255897 2.55741236935994e-14 2.12067858598302e-06 0.00287973233347236 0.00478705785647163 0.997198630112369
1.20959835E+01 686.616949485093 0.0043511405190921 0.000125181525688314 0.000318707012933637 0.992403813379491 2.6843453127427e-14 2.09972557636563e-06 0.00287966653238426 0.00479502905771405 0.997198842437205
1.20960333E+01 689.109790214172 0.00435472078994458 0.000124981871862875 0.000318514556195441 0.992401468839176 2.81743675328801e-14 2.08045224485118e-06 0.00287897838366714 0.00479821721800289 0.997199686057178
1.20960829E+01 691.597540275531 0.00435861203149894 0.00012481055537822 0.000318310656385932 0.992398314092562 2.95685220220028e-14 2.06004685822392e-06 0.00287876545831382 0.00480173324326309 0.997200047335825
1.20961323E+01 694.064497310048 0.00436713380636437 0.000124732498975995 0.000318222572766657 0.992388875485605 3.10310506926547e-14 2.04138106111351e-06 0.00287999871445241 0.00481008887810702 0.997198964363711
1.20961816E+01 696.495444144609 0.00437807944852384 0.000125325520265538 0.000319075297431319 0.992375645541901 3.25194814846447e-14 2.02136119027893e-06 0.00288099956269546 0.0048224802662207 0.997198125808122
1.20962307E+01 699.114918996244 0.00435367383429612 0.000123928266220372 0.000317667959823917 0.992411775443356 3.41190441683711e-14 2.00271247538278e-06 0.00287222852128949 0.00479527006034041 0.997207045503696
1.20962796E+01 701.622923651788 0.00436138780083344 0.000123740627441483 0.000317537830492224 0.992401076886088 3.57965945144415e-14 1.98339625615004e-06 0.00287567559722627 0.00480266625876715 0.997203743144855
1.20963283E+01 704.140282217851 0.00436481148375648 0.000123537975168827 0.000317345001618394 0.992398787069826 3.75522850598955e-14 1.96561555268583e-06 0.00287508715397376 0.0048056944605437 0.99720448153037
1.20963769E+01 706.655982473785 0.00436809860321887 0.000123361259172859 0.00031731686925656 0.992396033420711 3.9391036219003e-14 1.94685959522183e-06 0.00287492054180036 0.00480877673164829 0.99720481015236
1.20964253E+01 709.160128438402 0.00437415159934423 0.000123286085460731 0.000317451307500509 0.992389469991373 4.13184948292607e-14 1.92966968266161e-06 0.00287552442420926 0.00481488899230547 0.997204358983678
1.20964735E+01 711.595806365937 0.0043930684976415 0.000123318459180004 0.000317209261185445 0.99236690925193 4.33436525680408e-14 1.91295455625546e-06 0.0028795346201721 0.00483359621800695 0.997200505469937
1.20965215E+01 714.269967537457 0.00436296718556429 0.000122477507631472 0.000316548293048795 0.99240996992195 4.54519420884058e-14 1.8945678685966e-06 0.00286821195501624 0.00480199298624456 0.997211962908194
1.20965694E+01 716.760658849091 0.00437975781907548 0.000122603883060638 0.000316943509936459 0.992386351313067 4.76481494601541e-14 1.87831980365911e-06 0.00287468799321171 0.00481930521207258 0.99720565652514
1.20966171E+01 719.2725890956 0.00438751955495492 0.00012240084584719 0.000316221184357922 0.992379631618533 4.99786063656348e-14 1.86098868536486e-06 0.00287471515159488 0.00482614158516003 0.997205773203693
1.20966646E+01 721.836352768454 0.00438387933478749 0.000122310278169546 0.000316711746538115 0.992385840991002 5.23820513541368e-14 1.84511480322636e-06 0.00287189962385418 0.00482290135949515 0.997208742350497
1.20967120E+01 724.424800736231 0.00437934117768441 0.000121674674045421 0.000315598357162326 0.992394012835244 5.49201098023785e-14 1.82927181489816e-06 0.00287016576170072 0.00481661420889216 0.997210627044136
1.20967592E+01 726.926012439313 0.00439386195478409 0.000121701222113558 0.000315727584475677 0.992375905739409 5.75683288036052e-14 1.81298796225156e-06 0.00287376540975606 0.00483129076137332 0.997207196500782
1.20968063E+01 729.531619646972 0.00438526666129718 0.000121438944405002 0.000315996933911591 0.992389292667453 6.03438665500243e-14 1.79767273231368e-06 0.00286911513309441 0.00482270253961377 0.997211995207067
1.20968531E+01 732.120874846974 0.00438733308986904 0.00012103803244037 0.000315100449837902 0.992387800924077 6.33114672624084e-14 1.78285890328264e-06 0.00286998344424912 0.00482347157214732 0.997211272496225
1.20968998E+01 734.63827238533 0.00440188396324637 0.000121879905479572 0.000315926249317792 0.992368901000587 6.63594853855228e-14 1.76831640663368e-06 0.00287281632244313 0.00483969011804373 0.997208591118631
1.20969464E+01 737.335442117803 0.00437856140581967 0.000120345216751188 0.000314820786768735 0.992403906284884 6.95263269221901e-14 1.75351909883294e-06 0.00286391815634792 0.0048137274093396 0.997217633694223
1.20969927E+01 739.856596000676 0.00439665330765941 0.000120481703321759 0.000315375244691049 0.992379042058752 7.28361533725527e-14 1.73864517388019e-06 0.00287016872118021 0.00483251025567221 0.997211552314424
1.20970390E+01 742.442748815773 0.00439644739639035 0.000120120550361964 0.00031445285629415 0.992383096441048 7.63009174651616e-14 1.72479358447846e-06 0.00286773730822485 0.00483102080304646 0.997214117244094
1.20970850E+01 744.980628379017 0.00440722125506005 0.000120069365286223 0.000314631197203089 0.99237020109988 7.99408269575851e-14 1.71032096871083e-06 0.0028698911066346 0.00484192181754937 0.997212122917429
1.20971309E+01 747.650761521779 0.00439478748515163 0.000119756821243326 0.000314802894764582 0.992387931886546 8.38085852710988e-14 1.69771067632762e-06 0.00286489076215246 0.00482934720115953 0.997217279087706
1.20971766E+01 750.266007152423 0.00439619361474006 0.000119333267996255 0.000313866343077116 0.992387713027144 8.77501153889075e-14 1.68377641790634e-06 0.00286521566951823 0.00482939322581343 0.997217106252958
1.20972222E+01 752.838932130907 0.00440540268103895 0.000119193974129378 0.000313897841774884 0.992377223220027 9.19015891010927e-14 1.67092378769442e-06 0.00286676721658268 0.00483849449694321 0.99721571771697
1.20972676E+01 755.378726915542 0.00441794387515646 0.000119216073462536 0.000314146928612847 0.992362790068104 9.62326446454556e-14 1.65767487934566e-06 0.00286853748032842 0.00485130687723184 0.997214096945336
1.20973129E+01 758.112801146931 0.00439550591278588 0.000118577277370861 0.000313942211027079 0.992394159367567 1.00827016354767e-13 1.6458352478844e-06 0.00286058863103103 0.00482802540118382 0.99722218476875
1.20973580E+01 760.679478360086 0.00441162507398607 0.000118495513372232 0.000313544171737333 0.992373247175547 1.05565034925245e-13 1.63287042090023e-06 0.00286601806939767 0.00484366475909563 0.997216911934643
1.20974029E+01 763.245214535396 0.00442247079407461 0.00011971761101132 0.000314058891474234 0.992360130893261 1.10517077203487e-13 1.62104163437584e-06 0.00286671369611127 0.00485624729656017 0.997216378189821
1.20974477E+01 765.996825850256 0.00439936723792479 0.000117858433029132 0.000313445114780327 0.992394010453256 1.15732822393353e-13 1.60915698133841e-06 0.00285856046148689 0.00483067078573425 0.997224681238991
1.20974924E+01 768.563065625084 0.00441798743898575 0.000117824094014133 0.000313170668439866 0.992369629914086 1.21124822234707e-13 1.59784584366048e-06 0.00286478006617358 0.00484898220143975 0.997218612115526
1.20975369E+01 771.142998826428 0.00442753075006325 0.000117816405437469 0.000313315384264265 0.99236000477811 1.26764738769291e-13 1.58584929366033e-06 0.00286487540360496 0.00485866253976499 0.997218667317875
1.20975812E+01 773.885091001978 0.00440875866413516 0.000117297104641816 0.000313312771907865 0.992386099602527 1.32720945517915e-13 1.57529401221774e-06 0.00285822406416452 0.00483936854068484 0.997225468143212
1.20976254E+01 776.527677957196 0.00441431993643496 0.000116957009232331 0.000312558622042289 0.992379755255134 1.3885382589794e-13 1.56434967417473e-06 0.00286026587724852 0.00484383556770958 0.997223590822844
1.20976694E+01 779.153453564393 0.00442027628093593 0.000116835855355002 0.000312501636084806 0.992373917439227 1.45235181185843e-13 1.55317160498216e-06 0.00286046771634544 0.00484961377237574 0.997223531211603
1.20977133E+01 781.809691953811 0.00442182686602489 0.000116625026574097 0.0003124071171203 0.992373430496993 1.52027365768474e-13 1.54262055384094e-06 0.00285986418819184 0.00485085900971928 0.997224289506712
1.20977570E+01 784.434326596685 0.00442858888528232 0.000116502845810555 0.000312474516590126 0.992366175989945 1.59019435752121e-13 1.53226166837289e-06 0.0028605569056818 0.004857566247683 0.997223742237628
1.20978006E+01 787.038051468755 0.00443767954228151 0.000117967444809987 0.000312763092636535 0.992354593964643 1.66300578168673e-13 1.52240615020323e-06 0.00286145394850633 0.00486841007972804 0.997223004044371
1.20978441E+01 789.799891975299 0.00441980903703286 0.000115953972937317 0.000312675207364707 0.992381084074031 1.73989660414258e-13 1.51223686168515e-06 0.00285507796710426 0.00484843821733488 0.997229522291366
1.20978874E+01 792.468466482391 0.00442264333312483 0.000115586543154945 0.000311838844638105 0.992378532726734 1.8179856119638e-13 1.50164287959897e-06 0.00285613701457015 0.00485006872091787 0.997228601447652
1.20979305E+01 795.1456913862 0.00442520814502029 0.00011539910496155 0.000311691821618165 0.992376624244002 1.90143867517439e-13 1.49235961768376e-06 0.00285596657895619 0.0048522990716 0.997228923315602
1.20979735E+01 797.828194858932 0.00442562233667903 0.000115142731094184 0.000311581020327257 0.99237774009728 1.98793238973014e-13 1.482538844355e-06 0.00285496072296961 0.00485234608810047 0.997230086185381
1.20980164E+01 800.50717705778 0.00442637854044405 0.000114871359227505 0.000311535164389912 0.992378314357899 2.07760669443686e-13 1.47339649637503e-06 0.00285410976375929 0.00485278506406146 0.99723109942196
1.20980591E+01 803.199445537429 0.0044276737611795 0.000114615024464319 0.000311612777362577 0.992377606120815 2.17266713727914e-13 1.46421933746865e-06 0.00285384400192939 0.0048539015630064 0.997231507683822
1.20981017E+01 805.801181808213 0.00444386134054129 0.000114789663490485 0.000312386619283852 0.992357299856035 2.27055987420414e-13 1.45555168753669e-06 0.00285718081826786 0.00487103762331562 0.99722833747935
1.20981441E+01 808.576825636757 0.0044274059885167 0.000114149902240043 0.000311146436582418 0.992382251826341 2.37369618958413e-13 1.44650264874822e-06 0.00285070188375087 0.00485270232733916 0.99723495415368
1.20981864E+01 811.265448634684 0.00443203030037964 0.000113947107023446 0.000311194897335859 0.992376537611589 2.47987224574374e-13 1.43782503243924e-06 0.00285208626090757 0.00485717230473894 0.997233709916328
1.20982285E+01 813.919324778663 0.00444093274352829 0.000113857042312149 0.000311641992366968 0.992366323553809 2.59059900141012e-13 1.42887660311575e-06 0.00285319580123192 0.00486643177820741 0.997232755332016
1.20982705E+01 816.591302596813 0.00444665326271891 0.00011371568360415 0.000311229376545887 0.992360950236703 2.70786550501846e-13 1.42112886374077e-06 0.00285356180330336 0.00487159832286895 0.997232548559572
1.20983124E+01 819.284729125579 0.00444703648252859 0.000113469803714296 0.000311171933196039 0.992362528064868 2.82802718961073e-13 1.41256229837846e-06 0.00285205062041605 0.00487167821943892 0.997234206284307
1.20983541E+01 821.985127972466 0.00444808763026972 0.000113239304255536 0.000311088096728394 0.992362640443445 2.95375683497929e-13 1.40411368858569e-06 0.00285134724490844 0.00487241503125365 0.997235055474699
1.20983957E+01 824.686698848661 0.00444967809608557 0.00011301527007786 0.000311004116300252 0.992362114173231 3.08434033621631e-13 1.39630909727006e-06 0.00285074282546593 0.00487369748246368 0.997235811655695
1.20984372E+01 827.417419890487 0.00444885633479557 0.000112751034432352 0.000310849668881811 0.992364532413007 3.22209336655356e-13 1.38866484120201e-06 0.00284970923178301 0.00487245703810973 0.997236989451117
1.20984785E+01 830.158157826326 0.0044484709632554 0.000112485109035736 0.00031069986552365 0.992366368063022 3.36583115356744e-13 1.38087405296549e-06 0.00284882665755212 0.00487165593781478 0.997238024000837
1.20985197E+01 832.89224803236 0.00444828260648676 0.000112256536930054 0.000310560427967809 0.992367988719577 3.51499458293224e-13 1.37306613514737e-06 0.00284791173840754 0.00487109957138462 0.997239088290962
1.20985607E+01 835.645675443203 0.00444739600672127 0.000111974993528654 0.000310429055786613 0.992370669016122 3.66943216498272e-13 1.36577656480384e-06 0.00284668154207624 0.00486980005603654 0.997240469072158
1.20986017E+01 838.40198909997 0.00444716455647079 0.000111719170180584 0.000310410300051147 0.992372044457056 3.83182214709289e-13 1.35828062767658e-06 0.00284595785914278 0.00486929402670252 0.997241338483759
1.20986424E+01 841.077141436887 0.00445958251057933 0.000111701558003939 0.000311066418417974 0.992356837298057 3.99925482965037e-13 1.35119981748461e-06 0.00284826469770343 0.00488235048700124 0.997239187785058
1.20986831E+01 843.825567199636 0.00445560662789268 0.000110538265875905 0.000310363773248933 0.992365684982721 4.17327309918646e-13 1.34354700078883e-06 0.0028454048838176 0.00487650866701752 0.997242193649739
1.20987236E+01 846.600050414587 0.00445196970890124 0.000111048039099408 0.000310252258869313 0.992370562213617 4.35658426690834e-13 1.33646045667718e-06 0.0028439266319686 0.00487327000686996 0.997243832220487
1.20987640E+01 849.309281093821 0.00446235299008976 0.000111012574687247 0.000310833392353848 0.992357517763775 4.54798821346367e-13 1.3299941907443e-06 0.00284618382703505 0.00488419895713086 0.997241716720906
1.20988043E+01 852.057905026083 0.00446167007849499 0.000109900749993199 0.000310226674080218 0.992362000296349 4.7446843297302e-13 1.32266016587863e-06 0.00284425660005562 0.00488179750256841 0.997243797798917
1.20988444E+01 854.847252108973 0.00445744133890514 0.000110416157818997 0.000310055552434779 0.992367926441973 4.95157980511402e-13 1.31609233956639e-06 0.00284236317541588 0.00487791304915892 0.997245839491132
1.20988844E+01 857.606847587883 0.00446099214431465 0.000110228090255906 0.000310271838137035 0.992364170591337 5.16724703454037e-13 1.30929298565907e-06 0.00284269754475133 0.00488149207270759 0.997245662664044
1.20989243E+01 860.2750549089 0.00447969836857364 0.000110292687970649 0.000310460047023313 0.992341324008752 5.39266443160004e-13 1.30323032569941e-06 0.00284673258398657 0.0049004511035676 0.99724177511232
1.20989640E+01 863.09619101209 0.00446817337413783 0.000109891198904238 0.0003100897892808 0.992359218959874 5.6262109143429e-13 1.29664823185893e-06 0.00284130134686882 0.00488815436232287 0.997247373322197
1.20990036E+01 865.902792047343 0.00446563282335343 0.000108763935819312 0.000309935443637335 0.992363901458604 5.86933211981389e-13 1.29003407802723e-06 0.00284058246790538 0.00488433220281008 0.997248233661414
1.20990431E+01 868.711198477573 0.00446439827965464 0.000108506009552073 0.000309801294689938 0.992366723844249 6.12231315691656e-13 1.28396303852735e-06 0.00283953550307972 0.00488270558389665 0.997249429428145
1.20990825E+01 871.470418799458 0.00447170879921372 0.000109169600192583 0.000310227392884363 0.992357416091491 6.3860725274723e-13 1.27756839013971e-06 0.00284059287222881 0.00489110579229066 0.997248521883782
1.20991217E+01 874.230874401182 0.00447685479271231 0.000109014026146445 0.000309917307811377 0.992352726725922 6.66066247544566e-13 1.27169298471815e-06 0.00284074796797939 0.00489578612667013 0.997248512852592
1.20991608E+01 877.068149490976 0.00446905919713862 0.000107874365241641 0.000309730175651299 0.992365431928109 6.94559450543891e-13 1.26519569846883e-06 0.00283731653172477 0.00488666373803156 0.997252095666141
1.20991998E+01 879.817325662624 0.00447984831059282 0.000108629891810802 0.00031037609289444 0.992350855721606 7.24302583516481e-13 1.25947447007303e-06 0.0028398538732097 0.00489885429529806 0.997249710016904
1.20992386E+01 882.642042171145 0.00447492228025338 0.00010747909329885 0.000309690857607028 0.992360743258321 7.55173923463251e-13 1.25322711490047e-06 0.00283689069902075 0.00489209223115926 0.997252835489481
1.20992774E+01 885.448833228956 0.00447634566928738 0.000108050050109741 0.000309885197995455 0.992358878373261 7.87311123848689e-13 1.24720878107978e-06 0.00283671446134315 0.00489428091739257 0.997253159290654
1.20993160E+01 888.144968931948 0.00449623749465385 0.000107305627947888 0.00031017010131947 0.992335252498098 8.20888577319479e-13 1.2417594520929e-06 0.00284106805562881 0.0049137132239212 0.997248965722019
1.20993545E+01 891.013183624803 0.00448264631029509 0.000107714082646407 0.000309745191285762 0.992355009162613 8.55618128901924e-13 1.23599988220123e-06 0.00283507145171907 0.00490010558422726 0.99725511474684
1.20993929E+01 893.872219244014 0.0044777081375066 0.000106593602920766 0.00030957857626903 0.992362607208234 8.91737507710153e-13 1.22999571564027e-06 0.00283384234957245 0.00489388031669639 0.997256487524931
1.20994311E+01 896.647248247687 0.00448835031598546 0.000107309007737479 0.000310155259544363 0.992348689787323 9.29411212300735e-13 1.22416130997459e-06 0.0028359863981845 0.0049058145832673 0.99725450437059
1.20994693E+01 899.486997915019 0.00448512186318579 0.000106227364732878 0.000309583265400696 0.992356002998424 9.68521920849718e-13 1.21849702390423e-06 0.00283368970969918 0.00490093249331936 0.997256935491744
1.20995073E+01 902.310331312127 0.00448685632814674 0.000106799308127023 0.000309844610327629 0.992353854242039 1.00919667369408e-12 1.21300024173323e-06 0.00283341420493568 0.0049035002466014 0.99725735448864
1.20995452E+01 905.068770972853 0.00449929512607406 0.000105954376922012 0.000309853947008422 0.992340047303366 1.05160851034219e-12 1.20735764512725e-06 0.00283577785723532 0.0049151034500045 0.99725515075337
1.20995829E+01 907.962495860672 0.00448694633156429 0.000105575911711126 0.000309530099845805 0.992358387166537 1.09551080197109e-12 1.20208515767537e-06 0.00283063290798565 0.00490205234312122 0.997260439509658
1.20996206E+01 910.775291308851 0.00449359986931414 0.000106209849040796 0.000309968370567341 0.992349079542072 1.1412647223952e-12 1.19647273086866e-06 0.00283238311866458 0.00490977808892228 0.997258857630994
1.20996581E+01 913.599956030159 0.00449641711657919 0.000105234539762638 0.000309631719148924 0.99234830520293 1.1888222660599e-12 1.19088141677196e-06 0.00283180891474845 0.00491128337549075 0.997259588578421
1.20996956E+01 916.467460935942 0.00449251205907002 0.000104988057406574 0.000309661705512354 0.992354697537449 1.23818995040056e-12 1.18576837293295e-06 0.00282967520456382 0.00490716182198895 0.997261859359437
1.20997329E+01 919.192516635205 0.00451401031330055 0.000105018834850143 0.000310079372755724 0.992327844812075 1.28977541542639e-12 1.18044208407173e-06 0.00283474985146567 0.00492910852090642 0.997256953332981
1.20997701E+01 922.12560201887 0.0044958336488256 0.00010456541049169 0.00030955520091303 0.992354462338499 1.34302056822695e-12 1.17514823103006e-06 0.00282743128950306 0.00490995426023032 0.997264416598729
1.20998071E+01 924.990878276752 0.00449728863029433 0.000104384021796928 0.000309742662039828 0.992352332933346 1.39846252582501e-12 1.16970991326498e-06 0.00282826024714297 0.00491141531413108 0.997263748247478
1.20998441E+01 927.785733251131 0.00450938468878951 0.000104267982070614 0.000309733435965884 0.992338282432711 1.45623386044706e-12 1.16476730700869e-06 0.00283049571240731 0.00492338610682601 0.997261668539537
1.20998810E+01 930.703656179132 0.00449855038411299 0.00010393554216508 0.000309565632505205 0.992354395373985 1.5160269228903e-12 1.15944661099763e-06 0.00282586061904736 0.00491205155878328 0.997266446932768
1.20999177E+01 933.412473051016 0.00452602789438951 0.000104056927140175 0.000310274161061239 0.992319166222858 1.57862051616217e-12 1.15436783963043e-06 0.00283294625510696 0.00494035898259093 0.997259525205449
1.20999543E+01 936.391019664113 0.00450252975675946 0.000103538616522377 0.000309572959279321 0.992353058162944 1.64307828427476e-12 1.14923362932935e-06 0.00282391928635595 0.00491564133256116 0.997268699495505
1.20999908E+01 939.273414287246 0.00450469176029084 0.000103361643929496 0.000309761441742481 0.992349640500898 1.71024412654007e-12 1.14418346527515e-06 0.00282530664621627 0.00491781484596281 0.997267455346861
1.21000272E+01 942.075305852732 0.00451871357157244 0.000103274174894049 0.00030982186051019 0.992333159771985 1.78021724970484e-12 1.13910025380471e-06 0.00282794521143776 0.00493180960697668 0.997264969378961
1.21000635E+01 945.018912376917 0.00450605766109958 0.000102915582033568 0.000309574363188317 0.992351753724444 1.85255524209207e-12 1.13412601162053e-06 0.00282276156070838 0.00491854760632147 0.997270301330766
1.21000997E+01 947.727079627709 0.00453632545952874 0.000104601173408427 0.000310851738156229 0.992310869041991 1.92833915932623e-12 1.12926482001592e-06 0.00283058978440692 0.0049517783710934 0.997262647413084
1.21001358E+01 950.715008563359 0.00451371850801492 0.000102574898704253 0.000309726976378511 0.992345581485711 2.00637126038689e-12 1.12421806784674e-06 0.00282179203634736 0.00492602038309769 0.997271601868809
1.21001717E+01 953.647907101039 0.00451001797201481 0.000102321135057723 0.000309740615798053 0.9923499469283 2.08748081464523e-12 1.1194230302934e-06 0.00282150908103961 0.00492207972287059 0.99727202665117
1.21002076E+01 956.466624269433 0.00452525437916457 0.000102253141425298 0.000309865754308341 0.992331458219951 2.17205667953844e-12 1.11451399656964e-06 0.00282486358796236 0.00493737327489821 0.997268831494849
1.21002433E+01 959.418370765716 0.00451448159841174 0.000101935452436612 0.00030973583585108 0.992347653547788 2.25951714711263e-12 1.10957239556543e-06 0.00282003973703427 0.00492615288669943 0.997273806434488
1.21002790E+01 962.207394270346 0.00453412435404151 0.000101940682314525 0.000310156130348912 0.992322653812125 2.35084603742346e-12 1.10510444664203e-06 0.00282513324693516 0.00494622116670495 0.99726887497883
1.21003145E+01 965.203482067311 0.00451568860968536 0.000101509040860637 0.000309697003330075 0.992349198687624 2.44502451954004e-12 1.10033068646341e-06 0.0028180607721951 0.00492689465387607 0.9972760933415
1.21003499E+01 967.929330084968 0.00454772630933044 0.000101693696781933 0.000310647167777843 0.992307501329344 2.54374251659867e-12 1.09572315564288e-06 0.00282675461416157 0.00496006717389022 0.997267568503234
1.21003853E+01 970.966172987722 0.00452128169047503 0.000101152191942779 0.000309844333787933 0.99234537289301 2.64523158628357e-12 1.09085023707967e-06 0.00281681602932071 0.00493227821620574 0.997277651109216
1.21004205E+01 973.887361794767 0.00452412493769326 0.00010099636083041 0.000310099326521133 0.992340947128608 2.75090701974278e-12 1.08635110332498e-06 0.00281844347475826 0.0049352206250448 0.997276167753653
1.21004556E+01 976.792553184766 0.00452821520350324 0.000100782083953274 0.000309883046316329 0.992337374849591 2.86067377447691e-12 1.08161333392163e-06 0.00281850907956219 0.00493888033377284 0.997276255183364
1.21004906E+01 979.630436684916 0.00454159130156854 0.00010093656903374 0.000310861575545297 0.992320803434433 2.97493602777611e-12 1.07708341889685e-06 0.00282073429583402 0.00495338944614757 0.99727419288058
1.21005255E+01 982.522851548179 0.00454317766041406 0.000100560150580025 0.000310423313329974 0.992321482868016 3.09338405230055e-12 1.07272332479518e-06 0.00281943737556333 0.00495416112432405 0.99727564399234
1.21005603E+01 985.557120500927 0.00452475979041522 0.000100117133291928 0.000309905666192904 0.992346703865227 3.21570256464604e-12 1.06793344404538e-06 0.00281375108790297 0.00493478258990005 0.997281486455127
1.21005950E+01 988.31257218734 0.00455656958813468 0.000100289761042534 0.000310802344970852 0.992305646612883 3.3439016997282e-12 1.06370450967078e-06 0.00282209091383622 0.00496766169414807 0.997273308307031
1.21006296E+01 991.396496918074 0.00452766924631461 9.97303051880467e-05 0.00030994463562785 0.992346443686596 3.47549906693359e-12 1.05916907439584e-06 0.00281175649567617 0.0049373441871305 0.997283787873726
1.21006641E+01 994.212753833711 0.00455170385065981 0.000100065679620762 0.000311215521835633 0.99231373284617 3.61325878806906e-12 1.05478072571115e-06 0.00281899053214999 0.00496298505211621 0.997276717898286
1.21006984E+01 997.187325785944 0.00454324475737722 9.94859925860064e-05 0.000310331638798254 0.992328452650644 3.75558143706682e-12 1.05037373913118e-06 0.00281435646786633 0.00495306238876148 0.997281515039406
1.21007327E+01 1000.18493770769 0.00453579557036467 9.92201259573489e-05 0.000310347623022012 0.992338561181245 3.90304297018009e-12 1.04608430956574e-06 0.00281209144825375 0.00494536331934404 0.997283924500589
1.21007669E+01 1003.12147970418 0.00454063017506435 9.90216759482536e-05 0.000310220129162989 0.992333242922434 4.05632994839263e-12 1.04164430843225e-06 0.00281307268072075 0.00494987198017559 0.99728311490261
1.21008010E+01 1005.8980123839 0.00456835319627436 9.91683064007583e-05 0.000311149885124289 0.992298790445427 4.21637094196916e-12 1.03752341405532e-06 0.00281888569724884 0.00497867138779941 0.997277461833227
1.21008350E+01 1009.0166670014 0.00453627161938013 9.85756625761084e-05 0.000310235458181549 0.992343330636585 4.38055770984985e-12 1.0331753320766e-06 0.00280807783722769 0.00494508274013779 0.997288413376723
1.21008689E+01 1011.79549176394 0.00456926661329561 9.96902257630662e-05 0.000311543573346482 0.992298501201703 4.55285284180208e-12 1.0292026486346e-06 0.0028176704810473 0.00498050041240516 0.997279001614108
1.21009027E+01 1014.91406233686 0.00453976602648621 9.81935280022971e-05 0.000310306653230181 0.992341487200436 4.72961195251107e-12 1.02475277325973e-06 0.00280705334148223 0.00494826620771868 0.997289753408155
1.21009363E+01 1017.72555558371 0.00456872180765197 9.87875999068697e-05 0.00031173922503895 0.992302211985613 4.91472294525535e-12 1.02083896223293e-06 0.00281551739000654 0.00497924863259779 0.99728146061821
1.21009699E+01 1020.81292447875 0.00454616533423074 9.78532524468242e-05 0.000310499212342798 0.992335574627697 5.10510053804524e-12 1.01658381777434e-06 0.00280703698129916 0.00495451779902036 0.997290092426717
1.21010034E+01 1023.70138297574 0.00456306320151833 9.80250839442097e-05 0.000311534110731546 0.992312735816709 5.30368512760786e-12 1.01268811124051e-06 0.00281193797123964 0.00497262239619409 0.997285358212903
1.21010368E+01 1026.68214669085 0.00456021359199675 9.75968972704582e-05 0.00031088438133337 0.992319524873144 5.50906326581244e-12 1.0084992354618e-06 0.00280923874959373 0.00496869487060058 0.997288219743745
1.21010701E+01 1029.71699350783 0.00455155819467822 9.73335281751253e-05 0.000310903235567088 0.992331530354827 5.72158481130785e-12 1.00440401248184e-06 0.00280628091817348 0.00495979495842044 0.997291325313248
1.21011033E+01 1032.69708229609 0.00455465987135561 9.71193389808033e-05 0.000310765509559159 0.992328290229628 5.94216574753584e-12 1.00049852731526e-06 0.00280692377241452 0.00496254471989557 0.997290834949524
1.21011364E+01 1035.61740320964 0.00456548203549538 9.70262190347329e-05 0.000310978997650936 0.992315827075734 6.1713421483573e-12 9.96534672748334e-07 0.00280861012086642 0.00497348725218105 0.997289314327915
1.21011695E+01 1038.59536473193 0.00456478755922782 9.69322716224373e-05 0.000311505508291484 0.992318091334837 6.40843777664836e-12 9.92657559439522e-07 0.0028067597439667 0.00497322533914174 0.997291316673979
1.21012024E+01 1041.60577715818 0.00456106272083257 9.66347539609647e-05 0.00031128012258592 0.992324229249197 6.65395875482696e-12 9.88709675564335e-07 0.00280502542715477 0.00496897759737945 0.997293206846577
1.21012352E+01 1044.61000240404 0.00456070768902833 9.63842771640024e-05 0.000311075173751126 0.992325841811213 6.9083495691139e-12 9.84737986073896e-07 0.00280439694551854 0.00496816713994346 0.997294008951156
1.21012679E+01 1047.57033110131 0.00456734613223528 9.62419534104291e-05 0.000311171055844341 0.992318548108508 7.17225857485017e-12 9.80950299460725e-07 0.00280524282022245 0.00497475914149005 0.997293307249998
1.21013006E+01 1050.42391312328 0.00458818939647879 9.68633689016736e-05 0.000312442729930008 0.992292185067257 7.44691383380752e-12 9.77228828452542e-07 0.00280904053414642 0.00499749549531047 0.997289680562567
1.21013331E+01 1053.58274651554 0.00455909143907867 9.57638451594668e-05 0.000311136235937938 0.99233323956542 7.72869491924609e-12 9.73247961198342e-07 0.00279964415681184 0.00496599152017608 0.997299231085596
1.21013656E+01 1056.4497629513 0.00458486543313586 9.5840966178216e-05 0.000311850887333851 0.992299498531217 8.02318673092524e-12 9.69487774921496e-07 0.00280700028907735 0.00499255728664793 0.997292055817865
1.21013979E+01 1059.57557860606 0.00456387837511486 9.54336623471722e-05 0.000311391813535437 0.992329297909311 8.32578200000199e-12 9.65780828344726e-07 0.00279919065698165 0.00497070385099747 0.997300001760308
1.21014302E+01 1062.56689245009 0.00457107574545301 9.52779497642356e-05 0.000311442649259414 0.992319897685427 8.64031359835654e-12 9.61958195067712e-07 0.00280165990598076 0.00497779634447666 0.997297694029904
1.21014624E+01 1065.48571134527 0.0045860171919439 9.52464926740945e-05 0.000311868307065753 0.992302438917816 8.96699716220214e-12 9.58310392272469e-07 0.00280395876564868 0.00499313199168375 0.9972955709095
1.21014945E+01 1068.55157799883 0.00457535608075754 9.5012305526829e-05 0.000312010730099137 0.992317855152859 9.30366281299984e-12 9.54648461528095e-07 0.00279942831173591 0.0049823791163835 0.997300234269242
1.21015265E+01 1071.56739329938 0.00457725822068725 9.48078633553722e-05 0.000312011085901519 0.992316009846075 9.65282367182867e-12 9.51000913589099e-07 0.00279974193761401 0.00498407716994415 0.997300087016019
1.21015584E+01 1074.59169551112 0.00457784432966438 9.45961609647935e-05 0.000311945900382711 0.992316667302002 1.00140464931489e-11 9.47410299421458e-07 0.00279894106995626 0.00498438639101188 0.997301053693014
1.21015902E+01 1077.61676675008 0.00457850629484892 9.43869315496543e-05 0.000311898171382061 0.992317095459591 1.03880622920895e-11 9.43759508370623e-07 0.00279825386263624 0.00498479139778063 0.997301886857372
1.21016219E+01 1080.62544634395 0.00458188173039194 9.42120263264608e-05 0.000311939097066855 0.992314019282024 1.07754306909906e-11 9.40159287787703e-07 0.00279824897722937 0.00498803285378526 0.99730205213581
1.21016535E+01 1083.56315735619 0.00459527452202142 9.41642195079352e-05 0.000312380539797859 0.992298245561841 1.11774618007049e-11 9.36860480266676e-07 0.00280041961504465 0.00500181928132721 0.997300064843168
1.21016851E+01 1086.63447620918 0.00458614577312625 9.39659814183404e-05 0.000312601555939046 0.992311640765967 1.15918565771469e-11 9.33287901501087e-07 0.00279628106463196 0.00499271331048364 0.997304354076451
1.21017166E+01 1089.64760843733 0.00459060745994165 9.38232133107826e-05 0.00031277963844547 0.992306376508865 1.20213474508381e-11 9.29728604142817e-07 0.00279720389087175 0.00499721031169791 0.997303586820563
1.21017479E+01 1092.65973644511 0.00459457898241333 9.37066266696314e-05 0.000312992761234759 0.99230267560469 1.24659177470151e-11 9.26430485389126e-07 0.00279701256307207 0.00500127837031772 0.997303953975008
1.21017792E+01 1095.72666366611 0.00458995262848925 9.33290868891021e-05 0.000312442104725784 0.9923105698296 1.29250769097973e-11 9.22928384909834e-07 0.00279481094286227 0.00499572382010414 0.997306293649704
1.21018104E+01 1098.63446740892 0.00461105396770194 9.39302234376288e-05 0.000313666841176699 0.992283404844459 1.34026306627056e-11 9.19570730729651e-07 0.00279924039453547 0.00501865103231627 0.997302055876775
1.21018416E+01 1101.85249651693 0.00458184033340111 9.28685838834757e-05 0.000312403547741755 0.992324275214995 1.38918797646566e-11 9.16034889597845e-07 0.00279004319518076 0.00498711246502634 0.997311387680022
1.21018726E+01 1104.87139529684 0.00459234543639968 9.27640994565378e-05 0.000312591420567287 0.992310249561163 1.44006197171258e-11 9.12784215695119e-07 0.00279364406856667 0.00499770095642351 0.997307950517587
1.21019035E+01 1107.86716263117 0.00460149472965035 9.26621344712398e-05 0.000312804692375717 0.992300455398545 1.49274743018137e-11 9.09481834994552e-07 0.00279432651713195 0.00500696155649731 0.997307416955043
1.21019344E+01 1110.8051638315 0.00461652885399971 9.31342627568961e-05 0.000314039302623296 0.992281739308874 1.54737410840911e-11 9.06289584149529e-07 0.00279648510030802 0.00502370241937991 0.997305441728254
1.21019652E+01 1114.02595676112 0.00458827231895106 9.21725964972453e-05 0.000312806524735872 0.992320980755253 1.60333729134375e-11 9.02948924928596e-07 0.00278783740284605 0.00499325144018418 0.997314232195437
1.21019959E+01 1117.06069254166 0.00459780148410195 9.20591510260888e-05 0.000312961928867586 0.992308258092843 1.66151659653961e-11 8.99722671033398e-07 0.00279115150216757 0.00500282256399563 0.997311080656839
1.21020265E+01 1120.09696377438 0.00460279739767107 9.19185323501495e-05 0.000313077620368084 0.992303707577837 1.72167371430215e-11 8.96500635638063e-07 0.00279089263796064 0.0050077935503893 0.997311501128227
1.21020570E+01 1123.09985196218 0.00461129202443737 9.18194395804019e-05 0.000313408829486563 0.992294182973079 1.78393724876696e-11 8.93427435011172e-07 0.00279184705128568 0.00501652029350433 0.997310703266583
1.21020874E+01 1126.09406614119 0.00461943172991356 9.20347252651321e-05 0.000314413871492337 0.992284555613579 1.84837066687733e-11 8.90331642928925e-07 0.00279229119888263 0.00502588032667103 0.99731043594025
1.21021178E+01 1129.30112296869 0.00459682283530671 9.13085340152085e-05 0.000313275616046481 0.992315988364661 1.91451100687512e-11 8.87080681693232e-07 0.002785482088011 0.0050014069853684 0.997317395350029
1.21021481E+01 1132.34912803761 0.00460562021100156 9.11918660448427e-05 0.000313432277388756 0.992304565948922 1.98315308803365e-11 8.84068654457207e-07 0.00278822085152446 0.00501024435443516 0.997314810303358
1.21021783E+01 1135.40329438139 0.00460960685590715 9.10462005100333e-05 0.000313551176715554 0.992301233909887 2.05410307644976e-11 8.80984170954858e-07 0.0027877679901612 0.00501420423313273 0.997315438143019
1.21022084E+01 1138.43770204835 0.00461540469060894 9.09267646475082e-05 0.000313840933374874 0.992295079447418 2.12748338854395e-11 8.77952431829734e-07 0.00278811102644351 0.00502017238863132 0.997315251836049
1.21022384E+01 1141.42660209342 0.00462706188055684 9.08704885708547e-05 0.00031434348064251 0.992281586851695 2.20345601319194e-11 8.75153235580749e-07 0.0027896735139693 0.0050322758497702 0.997313862701465
1.21022683E+01 1144.57308732021 0.00461440073902629 9.0650361387514e-05 0.000314430668505938 0.992299279602275 2.28155026439951e-11 8.72023343076182e-07 0.00278492586040355 0.00501948176891974 0.997318761371194
1.21022982E+01 1147.6892135923 0.00461214569877483 9.03291664435099e-05 0.000313953371463852 0.992302939255958 2.36229424123795e-11 8.69039318473813e-07 0.00278446735592936 0.00501642823668219 0.99731936749264
1.21023280E+01 1150.72818372862 0.00462143078200139 9.02269228025492e-05 0.000314177093350188 0.992292277312716 2.44588437981959e-11 8.66217646438624e-07 0.00278589448431901 0.00502583479815412 0.99731811211087
1.21023577E+01 1153.72360947218 0.00463396124176216 9.019835439409e-05 0.000314796537071957 0.992277786985523 2.53241135572901e-11 8.6338689771263e-07 0.00278743532991517 0.0050389561332282 0.997316743118751
1.21023874E+01 1156.88569229684 0.00462062401289376 8.99805950519874e-05 0.000314875993735198 0.99229620319779 2.62132136320162e-11 8.60435174043616e-07 0.00278262616733444 0.00502548060168095 0.997321683799471
1.21024169E+01 1160.02561722537 0.00461643693939184 8.96344981145354e-05 0.000314331159230909 0.992302422383805 2.71316185889759e-11 8.5768484266732e-07 0.00278165466528064 0.00502040259673728 0.997322824980542
1.21024464E+01 1163.09304830932 0.00462372772136954 8.95210861687736e-05 0.00031452924383975 0.992294031571811 2.8081775183402e-11 8.54809100136236e-07 0.00278283307144247 0.00502777805137807 0.997321809623189
1.21024758E+01 1166.15666829832 0.00462883203152865 8.93841040690554e-05 0.000314715475181859 0.992289116425976 2.90634306876251e-11 8.52018925938882e-07 0.00278275909079641 0.00503293161077957 0.997322048036755
1.21025051E+01 1169.18689806819 0.00463779741199575 8.93104756583662e-05 0.000315193256620385 0.992278960632293 3.00784691122573e-11 8.49433159609419e-07 0.00278371112897142 0.0050423011442745 0.997321261776567
1.21025343E+01 1172.26354628098 0.00463919513427954 8.94211539142023e-05 0.000315916598426097 0.992278036530525 3.11249496034866e-11 8.46633562178614e-07 0.00278255945972934 0.00504453288661984 0.997322569417145
1.21025635E+01 1175.49612007372 0.00462030870817286 8.87917265039162e-05 0.000314963708239872 0.992304040890285 3.21998790584067e-11 8.43807261514226e-07 0.00277715999589627 0.00502406414291665 0.997328105033202
1.21025926E+01 1178.54831152825 0.00463336660583651 8.87702294226163e-05 0.000315462292350064 0.992287264391848 3.33152326603276e-11 8.41280390715856e-07 0.00278057723891741 0.00503759912760919 0.997324863519457
1.21026216E+01 1181.53529643584 0.00465037315141974 8.90855832386176e-05 0.000316362906066003 0.992266835816582 3.44695749021252e-11 8.38694871824177e-07 0.00278294091587347 0.00505582164072436 0.997322657457306
1.21026505E+01 1184.78290715921 0.0046273097686269 8.83497097801511e-05 0.000315499544044122 0.992298903787287 3.56512074446428e-11 8.35910463440636e-07 0.00277569528571708 0.00503115902245118 0.997330062809738
1.21026794E+01 1187.78200119314 0.00464801825962529 8.85360502974146e-05 0.000316425274690523 0.992271838448534 3.68796462280092e-11 8.33444919190205e-07 0.00278111243197972 0.00505297958461323 0.997324818033147
1.21027082E+01 1191.01332396938 0.00462964598214835 8.79881634327494e-05 0.000315559062553075 0.992298260829853 3.81387525108558e-11 8.30802894548842e-07 0.00277462230144199 0.00503319320813418 0.997331454037988
1.21027369E+01 1194.05843258603 0.00464427763220078 8.80153509509497e-05 0.00031625056839318 0.992279278522358 3.94444786910432e-11 8.28223417725205e-07 0.00277841456453261 0.00504854355154491 0.997327822073903
1.21027655E+01 1197.24568369261 0.00463409735826991 8.76491562503241e-05 0.000315673257500783 0.992294627729071 4.07859741447496e-11 8.25716973938837e-07 0.00277434787633178 0.00503741977202102 0.997332047501092
1.21027941E+01 1200.35069981478 0.00463936800375033 8.75304125837661e-05 0.000315939755821793 0.99228834555084 4.21731734798933e-11 8.23200103230226e-07 0.00277536966531036 0.00504283817215589 0.997331183722996
1.21028225E+01 1203.4297126276 0.0046464167548191 8.7469286237055e-05 0.000316413952559466 0.992280610549898 4.36055042096496e-11 8.2071465382344e-07 0.00277580792209817 0.00505029999361562 0.997330910543514
1.21028509E+01 1206.39547622684 0.0046673537168845 8.85384768965394e-05 0.00031713312967369 0.992254417053959 4.50893576541991e-11 8.18355032371127e-07 0.00277945099768386 0.00507302532345473 0.997327442377414
1.21028793E+01 1209.65125402611 0.00464452766969043 8.71696339329584e-05 0.000316845192963134 0.992286467694673 4.66062661551071e-11 8.15893735252307e-07 0.00277203778265799 0.00504854249658653 0.997335010191259
1.21029075E+01 1212.84784253776 0.00463970516550991 8.68258088992078e-05 0.000316320513212321 0.992292856358469 4.81723823474427e-11 8.13413006478829e-07 0.00277147437799507 0.00504285148762144 0.99733570784609
1.21029357E+01 1215.92676986078 0.00465176425110504 8.68102978044358e-05 0.000316850935064216 0.992278293320366 4.97926426169005e-11 8.11098267137355e-07 0.00277364325187622 0.00505542548397369 0.99733371880434
1.21029639E+01 1218.9187285963 0.00467092918209286 8.67867368990403e-05 0.00031744600843536 0.992255760474554 5.14695925398142e-11 8.0881344906016e-07 0.00277660709495991 0.00507516192742727 0.997330922401981
1.21029919E+01 1222.12494880443 0.00465646286459262 8.66594410854693e-05 0.000317606566644204 0.992275790774366 5.31881388753171e-11 8.0643589099801e-07 0.00277115969468842 0.00506072887232229 0.997336519646688
1.21030199E+01 1225.34880054937 0.00464727680595673 8.623422894169e-05 0.000317039809257435 0.992288162729553 5.49569983418664e-11 8.04085556339759e-07 0.00276910976570812 0.00505055084415585 0.997338713573709
1.21030478E+01 1228.32242312199 0.00467471879688199 8.67639937152036e-05 0.000318180292603179 0.992253212232498 5.6795682702498e-11 8.01896734488073e-07 0.00277513019858098 0.00507966308320038 0.997332875315699
1.21030756E+01 1231.57016641862 0.00465637113204539 8.60608675738035e-05 0.000317704506546972 0.992279557691568 5.86755227354519e-11 7.99503401307069e-07 0.00276844869498168 0.00506013650616616 0.997339694197735
1.21031034E+01 1234.78074916575 0.00465108925927147 8.57289037519571e-05 0.000317274536604726 0.992286679904765 6.06140108278877e-11 7.97165882821737e-07 0.00276754007730427 0.00505409269962816 0.997340772604394
1.21031311E+01 1237.81263086725 0.00467091143346079 8.58827429523955e-05 0.000318236333332623 0.992261970327016 6.26233595190333e-11 7.94992443493283e-07 0.00277148162367389 0.00507503050974581 0.997337000836762
1.21031587E+01 1241.04963162551 0.00465668332895802 8.54661604959939e-05 0.000317696592426832 0.992282483003548 6.46812363941158e-11 7.92773960789415e-07 0.00276628400066755 0.00505984608188084 0.997342329085429
1.21031862E+01 1244.04528622266 0.00468085259796384 8.54855230575312e-05 0.000318408128214317 0.992252142000454 6.68183917583868e-11 7.90673976979284e-07 0.00277190655210828 0.00508474624923569 0.99733688824969
1.21032137E+01 1247.18261956439 0.0046789561596346 8.53113548336352e-05 0.000318583488710562 0.992256972304698 6.90123534836163e-11 7.88472486365685e-07 0.00276912732411735 0.0050828510031788 0.997339823307877
1.21032411E+01 1250.36958209283 0.00467391354819931 8.54374854682514e-05 0.000318942264520309 0.992263573721426 7.1269526607361e-11 7.86373719484004e-07 0.00276724773983114 0.00507829329818787 0.997341867019614
1.21032685E+01 1253.58873263111 0.00466784243323437 8.4981068533063e-05 0.000318674454070381 0.992272471521996 7.3591268251409e-11 7.84124073081674e-07 0.00276530221576273 0.00507149795583782 0.997343969477834
1.21032957E+01 1256.80763400986 0.00466357645465577 8.46717764280905e-05 0.000318313817623471 0.99227906184903 7.59824900134646e-11 7.82028527201237e-07 0.00276379761389384 0.00506656204870733 0.997345623897737
1.21033229E+01 1259.84048412903 0.00468478005299242 8.46597472804154e-05 0.000318872851016316 0.992253119143271 7.84606566825297e-11 7.79998308817131e-07 0.00276816199664435 0.00508831265128915 0.99734143179456
1.21033501E+01 1263.02471802915 0.00467909801418758 8.44430979675719e-05 0.000318870620068661 0.992262496616539 8.10023798739615e-11 7.7785961428613e-07 0.00276483209722853 0.00508241173222381 0.997344908348763
1.21033771E+01 1266.20140183157 0.00467841675220951 8.42611782341019e-05 0.000318931040840623 0.992264088621758 8.36207793221855e-11 7.75854565141821e-07 0.00276419721612784 0.00508160897128423 0.997345697593043
1.21034041E+01 1269.38943674235 0.00467741316269131 8.40753112566365e-05 0.000318909965123781 0.992266505094333 8.63162019696552e-11 7.7376346656913e-07 0.00276315368513021 0.00508039843907173 0.997346903533404
1.21034311E+01 1272.58772545147 0.00467567014123844 8.38827641231013e-05 0.00031886612677805 0.992269848864066 8.90905897742947e-11 7.71680069954789e-07 0.0027619401788219 0.00507841903213959 0.997348267896206
1.21034579E+01 1275.79034162772 0.00467419188359095 8.37102574892858e-05 0.000318917062407679 0.99227259267762 9.19463999471398e-11 7.69607442510732e-07 0.00276096231886028 0.00507681920348792 0.997349411881108
1.21034847E+01 1278.98770619301 0.00467379530002919 8.35416427246532e-05 0.000318979319366839 0.992274064758276 9.48866837518187e-11 7.67640803931104e-07 0.00276013696058723 0.00507631626212068 0.997350381020397
1.21035115E+01 1282.10451623888 0.00468382253859959 8.35353745685151e-05 0.000319653690326476 0.992262076832873 9.79218857822104e-11 7.65661871997568e-07 0.00276160915522452 0.00508701160349458 0.997349088436367
1.21035381E+01 1285.26165256481 0.00468589198781552 8.33146229690378e-05 0.000319539131335975 0.99226128582848 1.0104408292338e-10 7.63673813842744e-07 0.00276081032443397 0.00508874574212053 0.997350031570601
1.21035647E+01 1288.48646252909 0.00467975558560739 8.31007046747166e-05 0.00031949612120252 0.992270246666357 1.04251837257442e-10 7.61689461660016e-07 0.00275839925630555 0.00508235241148462 0.997352599077842
1.21035913E+01 1291.69039446727 0.00467952993681037 8.29374387692827e-05 0.000319573209468857 0.992271217228189 1.07554295979182e-10 7.59785280748146e-07 0.00275789389257571 0.00508204058504851 0.997353257813237
1.21036177E+01 1294.75721562286 0.00469734909109906 8.30815983892791e-05 0.000320629253106956 0.992249175751428 1.10969206632984e-10 7.57913174886555e-07 0.00276108128756805 0.00510105994259529 0.997350235694023
1.21036441E+01 1297.96801334547 0.00469128983718593 8.28360806233388e-05 0.000320590193072228 0.992258851341359 1.14470001165163e-10 7.55958998150473e-07 0.00275791249336992 0.00509471611088149 0.997353567452241
1.21036705E+01 1301.17287155153 0.0046902135015488 8.2631033393584e-05 0.000320593079613311 0.992260973332834 1.18073179482144e-10 7.54115533341828e-07 0.00275722727428376 0.00509343761455569 0.99735441094739
1.21036967E+01 1304.37846473794 0.00468988517165456 8.24355000537387e-05 0.000320562030349072 0.992262633115483 1.21780576185696e-10 7.52200768813767e-07 0.00275628504087754 0.00509288270205737 0.997355515817541
1.21037230E+01 1307.56844081953 0.00469233782986878 8.22141577022334e-05 0.000320359295867876 0.992260871015529 1.25597504400664e-10 7.50313232082214e-07 0.00275617881060301 0.00509491128343889 0.997355782298967
1.21037491E+01 1310.81128004285 0.00468721657613378 8.20207131544406e-05 0.000320353661425825 0.992268520879282 1.29517133079943e-10 7.48465737163878e-07 0.00275399390817112 0.00508959095071405 0.997358111829996
1.21037752E+01 1313.93169825018 0.00470006121187599 8.20607647593797e-05 0.000321163946772865 0.99225266559614 1.33565775324331e-10 7.46645056441288e-07 0.00275631605875942 0.00510328592340824 0.997355951519548
1.21038012E+01 1317.14282366228 0.00469709913674959 8.18578722542888e-05 0.000321185377470098 0.99225817923532 1.37720737448676e-10 7.44780594311258e-07 0.00275409586176367 0.00510014238647397 0.997358321621794
1.21038272E+01 1320.36313447133 0.00469527544972108 8.16074079826104e-05 0.000320926087632449 0.992261648174978 1.4199383268533e-10 7.43011186383062e-07 0.00275312784422408 0.00509780894533614 0.997359457120314
1.21038531E+01 1323.58982532435 0.00469420904506985 8.14499159311544e-05 0.000321027787362957 0.99226392109667 1.46388094176017e-10 7.41184093614194e-07 0.0027521439121877 0.00509668674836396 0.997360607845034
1.21038789E+01 1326.5915297102 0.00472266869619515 8.1547676565998e-05 0.000322125057660629 0.992228851549766 1.50941762792457e-10 7.39511294191898e-07 0.00275771406500627 0.00512634143042177 0.997355192980188
1.21039047E+01 1329.91841618774 0.00470119157227867 8.11810872650996e-05 0.000321528710930819 0.992258588149149 1.55580978112263e-10 7.37633843594746e-07 0.00275057733277047 0.00510390137047459 0.997362489519624
1.21039304E+01 1333.19780512552 0.00469570470783259 8.0967526037771e-05 0.000321367922563945 0.992265457469342 1.60355610531381e-10 7.35876498767286e-07 0.00274972262623463 0.00509804015643431 0.997363497625776
1.21039560E+01 1336.37462288538 0.00470484573885781 8.09330753127272e-05 0.000321866922368887 0.992254572401986 1.65280182081805e-10 7.3411799969816e-07 0.00275115019923222 0.00510764573653942 0.997362218138525
1.21039816E+01 1339.57076234375 0.00470743847004166 8.07574142710646e-05 0.000321878899660065 0.992252949500337 1.70344399425944e-10 7.32410766627522e-07 0.00275049774418301 0.00511007478397279 0.99736302428431
1.21040071E+01 1342.83480740726 0.0047016229063872 8.05563807277695e-05 0.000321859932894129 0.992261403003605 1.75537955003657e-10 7.30685938127029e-07 0.00274825079722614 0.0051040392200091 0.997365442223614
1.21040326E+01 1345.85201788478 0.00472977688884736 8.06490019390027e-05 0.00032294961423999 0.992226479772109 1.80922050689266e-10 7.29082081061313e-07 0.00275401133315188 0.00513337550502636 0.997359855277135
1.21040580E+01 1349.21471777094 0.00470587634152826 8.02612694433894e-05 0.000322224402293993 0.992259239664836 1.86402803562285e-10 7.27298337377457e-07 0.00274640659577291 0.00510836201326565 0.997367601678102
1.21040833E+01 1352.48535135403 0.00470410626158022 8.00968394160771e-05 0.000322246147482241 0.992261231263209 1.92047316993092e-10 7.25550390632761e-07 0.00274646831943962 0.00510644924847854 0.997367680511688
1.21041086E+01 1355.49178540792 0.00473556239078813 8.07732087930367e-05 0.000323714872877633 0.992221697304682 1.97900150253786e-10 7.24060424832926e-07 0.00275259595828326 0.0051400504724588 0.997361747777141
1.21041338E+01 1358.85188134699 0.00471240720780578 7.98522219305021e-05 0.000322780936628073 0.992254364517967 2.03855592947635e-10 7.223010023926e-07 0.00274508411932462 0.00511504036636436 0.997369404884331
1.21041590E+01 1362.15127111027 0.00470732566638769 7.96527179478119e-05 0.000322661106238045 0.992260594448016 2.09981415475877e-10 7.20629369012668e-07 0.002744402908315 0.00510963949057355 0.99737023393859
1.21041841E+01 1365.20896021018 0.00473380666869125 7.99665415199096e-05 0.000324033655574524 0.992227358214418 2.1632902772227e-10 7.19039765054627e-07 0.00274962720682853 0.00513780686578568 0.997365165080203
1.21042091E+01 1368.48572014498 0.00472376271439293 7.94887519823561e-05 0.000323479434592203 0.992242958776471 2.22811581817381e-10 7.17430993650405e-07 0.00274526310702168 0.00512673090096749 0.997369689677438
1.21042341E+01 1371.82821202519 0.00471112784629137 7.92202500629168e-05 0.000323117606209326 0.992259452071248 2.29456024625202e-10 7.15717489546692e-07 0.00274218817416398 0.00511346570256361 0.997372917773812
1.21042590E+01 1374.96375495931 0.00472918569420211 7.93279143588971e-05 0.000324083258480647 0.992236635387069 2.36326411389379e-10 7.14209126210064e-07 0.00274602861084998 0.00513259686704165 0.997369232254111
1.21042839E+01 1378.08241199929 0.00474259040177298 7.92033510112428e-05 0.000324518334394235 0.992221936869696 2.43396066214487e-10 7.12669154942023e-07 0.00274718924429749 0.00514631208717846 0.997368248956875
1.21043087E+01 1381.49637601818 0.00471685044066611 7.87966402877971e-05 0.000323650044807729 0.99225615339722 2.50596746404671e-10 7.10994200962763e-07 0.00274012252635122 0.00511929712576164 0.997375450522981
1.21043334E+01 1384.75907509214 0.00472023265820812 7.87010512949686e-05 0.000323884476417067 0.992251579870362 2.5802022274252e-10 7.09374669333462e-07 0.00274133383075854 0.00512281818592015 0.997374398056282
1.21043581E+01 1387.94651259382 0.00473060534424318 7.85996974740234e-05 0.000324090703725583 0.99223990082032 2.65665316821837e-10 7.07876230881475e-07 0.00274270720482298 0.00513329574544279 0.997373196565763
1.21043827E+01 1391.24107085552 0.0047237556866825 7.84301802799005e-05 0.000324200270139122 0.992249904720764 2.73495353156891e-10 7.06281273306405e-07 0.0027397540295846 0.00512638613710152 0.997376290857866
1.21044073E+01 1394.4309385587 0.00473327244648063 7.83190705112163e-05 0.00032444212939482 0.992238605541927 2.81562808987742e-10 7.04742599167908e-07 0.00274156673829357 0.00513603364638667 0.997374639188314
1.21044318E+01 1397.72370261093 0.00472721490496125 7.81595273772143e-05 0.000324558130589474 0.992247586135453 2.89823357966451e-10 7.03208971246587e-07 0.00273883968830828 0.00512993256292794 0.997377518698381
1.21044563E+01 1400.93427246501 0.004734157533551 7.80399931308918e-05 0.000324759837018952 0.992239605612705 2.98331889807085e-10 7.01708234512876e-07 0.00273995262693231 0.00513695736370084 0.997376562976406
1.21044807E+01 1404.19111268828 0.00473362416265026 7.79325527780157e-05 0.000325068770821462 0.992241510012535 3.07055784005461e-10 7.00155686157125e-07 0.00273855122372766 0.00513662548624974 0.997378135498784
1.21045050E+01 1407.47733495285 0.00473053774626007 7.77062616100057e-05 0.00032485228617576 0.992246486190686 3.1601003721662e-10 6.9863718553801e-07 0.00273724233728357 0.00513309629404584 0.997379582484732
1.21045293E+01 1410.52942374521 0.00475788138625334 7.8198384339357e-05 0.000326358926833101 0.992212190997018 3.25271898108858e-10 6.97292016346949e-07 0.00274237926191515 0.0051624386974258 0.997374629694444
1.21045536E+01 1413.96252735709 0.00473033198588498 7.74129157472055e-05 0.000325225384055646 0.99224989549223 3.34679703205805e-10 6.95712370708089e-07 0.00273427669064643 0.00513297028568783 0.997382865777918
1.21045777E+01 1417.18018042426 0.00474116612891701 7.74127118875999e-05 0.000325847771072946 0.992235672939651 3.44393724765391e-10 6.94234832373583e-07 0.00273721653293141 0.00514442661187756 0.997380099551528
1.21046019E+01 1420.28398497382 0.0047615441359248 7.80573632969913e-05 0.000326701409654037 0.992210969713902 3.54410060470602e-10 6.92902984481755e-07 0.00274020641729037 0.00516630290887583 0.997377272622778
1.21046259E+01 1423.75597607779 0.00473120431673746 7.69685794765806e-05 0.000325582619345348 0.992251961527719 3.64580543099781e-10 6.91318489641389e-07 0.00273188867007606 0.00513375551555939 0.997385717043279
1.21046499E+01 1426.89865963398 0.00475316502977146 7.71341750564351e-05 0.000326707828795341 0.992223470420229 3.75120754642311e-10 6.89925113709565e-07 0.00273729486227277 0.00515700703362324 0.997380477453852
1.21046739E+01 1430.20193076339 0.00474728397714856 7.67917925697231e-05 0.000326221676089449 0.992233480794236 3.85892233906727e-10 6.88450113806266e-07 0.00273416690041297 0.00515029744580773 0.997383778240044
1.21046978E+01 1433.54103795093 0.00474004323567373 7.66171969216829e-05 0.000326222130807258 0.992243153382743 3.96931853317113e-10 6.87013273374957e-07 0.00273205015853482 0.00514288256340267 0.997386035946146
1.21047217E+01 1436.79080504357 0.00474614982644825 7.64930006610579e-05 0.000326338705227015 0.99223618010053 4.0829502732112e-10 6.85603390933537e-07 0.00273307472891359 0.00514898153233633 0.997385161632866
1.21047455E+01 1439.91444995271 0.00476565218178438 7.6751627156481e-05 0.000327634646638551 0.99221232903588 4.20004721127606e-10 6.84253211732375e-07 0.00273605182594659 0.00517003845557941 0.99738236749146
1.21047692E+01 1443.32827634806 0.00474413569124086 7.61898784926743e-05 0.000326669901592296 0.992241802137767 4.31924457669021e-10 6.82778794089356e-07 0.00272974764269766 0.00514699547132583 0.997388797609092
1.21047929E+01 1446.5073342498 0.00476065808098474 7.6307479669466e-05 0.000327652556456484 0.992220644871023 4.44236976049117e-10 6.81474882055294e-07 0.00273346582238427 0.00516461811711069 0.997385262988133
1.21048165E+01 1449.83640309677 0.00475322049803715 7.59545378808165e-05 0.00032709033238997 0.992232266293831 4.56818890452287e-10 6.80047732898727e-07 0.00273034850797286 0.00515626536830794 0.997388531662139
1.21048401E+01 1453.12441589852 0.00475443166766147 7.58908059030931e-05 0.000327513430916872 0.992231094753481 4.69745618841539e-10 6.78673398650589e-07 0.00273010057266635 0.00515783590448144 0.997388930657962
1.21048636E+01 1456.45379001327 0.00475034902407508 7.56643648810826e-05 0.000327263209631702 0.992237412480371 4.82986286845111e-10 6.77310123235019e-07 0.00272850090902217 0.00515327659858786 0.997390689078959
1.21048871E+01 1459.69029314708 0.00475873303577562 7.55768162040414e-05 0.000327579194877759 0.992227691586125 4.96611904869987e-10 6.7596188974628e-07 0.00272976913575907 0.00516188904685742 0.997389580632983
1.21049105E+01 1462.87062769782 0.0047715098026029 7.57142148477667e-05 0.000328627485505373 0.992212539180073 5.10622999639788e-10 6.746635056534e-07 0.00273110977440808 0.00517585150295604 0.997388390683029
1.21049339E+01 1466.26861925311 0.00475494242900145 7.52604301497027e-05 0.000327829323828025 0.992235318205942 5.24901226074143e-10 6.73297609344512e-07 0.00272629481904635 0.00515803218297918 0.997393350388921
1.21049572E+01 1469.4296542427 0.00477456451198119 7.5464601302843e-05 0.000328993387743455 0.992210396591865 5.39652462920164e-10 6.72024016358185e-07 0.00273039082096633 0.00517902250102749 0.997389419092893
1.21049805E+01 1472.85305533808 0.00475590764782176 7.49785333979916e-05 0.000328062410061057 0.992236282298065 5.5467137542277e-10 6.70633871057337e-07 0.00272473117087626 0.00515894859128081 0.997395230889346
1.21050037E+01 1475.95426388332 0.00478381442621597 7.54437611820217e-05 0.000329546180326934 0.992200602576238 5.70223576430911e-10 6.69459185273312e-07 0.00273072103155536 0.00518880436772492 0.997389406943963
1.21050268E+01 1479.46375514049 0.0047534034244267 7.46759882532632e-05 0.000328249715690996 0.992241800381652 5.8598336051678e-10 6.68025732679168e-07 0.00272215485915541 0.00515632912837096 0.997398129510022
1.21050499E+01 1482.61462557707 0.00477764604355158 7.47127669517529e-05 0.000329092956175372 0.992210993080838 6.02316381205548e-10 6.66792635082238e-07 0.00272800790591537 0.00518145176667871 0.997392444847517
1.21050730E+01 1486.01105391195 0.00476358078317459 7.45059706713057e-05 0.000328927689140165 0.992230681002299 6.18949278054628e-10 6.65447922070835e-07 0.00272289105747106 0.00516701444298607 0.997397695445285
1.21050960E+01 1489.32678429958 0.00476494682349883 7.4349475324904e-05 0.00032893260778251 0.992229278072763 6.36035982825283e-10 6.64186367577624e-07 0.0027232456655961 0.00516822890660624 0.997397506979369
1.21051190E+01 1492.61166026125 0.00476904833287586 7.422480873599e-05 0.000329076106047589 0.992225285001979 6.535769028022e-10 6.62907799358081e-07 0.00272327339268443 0.00517234924765944 0.997397634249639
1.21051419E+01 1495.78161188078 0.00478573074648185 7.42168055271216e-05 0.000329870469780403 0.992205451793116 6.71635512845224e-10 6.61708317001889e-07 0.00272579089595399 0.00518981802178937 0.997395269814906
1.21051647E+01 1499.2025767959 0.00476821390960908 7.39789043299509e-05 0.000329616261103367 0.992229010958077 6.90009393000682e-10 6.6042345332414e-07 0.00272040880473702 0.0051718090750424 0.997400820033119
1.21051875E+01 1502.51854141871 0.0047707037100732 7.38341064964502e-05 0.000329628766199686 0.99222615156038 7.08904536375485e-10 6.59167810378455e-07 0.00272106617475722 0.00517416658276933 0.997400318143149
1.21052103E+01 1505.82294353046 0.00477344923643381 7.36986798327097e-05 0.000329708245005205 0.992223864312355 7.28280781423633e-10 6.57917031518492e-07 0.00272080343017905 0.00517685616127173 0.997400720473626
1.21052330E+01 1509.06445600309 0.0047826823905958 7.36171821939544e-05 0.000330131800545821 0.992213416758744 7.4818175957203e-10 6.56745751354422e-07 0.00272183920551608 0.00518643137333557 0.997399848132079
1.21052556E+01 1512.29668440024 0.00479090171573934 7.37331868476737e-05 0.000331106836485981 0.99220390779015 7.68605831111098e-10 6.55564430066303e-07 0.00272220768746358 0.00519574173907299 0.997399649529223
1.21052782E+01 1515.75419897284 0.00477137248565827 7.32696060319407e-05 0.00033016496034722 0.992230172292564 7.8939755589055e-10 6.54274954786234e-07 0.00271701561690596 0.00517480705203743 0.997404979344601
1.21053008E+01 1518.98005014791 0.00478698795898731 7.32318492195919e-05 0.000330668919549727 0.992210825845435 8.10846297737792e-10 6.53103930432397e-07 0.00272043516279073 0.00519088872775663 0.997401714573192
1.21053233E+01 1522.23253509471 0.00479396194192234 7.33306984488115e-05 0.000331544852947582 0.992203244365703 8.32830458403731e-10 6.51939736617346e-07 0.00272023026346784 0.00519883749331873 0.997402081859022
1.21053458E+01 1525.69147654131 0.00477543572997913 7.28866882392843e-05 0.000330661345859816 0.992228109861245 8.55212046512779e-10 6.5070970197107e-07 0.00271535671772354 0.00517898376407823 0.997407093625324
1.21053682E+01 1528.94041266412 0.00478906067192074 7.28304498184929e-05 0.000331081004731872 0.992211283994142 8.7829451617419e-10 6.49560113509913e-07 0.00271836148457739 0.0051929721264711 0.997404256120613
1.21053905E+01 1532.09088924251 0.00480907285052965 7.34883105111776e-05 0.000332358370887355 0.992186906582004 9.02031217405958e-10 6.48509756814257e-07 0.00272096027675035 0.00521491953192819 0.997401826113932
1.21054128E+01 1535.65108169501 0.00477609148811622 7.2500688683207e-05 0.000331214968727523 0.992230694955887 9.26067403560388e-10 6.47203348369334e-07 0.00271242078988569 0.00517980714552695 0.997410502101414
1.21054351E+01 1538.95673289142 0.00478570371901392 7.24150651010294e-05 0.000331409689499037 0.992218278372957 9.50856114876389e-10 6.46076962236565e-07 0.0027152765641104 0.00518952847361399 0.997407806846571
1.21054573E+01 1542.27028111697 0.00478958462108871 7.23056661114139e-05 0.000331581950492901 0.992214917667821 9.76255360966661e-10 6.44919585871579e-07 0.002714863731257 0.00519347223769303 0.997408389905514
1.21054795E+01 1545.5461228684 0.00479660281910024 7.22081355895601e-05 0.000331965133494556 0.992207212266145 1.00230724083794e-09 6.43826459965653e-07 0.00271541125683854 0.00520077608818436 0.997407988354329
1.21055016E+01 1548.71805001305 0.00481425350465643 7.22366934375545e-05 0.000333014640718918 0.992186214906613 1.02910965620022e-09 6.42771825376227e-07 0.0027178407522044 0.0052195048388129 0.997405719745426
1.21055237E+01 1552.24400067311 0.00478680586092003 7.1922709929359e-05 0.000332298147569793 0.992222150211 1.05627687998086e-09 6.41545466156202e-07 0.00271052686186934 0.00519102671841918 0.997413176929419
1.21055457E+01 1555.54177916174 0.00479707504482535 7.18708269348102e-05 0.000332643574689998 0.992209049397395 1.08427346831463e-09 6.40433737200458e-07 0.00271322873261199 0.00520158944645016 0.997410638843846
1.21055677E+01 1558.85252223445 0.00480131117167626 7.17918246939643e-05 0.000332949887559626 0.99220520731683 1.11295467996752e-09 6.39361530859492e-07 0.0027127701624644 0.00520605288392985 0.99741126020076
1.21055896E+01 1562.23329700567 0.0047962393736976 7.15498838836966e-05 0.000332678447576396 0.992212810321618 1.14227075009881e-09 6.38225932651071e-07 0.00271090214766088 0.0052004677051577 0.997413278026776
1.21056115E+01 1565.50035343 0.00480692587741181 7.14794504867568e-05 0.000333132872092526 0.992200274242514 1.17240649353968e-09 6.37162404220818e-07 0.0027125314668221 0.00521153819999109 0.997411812442506
1.21056333E+01 1568.70246867039 0.00482192526056982 7.19601787174332e-05 0.000334290010038982 0.992182157601381 1.20334341769729e-09 6.36177643582003e-07 0.00271417914170097 0.00522817544932624 0.997410333050707
1.21056551E+01 1572.24886541526 0.00479390887523985 7.1171298934565e-05 0.000333290228110038 0.992219339009014 1.23471460066042e-09 6.34980314478598e-07 0.00270694126331961 0.00519837040228446 0.997417709411298
1.21056768E+01 1575.54027727103 0.00480653057827051 7.1140183222824e-05 0.000333743473642436 0.992203235011988 1.26705707800613e-09 6.33957113257714e-07 0.00271014817050308 0.00521141423513577 0.997414649247124
1.21056985E+01 1578.82541937672 0.0048143300498675 7.11345298990289e-05 0.000334277741239021 0.992194932241727 1.30020139960148e-09 6.32914061767819e-07 0.00271029825557868 0.00521974232100555 0.997414674562733
1.21057202E+01 1582.291700101 0.00479919708832151 7.07795604267224e-05 0.000333599689593459 0.992215367052603 1.33395232994351e-09 6.31789104332779e-07 0.00270616399601077 0.00520357633834169 0.997418943390945
1.21057418E+01 1585.6222450551 0.00480565239530629 7.06900438295155e-05 0.000333842497259872 0.992207623793349 1.36863063492439e-09 6.30768780596442e-07 0.0027074603761319 0.00521018493639568 0.997417808729745
1.21057634E+01 1588.96766668645 0.0048075255715744 7.05735499538825e-05 0.000334014478788467 0.992206545830935 1.40413409711015e-09 6.29713512098449e-07 0.00270676173604526 0.00521211360031675 0.997418659431252
1.21057849E+01 1592.31402368419 0.00480897396876705 7.04537197634139e-05 0.00033421543871647 0.992205674571982 1.44048509017899e-09 6.28698959570646e-07 0.00270625380163998 0.00521364312724694 0.997419317699229
1.21058063E+01 1595.66096158246 0.00481029749100831 7.03326563110886e-05 0.000334396759616675 0.992205066187669 1.47770226054888e-09 6.2766003186965e-07 0.00270564447833482 0.00521502690693608 0.997420093094605
1.21058278E+01 1599.01036901126 0.00481165377605243 7.02125340621914e-05 0.000334575537074728 0.992204328844369 1.51580247819077e-09 6.26628281728764e-07 0.0027051212949136 0.00521644184718935 0.997420770691558
1.21058491E+01 1602.36108823982 0.00481304456692208 7.0093845778156e-05 0.000334760658466339 0.992203581120695 1.5548059349948e-09 6.25604139639448e-07 0.00270457288423082 0.00521789907116657 0.997421480191861
1.21058705E+01 1605.71161915877 0.00481463417076736 6.99787307130954e-05 0.000334963278949044 0.992202579211994 1.59473412252042e-09 6.2458831214376e-07 0.00270406080904785 0.0052195761804295 0.997422155392424
1.21058918E+01 1609.05711475952 0.00481686701416956 6.98728963494889e-05 0.000335212730519271 0.992200758665176 1.6356139541966e-09 6.23614712489534e-07 0.00270364542693698 0.00522195264103832 0.997422711306215
1.21059130E+01 1612.38652492496 0.00482098625846663 6.97928017013397e-05 0.000335585389505275 0.992196520666441 1.67748344964981e-09 6.22625421684618e-07 0.00270363907326928 0.00522636444967324 0.997422885116114
1.21059342E+01 1615.65452021521 0.00483179459613689 6.98281585502401e-05 0.000336356110294924 0.992183867245622 1.7204356842512e-09 6.21678265639492e-07 0.00270484017178244 0.00523797886498205 0.997421846110604
1.21059554E+01 1619.144578493 0.00481513101643856 6.94765467483459e-05 0.000335664389838395 0.992206268260028 1.76410329746989e-09 6.20664814834102e-07 0.00270027606433349 0.0052202719530253 0.997426540213054
1.21059765E+01 1622.4445390897 0.00482687344394152 6.94617549535661e-05 0.000336240578248721 0.992191795291317 1.80902408636215e-09 6.19717996994912e-07 0.00270260340760874 0.00523257577714381 0.997424371068461
1.21059976E+01 1625.65846573714 0.00484443351170259 6.97335949643007e-05 0.000337282897088336 0.992170879674062 1.8551786267311e-09 6.18855203109234e-07 0.00270482586144327 0.00525145000375523 0.997422329677817
1.21060186E+01 1629.16874606979 0.00482404073792816 6.92135920677487e-05 0.000336664543389482 0.992198293700115 1.9019760276369e-09 6.17867143859928e-07 0.00269909956878809 0.00522991887338539 0.997428212573501
1.21060396E+01 1632.60807416822 0.00482044924591566 6.898939174816e-05 0.000336280875788093 0.992203098606688 1.94993202616735e-09 6.16878855332815e-07 0.00269862967096048 0.00522571951345192 0.99742881812014
1.21060605E+01 1635.9415392551 0.00482901944258787 6.89423040455072e-05 0.000336692830265074 0.992193297285603 1.99915746469105e-09 6.15939571079548e-07 0.00269965860883451 0.00523465457689846 0.997427951862501
1.21060814E+01 1639.20907596721 0.00484180463393112 6.90026993251362e-05 0.000337586203073871 0.992178248549747 2.04964705189761e-09 6.15043715155811e-07 0.00270112408167789 0.00524839353633012 0.997426642086077
1.21061023E+01 1642.69028992884 0.00482695755774114 6.86844207284427e-05 0.000337068501831825 0.99219839551776 2.10097987500097e-09 6.14087309205254e-07 0.00269680478855932 0.00523271048030141 0.997431105998062
1.21061231E+01 1645.92090013046 0.00484715536412937 6.88296551742071e-05 0.000338129075313333 0.992173208245039 2.15389926679891e-09 6.13223758152655e-07 0.00270076411913091 0.00525411409461691 0.997427322339656
1.21061438E+01 1649.41370955514 0.00483129834185098 6.8483745069917e-05 0.000337568054499906 0.992195051198763 2.20762626677942e-09 6.12252532005672e-07 0.00269583583199347 0.0052373501414208 0.997432401340184
1.21061646E+01 1652.83598654243 0.00482990914706532 6.82985546776164e-05 0.000337374824568346 0.992197195216323 2.2626750025109e-09 6.11311266348728e-07 0.00269559479965112 0.00523558252631128 0.997432777742634
1.21061853E+01 1656.16792725953 0.00483855412129608 6.82613152562783e-05 0.000337868170123254 0.992187309603959 2.31913945849412e-09 6.1044514469792e-07 0.00269654361522976 0.00524468360667561 0.997431993210634
1.21062059E+01 1659.37930701698 0.00485794168693795 6.85171771874075e-05 0.000339074596519747 0.992163866957967 2.37714639643848e-09 6.09623336703238e-07 0.00269930519264584 0.0052655334606451 0.997429400418612
1.21062265E+01 1662.86043454148 0.00484218775836123 6.81201408410649e-05 0.000338710012759011 0.992185372703835 2.4360265695521e-09 6.08693068266488e-07 0.00269447794110001 0.00524901791196131 0.997434390615796
1.21062471E+01 1666.31187754408 0.00483733231373235 6.78850289219088e-05 0.000338396234581892 0.992191913339023 2.4962683313106e-09 6.07772064550509e-07 0.00269349377537596 0.00524361357723615 0.997435526916259
1.21062676E+01 1669.4875319161 0.00486499740472944 6.79176045536937e-05 0.000339469380372995 0.992158364967794 2.5583984176856e-09 6.07016638714812e-07 0.00269842877761988 0.00527238438965613 0.99743074935745
1.21062880E+01 1672.93732176829 0.00485310007993503 6.79624463633954e-05 0.000339613486176196 0.992174660940401 2.62150258885038e-09 6.0614166281386e-07 0.00269400245983885 0.00526067601247462 0.997435336952875
1.21063085E+01 1676.38343210702 0.00484815500698717 6.76725973469043e-05 0.000339463685396092 0.992181399639253 2.68598185460505e-09 6.052807374293e-07 0.00269278948571225 0.00525529128973017 0.997436690928983
1.21063289E+01 1679.83857512806 0.00484435929171328 6.74532057292244e-05 0.000339195886102665 0.992187091472729 2.75189854456557e-09 6.04386347017066e-07 0.00269153602432027 0.00525100838354517 0.997438099856274
1.21063492E+01 1683.27452198944 0.00484303282293199 6.72758373756879e-05 0.000339049563540879 0.992189698223497 2.81931859480125e-09 6.03502944249028e-07 0.00269072514366045 0.00524935822384856 0.997439056447346
1.21063695E+01 1686.53644321624 0.00486104390034153 6.73846962851717e-05 0.00034011054448733 0.992167804455473 2.88863645348182e-09 6.02706258787715e-07 0.00269361660595764 0.00526853914111403 0.997436343596588
1.21063898E+01 1690.00317297189 0.00485047672755838 6.71380970252693e-05 0.000339866740007329 0.99218262238605 2.95910255079927e-09 6.01858006107374e-07 0.00268999706787864 0.00525748156459098 0.997440103950641
1.21064100E+01 1693.44150576844 0.00484813014918665 6.69529550408361e-05 0.000339733132228229 0.992186115833725 3.0311862692126e-09 6.00995644982832e-07 0.00268931463205954 0.00525481623645572 0.997440932070181
1.21064302E+01 1696.61901466881 0.00487571734047479 6.73924628991143e-05 0.000341143971625817 0.992152124576174 3.10550220435228e-09 6.00258856699656e-07 0.00269404974274217 0.00528425377499973 0.997436378351174
1.21064504E+01 1700.02465547003 0.00486964176864313 6.68453258218075e-05 0.00034106188115236 0.992162186926434 3.18101507681066e-09 5.99472652776457e-07 0.00269085757978917 0.0052775489756173 0.997439735902051
1.21064705E+01 1703.45544973032 0.00486601517011334 6.66907514475855e-05 0.000341051412933619 0.992167326869372 3.25817969638047e-09 5.98654986933437e-07 0.00268965845319015 0.00527375733449454 0.997441084203867
1.21064905E+01 1706.89980978882 0.00486345604609745 6.65419079366191e-05 0.00034094540503347 0.992171415268674 3.33700363509017e-09 5.97827215251873e-07 0.00268852789348414 0.00527094335906754 0.997442358627742
1.21065106E+01 1710.35593893519 0.00486056741801684 6.63916214251252e-05 0.000340833055114201 0.992175927460148 3.41753023270642e-09 5.96997558669388e-07 0.00268732707933384 0.00526779209455616 0.997443719554705
1.21065305E+01 1713.81946067012 0.00485750126022311 6.62405560242681e-05 0.00034072113568583 0.992180582040491 3.49979863553114e-09 5.96167410539554e-07 0.00268614111675448 0.00526446295193321 0.997445044992424
1.21065505E+01 1717.26346362014 0.00485668531165166 6.61376832420182e-05 0.000340810025600975 0.992182315699047 3.58390971471887e-09 5.95370571644652e-07 0.00268538476925289 0.00526363302049465 0.997445948719542
1.21065704E+01 1720.64834066602 0.00486217765842945 6.60871488452922e-05 0.000341237571979833 0.992176297533984 3.67002371766198e-09 5.94587549251345e-07 0.00268568788333082 0.00526950237925457 0.997445799913238
1.21065903E+01 1723.87173925376 0.00488361154040632 6.60835173557134e-05 0.000342259901108076 0.992150733174835 3.75852840003326e-09 5.93885210069734e-07 0.00268898594625527 0.00529195495887011 0.997442688133705
1.21066101E+01 1727.38048950285 0.00486779946925303 6.58464152462065e-05 0.000341883898532377 0.992172141815299 3.84825785077217e-09 5.93100614616101e-07 0.00268415185199552 0.00527552978303161 0.997447671598331
1.21066299E+01 1730.85230195581 0.00486370488139717 6.57110770638729e-05 0.000341771101053256 0.992177476991821 3.94001156672588e-09 5.92299671578895e-07 0.00268329319882002 0.0052711870595143 0.997448664051336
1.21066496E+01 1734.31447965364 0.00486216064556183 6.55811073103157e-05 0.00034170075147983 0.992180328416359 4.03376742342434e-09 5.91530654927634e-07 0.00268236163889322 0.00526944250435198 0.997449770920711
1.21066693E+01 1737.63053605061 0.00487653928968086 6.56360478443378e-05 0.000342597971576313 0.99216299105703 4.1300103049012e-09 5.90806445156821e-07 0.00268450629361186 0.00528477330910151 0.997447764366131
1.21066890E+01 1741.04581671509 0.00487500664170571 6.55099578109865e-05 0.000342803418652175 0.992166307983312 4.2281444975923e-09 5.9007033596527e-07 0.00268281634817217 0.00528332001816887 0.997449628001481
1.21067087E+01 1744.44471368636 0.00487755074909745 6.54220744885807e-05 0.000343093732523762 0.992163842408353 4.32844732811496e-09 5.89326352353999e-07 0.00268269084327163 0.00528606655610979 0.997449908964463
1.21067283E+01 1747.83116966137 0.00488164874165339 6.53652606630964e-05 0.00034344352213166 0.992159706326771 4.43099269793917e-09 5.88595791090805e-07 0.00268259447559138 0.00529045752444815 0.997450163851219
1.21067478E+01 1751.18883640755 0.0048885353892284 6.54247603788038e-05 0.000343940670747759 0.992152047727907 4.53585162539914e-09 5.87911531067114e-07 0.00268297614301749 0.00529790082035496 0.997449948548262
1.21067673E+01 1754.65468372844 0.00488268786414155 6.50023534873781e-05 0.000343574683150192 0.992160962577994 4.64271616834025e-09 5.87169224551222e-07 0.00268082992831654 0.00529126490077912 0.997452227478774
1.21067868E+01 1758.19236586457 0.00487215443902106 6.48243367522273e-05 0.000343186970160283 0.992174743713096 4.75160564463713e-09 5.86396505875522e-07 0.00267830529891103 0.00528016574593357 0.99745490945903
1.21068063E+01 1761.65755229691 0.00487299756914001 6.47171584802905e-05 0.00034321424513616 0.992174334745741 4.86300352689438e-09 5.85676120001162e-07 0.00267810883780938 0.00528092897275646 0.997455263718498
1.21068257E+01 1764.84041259573 0.004903164823426 6.51528960802075e-05 0.000344853487406747 0.992137140278129 4.97783639092834e-09 5.85060984908738e-07 0.00268322310402847 0.00531317120691295 0.997450311485042
1.21068450E+01 1768.40876992383 0.00488182936933288 6.45241699434201e-05 0.000344049717094654 0.992166172120697 5.09389398718486e-09 5.84296904411136e-07 0.0026771137479735 0.00529040325637095 0.997456575377068
1.21068644E+01 1771.93134187978 0.00487528169169103 6.43771422198478e-05 0.000343798031335535 0.99217434019477 5.21247091899268e-09 5.83579417305753e-07 0.00267603386650955 0.00528345686524642 0.997457797060016
1.21068837E+01 1775.30701843214 0.00488664636027947 6.43799747386449e-05 0.000344402286844996 0.992160844131384 5.33411331768584e-09 5.82901661096293e-07 0.00267772056925585 0.00529542862186311 0.997456272753247
1.21069029E+01 1778.74728415937 0.00488593024843733 6.42193222259703e-05 0.000344408819316636 0.992163122730526 5.45820940752039e-09 5.82217996464535e-07 0.00267646933456875 0.00529455838997993 0.997457681120506
1.21069221E+01 1782.22679988969 0.00488223382710806 6.40916992198017e-05 0.000344451714584247 0.992168561324205 5.58472163061179e-09 5.81533085499638e-07 0.00267496812431227 0.0052907772409121 0.997459338565117
1.21069413E+01 1785.4724772256 0.00490543208686679 6.41070301894871e-05 0.000345505979436082 0.992140541282716 5.71490724732729e-09 5.80925611136677e-07 0.00267889023270317 0.00531504509649236 0.997455586379208
1.21069605E+01 1789.0836631043 0.00488217036471299 6.38520066757437e-05 0.000344812006124744 0.992171085459469 5.84650299799322e-09 5.80184292890435e-07 0.00267270427236651 0.00529083437751348 0.997461919836982
1.21069796E+01 1792.497010374 0.00489006924936021 6.38173410264894e-05 0.000345240266186487 0.992161247526396 5.98155703353888e-09 5.79520057209614e-07 0.00267439529452815 0.00529912685657319 0.997460374382969
1.21069986E+01 1795.91637365213 0.00489398184066141 6.36698833406533e-05 0.000345314315910416 0.992157812101525 6.11949557409002e-09 5.78876736830384e-07 0.00267415265569056 0.00530296603991248 0.997460778141438
1.21070177E+01 1799.40813681066 0.0048889781034294 6.35662814122508e-05 0.000345406366285316 0.992164908826274 6.26007044736694e-09 5.78191705770572e-07 0.00267221264127582 0.00529795075112697 0.997462859577401
1.21070367E+01 1802.71158622451 0.00490630657593083 6.35328473368654e-05 0.000346164244335358 0.992144219667348 6.40441470960967e-09 5.77594728938701e-07 0.00267501436549787 0.00531600366760306 0.997460223334951
1.21070556E+01 1806.30514935115 0.00488736282082303 6.33173498071926e-05 0.000345634329960397 0.99216920277494 6.55055343459012e-09 5.76906731608624e-07 0.00266987764594058 0.00529631450059062 0.997465517275531
1.21070745E+01 1809.54230139959 0.00491469918836461 6.35562633219721e-05 0.000347123509361549 0.992135004863614 6.70140796964003e-09 5.76345841262374e-07 0.00267517574817447 0.00532537896104813 0.997460383824662
1.21070934E+01 1813.0846037508 0.0049000355921731 6.31510491916003e-05 0.000346468939011706 0.992155587377788 6.85410105755221e-09 5.75676395817797e-07 0.00267047112417346 0.00530965558037641 0.997465242958164
1.21071123E+01 1816.63630834476 0.00489154186183621 6.30073743843049e-05 0.000346212848499689 0.992166385599917 7.00984128826697e-09 5.74995531687768e-07 0.00266871852540334 0.00530076208472021 0.997467147684638
1.21071311E+01 1819.84508467838 0.00492231960039781 6.3080592939749e-05 0.000347557923652486 0.992128898883219 7.17056177466127e-09 5.74461468617126e-07 0.00267418458360705 0.00533295811699004 0.997461857000209
1.21071499E+01 1823.52306122766 0.00489251488489191 6.27883350830327e-05 0.000346598218820712 0.992167764953822 7.332380370884e-09 5.73772968517108e-07 0.0026664941965288 0.00530190143879566 0.997469666392617
1.21071686E+01 1826.8683843878 0.00491047586496286 6.28625263765152e-05 0.000347531796174117 0.992145074866676 7.4991087026726e-09 5.73193739050286e-07 0.00267039504415903 0.00532087018751349 0.99746594505419
1.21071874E+01 1830.21120550657 0.00492170351864216 6.27413145840822e-05 0.000348042481153803 0.99213295412942 7.6695289908439e-09 5.72632315246874e-07 0.00267105208693492 0.00533248731438005 0.9974654414438
1.21072060E+01 1833.88281149636 0.00489565562407685 6.24733212404764e-05 0.000347147686323829 0.992166428843599 7.84171900726088e-09 5.71953629438379e-07 0.00266493830977798 0.00530527663164115 0.99747170547524
1.21072247E+01 1837.18250036862 0.00491938047972188 6.26230856090324e-05 0.000348345937255332 0.992136709137107 8.01934102738511e-09 5.71409748236427e-07 0.00266975314592638 0.00533034950258624 0.997467058639693
1.21072433E+01 1840.68532548589 0.00491264767247113 6.23356406504257e-05 0.000348006376283197 0.992147155580724 8.19967334504386e-09 5.70812455259103e-07 0.00266681211722283 0.00532298968940475 0.997470145270129
1.21072618E+01 1844.25050053827 0.00490284723108979 6.21954571607936e-05 0.000347782928519092 0.992159779523418 8.38336597739164e-09 5.70167181569477e-07 0.00266449384102962 0.00531282561676968 0.997472605140188
1.21072804E+01 1847.6013461556 0.00491923400516648 6.21517180851464e-05 0.000348398967850605 0.992140178840085 8.57195981857993e-09 5.69634549244025e-07 0.00266729885224113 0.00532978469110223 0.997469963531187
1.21072989E+01 1851.15966990588 0.00490762325783703 6.20131525476875e-05 0.000348241627386349 0.992155873887088 8.76328372086068e-09 5.69029715331665e-07 0.0026636533088746 0.00531787803777107 0.99747375192486
1.21073173E+01 1854.56355080478 0.00491731961196081 6.19484390007263e-05 0.000348663113603955 0.992144275240148 8.95947296752901e-09 5.68450139949383e-07 0.00266536465027309 0.00532793116456549 0.997472206404714
1.21073358E+01 1858.02229103664 0.0049181279170239 6.18982407018561e-05 0.000349040840429406 0.992144420921615 9.15933193164495e-09 5.67895414974433e-07 0.00266425021049566 0.00532906699815516 0.99747348791977
1.21073542E+01 1861.35285605989 0.00493308478836028 6.18150506097797e-05 0.000349736415575712 0.992126900596962 9.3642524807984e-09 5.6738083623518e-07 0.00266635513725524 0.00534463625454578 0.997471536851508
1.21073725E+01 1865.04042655649 0.00490672138774832 6.15569241102037e-05 0.000348820005044697 0.992160906354461 9.57108583054047e-09 5.66731543697176e-07 0.00266003941756902 0.00531709831690323 0.997478004671364
1.21073909E+01 1868.30204856771 0.00493566123693399 6.16061295272025e-05 0.000349995943911369 0.992125112436189 9.78474364678592e-09 5.6626405821856e-07 0.00266583997154971 0.00534726331037256 0.997472375746562
1.21074092E+01 1871.97403236063 0.00491053116714875 6.13689426317151e-05 0.000349214422155009 0.992158143164988 1.0000259552956e-08 5.65627141026504e-07 0.00265909746286536 0.00532111453193547 0.997479257696924
1.21074274E+01 1875.32835408092 0.00492905543708382 6.13367252458429e-05 0.00034991491733809 0.99213517779496 1.02220664228132e-08 5.65133112659305e-07 0.00266301843574883 0.00534030707966775 0.997475484874627
1.21074457E+01 1878.85835341534 0.00492180757170456 6.12501361748797e-05 0.00034998241075741 0.992145648772022 1.04473437629392e-08 5.64543409071732e-07 0.00265998098840993 0.00533304011863685 0.997478688890659
1.21074639E+01 1882.36920804441 0.0049199522710114 6.10958341798837e-05 0.000349881779932124 0.992148528577048 1.06771757177649e-08 5.64001597275892e-07 0.00265934974850158 0.00533092988512341 0.997479458462171
1.21074820E+01 1885.68683918885 0.00493931754543427 6.10843903696906e-05 0.000350799668986686 0.992125506271635 1.0913134976777e-08 5.63508488215937e-07 0.00266228834802681 0.00535120160479065 0.997476707876425
1.21075001E+01 1889.31303098287 0.00492015362597913 6.09013710873215e-05 0.000350343855753568 0.992150643784447 1.11516668516489e-08 5.62939117318586e-07 0.00265710105084514 0.00533139885282002 0.997482042637267
1.21075182E+01 1892.76732462192 0.00492696523692513 6.0814760220458e-05 0.000350552427849279 0.992142417914524 1.13962050799396e-08 5.62407183467536e-07 0.00265853189377365 0.00533833242499487 0.997480750339519
1.21075363E+01 1895.9951846286 0.00495509713640982 6.15002542967118e-05 0.000352039312869218 0.992108157895173 1.16475118602824e-08 5.61967002151808e-07 0.00266266439964029 0.00536863670357575 0.997476794598749
1.21075543E+01 1899.7715079348 0.0049173762797166 6.05507043976302e-05 0.000350711223016651 0.992157157914747 1.18997498412719e-08 5.61362714171521e-07 0.0026538000485546 0.00532863820713088 0.997485796121878
1.21075723E+01 1903.11047638051 0.00494077160874185 6.0549988784235e-05 0.000351527955051959 0.992127884026469 1.21602780748777e-08 5.608787315543e-07 0.00265903809201049 0.00535284955257805 0.997480733579047
1.21075903E+01 1906.65453169836 0.00493323953743291 6.04733831342242e-05 0.00035158507839534 0.992138826699238 1.24244337955124e-08 5.60365557701896e-07 0.00265578755134498 0.00534529799896248 0.997484124698201
1.21076082E+01 1910.18842904203 0.00493022969190689 6.03132828407815e-05 0.000351459387353052 0.992143110693244 1.26939494195138e-08 5.59829843873727e-07 0.00265496504056586 0.00534200236210073 0.997485113055345
1.21076261E+01 1913.63264024824 0.00493737024091225 6.02431582610575e-05 0.00035179022809345 0.992135120434459 1.29694278191139e-08 5.59357385261335e-07 0.00265570495251416 0.00534940362726676 0.997484524061726
1.21076440E+01 1916.89272874587 0.00496181636424838 6.07328893548293e-05 0.000353290745926649 0.992105432652053 1.32522602433888e-08 5.58934516226672e-07 0.00265913642613423 0.00537583999952986 0.997481272651583
1.21076618E+01 1920.67233090164 0.00492543454591187 5.99649826505978e-05 0.000351887322020579 0.992152502715254 1.35363459876548e-08 5.58331550231989e-07 0.00265073922713824 0.00533728685058305 0.997489789565837
1.21076796E+01 1924.07195754822 0.00494307073219826 5.99231164654145e-05 0.000352405539377031 0.992130508690791 1.38290769716876e-08 5.57873257176818e-07 0.0026547893336115 0.0053553993880407 0.997485908078832
1.21076974E+01 1927.43037992935 0.00495765291940156 6.0116145935319e-05 0.000353575237838152 0.992113614018107 1.41282389151707e-08 5.57432149657921e-07 0.00265591262507113 0.00537134430317504 0.997484958321282
1.21077151E+01 1931.13079753052 0.00493263378233159 5.96942030790527e-05 0.000352507238179055 0.992146048548386 1.44301534290867e-08 5.56890362566445e-07 0.00265011605456472 0.0053448352235897 0.997490883771976
1.21077328E+01 1934.49637390672 0.00495240710668912 5.96718730296085e-05 0.00035326362055665 0.992121766619833 1.47410521852831e-08 5.56450766473188e-07 0.00265405519971658 0.00536534260027538 0.997487109220109
1.21077505E+01 1937.99855991505 0.00495063833299265 5.96719896453737e-05 0.000353664807176143 0.992125303789844 1.5056871198748e-08 5.56000516350864e-07 0.00265205470546133 0.00536397512981416 0.997489278919658
1.21077681E+01 1941.56913756063 0.00494328505965978 5.94387945128717e-05 0.000353290853634914 0.992135249131629 1.53782872947359e-08 5.55498585723847e-07 0.00265021136278713 0.00535601470780757 0.997491263839437
1.21077857E+01 1944.86235434893 0.00496811258565113 5.94698338118222e-05 0.000354506880889681 0.99210530538853 1.57088074802227e-08 5.55105381923757e-07 0.00265425840469215 0.00538208930035263 0.997487394688883
1.21078033E+01 1948.59125874021 0.00493997844177097 5.92421311971977e-05 0.000353622992461483 0.992141600414389 1.60414611118644e-08 5.54591479948786e-07 0.00264734869196483 0.00535284356542965 0.997494443979819
1.21078208E+01 1952.08826187461 0.00494672257325437 5.91586893151546e-05 0.000353764842239679 0.992133264579 1.63827732201457e-08 5.54126051124979e-07 0.00264903688065523 0.0053596461048092 0.997492910683809
1.21078383E+01 1955.56767553197 0.00495143876182449 5.90785608933591e-05 0.000354011104121814 0.992128661296379 1.67308215457692e-08 5.53699467192027e-07 0.0026489050953406 0.00536452842683967 0.997493189723218
1.21078558E+01 1958.93907858979 0.00496583552613738 5.90338787274846e-05 0.000354865331749079 0.992111894260176 1.708709457371e-08 5.53290907229364e-07 0.00265063053095962 0.00537973473661394 0.99749162899679
1.21078733E+01 1962.51091110281 0.00495599525840826 5.89695004217673e-05 0.000354923704657819 0.992125108189017 1.74483225067818e-08 5.52823744246263e-07 0.00264742931140209 0.00536988846348785 0.997494996652505
1.21078907E+01 1966.07449806748 0.00495189083606426 5.87700039411397e-05 0.000354606250518627 0.992130828164097 1.78163765078233e-08 5.52378178480766e-07 0.00264648826131176 0.00536526709052403 0.997496095254621
1.21079081E+01 1969.44700926503 0.00496921454802291 5.87448098150027e-05 0.000355421224184765 0.992110333920166 1.81938893666258e-08 5.51996359833871e-07 0.00264903092871078 0.00538338058202268 0.997493714502189
1.21079254E+01 1973.01110652151 0.00496129521909171 5.87038210870495e-05 0.000355565946730444 0.992121216920612 1.85767086555427e-08 5.51547320946689e-07 0.00264610327977548 0.00537556498690921 0.997496781907521
1.21079428E+01 1976.60814214254 0.00495388258867846 5.84767716653799e-05 0.000355116372352463 0.9921311200683 1.89662382749087e-08 5.51105854911249e-07 0.00264444798569643 0.0053674757326963 0.997498595800997
1.21079600E+01 1980.04331090694 0.00496577232722064 5.84102268687373e-05 0.000355608052168054 0.992117222476417 1.93652958441787e-08 5.5070400429804e-07 0.00264619692970255 0.00537979060625743 0.997497013082675
1.21079773E+01 1983.3620540667 0.00498535557828488 5.89148636581055e-05 0.000356969520793398 0.992093695634364 1.97736154221498e-08 5.50384685318421e-07 0.0026484421536802 0.00540123996273638 0.997494935597101
1.21079945E+01 1987.13997464029 0.00495314173415573 5.82033507835481e-05 0.000355791801293706 0.992135227090319 2.01843608461756e-08 5.49879386427116e-07 0.00264115099941565 0.00536713688623298 0.997502363976552
1.21080117E+01 1990.63598222545 0.00496247161118642 5.81438063179204e-05 0.000356015672040502 0.992123606543109 2.06060986369502e-08 5.49467833278682e-07 0.00264342395444756 0.00537663108954484 0.997500237632654
1.21080289E+01 1994.16367025739 0.00496375077815071 5.80463834169937e-05 0.000356122098497731 0.992123309389462 2.10355394221908e-08 5.49050906066641e-07 0.00264259267110197 0.00537791926006543 0.997501228649528
1.21080461E+01 1997.68325831172 0.00496508998547772 5.79498429084478e-05 0.000356322938603177 0.992122490767122 2.14732987932497e-08 5.48648213093738e-07 0.00264212645725462 0.00537936276698934 0.997501853534112
1.21080632E+01 2001.19375989407 0.00496716884652197 5.78588477140409e-05 0.000356539930465188 0.992120817978712 2.19193835095318e-08 5.48274695828593e-07 0.0026417607309948 0.0053815676247012 0.997502385603413
1.21080803E+01 2004.68222677152 0.00497133687669284 5.77757529114864e-05 0.000356877661928579 0.992116567623301 2.23745269454679e-08 5.47886759972347e-07 0.00264174066057781 0.00538599029153291 0.997502557914833
1.21080973E+01 2008.13441934575 0.0049786828479626 5.76859038339382e-05 0.000357367296773793 0.992108581381266 2.28390037828954e-08 5.47519727468352e-07 0.00264214326435809 0.00539373604857033 0.997502317429836
1.21081143E+01 2011.49918062758 0.00499373805206624 5.76919931748586e-05 0.000358409289918313 0.992090998206315 2.33138797428536e-08 5.47193208230188e-07 0.00264378149949871 0.00540983933515941 0.997500837541475
1.21081313E+01 2015.23241421072 0.00496860671225438 5.75236861924941e-05 0.000357654798482531 0.992123050374346 2.37925886175163e-08 5.467465153053e-07 0.00263792783031532 0.0053837851969294 0.997506835571275
1.21081483E+01 2018.79932103856 0.00497024706489306 5.73714671849683e-05 0.00035744764547908 0.992121296617844 2.42821508750961e-08 5.46384862777022e-07 0.00263855144218084 0.0053850661775571 0.997506362795401
1.21081652E+01 2022.29277375634 0.0049773500309272 5.73135895574163e-05 0.000357792110217557 0.992113602954373 2.4782236108627e-08 5.46018610326617e-07 0.00263903186485055 0.00539245573070218 0.997506058685075
1.21081821E+01 2025.76950883602 0.00498326105510415 5.72140337261745e-05 0.000358232141827909 0.992107459034069 2.52921480338795e-08 5.45666101290637e-07 0.00263908742662034 0.00539870723065823 0.997506166264728
1.21081990E+01 2029.18222790365 0.00499443276243854 5.71928343369616e-05 0.000359057059529203 0.992094639070332 2.58127540640412e-08 5.45378968326224e-07 0.00264009112455837 0.00541068265630471 0.997505321726637
1.21082158E+01 2032.75360528278 0.00498745636148542 5.72105319099027e-05 0.000359230960457905 0.992104047809305 2.63410496780555e-08 5.45014013071143e-07 0.00263762179344611 0.00540389785385322 0.997507945663158
1.21082326E+01 2036.42865756069 0.00497430747813864 5.69239524152321e-05 0.000358519210721842 0.992121100092987 2.68773616481916e-08 5.44609744064626e-07 0.00263486540521741 0.00538975064127572 0.997510850734262
1.21082494E+01 2039.91532200593 0.00498453763757281 5.69044806653316e-05 0.000358953517874441 0.992108990097639 2.74265549635582e-08 5.44277871744313e-07 0.00263649047682597 0.00540039563611258 0.997509385733752
1.21082662E+01 2043.39214698751 0.00499128026650986 5.68835488437013e-05 0.000359520121031614 0.992101727996113 2.79863932061737e-08 5.43954248644175e-07 0.00263661396954215 0.00540768393638518 0.997509411932498
1.21082829E+01 2047.03552673216 0.00497936853898758 5.66517559102302e-05 0.000359045446648062 0.992117563900846 2.85538831332886e-08 5.43579906390941e-07 0.00263354253485087 0.00539506574154587 0.997512629642392
1.21082996E+01 2050.54767009832 0.00498558967883434 5.66014649122665e-05 0.000359355555954799 0.992110380883003 2.91338352046873e-08 5.43276460354898e-07 0.00263439580984771 0.00540154669970141 0.997511927582704
1.21083163E+01 2054.05912321704 0.00498934289873267 5.65394611514931e-05 0.000359706856364878 0.992106822518502 2.97248898582694e-08 5.42950909929654e-07 0.00263408731951495 0.00540558921624904 0.997512411734751
1.21083329E+01 2057.53868789888 0.0049957653581215 5.65134787908855e-05 0.000360278751675376 0.99209967812781 3.0327701232059e-08 5.42651866799246e-07 0.00263441746776349 0.00541255758858776 0.997512235716398
1.21083495E+01 2061.17387869625 0.00498521168262596 5.62990096077678e-05 0.000359854206705337 0.992113839174728 3.09389015449471e-08 5.4230012399877e-07 0.00263160236798215 0.00540136489893907 0.997515204073667
1.21083661E+01 2064.68679406859 0.00499149359099239 5.62532188095845e-05 0.000360193157691739 0.992106641009469 3.15635484215893e-08 5.41987527219503e-07 0.00263239348244673 0.00540793996749371 0.997514580976963
1.21083827E+01 2068.18317142322 0.00499727318295883 5.62138768008616e-05 0.000360676007476978 0.992100510414667 3.22002002144578e-08 5.41691202926216e-07 0.00263246359182655 0.00541416306723667 0.997514673481904
1.21083992E+01 2071.57885766179 0.00501195069721797 5.63263134147367e-05 0.000361725808905866 0.992083131375314 3.28509488056914e-08 5.41446841790044e-07 0.00263415741081622 0.00543000281953858 0.997513134194853
1.21084157E+01 2075.25357173074 0.00499543108428636 5.60340252314419e-05 0.00036118806598409 0.992104857953782 3.35085833111014e-08 5.41111170845248e-07 0.00262992725532249 0.00541265317550189 0.997517511129284
1.21084322E+01 2078.8737240125 0.00499179583643514 5.58610807662995e-05 0.00036086565640554 0.992109860342629 3.41787754490724e-08 5.40804704496444e-07 0.00262920743904075 0.00540852257360698 0.997518382916236
1.21084486E+01 2082.35049272784 0.00500296258309171 5.58669274967269e-05 0.000361468945131311 0.99209689109239 3.48642460784283e-08 5.40538316643081e-07 0.0026305684893729 0.00542029845571975 0.997517189548109
1.21084650E+01 2085.709503499 0.00502187700752595 5.61088386487548e-05 0.000362720023920322 0.992074393163923 3.55652609222699e-08 5.40322920382445e-07 0.00263281800787107 0.00544070587009503 0.997515099034018
1.21084814E+01 2089.36617701596 0.00500651064187305 5.57746541903124e-05 0.000362395722841367 0.992094742799204 3.62731242774498e-08 5.40044896108885e-07 0.00262865130124965 0.00542468101890473 0.997519423818108
1.21084978E+01 2092.99832124835 0.00500132895173876 5.55759041080462e-05 0.000362080861368296 0.992101655753603 3.6994397517633e-08 5.39749295797908e-07 0.00262759881083891 0.00541898571721511 0.997520641470818
1.21085141E+01 2096.6079102279 0.00499949954823008 5.54350989677256e-05 0.000361868690039202 0.992104870850124 3.77288639969891e-08 5.3946107161117e-07 0.00262671774399695 0.00541680333723701 0.997521674187361
1.21085304E+01 2100.05355434228 0.00501381151839135 5.54836469570381e-05 0.000362733051938086 0.992087928277867 3.84801122966168e-08 5.3925329554497e-07 0.00262859848911276 0.00543202821728647 0.997519956495153
1.21085467E+01 2103.68669396617 0.00500429190819861 5.52894398836134e-05 0.000362482004182065 0.992100932133177 3.92412103650105e-08 5.38967738519257e-07 0.00262568882326582 0.00542206335226429 0.997522995485442
1.21085629E+01 2107.04586892395 0.00502658070059426 5.54726661264812e-05 0.000363771130142238 0.992073789578923 4.00225475124878e-08 5.38771161436435e-07 0.00262925048842396 0.00544582449686298 0.997519614075785
1.21085792E+01 2110.67958713119 0.00501492095936119 5.52479394366514e-05 0.000363544566251736 0.992089681810076 4.0812154068862e-08 5.38499517847167e-07 0.00262562838707908 0.00543371346504958 0.997523395275126
1.21085954E+01 2114.29162745277 0.00501158599051241 5.50815859495718e-05 0.000363402343377611 0.992094322639441 4.16159343193376e-08 5.38257975022616e-07 0.00262477178074336 0.00543006991983959 0.997524392559281
1.21086115E+01 2117.89863281185 0.00500971974561097 5.49456551872367e-05 0.000363258496927481 0.992097585525314 4.24340973206455e-08 5.37992877632318e-07 0.00262383138829557 0.00542792389772569 0.99752550942304
1.21086277E+01 2121.22887366314 0.00503560579088001 5.52363624947559e-05 0.000364711102420557 0.992066205645184 4.32740679422683e-08 5.37825919760307e-07 0.00262773825078773 0.00545555325579532 0.997521758900979
1.21086438E+01 2124.82750752433 0.00502680098133928 5.50508051057224e-05 0.000364744357485745 0.992078553452114 4.41231300272624e-08 5.37579867521044e-07 0.00262449990893491 0.00544659614393074 0.997525149596045
1.21086599E+01 2128.3980384337 0.00502661011089504 5.49231031457002e-05 0.000364870176055742 0.9920793394237 4.49877898639977e-08 5.37352675273868e-07 0.00262406604363819 0.00544640339009649 0.997525742813796
1.21086759E+01 2131.97398012781 0.00502690825492978 5.48078771547647e-05 0.000364956298365965 0.992079903279682 4.58672427109723e-08 5.37154008761094e-07 0.00262339912781895 0.00544667243045051 0.997526575710132
1.21086920E+01 2135.52357421148 0.00503009956420938 5.47508514595407e-05 0.000365225082700381 0.992076816938102 4.67633902083587e-08 5.36940413042919e-07 0.0026232435631475 0.0054500754983693 0.997526892436472
1.21087080E+01 2139.05784971323 0.00503407161309061 5.4747462774651e-05 0.000365566150118303 0.992072790497227 4.76759490229178e-08 5.36737840051367e-07 0.00262310990362053 0.00545438522598356 0.99752717572321
1.21087240E+01 2142.624516885 0.00503424982538784 5.43704522570124e-05 0.000365582380779806 0.992073960345751 4.86038735108852e-08 5.36536061704041e-07 0.00262229168280425 0.00545420265842466 0.997528163004175
1.21087399E+01 2146.26038711277 0.00502847439425482 5.42400002809554e-05 0.000365394229287798 0.992081898722629 4.95462622515489e-08 5.3630734505073e-07 0.00262058668825652 0.00544810862382358 0.997530007346453
1.21087558E+01 2149.89886289773 0.0050247417152636 5.41203807341774e-05 0.000365210574111249 0.992087212477149 5.05045515739524e-08 5.36075645180164e-07 0.00261946404418741 0.00544407267010903 0.997531285147258
1.21087717E+01 2153.53001918752 0.00502200289925853 5.40657241657246e-05 0.000365124618182317 0.992091310993685 5.1479403589566e-08 5.35847770738467e-07 0.0026184069967724 0.00544119324160657 0.997532504235291
1.21087876E+01 2157.13974144762 0.00502182533280403 5.3974904250693e-05 0.000365170703994991 0.992092268701993 5.24715524104345e-08 5.35643851809337e-07 0.00261781468835691 0.00544097094104972 0.997533239643042
1.21088034E+01 2160.63755258404 0.00503167770411005 5.39716181737818e-05 0.000365857500743061 0.992080919558408 5.34843962430415e-08 5.35465158705743e-07 0.00261878696092871 0.00545150682302689 0.997532426381435
1.21088193E+01 2164.11283116676 0.00504063389990566 5.38475458958268e-05 0.000366423286521743 0.992071101414101 5.45161773919119e-08 5.35312837351191e-07 0.00261938438623082 0.00546090473232323 0.997532006146424
1.21088351E+01 2167.79439973617 0.00502790232382117 5.36803490285622e-05 0.000366041507486399 0.992087787597267 5.55595687555325e-08 5.35113371517696e-07 0.00261611000595362 0.00544762418033613 0.997535411777603
1.21088508E+01 2171.41688204345 0.00502632874887155 5.36372812439383e-05 0.00036599887132318 0.992090182136152 5.6622269089248e-08 5.34915160513502e-07 0.00261552694784951 0.00544596490143866 0.997536147037591
1.21088666E+01 2174.90764571673 0.00503773915254655 5.36481524766303e-05 0.000366709157775373 0.992076943703488 5.77078807218222e-08 5.34766242737042e-07 0.00261681396964534 0.00545809646279855 0.997535040166287
1.21088823E+01 2178.43672544064 0.00504146912863788 5.34869902987112e-05 0.000367003893509132 0.992073616259315 5.88111949747291e-08 5.34615105593404e-07 0.00261643834472497 0.00546196001244572 0.997535576271761
1.21088980E+01 2182.11919707359 0.00503002985112817 5.33908771602594e-05 0.000366672788119474 0.992088508686078 5.99281795308774e-08 5.34421424624254e-07 0.00261354938247568 0.00545009351640791 0.997538602202486
1.21089136E+01 2185.67854913215 0.00503556705736538 5.33458326002679e-05 0.000366993980115922 0.992082221267615 6.10679800343916e-08 5.34269369328654e-07 0.00261417850866895 0.00545590687008157 0.997538128137697
1.21089293E+01 2189.01763342378 0.00506030546801702 5.33289532334254e-05 0.000368332595721905 0.99205296332101 6.22361980642966e-08 5.34204390199911e-07 0.00261754612777518 0.00548196701697235 0.997534930337982
1.21089449E+01 2192.78170952166 0.0050364431863166 5.3100866125612e-05 0.000367548561491702 0.992083694675909 6.34096861517199e-08 5.34008207435951e-07 0.00261185132798712 0.00545709261393391 0.997540787289843
1.21089605E+01 2196.4295605008 0.00503430949885724 5.30567422218764e-05 0.000367393595729977 0.992086402034749 6.46061255739271e-08 5.3382945261976e-07 0.00261160618722146 0.0054547598368091 0.997541161871558
1.21089760E+01 2199.91464066157 0.00504807049998102 5.30884129962782e-05 0.000368177246530087 0.992070301120266 6.58286568593634e-08 5.33722576457288e-07 0.00261331041384002 0.00546933615950739 0.997539637279773
1.21089916E+01 2203.44005528509 0.00505238577890861 5.30619254740163e-05 0.000368720422891141 0.992066067219227 6.70711534200909e-08 5.3360426900648e-07 0.00261287497982562 0.00547416812727376 0.997540235346501
1.21090071E+01 2206.87395876087 0.00506570660984965 5.29168408265468e-05 0.000369509958990984 0.992050856057625 6.83388375676338e-08 5.33511451945851e-07 0.00261427327423784 0.00548813340966718 0.997538989467292
1.21090226E+01 2210.66782305653 0.00504176054120592 5.26857702388613e-05 0.000368546243584225 0.992081368863312 6.96144456416891e-08 5.33317623617418e-07 0.00260905321452834 0.005462992555029 0.997544361418341
1.21090380E+01 2214.32707356774 0.00504028439756083 5.26494763992387e-05 0.000368358646622964 0.992083363032954 7.09152332889075e-08 5.33161814301362e-07 0.002608905201476 0.00546129252058303 0.997544655553537
1.21090535E+01 2217.74092097797 0.00506167063691545 5.27619934741523e-05 0.000369580402402713 0.992057863562259 7.22480978207967e-08 5.33093103354314e-07 0.00261185751915769 0.00548401303279231 0.997541876595052
1.21090689E+01 2221.25275773495 0.00506583956319963 5.25609692969175e-05 0.000370029621859934 0.992054300136042 7.36003903341052e-08 5.32996961231582e-07 0.00261116235862974 0.00548843015435648 0.997542730290398
1.21090843E+01 2225.04024188323 0.00504413357958 5.2417313990369e-05 0.0003691783472216 0.992081638996192 7.49634176768087e-08 5.32847347064845e-07 0.00260667095849513 0.00546572924079196 0.997547368236984
1.21090996E+01 2228.63414459986 0.00504948123821396 5.2365937802211e-05 0.000369348118440405 0.99207547158754 7.63560651766614e-08 5.3273858469631e-07 0.00260753298789801 0.00547119529445657 0.997546666881997
1.21091150E+01 2232.06850748776 0.00506719021484246 5.22967702865814e-05 0.000370249645218173 0.992054908965263 7.77798967270058e-08 5.32693954514082e-07 0.00260970289238846 0.00548973663034722 0.99754464559561
1.21091303E+01 2235.83226959101 0.00504713830884291 5.21688301874882e-05 0.000369613038169078 0.992080586799003 7.92129362335382e-08 5.32555449795797e-07 0.00260499788790749 0.00546892017719948 0.997549506976203
1.21091456E+01 2239.2912855676 0.00506479187102503 5.22310311989418e-05 0.00037059017571698 0.992059119024751 8.0682226186668e-08 5.32504635589536e-07 0.00260792374249772 0.00548761307794095 0.997546732102692
1.21091608E+01 2242.71929770483 0.00507888428643607 5.21082152900709e-05 0.000371460692317833 0.992043405644615 8.21792549734669e-08 5.32478148835714e-07 0.00260897108523034 0.00550245319404397 0.997545858838659
1.21091761E+01 2246.5556961365 0.00505067349076335 5.19373346499533e-05 0.00037037090219082 0.992078969523392 8.36822667353883e-08 5.32322319921393e-07 0.00260302233773095 0.00547298172760412 0.997551951250996
1.21091913E+01 2250.13559583709 0.00505848475134478 5.19020636872124e-05 0.000370643012600198 0.992069546444179 8.52198775730507e-08 5.32252008374837e-07 0.00260455464588113 0.00548102982763219 0.997550576271811
1.21092065E+01 2253.65872080149 0.0050677729039374 5.17752953998744e-05 0.000371085761247195 0.99205942291248 8.67859961203186e-08 5.32198344376406e-07 0.00260522878899426 0.00549063396058447 0.997550056873064
1.21092217E+01 2257.34781044979 0.00505734683293014 5.17144901018774e-05 0.000370889128881375 0.992073117679539 8.83704243876588e-08 5.32097054091399e-07 0.00260235769729677 0.00547995045191339 0.997553068131452
1.21092368E+01 2260.73594754061 0.00508056038676038 5.16773208861897e-05 0.000372056865780824 0.992045312695554 8.99946418870069e-08 5.32102402896123e-07 0.00260598975586209 0.0055042945734274 0.997549607268981
1.21092519E+01 2264.54132284433 0.00505587404588379 5.15339344099141e-05 0.000371177978304342 0.992076862248733 9.16256492680762e-08 5.31988927668075e-07 0.00260028268002808 0.00547858595859804 0.997555448207331
1.21092670E+01 2267.87774896489 0.00508662806240999 5.17396456019538e-05 0.000372839513234755 0.992039112790304 9.33063888018578e-08 5.32003751326844e-07 0.00260559249840388 0.0055112072212467 0.997550320011551
1.21092821E+01 2271.65591523248 0.00506422170842835 5.13305902615391e-05 0.000371877628269045 0.992068492806652 9.4993193534733e-08 5.31880388177691e-07 0.00260011988188604 0.00548742992695894 0.997555922733611
1.21092971E+01 2275.26460081269 0.00506737066795738 5.13525556360637e-05 0.000372090038098253 0.992064746752425 9.67137782222787e-08 5.3184493775703e-07 0.00260063653602596 0.0054908132616917 0.997555560014117
1.21093122E+01 2278.83048191733 0.00507271189837426 5.1286892082322e-05 0.000372324496592713 0.992059219823097 9.84654088053137e-08 5.31793702785815e-07 0.00260082444790424 0.0054963232870493 0.997555543110146
1.21093272E+01 2282.42686245535 0.00507330639613278 5.12291999026924e-05 0.000372651691053535 0.992059393992651 1.00242925967787e-07 5.31774139169703e-07 0.00259993446344925 0.00549718728708901 0.99755658127974
1.21093421E+01 2286.05565883012 0.00507101822093539 5.11060334636769e-05 0.000372576568601952 0.992063002158309 1.02048351315901e-07 5.31727534850161e-07 0.0025989735232608 0.00549470082300102 0.99755770298131
1.21093571E+01 2289.50544119009 0.00508760603510307 5.11883181806641e-05 0.000373694748921527 0.992043329156441 1.0389169674843e-07 5.31761024934345e-07 0.00260100701350794 0.00551248910220526 0.997555818258646
1.21093720E+01 2293.17685607194 0.0050777824087872 5.08958010329487e-05 0.000373330536078437 0.992056772235554 1.05753829826893e-07 5.31712526563957e-07 0.0025982006421458 0.00550200874589858 0.997558780981452
1.21093869E+01 2296.83469603545 0.00507430862138984 5.08897245421078e-05 0.000373302438124945 0.992061502698943 1.07645521650629e-07 5.31655174013077e-07 0.00259713340289419 0.00549850078405689 0.997560003483
1.21094018E+01 2300.42246451519 0.00507838611394453 5.08143481482804e-05 0.00037343959174953 0.992057309126026 1.09570494501809e-07 5.31662696250776e-07 0.00259734564505708 0.00550264005384234 0.997559949179868
1.21094167E+01 2303.91917868516 0.00508998154470528 5.0854036063394e-05 0.000374352843615033 0.992043918530328 1.11532519186132e-07 5.31664574578981e-07 0.00259833084657787 0.00551518842438371 0.997559106954712
1.21094315E+01 2307.5569068403 0.00508464335818524 5.05968042018391e-05 0.000374197980747679 0.992051703346543 1.1351800565503e-07 5.31636765430766e-07 0.00259645953356099 0.00550943814313476 0.997561141489678
1.21094463E+01 2311.221133577 0.0050798103779146 5.0589681489733e-05 0.000374142527704258 0.992058261621815 1.15532552952534e-07 5.31605246313427e-07 0.00259494699268255 0.00550454258710859 0.997562804208924
1.21094611E+01 2314.83196068865 0.00508171651323688 5.0500135208615e-05 0.000374166019697746 0.992056680138814 1.17581099890736e-07 5.31621288671814e-07 0.0025948414753238 0.00550638266814324 0.997563062806957
1.21094759E+01 2318.22326518215 0.00510408327692729 5.06517563530593e-05 0.000375641406968442 0.992029993202272 1.19677063536933e-07 5.31681968907836e-07 0.00259769198698246 0.00553037644024879 0.99756036964252
1.21094906E+01 2322.05129906617 0.00507758799503767 5.03147243331728e-05 0.000374503272322073 0.992063900968261 1.21779134299798e-07 5.3162626101174e-07 0.00259191038217821 0.00550240599169292 0.997566306959954
1.21095053E+01 2325.4058463523 0.0051075759608289 5.05155773923359e-05 0.000376118674240012 0.992027165330566 1.23943452473945e-07 5.31714750756104e-07 0.00259698923930764 0.00553421021246125 0.997561375543027
1.21095200E+01 2329.26327869623 0.00507870205493535 5.01561609924114e-05 0.000374819408774039 0.992064306828133 1.26110096134954e-07 5.31663909067921e-07 0.00259053261397632 0.0055036776247018 0.997567984452835
1.21095347E+01 2332.54042933231 0.00511673317637474 5.05815511346883e-05 0.000376776892245152 0.992017566298888 1.28346894328299e-07 5.3180312521103e-07 0.00259702863616988 0.00554409161975458 0.997561657918643
1.21095494E+01 2336.48867320977 0.00507743702592086 4.99974968162458e-05 0.000375120255043201 0.992067719641751 1.30576588064893e-07 5.31746326975861e-07 0.00258853826228542 0.0055025547777803 0.997570274419531
1.21095640E+01 2339.89128564855 0.00510550070136649 4.99606365120498e-05 0.000376310171075296 0.992033319768794 1.32874777091973e-07 5.31861457680955e-07 0.00259390327115891 0.00553177150895384 0.997565091277748
1.21095786E+01 2343.63540383345 0.00508997102556474 4.99093002301787e-05 0.000375892724849195 0.992053783705865 1.35187202532342e-07 5.31868659246701e-07 0.0025895672723125 0.00551577305064412 0.997569556756509
1.21095932E+01 2347.2597948648 0.00509196354240304 4.98223602073566e-05 0.00037593492119215 0.992051712850185 1.3754128610148e-07 5.31931204518381e-07 0.00258985244125913 0.00551772082380255 0.997569433673988
1.21096077E+01 2350.68215269497 0.00511207458916686 4.97522661096139e-05 0.000377056789231945 0.992028168217689 1.39947831153117e-07 5.32030916458099e-07 0.00259238464588401 0.00553888364450842 0.997567051862197
1.21096223E+01 2354.45611507924 0.00509254448329205 4.968045326938e-05 0.000376504332921137 0.992053122179936 1.42367068918046e-07 5.32048808205475e-07 0.00258773460289998 0.00551872926948257 0.997571851449419
1.21096368E+01 2358.07280653927 0.00509610537328415 4.96039573823278e-05 0.000376550639801127 0.99204911040606 1.44832210885475e-07 5.32132148982103e-07 0.00258836830358841 0.00552225997046761 0.997571370376527
1.21096513E+01 2361.51158249451 0.00511470250221739 4.95219112482469e-05 0.000377592557500011 0.99202749940586 1.47350222027043e-07 5.32244969415865e-07 0.00259057566575125 0.00554181697096565 0.997569316376825
1.21096658E+01 2365.2385567388 0.00510012178925093 4.94902886926541e-05 0.000377315724224664 0.992046347001572 1.49885139488342e-07 5.32311726617535e-07 0.00258676099396753 0.00552692780216825 0.99757327480374
1.21096802E+01 2368.89799304327 0.00509870270288981 4.9367226171593e-05 0.000377169900360365 0.992048508167684 1.52463852838176e-07 5.323984205752e-07 0.00258644202831577 0.00552523982942177 0.997573747997105
1.21096946E+01 2372.45355994238 0.00510696538156653 4.93565138543087e-05 0.000377563892134418 0.992039296253775 1.55088646291115e-07 5.32511194879062e-07 0.00258716522153929 0.00553388578755526 0.99757318204133
1.21097090E+01 2375.83513171535 0.00512889389391349 4.95323902862884e-05 0.000379152540921314 0.992013241381085 1.57769422211284e-07 5.32669680276293e-07 0.00258969255815229 0.00555757882512109 0.997570820206206
1.21097234E+01 2379.75007949709 0.00509470355919147 4.91203311671717e-05 0.000377663518006871 0.992056476997331 1.60448251389781e-07 5.32685155017578e-07 0.00258266750485784 0.00552148740836551 0.997577964405697
1.21097378E+01 2383.28588011191 0.00510947549415608 4.91301857561888e-05 0.000378120035250528 0.992038525352646 1.63195539085616e-07 5.3280798186929e-07 0.00258555200256155 0.0055367257151628 0.997575251067809
1.21097521E+01 2386.65332588554 0.0051336100920539 4.90630623769176e-05 0.000379607537120559 0.992010500361017 1.65999825656707e-07 5.33013989171634e-07 0.00258819537089998 0.00556228069155137 0.997572781052569
1.21097665E+01 2390.55510980875 0.00510033968678322 4.89290518842536e-05 0.000378392716523639 0.992052180796504 1.68803690968782e-07 5.33053927421044e-07 0.00258125461098182 0.00552766145519111 0.997579842251696
1.21097808E+01 2394.15354661106 0.0051090175554171 4.88690423242128e-05 0.000378559983875269 0.99204164802294 1.71671577865916e-07 5.33178229862036e-07 0.0025831474964311 0.00553644658161658 0.997578094604557
1.21097950E+01 2397.70616533328 0.00511712655928987 4.88346181416789e-05 0.000379027337936413 0.992032941479872 1.74586958590822e-07 5.33333941618426e-07 0.00258348526585991 0.00554498851536796 0.99757792999524
1.21098093E+01 2401.0624726244 0.00514100396834239 4.87854607431216e-05 0.000380621990647789 0.992004830010353 1.77566178665063e-07 5.33536471710288e-07 0.00258632958567398 0.0055704114197333 0.997575241430086
1.21098235E+01 2404.99883314873 0.00510433449313895 4.86382019765271e-05 0.000379185828047179 0.992050660114583 1.80538970753483e-07 5.33592445997099e-07 0.00257887695183611 0.00553215852316266 0.997582818637745
1.21098377E+01 2408.59466465273 0.00511423560832974 4.85844043073441e-05 0.000379369654599706 0.992038600377996 1.83582390382714e-07 5.33743372791766e-07 0.00258105176899756 0.00554218966723679 0.997580790045233
1.21098519E+01 2412.17459963789 0.00512008579389486 4.85348390691017e-05 0.000379714048119691 0.992032683023534 1.86672964746248e-07 5.33915360104254e-07 0.00258098692811648 0.00554833468108365 0.997581017704618
1.21098661E+01 2415.63214408607 0.00513526065231811 4.84357526399232e-05 0.000380778631900515 0.992015140163916 1.89822913278663e-07 5.34112395034445e-07 0.00258256103905269 0.00556447503685855 0.997579615200775
1.21098802E+01 2419.33885311695 0.00512343464580437 4.84485593446277e-05 0.000380636711890761 0.992030404053525 1.92995994090882e-07 5.34275117491165e-07 0.00257937514290742 0.00555251991703976 0.997582923970565
1.21098944E+01 2423.0469539293 0.00511719262389571 4.83068302948846e-05 0.000380177789582726 0.992038633878711 1.96215653282743e-07 5.34424455910804e-07 0.00257814613120463 0.00554567724377332 0.997584311122484
1.21099085E+01 2426.56444583099 0.00513090048829768 4.81747386519411e-05 0.000380866298683242 0.99202279755469 1.99499119766514e-07 5.34648157492357e-07 0.0025798624309177 0.00555994152563287 0.997582739080322
1.21099226E+01 2429.96814292195 0.00514984171148533 4.82033665096334e-05 0.00038221471244606 0.992000828085517 2.02845673691547e-07 5.34892325146729e-07 0.00258167926944773 0.00558025979044102 0.997581087875958
1.21099366E+01 2433.8798208319 0.00511722953343808 4.80923289630594e-05 0.000380958305362456 0.992041467838258 2.0619073288034e-07 5.34995659545316e-07 0.00257514298214516 0.00554628016776359 0.997587748006022
1.21099507E+01 2437.47685186905 0.00512686292401819 4.80405710972024e-05 0.000381190014291844 0.992029872261494 2.09612574416132e-07 5.35196262068989e-07 0.00257708391166189 0.00555609350940724 0.997585965770901
1.21099647E+01 2441.11163114703 0.00512776492491591 4.7967368024452e-05 0.000381295555321508 0.992029950249392 2.13081119832111e-07 5.35379940566627e-07 0.00257623183624953 0.00555702784826187 0.997586978097653
1.21099787E+01 2444.73674428735 0.00512879635375834 4.78960232726952e-05 0.000381491030549332 0.992029438616291 2.16600884425435e-07 5.35572614540006e-07 0.00257571413965702 0.00555818340758036 0.997587622023871
1.21099927E+01 2448.35816433613 0.00512982650289875 4.78265254265814e-05 0.000381655826999221 0.992029064774752 2.20172050336502e-07 5.35766935208877e-07 0.00257512866860701 0.00555930885532455 0.997588373630077
1.21100066E+01 2451.9666561804 0.00513196322155621 4.77662490657388e-05 0.000381873547766185 0.992027299339031 2.23796407107269e-07 5.35970363498821e-07 0.00257475196250609 0.00556160301838813 0.997588902357419
1.21100206E+01 2455.54173552173 0.00513686878847527 4.77343794668167e-05 0.000382261085780552 0.992022157376376 2.27477352113226e-07 5.36191375187623e-07 0.00257477607834536 0.00556686425372264 0.997589021630098
1.21100345E+01 2459.04977712404 0.00514737079247075 4.75682802715789e-05 0.000383060102224391 0.992010366237068 2.31220515863238e-07 5.3644394362069e-07 0.00257557844860191 0.00557799917496672 0.997588365412035
1.21100484E+01 2462.56623255132 0.00515484328185899 4.77643953064919e-05 0.00038394183169662 0.992001915606989 2.350185766985e-07 5.36712386667737e-07 0.00257564610289839 0.0055865495088621 0.997588465115851
1.21100623E+01 2466.40674837407 0.00513184514611956 4.74771260162966e-05 0.000382885803658519 0.99203101500309 2.38832961914464e-07 5.36910787676436e-07 0.00257100990101502 0.00556220807579438 0.997593223078885
1.21100761E+01 2469.97694765862 0.00514294524572044 4.74526687834494e-05 0.000383303225520974 0.992017845479363 2.4273137268278e-07 5.37160608424988e-07 0.00257284376521165 0.00557370114002487 0.997591546619388
1.21100900E+01 2473.56746516441 0.00514698502438209 4.7410283993287e-05 0.000383693552881088 0.992014009950159 2.46684202712636e-07 5.37419022816764e-07 0.00257243289686342 0.00557808886125646 0.997592098811415
1.21101038E+01 2477.30688695815 0.00513597341006985 4.72675269327574e-05 0.000383198000618175 0.992028332435469 2.50674657334245e-07 5.37640797356125e-07 0.00256989820418141 0.00556643893762079 0.99759477137309
1.21101176E+01 2480.91205849017 0.0051416248134821 4.72139339236736e-05 0.000383460047180777 0.99202204752787 2.54735234099594e-07 5.3792943020003e-07 0.00257047174976487 0.00557229879458655 0.997594346322456
1.21101314E+01 2484.53397543461 0.005143076700235 4.71491539895357e-05 0.000383660205666238 0.992021254033708 2.58853148058681e-07 5.38190024053141e-07 0.00256983630456618 0.00557388605989077 0.997595140093599
1.21101451E+01 2488.15218523221 0.00514456522232598 4.70846412431427e-05 0.0003838881313889 0.992020220728438 2.63029837919228e-07 5.38457726963741e-07 0.00256935707467724 0.00557553799495802 0.997595758723396
1.21101589E+01 2491.77164793931 0.0051459116691548 4.70195762508545e-05 0.000384092877768914 0.992019393929713 2.67265460521132e-07 5.38733575811476e-07 0.0025688412681369 0.00557702412317457 0.997596418052887
1.21101726E+01 2495.39108961488 0.00514729224347048 4.69549015733976e-05 0.000384297342404954 0.992018537816471 2.71560867080191e-07 5.39015754122768e-07 0.0025683245951596 0.00557854448744883 0.997597082303919
1.21101863E+01 2499.01078259177 0.00514866654022831 4.68903282916096e-05 0.000384502447405793 0.992017700471433 2.75916729452799e-07 5.39305228047975e-07 0.00256780435870903 0.00558005931592572 0.997597759787359
1.21102000E+01 2502.63036697052 0.0051500161070937 4.68256077871608e-05 0.000384707255496729 0.992016904599977 2.80333809282937e-07 5.39603058375223e-07 0.00256726395747266 0.00558154897037759 0.997598453570354
1.21102136E+01 2506.25242396607 0.00515137213496209 4.67606550239437e-05 0.000384911930169194 0.992016034069543 2.84812503391184e-07 5.39906514228401e-07 0.0025667832292088 0.00558304472015523 0.997599078789699
1.21102272E+01 2509.8753309678 0.00515264883495757 4.66948519529886e-05 0.000385113822616554 0.992015296249763 2.89353689818515e-07 5.40217911730769e-07 0.00256624494473053 0.00558445750952711 0.99759975375929
1.21102409E+01 2513.49930801721 0.00515385357723414 4.66279519656815e-05 0.000385312373833115 0.992014667378986 2.93958056659605e-07 5.40535171689293e-07 0.00256569687504201 0.00558579390303293 0.997600461282019
1.21102545E+01 2517.12509810074 0.00515501542207446 4.65597927923524e-05 0.000385508605326045 0.992014072675249 2.98626138036274e-07 5.40859940186221e-07 0.00256514173446202 0.00558708382019286 0.997601156495442
1.21102680E+01 2520.75002402273 0.00515606723242575 4.64895471122461e-05 0.000385707720215908 0.992013641245315 3.03356685396229e-07 5.41214839630485e-07 0.00256452362526754 0.0055882644997539 0.997601905745069
1.21102816E+01 2524.36558063658 0.00515810459462708 4.64209823247746e-05 0.000385970626233265 0.992011972912619 3.08156528106295e-07 5.41553323530603e-07 0.00256410984987671 0.00559049620318512 0.997602469115804
1.21102951E+01 2527.95454117362 0.00516237851094479 4.63679417848952e-05 0.000386387626870271 0.99200757733395 3.13027101204369e-07 5.41906425803055e-07 0.0025640097376873 0.00559513407959996 0.99760271141355
1.21103087E+01 2531.4869913339 0.0051711670827517 4.63555176865303e-05 0.000387122241731773 0.991997679070345 3.17975145341692e-07 5.42287127960568e-07 0.00256455901303255 0.00560464484217 0.997602323912515
1.21103222E+01 2535.20953745152 0.00516057422738778 4.62233011784104e-05 0.000386743387288456 0.992011580442429 3.22965294940895e-07 5.42650037275788e-07 0.00256190304748102 0.00559354091585464 0.997605121358283
1.21103356E+01 2538.7070555264 0.00517570176968508 4.62387413878518e-05 0.000387645086051861 0.991993666428682 3.28053767049271e-07 5.43080449947432e-07 0.00256392056177996 0.00560958559712479 0.997603252025807
1.21103491E+01 2542.432549762 0.00516476120525958 4.61026350575052e-05 0.000387272359729728 0.992008185324757 3.33179644855985e-07 5.43431183702134e-07 0.00256099022985271 0.00559813620004682 0.997606321524804
1.21103625E+01 2545.86798658824 0.00518559613834966 4.61757359844649e-05 0.000388526342375497 0.991983222737486 3.38422148178474e-07 5.43862221958934e-07 0.00256394935809204 0.00562029821670962 0.997603520954196
1.21103760E+01 2549.59670969256 0.00517296976806594 4.6019811507424e-05 0.000388177904857487 0.991999856441995 3.43691578228333e-07 5.44232915239101e-07 0.00256059116533267 0.00560716748443086 0.997607023926426
1.21103894E+01 2553.2809207154 0.00517021804882371 4.59168570323829e-05 0.000388003036000607 0.992003789888626 3.4903696995092e-07 5.44609364648519e-07 0.00255982023245946 0.0056041379418567 0.997607927830483
1.21104028E+01 2556.7016398816 0.0051926971035286 4.57914369724509e-05 0.000389185287199206 0.991977429215186 3.54500307295134e-07 5.45066619531146e-07 0.00256279280217595 0.00562767382770026 0.997605103042887
1.21104161E+01 2560.3645767597 0.00518566188601278 4.56894049628071e-05 0.000389236295895502 0.99198718926753 3.60001872142176e-07 5.45474637743779e-07 0.00256025809351573 0.00562058758687109 0.997607776854401
1.21104295E+01 2564.00489518282 0.00518552243210596 4.5615578277459e-05 0.000389349950101721 0.991987938392234 3.65579780585078e-07 5.45894437498802e-07 0.00255976522990687 0.00562048796048514 0.997608426352719
1.21104428E+01 2567.66002635811 0.00518483438747248 4.55391955319914e-05 0.000389379829781468 0.991989641873547 3.71229897733766e-07 5.46316391422593e-07 0.00255894065513003 0.00561975341278594 0.997609395286333
1.21104561E+01 2571.3296636162 0.0051832102622176 4.54583842958563e-05 0.000389369735108941 0.991992394476856 3.7695255093696e-07 5.46739070408764e-07 0.00255803884778805 0.0056180383816224 0.997610432858479
1.21104694E+01 2575.00442684726 0.00518167944135788 4.53778423763972e-05 0.000389348367539513 0.991995020811479 3.82749768786499e-07 5.47166010788211e-07 0.00255718675329119 0.00561640565127379 0.997611426462753
1.21104827E+01 2578.68568869586 0.00517978362332137 4.52957211931757e-05 0.000389302366085455 0.991998110205398 3.8861884734266e-07 5.47618015716437e-07 0.00255625788319076 0.0056143817106 0.997612491915998
1.21104959E+01 2582.36900241803 0.0051775786835578 4.53957346491659e-05 0.000389184639785771 0.992001432638525 3.94567088996935e-07 5.48047764930111e-07 0.00255528583398471 0.00561215905799274 0.997613591696517
1.21105092E+01 2586.02435071703 0.00517829849370405 4.53325015936123e-05 0.000389289250010685 0.992001320207486 4.00598876693778e-07 5.48486204163823e-07 0.00255478125260814 0.00561292024530835 0.997614240452794
1.21105224E+01 2589.60920418755 0.00518440322126213 4.5272792053109e-05 0.000389797699346953 0.991994717135687 4.06723488739855e-07 5.48956552093349e-07 0.00255497076520308 0.00561947371266219 0.997614190848349
1.21105356E+01 2593.00658696075 0.00520592198565223 4.53529731051857e-05 0.000391321790350454 0.991969261834713 4.1296949856773e-07 5.49493220404831e-07 0.00255747634554713 0.00564259674910787 0.997611858583821
1.21105488E+01 2596.59657553849 0.00520430459906831 4.50676874884699e-05 0.000391600816845846 0.991972651533606 4.19270405828917e-07 5.50013033774344e-07 0.00255585299330671 0.00564097310340263 0.997613624637009
1.21105619E+01 2600.31217853362 0.00519521279464919 4.49524879993129e-05 0.000391293071808702 0.991984370682224 4.25626084105074e-07 5.50508358887606e-07 0.00255378177082753 0.00563145835445721 0.997615829036681
1.21105751E+01 2604.02944081315 0.0051904983054951 4.48554920959442e-05 0.000390974961359146 0.991990819886186 4.32063052884943e-07 5.50978444219115e-07 0.00255260278390876 0.00562632875895019 0.997617148645136
1.21105882E+01 2607.76030340599 0.00518518004984558 4.49623210564478e-05 0.000390577020698451 0.991997921212799 4.38578123344468e-07 5.51446859637282e-07 0.00255122555984557 0.00562071939160048 0.997618640604399
1.21106013E+01 2611.42513568065 0.00518660891899155 4.48875686300105e-05 0.000390667481162193 0.991996919461676 4.45189729590689e-07 5.51931947160463e-07 0.00255094025058608 0.00562216396878375 0.99761908343046
1.21106144E+01 2614.95867519495 0.00519823411702161 4.48537130290428e-05 0.000391503735684725 0.991983576874926 4.51914785961924e-07 5.52468547095605e-07 0.00255199976324769 0.00563459156573538 0.997618168440661
1.21106275E+01 2618.50501496627 0.00520491854019823 4.46434592761342e-05 0.000392109884889116 0.991976534378894 4.58729810763975e-07 5.5301790209428e-07 0.00255209373738246 0.00564167188436348 0.997618206263258
1.21106405E+01 2622.27919920246 0.00519008818898434 4.47155875071054e-05 0.000391478615363391 0.991995276777223 4.65586372485174e-07 5.53503318960636e-07 0.00254888362079554 0.00562628239185483 0.997621559169078
1.21106536E+01 2625.9377707397 0.00519212802828888 4.46052040170798e-05 0.000391560314740575 0.991993343873578 4.72548905700251e-07 5.54051065570442e-07 0.00254893148443292 0.00562829354704654 0.997621637420624
1.21106666E+01 2629.44481156215 0.00520633216555966 4.4619636998693e-05 0.000392507112323397 0.99197691411153 4.79642457013853e-07 5.54643072783704e-07 0.00255036518755301 0.00564345891488175 0.997620373026412
1.21106796E+01 2633.01006953177 0.00521064699248938 4.45890345648689e-05 0.000393121800777644 0.991972602089011 4.86816231670523e-07 5.55217675358138e-07 0.00254991906323926 0.0056483578278319 0.997620959916842
1.21106926E+01 2636.52370239407 0.00522011832759276 4.43736636593733e-05 0.000393818940090381 0.991962153659068 4.94098451994607e-07 5.55809549016894e-07 0.00255055915252868 0.00565831093134251 0.99762046459041
1.21107055E+01 2640.35370873856 0.00519994156637423 4.42087704437777e-05 0.00039295117792975 0.991987536113611 5.01402355911053e-07 5.56351126418514e-07 0.0025465066205892 0.00563710151474776 0.997624637628359
1.21107185E+01 2644.09314362265 0.00519584574134074 4.4316798855072e-05 0.000392493189017591 0.991992848786846 5.08814155524319e-07 5.5688771537851e-07 0.0025457811144949 0.00563265572921341 0.99762550451606
1.21107314E+01 2647.67082550585 0.00520602699822647 4.42791569369661e-05 0.000393075732819303 0.991981353836993 5.16357164504693e-07 5.57466444008577e-07 0.00254669499510452 0.00564338188798274 0.997624735724976
1.21107443E+01 2651.16257241878 0.00521956712272648 4.40914541477374e-05 0.000394041112705851 0.991965953864782 5.24021338582986e-07 5.58095774809499e-07 0.00254791116933926 0.00565769968958007 0.997623653554362
1.21107572E+01 2654.98126005499 0.00519967146574664 4.41462524664194e-05 0.000393216937425154 0.991990918966203 5.31707881045744e-07 5.58633261301919e-07 0.00254372915982846 0.00563703465563821 0.997627953621841
1.21107701E+01 2658.59154959062 0.00520686489134881 4.40860800968273e-05 0.000393564848335247 0.991982642240062 5.39536575379877e-07 5.59226903519248e-07 0.00254467615419967 0.00564451581978088 0.997627158059843
1.21107829E+01 2661.98638560647 0.00523030755351815 4.39377480036785e-05 0.000395004736194562 0.991955351191027 5.47522574826371e-07 5.5990582748996e-07 0.00254739287047671 0.00566925003771639 0.997624601228743
1.21107958E+01 2665.8596420277 0.00520324539271294 4.39682037839192e-05 0.000393897290557013 0.991989116121861 5.55496323457457e-07 5.60453696228196e-07 0.00254187980611231 0.00564111088705387 0.997630227008915
1.21108086E+01 2669.50150476237 0.00520847839013962 4.3872136348702e-05 0.000394076840984453 0.991983070725305 5.63620266673696e-07 5.61059537643274e-07 0.00254274902182692 0.00564642736747277 0.997629498092778
1.21108214E+01 2672.82441669239 0.0052395676695181 4.37779557344812e-05 0.00039589285528507 0.991946531707075 5.71933491198698e-07 5.61776827023355e-07 0.00254663039498242 0.00567923848053765 0.997625770187613
1.21108342E+01 2676.75424447579 0.00520570688502967 4.35530696329692e-05 0.000394503317657689 0.991988866919687 5.80201691360033e-07 5.62333229920695e-07 0.00253990145491726 0.00564376327232033 0.997632630192007
1.21108469E+01 2680.39506706851 0.00521230231007693 4.36909440846269e-05 0.000394690257789882 0.991980783977483 5.88638182253329e-07 5.6296237391987e-07 0.00254118248600175 0.00565068351195143 0.997631467489434
1.21108597E+01 2683.77868911755 0.00523809621747253 4.35682444585052e-05 0.000396186605964002 0.991950718885598 5.97253647068435e-07 5.63687153540006e-07 0.00254424979887041 0.00567785106789503 0.997628569953493
1.21108724E+01 2687.68266370351 0.00520840993955388 4.35835698097587e-05 0.000394962539415741 0.991987653901881 6.05838331284346e-07 5.6430482306646e-07 0.00253831030803292 0.00564695604877938 0.99763460995066
1.21108851E+01 2691.23021463163 0.00522303258323221 4.35348018029134e-05 0.000395680854135237 0.991970161261516 6.14622246364163e-07 5.64984523335594e-07 0.00254065199358499 0.00566224823917036 0.997632409500686
1.21108978E+01 2694.85988716295 0.00522412410643773 4.33025666959078e-05 0.000395867876130324 0.991970084505682 6.23501807275372e-07 5.65677572797619e-07 0.00253982721424735 0.00566329454926396 0.997633379054946
1.21109105E+01 2698.56591139433 0.00521826565011488 4.3397791584601e-05 0.000395719769337869 0.991977820032883 6.32460853668065e-07 5.66363813293076e-07 0.00253813020133386 0.00565738321103735 0.997635203243921
1.21109232E+01 2701.98367034243 0.00524085143645793 4.32469756507414e-05 0.000397030482372991 0.991951253969024 6.41619292162595e-07 5.67107672344224e-07 0.00254109948382103 0.00568112889448166 0.997632382863506
1.21109358E+01 2705.86347262849 0.0052147227835901 4.32737524211654e-05 0.000395916457292407 0.991983910922373 6.50763099399645e-07 5.67736726386905e-07 0.00253579075936699 0.00565391299330367 0.997637823915677
1.21109485E+01 2709.26870217579 0.00524191859913884 4.33151373674215e-05 0.000397434240883995 0.991951170381042 6.60152272295343e-07 5.68495593944991e-07 0.00253991408990688 0.00568266797739025 0.997633838358432
1.21109611E+01 2712.97380206116 0.00523233839899793 4.30126785269154e-05 0.000397187598782315 0.991964282130334 6.69577048115944e-07 5.6921206862623e-07 0.00253707578553493 0.00567253867630716 0.997636820806641
1.21109737E+01 2716.75890958766 0.00522060435688519 4.30925481045975e-05 0.000396573857252399 0.991978883547319 6.79090048619741e-07 5.69888073077117e-07 0.00253485810820262 0.00566027076224219 0.997639154309562
1.21109863E+01 2720.06736578632 0.00525547388267257 4.29839791729572e-05 0.000398475756017414 0.991937491673121 6.88863968432756e-07 5.70700141300083e-07 0.00253973225696304 0.00569693361786294 0.997634425290984
1.21109988E+01 2724.03378726605 0.00521906246774884 4.27526712570197e-05 0.000396916927041918 0.991983000589735 6.98564455733068e-07 5.71349590917534e-07 0.00253255872311477 0.00565873206604778 0.997641732655783
1.21110114E+01 2727.48662763703 0.00524370526882866 4.29794671813145e-05 0.000398180885286646 0.991952965996374 7.08531924746498e-07 5.72135640991919e-07 0.00253658679015922 0.00568486562129662 0.997637831617671
1.21110239E+01 2731.11004763653 0.00524288708629351 4.27322004475786e-05 0.000398354295881083 0.991955476984334 7.18575892501415e-07 5.72912172233434e-07 0.00253510942775508 0.00568397358262217 0.997639450566956
1.21110364E+01 2734.92952688119 0.00522632527072825 4.27938284513919e-05 0.000397588986960116 0.991976057640427 7.28678435920289e-07 5.73620305232879e-07 0.00253191339372337 0.00566670808613975 0.997642765726567
1.21110489E+01 2738.30298603064 0.00525551725773818 4.26563432154447e-05 0.000399125117116522 0.991941437400021 7.39044474013278e-07 5.74456270188065e-07 0.00253610563747977 0.00569729871807014 0.997638736118091
1.21110614E+01 2742.21062986877 0.00522665963142513 4.26702346367899e-05 0.000397907421156855 0.991977472616745 7.4936890974649e-07 5.75160355233352e-07 0.00253022943402857 0.00566723728721877 0.997644709903964
1.21110739E+01 2745.51120187222 0.00526345286449593 4.25630344980245e-05 0.000399857909613109 0.991933337639593 7.60013431588656e-07 5.76033501127782e-07 0.00253589836940102 0.00570587380860707 0.9976392114482
1.21110863E+01 2749.48503354339 0.00522724987576231 4.23354710354575e-05 0.000398267736190869 0.991978616622995 7.70565347384192e-07 5.76770144464572e-07 0.00252873714720305 0.00566785308298863 0.997646469705983
1.21110987E+01 2752.75373138208 0.00526818390423866 4.2455117821718e-05 0.000400388253927325 0.991929146756282 7.81480313867354e-07 5.77666731270442e-07 0.00253520376720955 0.00571102727598771 0.99764017403227
1.21111112E+01 2756.75651748195 0.0052289614293419 4.22150335954586e-05 0.00039864867028729 0.991978171687738 7.9228577357097e-07 5.78381692357943e-07 0.00252748392751215 0.00566982513322464 0.997647996820963
1.21111236E+01 2760.02381873375 0.00527064266665421 4.23372081816343e-05 0.000400784914424214 0.991927733165733 8.03466432046006e-07 5.79295859386291e-07 0.00253414581878821 0.00571376478926006 0.997641497954993
1.21111359E+01 2764.02845702942 0.00523151375783614 4.20984764842316e-05 0.000399047794603896 0.991976639396378 8.14533213026192e-07 5.80027450847239e-07 0.00252644420220804 0.00567266002892427 0.997649299425303
1.21111483E+01 2767.32922769806 0.0052701339811785 4.22062206516556e-05 0.00040100728850506 0.991929920200845 8.25971997520996e-07 5.80949817574584e-07 0.0025326212796986 0.00571334749033522 0.99764326769118
1.21111607E+01 2771.29513905511 0.00523545810604169 4.19882207276105e-05 0.000399488071262403 0.991973392244792 8.37318258635987e-07 5.81708017049981e-07 0.00252568294923163 0.0056769343980317 0.997650326642824
1.21111730E+01 2774.68655655313 0.00526515608240388 4.20554821676722e-05 0.000400969917619124 0.991937519392849 8.48998465947947e-07 5.82623646689746e-07 0.00253044216955522 0.00570818148219068 0.99764570087504
1.21111853E+01 2778.53428488429 0.00524322257934877 4.20962471603516e-05 0.000400096779819399 0.991965258443726 8.60657420356282e-07 5.8342830924165e-07 0.00252560539496537 0.00568541560632852 0.997650674050055
1.21111976E+01 2782.10457231293 0.00525436277466992 4.18766178523414e-05 0.000400561834048362 0.991952285857353 8.72549502329403e-07 5.84313974455865e-07 0.00252731059787394 0.00569680122657062 0.997649087083924
1.21112099E+01 2785.64897980774 0.00526354838900483 4.20470083808204e-05 0.000401415184793733 0.991941956804158 8.84600560896969e-07 5.85215216208796e-07 0.00252756366327459 0.00570701058217938 0.997648967386337
1.21112222E+01 2789.37169751081 0.00525433907323254 4.17569910471025e-05 0.000401113756548993 0.991954117290702 8.96726213373472e-07 5.86104720808248e-07 0.0025253277525853 0.00569720982082863 0.997651327111531
1.21112344E+01 2792.91693880993 0.00526529596911896 4.19316927663096e-05 0.000401828215656926 0.991941336136004 9.09063518760371e-07 5.87021152407989e-07 0.00252640804742536 0.0057090558775422 0.997650392013546
1.21112466E+01 2796.66682051403 0.00525414732717401 4.16263950879222e-05 0.000401260998188458 0.991956052702091 9.21467151931363e-07 5.87904135716031e-07 0.00252383449048202 0.00569703472045039 0.997653087422541
1.21112589E+01 2800.15227925484 0.00527131424578379 4.18307853711337e-05 0.000402393669211393 0.99193560313768 9.34116969058578e-07 5.88883462594689e-07 0.00252591543409997 0.00571553870036632 0.997651141838046
1.21112711E+01 2803.97282303734 0.00525284962785243 4.14958026854066e-05 0.000401489322846054 0.99195924694701 9.46791391196251e-07 5.89766589894648e-07 0.0025220989026347 0.00569583475338389 0.997655081700394
1.21112833E+01 2807.27837353334 0.00528741205002686 4.18144713066896e-05 0.000403562322383468 0.991917579764353 9.59815038438332e-07 5.90812149460069e-07 0.0025269559359984 0.00573278884371702 0.99765036860807
1.21112954E+01 2811.28276436541 0.00524836711092296 4.13545817851031e-05 0.0004017222259942 0.991966402436752 9.72719491138516e-07 5.91664937118293e-07 0.00251957554387059 0.00569144391870227 0.997657846355454
1.21113076E+01 2814.75338445441 0.00527214962488675 4.13933155364458e-05 0.000402773047991112 0.991937693518821 9.85973803363218e-07 5.92678576820812e-07 0.00252355379665947 0.00571631598841431 0.997654009507236
1.21113197E+01 2818.37754492939 0.00527222821042321 4.1525413871736e-05 0.000403129027920376 0.991938711344667 9.99331727244005e-07 5.9363696429178e-07 0.00252210291087105 0.00571688265221532 0.997655593996882
1.21113319E+01 2822.13275889987 0.00526156267920876 4.1222536265569e-05 0.000402591676956723 0.991952487412846 1.01279327876631e-06 5.94591669973077e-07 0.00251994395287494 0.00570537689243106 0.997657864305277
1.21113440E+01 2825.44306284442 0.00529478275344874 4.13085237975036e-05 0.000404526290064171 0.991912977067245 1.02659520488795e-06 5.956793545525e-07 0.00252437663805535 0.00574061756731042 0.997653594634556
1.21113561E+01 2829.44776012525 0.00525568180108111 4.10782081358713e-05 0.000402826589012389 0.99196144899871 1.04026642636078e-06 5.9656656814377e-07 0.00251703976668745 0.00569958659822937 0.997661035596939
1.21113681E+01 2833.02423700753 0.00526970468694947 4.10696648761819e-05 0.00040321874591748 0.991944644627667 1.05426445032989e-06 5.97571400161481e-07 0.00251955920346792 0.00571399309774313 0.997658637725411
1.21113802E+01 2836.40348299604 0.00529450146639133 4.11214482351427e-05 0.000404846248738584 0.991915803540117 1.06852686444971e-06 5.98636590379047e-07 0.00252206502808402 0.00574046916336506 0.997656272703482
1.21113923E+01 2840.32345394916 0.0052638252446961 4.09296130827503e-05 0.000403645591281493 0.991953851622996 1.08271384575028e-06 5.99573121727453e-07 0.00251620217058839 0.00570840044906034 0.997662252072056
1.21114043E+01 2843.96187420774 0.00527061815980767 4.0890450063574e-05 0.000403714765100304 0.991945906724181 1.09717529559683e-06 6.00591876948359e-07 0.00251743483094141 0.00571522337497155 0.997661130099152
1.21114163E+01 2847.47034623431 0.00528521549659068 4.08955774215525e-05 0.000404646742510866 0.991929227194692 1.11187078179303e-06 6.01646816889811e-07 0.00251872210345745 0.0057307578165231 0.997659985011215
1.21114283E+01 2851.03572969174 0.00528955801673891 4.10487160091304e-05 0.000405371864674934 0.991924692682043 1.12671583401984e-06 6.02704870410653e-07 0.00251816646674444 0.00573597859742297 0.997660671279466
1.21114403E+01 2854.89894427327 0.00526806492754105 4.07006416927932e-05 0.000404239713043073 0.991951661084409 1.14158535682587e-06 6.03704832865364e-07 0.00251428210599139 0.00571300528227691 0.997664666366686
1.21114523E+01 2858.40195348893 0.00528654123733564 4.07182985086953e-05 0.000405123155820179 0.991929825173547 1.15679251337064e-06 6.0478981197516e-07 0.00251688646210823 0.00573238269166452 0.997662207865211
1.21114642E+01 2861.85509339815 0.00530177276795094 4.09305912344121e-05 0.000406417090328265 0.991912307701552 1.17220830912744e-06 6.05906659634901e-07 0.00251778918737782 0.00574912044951361 0.997661428151066
1.21114762E+01 2865.79479794253 0.00527070745290079 4.05332234825033e-05 0.00040493532573691 0.991950942210136 1.18756012204481e-06 6.06919096666906e-07 0.00251220953613594 0.0057161760021202 0.997667118212256
1.21114881E+01 2869.41047897508 0.00528024153777114 4.05066803274225e-05 0.00040511973400725 0.991939773293313 1.20323248113083e-06 6.07997894613931e-07 0.00251380827276286 0.00572586795210581 0.997665641245419
1.21115000E+01 2872.9935435014 0.00528737947718698 4.04769816705797e-05 0.00040558600371231 0.991932218729197 1.21909339403926e-06 6.0912710157615e-07 0.0025139113613175 0.00573344246256987 0.997665661191767
1.21115119E+01 2876.37059280042 0.005310336901035 4.05210341434217e-05 0.00040726865756873 0.991905270183647 1.23525940603528e-06 6.10295479446866e-07 0.00251631910301004 0.00575812659274715 0.997663396776394
1.21115238E+01 2880.27755420913 0.00528068139744828 4.03379281382839e-05 0.000406092870560583 0.991942025109624 1.25134087328943e-06 6.113389896841e-07 0.00251068000006882 0.00572711219614715 0.997669137305771
1.21115357E+01 2883.92332769715 0.00528640923064131 4.02957009584562e-05 0.000406130058573803 0.991935434803769 1.26771950033754e-06 6.124633248868e-07 0.00251167762347691 0.00573283499017357 0.997668269793942
1.21115475E+01 2887.59146847702 0.00528657483811287 4.0234907627455e-05 0.000406134518266372 0.99193624557656 1.28427242582065e-06 6.13574734979551e-07 0.0025108768636943 0.0057329442640067 0.997669189840567
1.21115593E+01 2891.21827272146 0.00528960668389956 4.01873988886462e-05 0.000406401128924104 0.99193332342234 1.30103172959657e-06 6.14706000155118e-07 0.00251067191933845 0.00573619521171231 0.997669518634053
1.21115712E+01 2894.76224702857 0.00529919243480054 4.01721457848115e-05 0.000407162440096715 0.991922477553185 1.31802874792789e-06 6.15871963865089e-07 0.00251131813587186 0.00574652702068207 0.997669004573867
1.21115830E+01 2898.22007274587 0.00531384450229444 4.01774986292459e-05 0.000408306222542599 0.991905706896978 1.33527335152762e-06 6.17082759455728e-07 0.00251242180277263 0.00576232822346628 0.997668035120444
1.21115948E+01 2902.01431241796 0.00529628659453225 4.00492638863529e-05 0.000407751248826224 0.991927685429488 1.35253298138617e-06 6.1821053477341e-07 0.00250877717206497 0.00574408710724483 0.997671772536733
1.21116065E+01 2905.78314291501 0.00528856843204884 3.99485076107743e-05 0.000407084579895161 0.991937583858542 1.3699787025423e-06 6.1936592356804e-07 0.00250748600347741 0.00573560151955477 0.997673185378097
1.21116183E+01 2909.39226585749 0.00529640144467023 3.99193152339565e-05 0.000407383959155014 0.991928930954738 1.38770567564222e-06 6.20550154472857e-07 0.00250816135577005 0.0057437047190592 0.997672635673797
1.21116300E+01 2912.94731610821 0.00530542060082555 3.99024127066231e-05 0.000408141178326699 0.991918835614349 1.40566594437092e-06 6.21761780580283e-07 0.00250862319740236 0.00575346419185887 0.997672299806207
1.21116418E+01 2916.44365244377 0.00531690409550916 3.98942115348286e-05 0.000409108847002832 0.991905836266032 1.42386824326964e-06 6.23010905243276e-07 0.00250930500024159 0.00576590715404682 0.997671743420078
1.21116535E+01 2920.11496520348 0.00531105212801761 3.98208267090941e-05 0.000409214957027123 0.991913700150558 1.44217960257827e-06 6.24219851519779e-07 0.00250738783823527 0.00576008791175383 0.997673788062312
1.21116652E+01 2923.93739755436 0.00529575243743301 3.96880337099771e-05 0.0004082973701826 0.991932871895928 1.46058971152121e-06 6.25414498111191e-07 0.0025046526256429 0.00574373784132558 0.997676609737254
1.21116769E+01 2927.55329511406 0.00530355916181368 3.96584213150854e-05 0.000408554492243121 0.99192411111575 1.47931741062677e-06 6.26645097481829e-07 0.00250550747009175 0.00575177207537189 0.997675883191122
1.21116886E+01 2931.19310226791 0.00530510626815017 3.96068812082614e-05 0.000408774962343128 0.99192316526346 1.49823781196883e-06 6.27881223033728e-07 0.00250486640553268 0.00575348811170156 0.997676653375161
1.21117002E+01 2934.82486545016 0.00530677260621175 3.9555901398632e-05 0.000409030403869046 0.991921877271362 1.51737082250628e-06 6.29129131941162e-07 0.0025044031166993 0.00575535891147942 0.997677236182842
1.21117119E+01 2938.45409171487 0.00530846186911047 3.95050572092668e-05 0.000409265029319606 0.991920594648116 1.53670378677407e-06 6.30413970129077e-07 0.0025039179617423 0.00575723195563934 0.997677826603755
1.21117235E+01 2942.07771205788 0.00531051727014771 3.94560478549713e-05 0.000409526031573533 0.991918883732937 1.55626419425794e-06 6.31683718748569e-07 0.0025034766314341 0.00575949934957621 0.997678383082513
1.21117351E+01 2945.69338856443 0.00531320661571891 3.94101142538042e-05 0.000409836018469101 0.991916406284214 1.57604488573827e-06 6.32966939885304e-07 0.00250313590634544 0.00576245274844182 0.997678859032656
1.21117467E+01 2949.29313550345 0.00531702176742874 3.93696576316004e-05 0.000410233379461438 0.991912568738483 1.59605435056101e-06 6.34266464557678e-07 0.00250291892356773 0.00576662480452178 0.997679193543004
1.21117583E+01 2952.87599974345 0.00532216151350934 3.93364421703085e-05 0.000410745994787921 0.991907089987685 1.61629889992491e-06 6.35584315143291e-07 0.00250288422563024 0.00577224395046757 0.997679333938153
1.21117699E+01 2956.65485408795 0.00530915033193559 3.92211978478536e-05 0.000410116208972943 0.991923658571466 1.63663163568434e-06 6.36858616553283e-07 0.00250017593016629 0.00575848773875639 0.997682146310222
1.21117814E+01 2960.25334140376 0.00531696438945197 3.91938569504261e-05 0.000410488485226664 0.991914843547677 1.6572954285303e-06 6.38184024176844e-07 0.00250095895390131 0.00576664673162906 0.997681490279306
1.21117930E+01 2963.85702731258 0.0053208631370115 3.91542199676291e-05 0.000410889148423003 0.991911024353857 1.67818299066537e-06 6.39522808466461e-07 0.00250064114486665 0.00577090650540213 0.997681930859259
1.21118045E+01 2967.41091626095 0.00532873513181128 3.91336482465741e-05 0.000411599250817272 0.991902241738995 1.69933761865172e-06 6.40889658920686e-07 0.00250099180377463 0.00577946803087512 0.99768170976987
1.21118160E+01 2971.18175806756 0.00531565369810031 3.90197878959123e-05 0.000411022077893436 0.991918869317785 1.72057095333168e-06 6.42209169741615e-07 0.0024982316379149 0.00576569556388966 0.997684564881674
1.21118275E+01 2974.7334705793 0.00532720156502423 3.90095651081647e-05 0.000411652647913203 0.991905546894388 1.74217766104294e-06 6.4358971952777e-07 0.00249950463244428 0.0057778637780456 0.997683410672433
1.21118390E+01 2978.24183625483 0.0053385268135222 3.90085430893328e-05 0.000412599465577737 0.991892741562858 1.76406096242564e-06 6.45002583945851e-07 0.00250017168497088 0.00579013482218927 0.997682876385047
1.21118505E+01 2982.00069269407 0.00532536690514752 3.88935251705854e-05 0.000412137224854121 0.991909474483631 1.78600526587684e-06 6.46360372994635e-07 0.00249727185115848 0.00577639765517223 0.997685872138803
1.21118620E+01 2985.42709466018 0.00534728824179079 3.89556493300461e-05 0.000413431747238997 0.991883545003154 1.80842366228158e-06 6.47812412990826e-07 0.00250004440682869 0.00579967563835984 0.997683220641513
1.21118734E+01 2989.18854975974 0.00533302380717379 3.88186610072913e-05 0.000412979268269719 0.99190185919798 1.83085105502625e-06 6.49195535074552e-07 0.00249670625849275 0.0057848217364508 0.997686680934431
1.21118848E+01 2992.89754488498 0.00532969133115214 3.87409362536184e-05 0.000412718752137395 0.991906457029785 1.85353984117528e-06 6.50588628844905e-07 0.00249587749262131 0.00578115101954316 0.997687608049328
1.21118963E+01 2996.30031542113 0.00535386720664726 3.89498043301435e-05 0.000414078570033331 0.991877968541446 1.87670437808223e-06 6.52077680579689e-07 0.0024987480198385 0.00580689558101073 0.997684864122456
1.21119077E+01 3000.0304998311 0.0053415413279639 3.86951822678255e-05 0.000413926245106479 0.991893912467734 1.89987993466096e-06 6.53525479194422e-07 0.0024956569942944 0.0057941627553382 0.997688075223072
1.21119191E+01 3003.72922453695 0.0053385066366866 3.86139609564441e-05 0.000413750460543456 0.991898106414468 1.92332508629855e-06 6.54964773099107e-07 0.00249485635681933 0.0057908710581865 0.997688977472655
1.21119304E+01 3007.43984975497 0.0053353741725898 3.85393862522116e-05 0.000413510468081788 0.99190272092825 1.94699519608915e-06 6.56397583532997e-07 0.00249380420712689 0.0057874240269238 0.997690144955173
1.21119418E+01 3011.13079190987 0.00533383894952403 3.84736552498008e-05 0.000413395035295185 0.991905339357773 1.97090588889227e-06 6.5787087207313e-07 0.00249299458534603 0.00578570764006901 0.997691046997842
1.21119531E+01 3014.5819190822 0.00535318579264655 3.85042656380489e-05 0.000414652357624625 0.991882698915129 1.99527733246382e-06 6.59392878799324e-07 0.00249513144173904 0.00580634241590923 0.997689041331039
1.21119645E+01 3018.29441423957 0.00534355085571181 3.84088803441686e-05 0.00041448396289571 0.991895255769563 2.0197119675404e-06 6.60866975265746e-07 0.00249258115924899 0.00579644369895168 0.997691699468515
1.21119758E+01 3021.97773314223 0.00534156980144773 3.83413649046059e-05 0.000414386428551842 0.991898228476762 2.04441727423847e-06 6.62348781742593e-07 0.00249186602449581 0.00579429759490418 0.997692526071666
1.21119871E+01 3025.65572366802 0.00534054957859209 3.82788488108595e-05 0.000414305606614198 0.991900286778724 2.06937837012384e-06 6.63839743658945e-07 0.00249107465566594 0.00579313403401715 0.997693420812741
1.21119984E+01 3029.01190322501 0.00536753773819431 3.84433342358345e-05 0.00041599658907197 0.991868386783564 2.09487686834245e-06 6.65434436838617e-07 0.00249425329162821 0.00582197766150212 0.997690364445066
1.21120097E+01 3032.72184819804 0.00535563457942924 3.82334225833784e-05 0.000415799754517301 0.991883842491963 2.1203790033764e-06 6.66954426170611e-07 0.00249119965106231 0.00580966775652992 0.997693510248493
1.21120210E+01 3036.40291720775 0.00535332412832346 3.81677103335725e-05 0.000415713208825651 0.991887141502814 2.14615571374586e-06 6.68487336939652e-07 0.00249047596323416 0.00580720504748269 0.997694346550296
1.21120322E+01 3040.10938449832 0.00534998039311798 3.80978439758058e-05 0.000415503174471615 0.991891964603639 2.17217218685364e-06 6.70020759906353e-07 0.00248937851992746 0.0058035814115654 0.997695546015205
1.21120435E+01 3043.81119486361 0.0053477473988755 3.80327857376145e-05 0.000415383990351824 0.991895395842805 2.19845293009373e-06 6.71562452181465e-07 0.00248848311379557 0.00580116417496494 0.99769656001777
1.21120547E+01 3047.53049455325 0.00534365225519663 3.79575837573226e-05 0.000415103816766055 0.991901139431626 2.22497881550944e-06 6.73105989805922e-07 0.00248729075018204 0.00579671365572001 0.997697853087346
1.21120659E+01 3051.1893512309 0.00534527039215724 3.79082392750679e-05 0.000415216761125923 0.991899902501649 2.25181078231944e-06 6.74701886059451e-07 0.0024869544353053 0.00579839539255824 0.997698297894207
1.21120771E+01 3054.78240162889 0.00535124609572302 3.78784138399842e-05 0.000415704273837267 0.991893490804554 2.27899074130052e-06 6.76299571746381e-07 0.00248704052241131 0.00580482878340027 0.997698319587955
1.21120883E+01 3058.19771866345 0.00537066027476411 3.79116060065177e-05 0.000417155784995337 0.99187081707905 2.30664473946536e-06 6.77990208856139e-07 0.00248893770129637 0.00582572766576596 0.997696544744816
1.21120995E+01 3061.7725844618 0.0053712455273326 3.78868765723144e-05 0.000417679577670135 0.991870949335654 2.33445129996695e-06 6.79635976414552e-07 0.00248782191683873 0.00582681198157505 0.997697761317229
1.21121106E+01 3065.45369283046 0.00536567762823149 3.77798562969208e-05 0.000417479563626466 0.991878418229352 2.36245236942828e-06 6.81255706091497e-07 0.00248633305008843 0.00582093704815488 0.997699355277506
1.21121218E+01 3069.20177010481 0.00535777558196784 3.76931944086718e-05 0.000417016470688499 0.99188863360262 2.3906614421604e-06 6.82888736874548e-07 0.00248466539224614 0.00581248524706501 0.997701118849685
1.21121329E+01 3072.96377007825 0.00535088371692105 3.76069334514339e-05 0.000416464910019884 0.991897720916634 2.41913090300141e-06 6.84495844201392e-07 0.00248319887279559 0.00580495556039236 0.997702676477026
1.21121440E+01 3076.61937016195 0.00535438733818179 3.75650852753736e-05 0.000416616960300984 0.991894223119112 2.44797936756263e-06 6.86134713469245e-07 0.00248320200545245 0.00580856938375815 0.99770279250287
1.21121551E+01 3080.12413665677 0.00536803604868555 3.75678387837959e-05 0.000417601363754169 0.99187858165875 2.47726895458249e-06 6.87836082574125e-07 0.00248432191057912 0.00582320525122352 0.997701786909974
1.21121662E+01 3083.70666892826 0.00537075775295971 3.7526207718135e-05 0.000418067361266907 0.991876059684703 2.50680603570075e-06 6.89537228500079e-07 0.0024837955591483 0.00582635132194475 0.997702411006648
1.21121773E+01 3087.50443426032 0.00535563179003545 3.74116087796559e-05 0.000417332284838869 0.991895038600545 2.53643351021652e-06 6.91177944983664e-07 0.00248088822966664 0.00581037568365397 0.997705414284199
1.21121884E+01 3091.14081835 0.00536061178501891 3.73753745912066e-05 0.000417514324271031 0.991889664747341 2.56649783241992e-06 6.9286745116427e-07 0.0024812418944065 0.00581550148388115 0.997705166231222
1.21121994E+01 3094.55816456972 0.00538165240862926 3.74112722538202e-05 0.000418961076525853 0.991865144155975 2.59709808075864e-06 6.94643126961192e-07 0.00248335773681233 0.00583802475740893 0.997703168913384
1.21122105E+01 3098.09499404017 0.00538578863207822 3.73728146563406e-05 0.000419624570099009 0.991861119788555 2.62792228310041e-06 6.96412186892428e-07 0.00248273024384231 0.00584278601683357 0.997703905805388
1.21122215E+01 3101.94219191221 0.00536513644367458 3.72408568093875e-05 0.000418683066817371 0.991886534192085 2.65875248465411e-06 6.98097712989645e-07 0.00247911059401769 0.00582106036730134 0.997707594559387
1.21122325E+01 3105.6875423361 0.00536139375678315 3.71666416619538e-05 0.000418175168073444 0.991891714155777 2.68995300593439e-06 6.99810901892973e-07 0.00247835429194861 0.00581673556651855 0.997708449722296
1.21122435E+01 3109.21976636785 0.00537526590457894 3.71679317268073e-05 0.000418978038828626 0.991875853665577 2.72168426353649e-06 7.01587492655197e-07 0.00247964660246787 0.00583141187513437 0.997707265540711
1.21122545E+01 3112.75794293554 0.00538312638090889 3.71472835728925e-05 0.000419720397136918 0.991867169436354 2.75375122227341e-06 7.03394690540941e-07 0.0024798495840381 0.00583999406161871 0.997707163497973
1.21122655E+01 3116.58524331005 0.00536466163917361 3.7022357160831e-05 0.000418873538852256 0.991890196693864 2.78583809592153e-06 7.05118406344638e-07 0.00247636327822791 0.0058205575351867 0.99771075422905
1.21122765E+01 3120.14911589409 0.00537595662160954 3.70118807500993e-05 0.00041943208205451 0.991877206840856 2.81848232675893e-06 7.06949455961473e-07 0.00247761821722574 0.00583240058441415 0.99770960742527
1.21122874E+01 3123.59234621568 0.00539286005755787 3.70260050547628e-05 0.000420615725221553 0.991857760745736 2.85164755279016e-06 7.08831045985385e-07 0.00247905554621478 0.00585050178783419 0.99770826253357
1.21122984E+01 3127.46933423465 0.00536788300886995 3.68782432932231e-05 0.000419515665793435 0.991888657721769 2.88464774738e-06 7.10607607138653e-07 0.00247448234433091 0.00582427691795661 0.997712934639725
1.21123093E+01 3131.05891848333 0.00537780557261324 3.68614567802214e-05 0.000419924761632045 0.991877183040795 2.91827643550894e-06 7.12435696061744e-07 0.00247573110625299 0.0058345917910255 0.997711774831821
1.21123202E+01 3134.44446814584 0.00540050342956415 3.68976653360249e-05 0.000421408059202707 0.991850849997367 2.95249256576378e-06 7.14353788288527e-07 0.00247795966045445 0.00585880915410288 0.99770965915147
1.21123311E+01 3138.36953985463 0.00537017670671781 3.67311164399524e-05 0.000420076496173573 0.991888154173264 2.98646271924821e-06 7.16121747760815e-07 0.00247255643143906 0.00582698431933133 0.997715138492595
1.21123420E+01 3141.92656333332 0.00538363649150812 3.6727672233553e-05 0.000420645047985416 0.991872374220538 3.02114552923527e-06 7.17995002278694e-07 0.00247441245149663 0.00584100921172709 0.997713383432265
1.21123529E+01 3145.44126506025 0.00539494801206372 3.6720187174688e-05 0.000421461928005388 0.991859735120579 3.05624519102755e-06 7.19913331446875e-07 0.00247503772729035 0.0058531301272438 0.997712865247823
1.21123637E+01 3149.2740890815 0.00537558634819794 3.65946423652227e-05 0.000420625386209666 0.991883828349487 3.09132889504685e-06 7.21738259581883e-07 0.00247136339989701 0.00583280637677283 0.99771663472626
1.21123746E+01 3152.67229290844 0.00540118810899022 3.66432519040618e-05 0.000422091741978159 0.99185353232995 3.12725380375788e-06 7.23696815914594e-07 0.00247464555943512 0.00585992310287244 0.997713455432822
1.21123854E+01 3156.30810110774 0.00539745584216605 3.65769133753078e-05 0.000422228644134038 0.99185907386585 3.16328765132146e-06 7.25626560092849e-07 0.00247287376579641 0.0058562613996754 0.997715335265525
1.21123963E+01 3160.16384451903 0.00537819089015835 3.64502103901298e-05 0.0004212038348292 0.991882827669358 3.19940309979049e-06 7.27485106187556e-07 0.00246960021188009 0.00583584493537768 0.997718672604735
1.21124071E+01 3163.55536939318 0.00540559019938387 3.65052637033984e-05 0.000422702912974937 0.99185049212585 3.23641413046105e-06 7.29482250358926e-07 0.00247309321205297 0.00586479837606221 0.997715290501912
1.21124179E+01 3167.23187862565 0.00539838921027131 3.64260194457446e-05 0.000422654687531397 0.991860176452621 3.27347557656527e-06 7.31438227063203e-07 0.00247082771640825 0.00585746991724845 0.99771764636987
1.21124287E+01 3171.05284848027 0.00538310173801766 3.63145738978107e-05 0.000421823553221782 0.991879148752562 3.31070792624329e-06 7.33341228013428e-07 0.00246818559134105 0.00584123986513725 0.9977203886177
1.21124395E+01 3174.32873140514 0.00541963720700869 3.64193502885335e-05 0.000423939028962607 0.991835867171304 3.34897737427913e-06 7.35411328670627e-07 0.00247281051654828 0.00587999558625983 0.997715862757563
1.21124502E+01 3178.28135375523 0.00538579247547582 3.62244745462729e-05 0.000422389556045386 0.991877599594911 3.38679946861274e-06 7.37327901203953e-07 0.00246674605152146 0.00584440650606748 0.997722006100979
1.21124610E+01 3181.85328142122 0.00539778681823084 3.62159599478858e-05 0.000422890900676281 0.991863577880103 3.42542010457871e-06 7.39356309650208e-07 0.00246837901227548 0.005856893678855 0.997720471558958
1.21124717E+01 3185.44447967426 0.00540298272652988 3.61853627446638e-05 0.000423296051337201 0.991858260333919 3.46444230009889e-06 7.41393220026079e-07 0.00246821985131695 0.00586246414061175 0.997720724474531
1.21124824E+01 3189.14591319148 0.0053965377152584 3.61105054878954e-05 0.000423155464420099 0.991866808889431 3.50365781439525e-06 7.4341625455055e-07 0.00246641724903972 0.0058558036851664 0.997722612574597
1.21124932E+01 3192.66205009528 0.00540924217127353 3.61070355055461e-05 0.00042392060254533 0.991852134774332 3.54352205854746e-06 7.45479494119639e-07 0.00246771200220358 0.00586926980932441 0.997721404583656
1.21125039E+01 3196.42125574208 0.00539667147094955 3.60100192655232e-05 0.00042344229114625 0.991868172664856 3.58345933891645e-06 7.47481686185105e-07 0.00246491898270487 0.00585612378136132 0.997724296446217
1.21125146E+01 3199.88470099515 0.00541488100949743 3.60266133852098e-05 0.000424479935035653 0.991846846548241 3.6241735511262e-06 7.4958556139665e-07 0.00246708382884698 0.00587538755791829 0.997722234106159
1.21125252E+01 3203.68936835659 0.00539746133654344 3.59124589719567e-05 0.00042376718336348 0.991868753377311 3.66483527272272e-06 7.51601273763688e-07 0.00246350545965964 0.00585714097887888 0.99772589435619
1.21125359E+01 3207.14148856941 0.00541747155899573 3.59353116819953e-05 0.000424864351902294 0.991845177812509 3.70635734106707e-06 7.53733833887785e-07 0.00246604830756248 0.00587827122258002 0.997723449035089
1.21125466E+01 3210.93504368608 0.00540100433800475 3.58253326320625e-05 0.000424217999264257 0.991865972580966 3.74782717067524e-06 7.55778935725258e-07 0.00246254989977089 0.00586104766990107 0.997727020250867
1.21125572E+01 3214.43212677464 0.00541684260649524 3.58328368611639e-05 0.000425084853594669 0.991847397692314 3.79009405690093e-06 7.57924959655185e-07 0.00246450957045061 0.00587776029695107 0.997725157989265
1.21125678E+01 3218.15412759856 0.00540753370099955 3.5749511191327e-05 0.000424816113770216 0.991859579572683 3.8324665354681e-06 7.60016047405764e-07 0.00246206634481876 0.00586809932596109 0.997727678898644
1.21125785E+01 3221.78273594863 0.00541024256710708 3.57065725495384e-05 0.00042492329936609 0.991856876115234 3.87536243853008e-06 7.62149881369018e-07 0.00246207828091313 0.00587087243902271 0.997727748554257
1.21125891E+01 3225.30180777297 0.00542133609259764 3.5701407453558e-05 0.000425784848007212 0.991844385629409 3.9188437403095e-06 7.64326471420106e-07 0.00246271354229778 0.00588282234805841 0.997727207977467
1.21125997E+01 3229.09476094024 0.00540578520988256 3.55926590914088e-05 0.000425063245774905 0.991863793761014 3.9623413207838e-06 7.66457816579947e-07 0.00245977293886762 0.00586644111474887 0.997730234875763
1.21126102E+01 3232.37857877542 0.00544002537804893 3.56683046834443e-05 0.000427050166420469 0.991823352948519 4.00701529364389e-06 7.68730487299967e-07 0.00246400218783079 0.00590274384915285 0.997726096797672
1.21126208E+01 3236.36935343596 0.00540264329886722 3.54849534952107e-05 0.000425375864018248 0.99186919644755 4.0511004363827e-06 7.70814439752223e-07 0.00245747821445541 0.00586350411638068 0.997732700563931
1.21126314E+01 3239.71159317093 0.00543538534020084 3.55519488965581e-05 0.000427002935358824 0.991830228583703 4.09652804526658e-06 7.73097755145716e-07 0.00246209699863834 0.00589794022445622 0.997728168808159
1.21126419E+01 3243.58206221068 0.00541091674678896 3.54159092622762e-05 0.000425986768177612 0.991860750952395 4.14163053141446e-06 7.75241036536684e-07 0.00245727317118278 0.00587231942422884 0.997733070376624
1.21126525E+01 3247.1485716034 0.00542147074942962 3.54007537583162e-05 0.00042640254040372 0.991848490754358 4.1875806727518e-06 7.77485453569309e-07 0.00245865714301388 0.00588327404359166 0.99773176479795
1.21126630E+01 3250.66061966189 0.00543264707277772 3.53979536664053e-05 0.000427339640317323 0.991836007271454 4.23406252155341e-06 7.79788097430993e-07 0.00245912753907587 0.00589538466676145 0.997731391938215
1.21126735E+01 3254.42097264793 0.00541892470218783 3.52958642921168e-05 0.000426732423884929 0.991853222778872 4.28064439637173e-06 7.82015756839619e-07 0.00245641005794515 0.00588095299036487 0.997734175769237
1.21126840E+01 3257.89047544276 0.0054365749043767 3.53145972423656e-05 0.000427839763339671 0.991832630457246 4.32808521535203e-06 7.8435283790586e-07 0.00245832194494247 0.00589972926495874 0.997732359722205
1.21126945E+01 3261.68637911148 0.005419674225336 3.5200972029468e-05 0.000427022251102946 0.991853852264386 4.37550381649131e-06 7.86594731005041e-07 0.00245500928638679 0.00588189744846842 0.997735749712855
1.21127050E+01 3265.07776942472 0.00544453365444098 3.52483705220527e-05 0.000428553599275075 0.991824553254232 4.42397676872028e-06 7.88981280667591e-07 0.0024579563694172 0.00590833562423811 0.99773288887847
1.21127154E+01 3268.97590883811 0.00541745861513385 3.50966471456128e-05 0.000427225800662566 0.99185799480316 4.47214308324351e-06 7.91218957290913e-07 0.00245313904832364 0.00587978106294203 0.997737775866102
1.21127259E+01 3272.22938245412 0.005455885334851 3.5185028169893e-05 0.000429349885290231 0.991812443651481 4.52176411572438e-06 7.93673546825812e-07 0.00245815725301243 0.00592042024831112 0.997732863899792
1.21127363E+01 3276.2272632739 0.00541784014771384 3.5003263749598e-05 0.000427654377248513 0.991859080237539 4.5706871644295e-06 7.95898813012839e-07 0.00245149126864113 0.00588049778871196 0.997739578026251
1.21127468E+01 3279.76932736739 0.00543301824653108 3.50034037583217e-05 0.000428154717553616 0.991841204457854 4.6207527686603e-06 7.98267526973162e-07 0.0024537833599596 0.00589617636784302 0.997737380825697
1.21127572E+01 3283.16500492949 0.00545398016033755 3.50427897553906e-05 0.000429716449792111 0.991817071365845 4.67159054661323e-06 8.00695102455399e-07 0.00245544009451122 0.00591873939988506 0.99773581076573
1.21127676E+01 3287.10562842191 0.00542241455397254 3.48737555035717e-05 0.000428219284415198 0.991855665303107 4.7219814799355e-06 8.03001633770804e-07 0.00245013523458525 0.0058855075938913 0.997741172896998
1.21127780E+01 3290.50329481658 0.00544929662530531 3.49192283688033e-05 0.000429534591935057 0.991823881514126 4.77375470942223e-06 8.05454628832923e-07 0.00245376171259846 0.00591375044560917 0.997737631959735
1.21127884E+01 3294.20248145889 0.00544027557530805 3.48428214859361e-05 0.0004294203158312 0.991835795883748 4.82552116619136e-06 8.07834267923159e-07 0.00245112613005624 0.00590453871262519 0.997740334596373
1.21127987E+01 3297.93597389173 0.00543294595220915 3.47656740178317e-05 0.00042899814950939 0.991845067913799 4.8776826861855e-06 8.10223431004584e-07 0.00244976768013667 0.00589670977573637 0.997741777689535
1.21128091E+01 3301.52781114927 0.00543983526031488 3.47395265345576e-05 0.000429281975215784 0.991837554401855 4.93057318645862e-06 8.12653932806352e-07 0.00245019691873626 0.00590385676206522 0.997741411163921
1.21128195E+01 3304.82715134392 0.00546853604511532 3.47965559872734e-05 0.000431250672042086 0.991804045989847 4.98452301606794e-06 8.15195369265967e-07 0.00245308285690622 0.00593458327314468 0.997738629262992
1.21128298E+01 3308.80383166241 0.00543181164988258 3.46226291518899e-05 0.000429666732247985 0.99184879399488 5.03778874422577e-06 8.17552843149632e-07 0.00244686137102674 0.00589610101128246 0.997744895006163
1.21128401E+01 3312.42321714927 0.00544010587376219 3.45982199396097e-05 0.000429728134566403 0.991839256225074 5.09211350550677e-06 8.20028925028994e-07 0.00244814965914259 0.0059044322282682 0.997743688453342
1.21128504E+01 3315.87499697275 0.00545773577608382 3.46146022105137e-05 0.000430861938795741 0.991819110491947 5.14725839049483e-06 8.22592477849797e-07 0.00244958826174555 0.00592321231709008 0.997742322809037
1.21128607E+01 3319.48400246742 0.00545591922917477 3.45670706395056e-05 0.000431265831959391 0.99182207160895 5.20268842602127e-06 8.25099921543269e-07 0.00244816330006693 0.00592175213177367 0.997743823740723
1.21128710E+01 3323.31088480696 0.00543848482025173 3.44531393446962e-05 0.000430264672660336 0.991843578363107 5.25823237900749e-06 8.2757338850643e-07 0.00244526762667647 0.00590320263225676 0.997746780995364
1.21128813E+01 3326.77944908443 0.00545770847688653 3.44725316947482e-05 0.000431234920125176 0.991821201404885 5.31489447094732e-06 8.30171642655807e-07 0.00244752756971638 0.00592341592870646 0.997744617333592
1.21128916E+01 3330.22226449857 0.00547124619705929 3.44886511703427e-05 0.000432486187289622 0.991805929955644 5.37220548031312e-06 8.32772583849617e-07 0.00244805952951237 0.00593822103551925 0.997744150991163
1.21129019E+01 3334.1585646839 0.00544046578712124 3.43213922733303e-05 0.000430954869759239 0.991843481899164 5.4291314731506e-06 8.35256702994875e-07 0.00244304248642483 0.0059057420491538 0.997749223948318
1.21129121E+01 3337.75841883954 0.00545023696062604 3.43032330781469e-05 0.00043113387472192 0.991832276210984 5.4871114987308e-06 8.37853672756908e-07 0.00244438751886561 0.0059156740684261 0.99774795027941
1.21129223E+01 3341.27160526389 0.00546215053910847 3.43001469319189e-05 0.000431978228805498 0.99181892450143 5.54585504836159e-06 8.40465832102927e-07 0.0024450645069169 0.00592842891484589 0.997747353416276
1.21129326E+01 3344.62929999664 0.00548272366089074 3.44033944210546e-05 0.000433651478207602 0.991795030918175 5.60549338009412e-06 8.4315234875292e-07 0.0024466932942339 0.0059507785335194 0.997745809451694
1.21129428E+01 3348.60390996226 0.00544689156747881 3.41585867052545e-05 0.000431951696555327 0.991838691377934 5.66448129131337e-06 8.45663466370353e-07 0.00244084635261987 0.00591300185073939 0.997751693228674
1.21129530E+01 3352.2283143831 0.0054549329237335 3.41339960375155e-05 0.000431982106882983 0.991829502105933 5.72461419696932e-06 8.48298144788899e-07 0.00244205275185933 0.00592104902665399 0.997750551132587
1.21129632E+01 3355.85880532602 0.00545733234393955 3.40945583939383e-05 0.000432122292421394 0.991827610481558 5.78530448575112e-06 8.50930818504023e-07 0.00244151716603703 0.00592354919475488 0.997751159676313
1.21129734E+01 3359.36837916344 0.005468596095012 3.4089735353322e-05 0.000433011091913129 0.991814762163627 5.84681835485134e-06 8.53618715287813e-07 0.00244228107905305 0.00593569692227845 0.997750459085906
1.21129835E+01 3362.78971136531 0.00548377332001321 3.40972754295262e-05 0.000434247477641746 0.991797476579613 5.9091230512693e-06 8.56360866178219e-07 0.00244322064868702 0.00595211807308448 0.997749594652698
1.21129937E+01 3366.57388333237 0.00546549044745365 3.39926702831556e-05 0.000433618744334529 0.991820038921852 5.97127236670105e-06 8.59004614251175e-07 0.00243974194377991 0.00593310186207134 0.997753140783923
1.21130039E+01 3370.1836706211 0.00547037049069861 3.39606292077568e-05 0.000433769299502477 0.991814721891399 6.03430435476892e-06 8.61730728599958e-07 0.00244011272195276 0.00593810041940885 0.997752822310808
1.21130140E+01 3373.81954633684 0.00547095715893905 3.39159728101759e-05 0.000433873759368473 0.991814856735056 6.09787281668265e-06 8.64445629039824e-07 0.00243940938066351 0.0059387468911177 0.997753603626173
1.21130241E+01 3377.44472404953 0.00547194568971101 3.38730464440674e-05 0.000434050552940597 0.991814399254956 6.1620413953205e-06 8.67178221791396e-07 0.0024388045232385 0.00593986928909568 0.997754268544051
1.21130342E+01 3381.06920375407 0.00547285535577164 3.38299162504572e-05 0.000434209846509485 0.991814020333173 6.22679674128651e-06 8.69926068574473e-07 0.00243820663322916 0.00594089511853158 0.997754915451704
1.21130444E+01 3384.69055885057 0.00547395679984758 3.37876095352233e-05 0.000434382258713568 0.991813438076897 6.2921487000668e-06 8.7269000773976e-07 0.00243763266583575 0.00594212666809637 0.997755564744993
1.21130545E+01 3388.30900503118 0.00547520709370167 3.37459909442196e-05 0.000434568307617046 0.991812649026404 6.35810328043021e-06 8.75470228835489e-07 0.00243707147362848 0.00594352139226294 0.997756170418667
1.21130645E+01 3391.92350935587 0.00547666772224108 3.37052857131529e-05 0.000434772537155488 0.991811628629223 6.42466869901152e-06 8.78267334679877e-07 0.00243653181954254 0.00594514554510972 0.997756774174333
1.21130746E+01 3395.53303455973 0.00547840948995862 3.3665765238188e-05 0.000435000733306521 0.991810274181787 6.49185367235226e-06 8.81081874200619e-07 0.00243602134504708 0.00594707598850333 0.99775735017029
1.21130847E+01 3399.13575638652 0.00548055795212013 3.36279166800663e-05 0.000435262936239068 0.991808430618223 6.55966954485609e-06 8.83914787561768e-07 0.0024355548272661 0.00594944880503926 0.997757879423262
1.21130947E+01 3402.7292945189 0.00548335341575799 3.35926784373135e-05 0.000435577062326833 0.991805797021875 6.62808132763578e-06 8.86790431686877e-07 0.00243517417425695 0.00595252315652214 0.997758320178397
1.21131048E+01 3406.32247473336 0.00548616360858871 3.35581677448046e-05 0.000435913687272439 0.991803120538214 6.69717966200065e-06 8.89660386671763e-07 0.0024348030820685 0.00595563546360595 0.99775875600182
1.21131148E+01 3410.09336727125 0.00547353409121929 3.34668672404482e-05 0.000435230440974006 0.99181898726322 6.76647053756888e-06 8.92486739281092e-07 0.00243238181382622 0.00594223139943374 0.997761218662654
1.21131248E+01 3413.69172982081 0.00547985057835962 3.3440884249379e-05 0.000435484632960117 0.991812099031487 6.83676126819603e-06 8.95376399485388e-07 0.00243278991698408 0.00594877609556912 0.997760875127056
1.21131348E+01 3417.31230199325 0.0054810898579784 3.34000521209096e-05 0.000435680347134671 0.991811406298183 6.90763875640847e-06 8.98276659762561e-07 0.00243212493196837 0.00595017025723398 0.997761576555417
1.21131448E+01 3420.92466237037 0.00548258855458226 3.33602222391311e-05 0.000435908880544225 0.991810310037357 6.97917617497509e-06 9.01195435231781e-07 0.0024315995588854 0.00595185765736562 0.997762167694722
1.21131548E+01 3424.53713520117 0.00548393279399985 3.33198912714658e-05 0.000436110852660463 0.991809417128858 7.0513619641568e-06 9.04130508083428e-07 0.0024310405790098 0.00595336353793178 0.99776278066679
1.21131648E+01 3428.1473447002 0.00548543219096801 3.32802042993801e-05 0.000436322955112307 0.991808332059117 7.12420696787052e-06 9.07082700166711e-07 0.00243050106142058 0.0059550353503797 0.997763367409497
1.21131748E+01 3431.75480155848 0.00548709021735717 3.32411954222937e-05 0.000436548916408494 0.991807065718767 7.19771866824009e-06 9.10052364050516e-07 0.00242997581476769 0.00595688032918796 0.997763946047955
1.21131847E+01 3435.35751153206 0.00548903252040003 3.32033221046419e-05 0.000436798427809279 0.991805452143609 7.27190864884947e-06 9.13040380650562e-07 0.00242949078283205 0.00595903427031395 0.997764486413923
1.21131947E+01 3438.93763515899 0.00549284645550913 3.31722244200355e-05 0.000437179169703231 0.991801597426269 7.34683244665236e-06 9.16053265343487e-07 0.0024292311685419 0.00596319784963239 0.997764795275901
1.21132046E+01 3442.48185651093 0.0054987215297005 3.31492480589745e-05 0.000437736369517802 0.991795336130091 7.42254061605941e-06 9.19097578979485e-07 0.00242913923109981 0.00596960714727727 0.997764943277368
1.21132145E+01 3445.97585387869 0.00550825708155651 3.31423970575566e-05 0.000438582794565689 0.991784601785059 7.49910286542296e-06 9.22181290511118e-07 0.00242954629544968 0.00597998227317975 0.997764584058238
1.21132245E+01 3449.70898623553 0.0054958623685788 3.3053711908734e-05 0.000438088585451717 0.991800196379347 7.575746274331e-06 9.2520534709883e-07 0.00242696971930268 0.00596700466593925 0.997767201045286
1.21132344E+01 3453.14917384723 0.00551393983909087 3.30762637956784e-05 0.000439166819518087 0.991779184038086 7.65383913911657e-06 9.2833566075817e-07 0.00242887134836853 0.00598618292240464 0.997765366960491
1.21132443E+01 3456.89381838404 0.00550063611988198 3.29830723737124e-05 0.000438671631143381 0.991795959067872 7.7318634022998e-06 9.3139285993606e-07 0.00242603218397965 0.00597229082339907 0.997768249891271
1.21132542E+01 3460.5738365349 0.00549817874108756 3.29269087678519e-05 0.000438433037891546 0.991799522889731 7.81070148385126e-06 9.34474154505556e-07 0.00242526959586674 0.00596953868774695 0.997769061577478
1.21132640E+01 3464.04854844 0.00551335965213329 3.29359113778529e-05 0.000439373319604722 0.991782101768516 7.8908060951714e-06 9.37640496251913e-07 0.00242659083221726 0.00598566888311587 0.997767770651632
1.21132739E+01 3467.75486750436 0.00550353151511393 3.28583078543849e-05 0.000439083207486287 0.991794657179779 7.97102106582659e-06 9.40755608353535e-07 0.00242427413447771 0.0059754730304546 0.997770130210233
1.21132837E+01 3471.15246657171 0.00552436168813383 3.28980063825269e-05 0.000440409225674218 0.99177032791074 8.0528100016325e-06 9.43984944929905e-07 0.00242648105812496 0.00599766892019057 0.997767996830931
1.21132936E+01 3474.85686500606 0.00551317825287362 3.2809743373358e-05 0.000440127561915369 0.991784526351704 8.13453736315286e-06 9.47143004117455e-07 0.00242385599096765 0.00598611555816235 0.997770641909866
1.21133034E+01 3478.52244526336 0.00551098212003879 3.27540629082742e-05 0.000439980377899826 0.991787741573363 8.21706452948759e-06 9.50319039769693e-07 0.00242308876329871 0.00598371656084689 0.99777145813421
1.21133132E+01 3482.18515714277 0.00550946136814328 3.27024634995109e-05 0.000439847254204238 0.991790362702533 8.3002484347259e-06 9.53534237887703e-07 0.00242220452370224 0.00598201108584703 0.99777237378838
1.21133231E+01 3485.54633186302 0.00553314251590845 3.27348975272448e-05 0.000441311336457785 0.991762848882381 8.38512093006044e-06 9.56844394668362e-07 0.00242459581235374 0.00600718874989348 0.997770037632274
1.21133329E+01 3489.21852844444 0.0055234400318836 3.26628458696192e-05 0.00044122580097795 0.991775224678395 8.46995576776773e-06 9.60082618125231e-07 0.00242212310610645 0.00599732867873117 0.997772553357126
1.21133427E+01 3492.85381768257 0.00552275809607131 3.26166226663293e-05 0.000441234537843479 0.99177659610684 8.55560560499695e-06 9.63342013618102e-07 0.00242151338747171 0.00599660925658112 0.997773205363421
1.21133524E+01 3496.5136659662 0.00552072948774414 3.25659811109403e-05 0.000441129913208498 0.991779778741902 8.64193347622742e-06 9.66608760290962e-07 0.0024205552297366 0.00599442538206358 0.997774204123966
1.21133622E+01 3500.17299697301 0.00551924473924765 3.25173027443013e-05 0.000441076278611123 0.991782241335531 8.72900743089629e-06 9.69890186266748e-07 0.00241970407386275 0.00599283832060308 0.997775079656134
1.21133720E+01 3503.83752924988 0.00551746441968693 3.2467791400235e-05 0.000441004871687302 0.991785053099752 8.81681671655981e-06 9.73184615877438e-07 0.00241882214835869 0.00599093708277447 0.997775990182526
1.21133817E+01 3507.52867346299 0.00551301779691752 3.24074468328646e-05 0.000440716898965162 0.991791142384428 8.90528680102308e-06 9.76483236163668e-07 0.00241755861446116 0.00598614214271555 0.997777284527144
1.21133915E+01 3511.1616147233 0.00551424053475984 3.23675126554823e-05 0.00044078519584806 0.991790365159375 8.99469482337937e-06 9.79813699139883e-07 0.00241712471291893 0.00598739324326338 0.997777758402638
1.21134012E+01 3514.76991207743 0.00551654221614177 3.2332193811467e-05 0.000441020635425837 0.991788338127554 9.0849579912122e-06 9.8317257073523e-07 0.00241668263996818 0.00598989504537907 0.997778233172933
1.21134109E+01 3518.27562913373 0.00552627259757567 3.23225198896654e-05 0.000441792216939727 0.9917774409446 9.17635296469061e-06 9.86587725321184e-07 0.00241713303516641 0.00600038733440506 0.997777828279005
1.21134206E+01 3521.58657829167 0.00554966648285009 3.2356496842192e-05 0.000443498512752069 0.991750298439132 9.26925894743584e-06 9.90099670271751e-07 0.00241919401400399 0.00602552149244435 0.997775819931576
1.21134304E+01 3525.3311625688 0.00553163561116066 3.22594725872879e-05 0.000442967743450831 0.99177248569531 9.36168832886373e-06 9.93513842667722e-07 0.00241568235075952 0.00600686282719878 0.997779348522509
1.21134400E+01 3529.02463465564 0.0055272209234389 3.2201042714197e-05 0.000442594657646081 0.99177827086535 9.45505700706334e-06 9.96927418825825e-07 0.00241476530832762 0.00600201662379918 0.99778028748915
1.21134497E+01 3532.76085898732 0.00552015423019325 3.2132225341893e-05 0.000442014074071127 0.991787547998469 9.54905416656766e-06 1.00033788616335e-06 0.00241322622455793 0.00599430052960627 0.997781848528076
1.21134594E+01 3536.39281883731 0.0055229683184408 3.20975425567456e-05 0.000442120112243087 0.991784892028239 9.64417454371293e-06 1.00379424511079e-06 0.00241303814851813 0.00599718597324063 0.997782078001479
1.21134691E+01 3539.92279292731 0.0055318193207843 3.20845359189539e-05 0.000442790750445666 0.991775079675331 9.74046461377387e-06 1.00730947497623e-06 0.00241337257893563 0.00600669460714892 0.99778177428248
1.21134787E+01 3543.22539530474 0.00555655398781277 3.21517141277438e-05 0.000444650484862677 0.991746210855372 9.83844373722148e-06 1.01093342092959e-06 0.00241560935167769 0.00603335618680319 0.997779567042175
1.21134884E+01 3546.98506640863 0.00553714851691946 3.20223803803618e-05 0.000443966374404403 0.991770101688591 9.93593963328513e-06 1.01444985040303e-06 0.00241195446832321 0.00601313727170422 0.997783238960296
1.21134980E+01 3550.71790383808 0.0055298685031486 3.19555842150547e-05 0.000443399715955525 0.99177930079815 1.00342067618179e-05 1.01798031493657e-06 0.00241069285756201 0.00600522380331918 0.997784524601469
1.21135076E+01 3554.40580895832 0.00552762578501356 3.19024281679396e-05 0.000443069130156957 0.991782871588632 1.01334428694724e-05 1.02151472711668e-06 0.00240977521711574 0.00600259734333846 0.99778546893197
1.21135172E+01 3557.92156699885 0.00553897696418961 3.18969400710336e-05 0.000443803639362383 0.991770052698619 1.02341313922539e-05 1.02512223817136e-06 0.00241054563977767 0.00601467754362302 0.997784730242242
1.21135268E+01 3561.26129769997 0.00556044539972094 3.19245361393244e-05 0.000445393397845988 0.991745211810503 1.0336404667575e-05 1.02882787690034e-06 0.00241233808806685 0.00603776333370625 0.997782975144209
1.21135364E+01 3565.09485964017 0.00553575026107214 3.18080296498606e-05 0.000444411686750998 0.991775254012981 1.04379665801532e-05 1.03238240352782e-06 0.00240809450463445 0.006011969977473 0.997787223990454
1.21135460E+01 3568.80229897186 0.00553228034113517 3.17506823038766e-05 0.00044392090602957 0.991779996056294 1.05407068670734e-05 1.03598812157937e-06 0.00240739302159583 0.00600795192946862 0.997787947985762
1.21135556E+01 3572.32004084484 0.0055439964710766 3.17458790655218e-05 0.000444575220540544 0.991766874045842 1.06450018657921e-05 1.03967261262562e-06 0.00240815891679333 0.00602031757068266 0.997787191616524
1.21135652E+01 3575.68851865069 0.0055631963456108 3.17661726986394e-05 0.000446021942817833 0.991744739930024 1.07508341399117e-05 1.04344784802674e-06 0.00240966474150589 0.00604098446112727 0.997785724391151
1.21135747E+01 3579.52714337799 0.00553878738890915 3.16510875492574e-05 0.00044501602479727 0.991774443327674 1.08559988633942e-05 1.04707552139498e-06 0.00240550296033633 0.00601545450125568 0.997789897828929
1.21135843E+01 3583.18878381854 0.0055390114496979 3.16059289176808e-05 0.00044475890223726 0.991774819693665 1.09625669675542e-05 1.05077466110719e-06 0.00240521696454284 0.00601537628085284 0.997790195974518
1.21135938E+01 3586.56395907939 0.00556172437675422 3.16393769342196e-05 0.000446194100609534 0.991748545566997 1.10711542169715e-05 1.05459334983416e-06 0.0024073353712661 0.00603955785429798 0.997788103421295
1.21136033E+01 3590.06275336934 0.00556605100600151 3.16112023093443e-05 0.000446905344062363 0.99174420743996 1.11803579651441e-05 1.05841157691014e-06 0.0024066886524173 0.00604456755237322 0.997788774992333
1.21136128E+01 3593.95388286443 0.00553912257887227 3.14852053443193e-05 0.000445485591129494 0.99177685807118 1.12890212068229e-05 1.06212179521837e-06 0.00240250911152989 0.00601609337534608 0.997792951446526
1.21136224E+01 3597.55431888842 0.00554680950756728 3.14652057943009e-05 0.000445613544063272 0.991768305280914 1.1399626986778e-05 1.06591500227434e-06 0.0024032806995035 0.00602388825742485 0.997792193538339
1.21136319E+01 3600.82810767967 0.00557668938908049 3.15316256718413e-05 0.00044762652695428 0.991733541066239 1.15125847611518e-05 1.0698812425352e-06 0.00240611971494052 0.00605584754170661 0.997789388607945
1.21136413E+01 3604.64450128114 0.00555218615674497 3.14050433988056e-05 0.000446695139958385 0.991763414874731 1.16245122327895e-05 1.07366953901404e-06 0.0024017981847927 0.00603028634010216 0.997793701214833
1.21136508E+01 3608.36673109572 0.00554629451256548 3.13418957738972e-05 0.000446112377139446 0.991771019048638 1.17376051705085e-05 1.07750911139217e-06 0.00240074447127204 0.00602374878547882 0.997794767834117
1.21136603E+01 3611.73701436313 0.00557054625516463 3.13788499963595e-05 0.00044753703926171 0.991742919198012 1.18530969253167e-05 1.08146936348541e-06 0.00240315450861544 0.0060494621444227 0.997792381342435
1.21136698E+01 3615.30132217798 0.00556974559118331 3.1335385879192e-05 0.000447919237067753 0.991744654312796 1.19690328257152e-05 1.08541626279604e-06 0.00240187586211175 0.00604900021413025 0.997793654526927
1.21136792E+01 3619.15438890979 0.00554749926157417 3.12247676822766e-05 0.000446710194224957 0.991771721869328 1.20847012036905e-05 1.08927544016367e-06 0.00239836540728916 0.00602543422348141 0.997797156092809
1.21136887E+01 3622.61115420258 0.00556611282351073 3.12406615511876e-05 0.000447602525078882 0.991750234035493 1.22028980804954e-05 1.09326283484924e-06 0.00240034405843209 0.0060449560101408 0.997795190045634
1.21136981E+01 3626.2085703616 0.00556552807385469 3.11994345622315e-05 0.000447830310499228 0.991751690565713 1.23216631181103e-05 1.09724119360383e-06 0.00239929326766011 0.00604455781891615 0.997796248384629
1.21137075E+01 3629.91712726792 0.00555634351773215 3.11296886507844e-05 0.000447421388163314 0.991763316841776 1.24409938344763e-05 1.10118315373457e-06 0.00239733498724521 0.00603489459454625 0.997798211436322
1.21137169E+01 3633.11955986387 0.00559289304004115 3.12013926687971e-05 0.000449621423981215 0.991720553268828 1.25634628995557e-05 1.1053360050035e-06 0.00240129859099019 0.00607371585669116 0.997794269125519
1.21137263E+01 3637.11246246768 0.00555208317267683 3.10383589083213e-05 0.000447749231514028 0.991769852382466 1.26838902222727e-05 1.1092304573015e-06 0.00239482472975013 0.00603087076309918 0.997800723145565
1.21137357E+01 3640.5860447566 0.00557072013974494 3.10530144350862e-05 0.000448512868512401 0.991748148680658 1.28073155604038e-05 1.1133194271943e-06 0.00239712354898714 0.00605028602269243 0.99779843470335
1.21137451E+01 3644.1617050927 0.00557277013026606 3.10198946007322e-05 0.00044881098105892 0.991746577806724 1.29314900143273e-05 1.11741484037587e-06 0.00239638031369353 0.00605260100592571 0.99779917881265
1.21137545E+01 3647.84990100481 0.0055647875189186 3.09550370942884e-05 0.000448531969352498 0.991756763073907 1.30562687315838e-05 1.12147275272295e-06 0.00239450421948392 0.00604427452536539 0.997801037599273
1.21137639E+01 3651.20249914054 0.00558817154206123 3.0985996812456e-05 0.000449933220736648 0.991729596167935 1.31835802071594e-05 1.1256814901303e-06 0.00239687613931575 0.00606909075961033 0.997798686927545
1.21137732E+01 3655.07548094834 0.00556053802607839 3.08630266564923e-05 0.000448663757711103 0.991763269703933 1.33098477592528e-05 1.12972148496606e-06 0.00239221266580557 0.00604006481044598 0.997803334514379
1.21137826E+01 3658.25832851757 0.0056012339369985 3.09649975008472e-05 0.000451010216292897 0.991715364035036 1.34401383348792e-05 1.13403677308954e-06 0.00239699322260639 0.00608320915079225 0.997798573185828
1.21137919E+01 3662.23576846119 0.00556188268254468 3.07884601453111e-05 0.000449118026251791 0.991763064868469 1.3568234800153e-05 1.1381067259226e-06 0.00239067098994525 0.00604178916894179 0.997804854037411
1.21138012E+01 3665.65872977248 0.00558426550560819 3.08154780156011e-05 0.000450173058009256 0.991736901330594 1.36996884603922e-05 1.14239358835783e-06 0.00239338204038011 0.00606525404163305 0.997802155372227
1.21138106E+01 3669.39225534799 0.00557136394186378 3.07353433898019e-05 0.00044956598673683 0.99175314514171 1.38311043541424e-05 1.1465922194249e-06 0.00239071596862245 0.00605166527199041 0.9978048104137
1.21138199E+01 3672.79289822874 0.00559094652734246 3.07573626202772e-05 0.000450835079973757 0.991730465324253 1.39649990405764e-05 1.15093769704211e-06 0.00239252654410157 0.00607253896993649 0.99780300429419
1.21138292E+01 3676.5860920708 0.00557137153517947 3.06571678664309e-05 0.000449907245084619 0.991754453367437 1.40984914542841e-05 1.15515846321659e-06 0.0023891095026834 0.00605193594813052 0.997806389315567
1.21138385E+01 3679.85706584917 0.00560312833651924 3.07197882899057e-05 0.000451824492160357 0.991717282681431 1.42353758481953e-05 1.15959999088044e-06 0.00239255342325866 0.0060856726169695 0.9978029552984
1.21138478E+01 3683.73007669323 0.00557384574127956 3.05869720783516e-05 0.000450444971660225 0.99175294984683 1.43709316909347e-05 1.16383882117892e-06 0.00238764294529837 0.00605487768501814 0.997807827531848
1.21138570E+01 3687.17779748812 0.00559194346799503 3.06019712629178e-05 0.000451372757542041 0.991731950786619 1.45094091845655e-05 1.16825370692309e-06 0.00238959533115067 0.00607391819679999 0.997805868983419
1.21138663E+01 3690.91530835247 0.00557875187582972 3.05216358514293e-05 0.000450728868320359 0.99174846459263 1.46478383770157e-05 1.17258043017299e-06 0.00238698675368214 0.00606000238000151 0.997808466972632
1.21138756E+01 3694.18397454699 0.00560944128467265 3.05826536464942e-05 0.000452692080719958 0.99171256906588 1.47897284153803e-05 1.17709286813016e-06 0.00239015925596471 0.0060927160190391 0.997805285084919
1.21138848E+01 3698.08705096316 0.00557738212101527 3.04413026109486e-05 0.000451154058032644 0.991751489204341 1.4929916748612e-05 1.18141356863466e-06 0.00238495434760058 0.00605897748165887 0.997810466686
1.21138940E+01 3701.41652889742 0.00560607995290417 3.04903750007346e-05 0.000452712159498339 0.99171786837334 1.50740256505582e-05 1.18595521355917e-06 0.00238826091875513 0.00608928248740325 0.997807150860743
1.21139033E+01 3705.2197473274 0.00558428484975137 3.03831903846465e-05 0.000451679788009108 0.991744708974559 1.52171600188273e-05 1.19035830012008e-06 0.0023843272308943 0.00606634782814513 0.997811056802704
1.21139125E+01 3708.62882922478 0.00560389846409738 3.04044667698844e-05 0.000452833520778904 0.991721943435575 1.53634381933848e-05 1.19491729263355e-06 0.0023862963530513 0.00608713645164617 0.997809079887221
1.21139217E+01 3712.42595217488 0.00558457818878629 3.03064320876453e-05 0.000451880040601811 0.991745655652222 1.55091108999143e-05 1.19936746681547e-06 0.00238290512294729 0.00606676466147574 0.997812420313697
1.21139309E+01 3715.72350726856 0.00561370404961415 3.03535095599481e-05 0.000453547697158672 0.99171164990928 1.56585400625706e-05 1.20401212610372e-06 0.0023860661140843 0.00609760525633277 0.997809255165612
1.21139401E+01 3719.56275198598 0.00558792906206582 3.02404684367653e-05 0.000452455028242616 0.991743123040582 1.58066689878019e-05 1.20847801468062e-06 0.00238153033586282 0.0060706245587452 0.997813747599327
1.21139493E+01 3723.03072218168 0.00560344102875817 3.0246399614455e-05 0.000453187651648302 0.99172513350531 1.59578476873769e-05 1.21311114439404e-06 0.00238325843435439 0.00608687508002093 0.997812008585331
1.21139585E+01 3726.55624128933 0.00560749537829868 3.02220397889484e-05 0.000453712374246904 0.991721265079135 1.61101543657982e-05 1.21774473432606e-06 0.00238254139347918 0.00609142979233453 0.99781269487147
1.21139677E+01 3730.3155445337 0.0055923793713831 3.01368725133018e-05 0.000452944020372734 0.991739743148846 1.62625930369071e-05 1.22232232516672e-06 0.00237999916200381 0.00607546026426914 0.997815203413115
1.21139768E+01 3733.69836844494 0.00561409129273885 3.01618871925382e-05 0.00045414032486674 0.991714606968151 1.64183142961094e-05 1.22706068297321e-06 0.00238217848157467 0.00609839350479813 0.997813000472949
1.21139860E+01 3737.37012758039 0.00560364980857773 3.00950577974514e-05 0.000453917343503332 0.991727868387387 1.65739771779314e-05 1.23171628788618e-06 0.00237960671445665 0.00608766220987852 0.997815530597266
1.21139951E+01 3741.04187965327 0.00559862200792609 3.00394437205326e-05 0.000453553401588025 0.991734348171441 1.6730926146649e-05 1.23640145413948e-06 0.00237854419336912 0.00608221485323465 0.997816563024676
1.21140042E+01 3744.35062697977 0.00562492768391954 3.00787178392117e-05 0.000455156380847452 0.991703876032351 1.68911575866535e-05 1.24127395722791e-06 0.00238103661974394 0.00611016278260621 0.997814038814957
1.21140134E+01 3748.1615396238 0.00560087999891996 2.99726713516397e-05 0.000454207912866763 0.991733184576962 1.70503054429224e-05 1.24595474358043e-06 0.00237678244275836 0.00608506058313837 0.9978182451601
1.21140225E+01 3751.74921205516 0.00560552441309897 2.99447419457067e-05 0.000454231222205411 0.991728161905002 1.72120056939058e-05 1.25076780316813e-06 0.00237712840489 0.00608970037725009 0.997817862282252
1.21140316E+01 3754.99281206751 0.00563578666036059 2.99962510282363e-05 0.000456199219475151 0.991693139340435 1.73769447414928e-05 1.25574724000703e-06 0.00237985877397182 0.00612198213086398 0.997815121471299
1.21140407E+01 3758.92975576607 0.00559947702340354 2.98553519995557e-05 0.0004545934936344 0.991736861877127 1.75397448432934e-05 1.26045869112933e-06 0.0023741222608139 0.00608392586903749 0.997820787746164
1.21140498E+01 3762.44595240779 0.00561250257601343 2.9851015647979e-05 0.000454943800296876 0.991721911011677 1.77060712213999e-05 1.26535728624973e-06 0.00237567459654268 0.00609729739195828 0.997819208403635
1.21140589E+01 3765.65735396266 0.00564426003274933 2.99993385965197e-05 0.000457136722274671 0.991685062920102 1.78757855727804e-05 1.27040889022094e-06 0.00237838791428415 0.00613139609362052 0.997816459013722
1.21140679E+01 3769.67396350022 0.00560025681382744 2.9744979031525e-05 0.000455076942093721 0.991737963600623 1.80425775699835e-05 1.27517141443623e-06 0.0023717481157703 0.00608507873495268 0.997823042335576
1.21140770E+01 3773.1454758171 0.00561848551450541 2.97551159157697e-05 0.000455624356659004 0.991716845794202 1.82136469268039e-05 1.28016963855706e-06 0.00237403143806963 0.00610386498708018 0.997820710781282
1.21140861E+01 3776.41731308551 0.00564463122921747 2.98171678775614e-05 0.000457560565145326 0.991686723028008 1.83876100396502e-05 1.28528060794061e-06 0.00237597287749667 0.00613200896224036 0.997818731990248
1.21140951E+01 3780.37985309611 0.00560605804801415 2.96489438510269e-05 0.000455723929062056 0.991733112991141 1.8559166069658e-05 1.29016832951469e-06 0.00237010011379198 0.00609143092092723 0.997824543912068
1.21141042E+01 3783.88100231773 0.00562083593193666 2.96495441931922e-05 0.000456123675385888 0.991716121014765 1.87347454522428e-05 1.29523232284472e-06 0.0023718686223226 0.00610660915151574 0.997822730166281
1.21141132E+01 3787.13677288691 0.00564859902952304 2.96939687536757e-05 0.000458047462774274 0.991684146949122 1.89135058212853e-05 1.30043344493359e-06 0.00237407245082049 0.00613634046105099 0.997820487410173
1.21141222E+01 3791.04491649275 0.00561428059251029 2.95612725432119e-05 0.000456584661518956 0.991725422097671 1.90900996939266e-05 1.30540390288448e-06 0.0023686469793419 0.00610042652657245 0.997825848624244
1.21141312E+01 3794.63152131637 0.00562068052726265 2.95380759292056e-05 0.000456545662014375 0.991718312795369 1.92699213320806e-05 1.31052968702343e-06 0.00236936051879974 0.00610676426520623 0.997825077060575
1.21141402E+01 3798.09881874419 0.00563291283902768 2.95369313316321e-05 0.000457337084392746 0.991704636912368 1.94521682888778e-05 1.31572457128756e-06 0.00236995404268502 0.00611978685475205 0.99782442376712
1.21141492E+01 3801.40559862852 0.00565343561543487 2.95843619109138e-05 0.000459047140518121 0.991681001195996 1.9637155589746e-05 1.32102449994069e-06 0.00237125949234465 0.0061420671178639 0.99782306831386
1.21141582E+01 3805.34888270905 0.00561702812510141 2.94205770484566e-05 0.000457223572299988 0.991724813235354 1.98199470599675e-05 1.32611147244073e-06 0.00236577286800336 0.00610367227444986 0.997828485509804
1.21141672E+01 3808.90157240073 0.00562711421983289 2.94079389742276e-05 0.000457343246310785 0.991713397734026 2.00065732473023e-05 1.33135619380256e-06 0.00236692857734248 0.00611386540511791 0.997827263139144
1.21141762E+01 3812.35478395571 0.00563971327917465 2.94082634889688e-05 0.000458218510342162 0.99169930508858 2.01955792058031e-05 1.33667560832639e-06 0.00236748861569356 0.00612734005300578 0.997826645141586
1.21141851E+01 3815.64533369314 0.00566098075449093 2.94332038694223e-05 0.000459931651535707 0.991674877795207 2.03874560125079e-05 1.34210377594068e-06 0.00236886251984313 0.00615034560989606 0.997825223405103
1.21141941E+01 3819.58500754722 0.00562432129604447 2.9294928317842e-05 0.000458195512481565 0.991718865404299 2.05769227402195e-05 1.34731890502018e-06 0.00236332554771355 0.00611181173684387 0.997830677141143
1.21142030E+01 3823.1650731795 0.0056319151508918 2.92751667421254e-05 0.000458159510895322 0.991710406803558 2.0770308966534e-05 1.3526951625186e-06 0.00236417870716816 0.00611934982852925 0.997829756632087
1.21142120E+01 3826.72435117957 0.00563590829147441 2.92487074396929e-05 0.0004583946318107 0.991706556765764 2.09653851015608e-05 1.3581104054171e-06 0.00236374770688978 0.0061235516307248 0.997830108396489
1.21142209E+01 3830.12254968429 0.00565124784369736 2.92575573095531e-05 0.000459579354750697 0.991688989249987 2.11634911542665e-05 1.36360568421773e-06 0.00236472249974 0.00614008475575761 0.997829074005745
1.21142298E+01 3833.53991931992 0.00566052412566232 2.92621223101547e-05 0.000460640665589644 0.99167869123805 2.13634232650768e-05 1.36913571280383e-06 0.00236461980070058 0.00615042691356212 0.997829118151612
1.21142387E+01 3837.39822205256 0.00563319873235297 2.91366534120598e-05 0.000459205028519937 0.991711696255609 2.15623377642944e-05 1.37452731636976e-06 0.00236041551485243 0.00612154041428496 0.997833236669894
1.21142476E+01 3840.96800909484 0.00564015699914805 2.91162802541422e-05 0.000459245100668175 0.991704068084038 2.17645725249611e-05 1.38006457941033e-06 0.0023609846107875 0.00612851838007037 0.997832586464109
1.21142565E+01 3844.55722834649 0.00564098477715401 2.90814149352867e-05 0.000459325988693761 0.991703905950124 2.19686301395818e-05 1.3856000505658e-06 0.00236018809216753 0.00612939218078306 0.997833298130907
1.21142654E+01 3848.08618232371 0.0056456212700728 2.90578416651983e-05 0.000459722882020209 0.991699052253444 2.21749508864876e-05 1.39119322082523e-06 0.00235994231410799 0.00613440199375821 0.997833454247202
1.21142743E+01 3851.49847288535 0.00565878105714851 2.90605887002079e-05 0.000460756475042961 0.99168410604059 2.23840584922819e-05 1.39687495344365e-06 0.00236062051796396 0.00614859812089168 0.997832704161481
1.21142832E+01 3854.83496885039 0.0056745773753639 2.91831419267085e-05 0.000462141288640246 0.99166604041159 2.25957712337492e-05 1.4026346610663e-06 0.00236130788310105 0.00616590180593085 0.997831942217521
1.21142920E+01 3858.69533489556 0.00564518032895944 2.89549965216479e-05 0.000460763567914107 0.991701528077124 2.28058629568851e-05 1.40820345178847e-06 0.00235673473304835 0.00613489889339519 0.997836426970519
1.21143009E+01 3862.24171293665 0.00565362466229418 2.89391455292983e-05 0.00046090790331361 0.991692096113721 2.30197716010889e-05 1.4139435089493e-06 0.00235749448811086 0.00614347171113709 0.997835567824858
1.21143097E+01 3865.83469995698 0.00565344876237031 2.89020402246488e-05 0.000460955342974139 0.991693144573062 2.32353841464043e-05 1.41968002927313e-06 0.00235652768860018 0.0061433061455691 0.997836450718631
1.21143186E+01 3869.411784589 0.005654086878821 2.88675238559198e-05 0.000461098869628194 0.991693020443827 2.3453060375077e-05 1.4254556291909e-06 0.00235581363201132 0.00614405327230512 0.997837073716132
1.21143274E+01 3872.98986047137 0.00565440491427848 2.88321062080988e-05 0.000461193776474955 0.991693306300717 2.36727186754993e-05 1.43126410078578e-06 0.00235504801163872 0.00614443079696153 0.997837737097678
1.21143362E+01 3876.56356856036 0.00565499399462735 2.87975638798716e-05 0.000461305895897927 0.99169329020643 2.38944168622003e-05 1.43710800596233e-06 0.00235431276660049 0.00614509745440515 0.997838387660835
1.21143451E+01 3880.13226526221 0.0056558323015097 2.87638375112086e-05 0.000461437976233268 0.99169296481185 2.4118185876758e-05 1.44298812700954e-06 0.00235359518585454 0.00614603411525418 0.997838998927104
1.21143539E+01 3883.69369503802 0.0056570753064461 2.87313711538488e-05 0.000461602556939663 0.991692162778118 2.43440705483016e-05 1.44890605229486e-06 0.00235291709839916 0.00614740923453961 0.997839572012658
1.21143627E+01 3887.24550466951 0.0056588704453001 2.87005875666927e-05 0.0004618123573218 0.991690721712659 2.45721202546276e-05 1.45486358739279e-06 0.00235229286882342 0.0061493833901886 0.997840105102847
1.21143714E+01 3890.7847053684 0.0056614029734432 2.86720195147465e-05 0.000462083552842014 0.991688387351842 2.48023932978997e-05 1.46086300076113e-06 0.00235173839543857 0.00615215854579997 0.997840545897642
1.21143802E+01 3894.30740099226 0.00566488197474574 2.86462701869851e-05 0.000462434698796799 0.991684949938978 2.50347877712887e-05 1.46692699414135e-06 0.00235126918785788 0.00615596294372953 0.997840912882707
1.21143890E+01 3897.78293610034 0.00567222538105719 2.86332563484564e-05 0.000463098427899098 0.991676856656158 2.52699685730946e-05 1.47303215805658e-06 0.00235126369791365 0.00616395706530475 0.997840813721463
1.21143978E+01 3901.26327977156 0.00567735807907252 2.8612712343407e-05 0.000463665974398406 0.991671502935978 2.55073810619177e-05 1.47918013632187e-06 0.00235082336471714 0.00616963676581433 0.997841139701792
1.21144065E+01 3904.71121671912 0.00568503325033392 2.85991946144049e-05 0.00046438312319639 0.991663115423304 2.57473783386404e-05 1.48538021074792e-06 0.00235073913038632 0.00617801556814471 0.997841130991448
1.21144153E+01 3908.21349488372 0.00568751472484779 2.85957753194149e-05 0.000464881141313918 0.9916607485936 2.59893122862834e-05 1.49159862111715e-06 0.00235001280815987 0.00618099164148112 0.997841740235082
1.21144240E+01 3911.92347017895 0.00567423894388828 2.85038965741574e-05 0.000464201721695984 0.991677096848353 2.62319242138205e-05 1.49777194381872e-06 0.00234758423062399 0.00616694456215842 0.997844041410511
1.21144328E+01 3915.57556819342 0.00567057062577503 2.84543383366254e-05 0.000463773534279621 0.991682173507777 2.64769981307838e-05 1.50398474437235e-06 0.00234654643997567 0.00616279849839128 0.997844972006168
1.21144415E+01 3919.03480075628 0.00568250343061573 2.84520170574862e-05 0.000464470279684357 0.991668762229419 2.67257228692605e-05 1.51034202576046e-06 0.00234719043531455 0.00617542572735757 0.997844187956776
1.21144502E+01 3922.46592951976 0.00569218693066727 2.84505928171728e-05 0.000465389847305442 0.991657918740988 2.69773484082131e-05 1.51673892569117e-06 0.00234731720439119 0.00618602737078988 0.997843946111778
1.21144589E+01 3926.13691002946 0.00568012451196784 2.83783746092451e-05 0.000464930707163318 0.99167286042778 2.72294327604581e-05 1.52306790543255e-06 0.00234484949989452 0.0061734335937404 0.99784629402152
1.21144676E+01 3929.50404347203 0.00569879217638204 2.84083504597606e-05 0.000466051409984516 0.99165134502749 2.74863967068389e-05 1.52957073806426e-06 0.00234643414995779 0.00619325193682631 0.997844596964316
1.21144763E+01 3933.18604853359 0.00568560157695501 2.83263910288551e-05 0.000465572649603677 0.991667689214496 2.77433080087028e-05 1.53597849058078e-06 0.00234369285516937 0.00617950061758754 0.997847189832084
1.21144850E+01 3936.80369821116 0.00568323622794969 2.82811444346565e-05 0.000465328802356185 0.991671134573953 2.80030134726029e-05 1.54244221086237e-06 0.00234277056135434 0.00617684617474053 0.997847980748694
1.21144937E+01 3940.1832458416 0.00570079430282999 2.83012108936019e-05 0.000466431697545948 0.991651028952443 2.82672490213612e-05 1.54905803085214e-06 0.00234405758405971 0.00619552721126954 0.997846556163712
1.21145024E+01 3943.83975050431 0.00568965909355994 2.82322596869618e-05 0.000466107632736584 0.991664879258823 2.85317667853039e-05 1.55559587562236e-06 0.00234158935053564 0.00618399898598349 0.997848878244807
1.21145110E+01 3947.43865865275 0.00568803891373532 2.81902283031244e-05 0.000465946731298352 0.99166745034007 2.87991497349321e-05 1.56218948114184e-06 0.00234071495696238 0.0061821758733368 0.997849626213407
1.21145197E+01 3950.74255164834 0.00571101146304416 2.82604577596222e-05 0.000467411681692483 0.991640940603796 2.90717447412715e-05 1.56896617508367e-06 0.00234258857392229 0.00620668360249627 0.997847624206293
1.21145283E+01 3954.31443390019 0.00570475951699935 2.82201319256082e-05 0.000467519963549429 0.991648983799293 2.93449360033691e-05 1.57568069362014e-06 0.00234056945766736 0.00620049961247438 0.997849483411767
1.21145370E+01 3957.83896658342 0.00570711754336454 2.81384118809e-05 0.000467713033710914 0.991646871724052 2.96210654323824e-05 1.58244824078999e-06 0.00234006688705555 0.00620296898895635 0.997849840713008
1.21145456E+01 3961.40850810194 0.00570597805143562 2.81010124990461e-05 0.000467734492974012 0.991648925367257 2.98992610223757e-05 1.58925342769471e-06 0.00233901965956033 0.00620181355690868 0.997850738924166
1.21145542E+01 3964.97716059388 0.00570571210972914 2.80659215659472e-05 0.000467787012352472 0.991649906354334 3.01803433294119e-05 1.59608374365821e-06 0.00233813656031537 0.00620156504364756 0.997851471397982
1.21145628E+01 3968.55460205855 0.0057049557761549 2.80294213269234e-05 0.000467800110155222 0.991651461204198 3.04640364371674e-05 1.6029514087321e-06 0.00233719560143856 0.00620078530763704 0.997852246511835
1.21145715E+01 3972.14350287665 0.00570342989461313 2.799084975643e-05 0.000467754661596298 0.991653921150472 3.07503326381693e-05 1.60985472840269e-06 0.00233618484661484 0.00619917540596586 0.997853096556438
1.21145801E+01 3975.73363527874 0.00570212712412022 2.79528985578553e-05 0.000467705938219785 0.991656142407433 3.1039340237729e-05 1.61679845776422e-06 0.00233520647047802 0.00619778596089786 0.997853928368331
1.21145887E+01 3979.32710416851 0.0057005940467264 2.79144350520063e-05 0.000467641865392426 0.991658621344866 3.13310689813351e-05 1.62378207441938e-06 0.00233419928717845 0.00619615034717083 0.997854771692037
1.21145972E+01 3982.94436415703 0.00569671655576895 2.7867903704322e-05 0.000467384510000303 0.991663932226666 3.1625310946732e-05 1.6307939896054e-06 0.00233288269191442 0.00619196896947358 0.99785590119614
1.21146058E+01 3986.52360517361 0.005696784052784 2.78336402814722e-05 0.000467380212569658 0.991664485535597 3.19227278210128e-05 1.63786495369708e-06 0.00233214565641462 0.00619199790563513 0.997856483441232
1.21146144E+01 3990.07344694621 0.00569850209584538 2.78042997140587e-05 0.000467549208004628 0.99166311162225 3.22232832827684e-05 1.6449964035182e-06 0.00233148416280905 0.00619385560356407 0.997856967225814
1.21146230E+01 3993.54405740661 0.00570570074411476 2.77903910423042e-05 0.000468136565698504 0.991655242329227 3.252758355303e-05 1.6522142300553e-06 0.00233139775501719 0.00620162770085557 0.997856870030083
1.21146315E+01 3996.87623176061 0.00572236853827348 2.78063876776699e-05 0.000469473836865206 0.991636142872033 3.28364368546353e-05 1.65955672014346e-06 0.00233231836801053 0.00621964876281636 0.99785579163485
1.21146401E+01 4000.35441736706 0.00572310795778655 2.778445142697e-05 0.00046997920780165 0.991635889254762 3.31471832656454e-05 1.66688892640388e-06 0.00233117961236491 0.00622087161701517 0.997856760871777
1.21146486E+01 4003.86946428611 0.00572376834570108 2.77406366493029e-05 0.000470150150196176 0.991635762707843 3.34607324726775e-05 1.67424925057971e-06 0.0023303275651779 0.00622165913254656 0.997857421840389
1.21146571E+01 4007.55941677811 0.0057116690532819 2.76754933528016e-05 0.000469480625071459 0.991650687289121 3.37757180675369e-05 1.68158241941123e-06 0.00232805468359113 0.00620882517170617 0.997859512460827
1.21146657E+01 4011.22533834661 0.00570549878642156 2.7622710681637e-05 0.000468894377989561 0.991658718839167 3.40936784808929e-05 1.68894993887142e-06 0.00232662374032739 0.00620201587509276 0.997860734714259
1.21146742E+01 4014.80716001421 0.00570677202835289 2.75915446458474e-05 0.000468863052439445 0.991657908168598 3.44155142434066e-05 1.69639878294326e-06 0.00232602113322099 0.00620322662543818 0.997861134794036
1.21146827E+01 4018.30936934608 0.00571245242467119 2.75733095229626e-05 0.000469298238803072 0.991651882355802 3.47413175961407e-05 1.70393837075671e-06 0.00232575607575005 0.00620932397299723 0.9978612063288
1.21146912E+01 4021.61535119826 0.00573191690078755 2.75959044583746e-05 0.000470782627044597 0.99162949007835 3.50725864317118e-05 1.71163438789565e-06 0.00232699639641361 0.00623029543229053 0.997859785510641
1.21146997E+01 4025.02535054435 0.00573741800082746 2.75751334050578e-05 0.000471565911937251 0.991623670012466 3.54064492986924e-05 1.71934708661253e-06 0.00232635315669096 0.00623655904616976 0.997860229058635
1.21147082E+01 4028.76559834253 0.00571772870317323 2.74919119259673e-05 0.000470610956065556 0.991647409728583 3.5740392555784e-05 1.72695202045569e-06 0.00232313249841354 0.00621583157116476 0.997863241299748
1.21147167E+01 4032.42714861344 0.00571215368588127 2.74408322635285e-05 0.000469955850448934 0.991654765883367 3.60780288492067e-05 1.73462058512456e-06 0.00232185257536999 0.00620955036859374 0.997864316251961
1.21147251E+01 4035.97567443191 0.00571601004588493 2.74168032530511e-05 0.000470069057159776 0.991650954527457 3.64201431964007e-05 1.74238912651272e-06 0.00232149682649384 0.00621349590629776 0.997864450433754
1.21147336E+01 4039.33767275974 0.00573200375302645 2.74273910663942e-05 0.000471241588153608 0.991632736478638 3.67677721032246e-05 1.75031169284978e-06 0.00232232136552005 0.00623067273224646 0.997863409210885
1.21147421E+01 4042.83205037122 0.00573233632049396 2.73957863250417e-05 0.000471625498225909 0.99163288260562 3.71178065599389e-05 1.75823556394021e-06 0.00232127911154219 0.00623135760504491 0.997864240210665
1.21147505E+01 4046.5348963821 0.00571713364456192 2.73224728888042e-05 0.000470798173939708 0.99165150004951 3.74689058373273e-05 1.76611665363114e-06 0.00231853352071379 0.00621525429139043 0.997866754340901
1.21147590E+01 4050.0510739173 0.00572334794720994 2.73047485035884e-05 0.000471007786120317 0.99164483526264 3.78255612593611e-05 1.77411473061999e-06 0.0023185686744729 0.00622166048183385 0.997866495744474
1.21147674E+01 4053.3180249788 0.00574651289547453 2.73373604827318e-05 0.000472659129679326 0.991618184221068 3.81890310718488e-05 1.78233417301071e-06 0.00232017319935048 0.00624650938563659 0.997864693606705
1.21147758E+01 4056.83692060135 0.00574192967474451 2.72904120049245e-05 0.000472863957202313 0.991624186215424 3.85535608310368e-05 1.790471458962e-06 0.00231834230807727 0.00624208404395174 0.997866270259376
1.21147842E+01 4060.61187168976 0.00572109865066535 2.72028518091373e-05 0.000471619923428701 0.991649368922411 3.89187166844973e-05 1.79853650158416e-06 0.00231509677040077 0.00621992142590319 0.997869290348314
1.21147927E+01 4064.14018762724 0.00572796476629195 2.71862068971854e-05 0.00047173497012644 0.991641976885872 3.92902010334506e-05 1.8067499178189e-06 0.00231527278233322 0.00622688594331557 0.997868862829188
1.21148011E+01 4067.39068792435 0.00575282405731741 2.72233169851962e-05 0.000473475276352852 0.99161335594694 3.96689082460231e-05 1.81517908076042e-06 0.00231703796932508 0.00625352265065545 0.997866878597596
1.21148095E+01 4070.99004145476 0.00574133659429138 2.71587515258305e-05 0.000473266240000801 0.991627478547558 4.00480869124749e-05 1.82351995323163e-06 0.00231441889418945 0.00624176158581801 0.997869240133376
1.21148179E+01 4074.71548747191 0.00572625295477415 2.70858285294602e-05 0.000472269515728555 0.991645888510114 4.0429168246593e-05 1.83183407846496e-06 0.00231189861696201 0.00622560829903217 0.997871496809146
1.21148263E+01 4078.14656608711 0.00573980584578627 2.70874045868317e-05 0.000472898033149995 0.991630642613256 4.08175717332579e-05 1.84033014958582e-06 0.00231270981490236 0.0062397912835231 0.997870433896779
1.21148346E+01 4081.48815068441 0.00575458380200405 2.70935636506642e-05 0.000474070730715105 0.991613862537204 4.12114064258142e-05 1.84895334039731e-06 0.00231328086262281 0.00625574809636982 0.997869610633574
1.21148430E+01 4085.2692021415 0.00572967428626978 2.69981689192437e-05 0.000472881194460166 0.991643857368419 4.16042665954313e-05 1.85740181969462e-06 0.00230921210652527 0.00622955364964919 0.997873411018068
1.21148514E+01 4088.6786642273 0.00574487428065935 2.70039227993149e-05 0.000473577632045568 0.99162656275074 4.20053628823036e-05 1.8660917882237e-06 0.00231034927313986 0.00624545583550423 0.997872018586244
1.21148597E+01 4092.06477760981 0.00575567557700227 2.69998797684075e-05 0.000474475287054006 0.991614517493086 4.24113049112999e-05 1.87487734846693e-06 0.00231043705166427 0.00625715074382469 0.997871668236911
1.21148681E+01 4095.81413071591 0.00573415156314598 2.69132112644801e-05 0.000473438976504791 0.991640509158085 4.28171849119889e-05 1.88352507799263e-06 0.00230679033727259 0.00623450375091525 0.997875012909
1.21148764E+01 4099.11544787882 0.00575721681910962 2.6940416878755e-05 0.000474700404207187 0.991613959568617 4.32326474463422e-05 1.8924641568742e-06 0.0023087166659083 0.00625885764019557 0.997872817208813
1.21148848E+01 4102.76413119434 0.00574365009697501 2.68727831955342e-05 0.000474152807179217 0.991630647023243 4.3648487769115e-05 1.90130321913709e-06 0.00230593190528989 0.00624467568734976 0.997875322710592
1.21148931E+01 4106.27990715144 0.00574673593461141 2.68488694129184e-05 0.000474330185481962 0.991627592875106 4.40703715021553e-05 1.9102665155239e-06 0.00230546519332805 0.00624791498950629 0.997875507864612
1.21149014E+01 4109.53534453899 0.00576970969029587 2.68751809488062e-05 0.000475851816823678 0.991601192922003 4.45002054169009e-05 1.91944460107445e-06 0.00230704822933298 0.00627243668806835 0.997873629610071
1.21149097E+01 4113.35696450728 0.00573945325040077 2.67680750661982e-05 0.000474421271199776 0.991637498324582 4.49276944827803e-05 1.92838097895307e-06 0.00230223573147495 0.00624064259666675 0.997878140921249
1.21149180E+01 4116.66066765486 0.00576330732975273 2.67965222071222e-05 0.000475633720647524 0.991609977007278 4.53660729113216e-05 1.9376493143274e-06 0.00230436698475905 0.00626573757260737 0.997875714579886
1.21149263E+01 4120.30305239707 0.00575037872183114 2.67310320622955e-05 0.000475095264864356 0.99162593819962 4.58051016150868e-05 1.94682357049764e-06 0.00230162581475235 0.00625220501875779 0.997878143218378
1.21149346E+01 4123.78001894661 0.00575625923083637 2.67147036199426e-05 0.000475472860092294 0.991619594452703 4.62508085115365e-05 1.95615731754299e-06 0.00230143238397675 0.0062584467945486 0.997878041247252
1.21149429E+01 4127.16042052072 0.00576821666093521 2.67134026222537e-05 0.000476335494550987 0.991606134244631 4.67032485680992e-05 1.96562631044433e-06 0.00230176379933432 0.00627126555810845 0.997877399802739
1.21149512E+01 4130.86945037356 0.0057494339352342 2.6635047735544e-05 0.000475458542952111 0.991628948629584 4.71558974061464e-05 1.97497803259365e-06 0.00229835237449623 0.00625152752592186 0.997880476155506
1.21149595E+01 4133.94153263833 0.00579022608593196 2.67048128592046e-05 0.000477867307605395 0.99158153970888 4.76223593018154e-05 1.98473448770903e-06 0.00230219209557278 0.00629479820639656 0.997876337915276
1.21149677E+01 4137.88874829207 0.00574592727023259 2.65649681967334e-05 0.000475756502833131 0.991634357422886 4.80825592718319e-05 1.99409108652468e-06 0.00229558552629543 0.00624824874126245 0.997882606164148
1.21149760E+01 4141.15379769435 0.00577488095547547 2.66055076392823e-05 0.000477128939548223 0.99160079789509 4.85565827359405e-05 2.00387849507551e-06 0.00229843972356192 0.00627861540266297 0.997879413297753
1.21149842E+01 4144.8583196319 0.00575607187512234 2.65259127143734e-05 0.000476235062282009 0.991623718603974 4.90303842323007e-05 2.01352908746497e-06 0.00229495623407576 0.00625883285011872 0.997882551454093
1.21149925E+01 4148.14395972634 0.00577855827394702 2.65524728816949e-05 0.000477612481445968 0.991597830242941 4.9514788540162e-05 2.02347749294452e-06 0.00229662983312385 0.00628272322827469 0.997880553471216
1.21150007E+01 4151.85769840316 0.00575815760959121 2.64691282753421e-05 0.000476634637733636 0.991622492645512 4.99992832316582e-05 2.03327328709912e-06 0.00229306623241487 0.00626126137560019 0.997883754021112
1.21150089E+01 4155.06364062561 0.0057876486812075 2.65153356311558e-05 0.000478417401496334 0.991588338074085 5.04959613490804e-05 2.04342309152252e-06 0.00229555158836602 0.00629258141833499 0.99788091949242
1.21150172E+01 4158.80272628514 0.00576289799670501 2.64193017152665e-05 0.000477262621151776 0.991618203944894 5.09911096911838e-05 2.0533534389663e-06 0.00229131508926174 0.00626657991957206 0.997884783864466
1.21150254E+01 4162.19573632205 0.00577703506112561 2.6423707333184e-05 0.000477992280045443 0.991602132975866 5.1496785730073e-05 2.06354602332797e-06 0.00229215321056247 0.00628145104850423 0.99788358402437
1.21150336E+01 4165.79802747729 0.00576793393282939 2.63688561652426e-05 0.000477554604634717 0.991613576259134 5.20051746558616e-05 2.07370455144974e-06 0.00228993887535562 0.00627185739362935 0.997885433652763
1.21150418E+01 4169.08260310769 0.00578843683308441 2.63915032333452e-05 0.000478919253965289 0.991590055548058 5.25242269934327e-05 2.08411627620983e-06 0.00229120267679025 0.00629374759028304 0.997883803138341
1.21150500E+01 4172.82171738029 0.00576519835482047 2.63016175704009e-05 0.000477776546670111 0.991618008209023 5.3042637330539e-05 2.09436529090119e-06 0.00228732573458521 0.00626927651906098 0.997887284728084
1.21150582E+01 4175.86471082068 0.00580795298208632 2.6375211274111e-05 0.000480285334628534 0.991568352123706 5.35776100265542e-05 2.10508790364341e-06 0.0022912829539728 0.00631461352798896 0.997882965651695
1.21150664E+01 4179.82298648718 0.00576158257846211 2.62328987027633e-05 0.00047805439523632 0.991623557600317 5.41054108585738e-05 2.1153742296228e-06 0.00228439686103183 0.00626586987240119 0.997889427472718
1.21150745E+01 4182.81522369802 0.00581221756157478 2.64487523554033e-05 0.000480751255424133 0.991564419700369 5.46536599811573e-05 2.12629586399394e-06 0.00228960547808588 0.00631941756935432 0.997883837269724
1.21150827E+01 4186.80187511164 0.0057635877741066 2.61768617835726e-05 0.000478395799406341 0.991622508979912 5.5193687901422e-05 2.13673896851435e-06 0.0022823584217835 0.00626816043529651 0.997890669415209
1.21150909E+01 4189.8517833108 0.00580986284454309 2.62572240474501e-05 0.000480801993527361 0.991568572078967 5.5754073432977e-05 2.14780471372404e-06 0.00228713634648617 0.0063169220621179 0.997885494141085
1.21150990E+01 4193.76035644664 0.00576896463881384 2.61287965182744e-05 0.000478852301828122 0.991617468939874 5.63082484284065e-05 2.15846721811015e-06 0.00228077971725224 0.00627394573716024 0.997891414677034
1.21151072E+01 4196.93284370744 0.00580364909496224 2.61812173537031e-05 0.000480625636653768 0.991577126672292 5.68801696119397e-05 2.16964348468253e-06 0.00228419731670795 0.00631045594896971 0.997887582621262
1.21151153E+01 4200.67691400398 0.00577828607077135 2.60904523827171e-05 0.00047951076248805 0.991607789714449 5.74502874037913e-05 2.18058063200795e-06 0.00227966009670386 0.00628388728564212 0.997891677000091
1.21151234E+01 4204.07349794867 0.00579107587245547 2.608885121859e-05 0.000480063077152378 0.991593249269806 5.80324542658552e-05 2.19180997775042e-06 0.00228042405887478 0.00629722780082644 0.997890477070633
1.21151316E+01 4207.44754253207 0.00580023172084836 2.60842218210885e-05 0.000480903673675351 0.991583217099183 5.86221735402944e-05 2.20317109513418e-06 0.00228002310736519 0.0063072196163448 0.997890436715528
1.21151397E+01 4211.13175945552 0.00578222102533982 2.60087805977748e-05 0.000480007602578874 0.99160489591043 5.9214527885549e-05 2.21444399336622e-06 0.00227685756174005 0.00628823740851647 0.997893133318947
1.21151478E+01 4214.38172464658 0.00580663383121807 2.60372451214542e-05 0.000481361516954215 0.991576817914006 5.98207821388419e-05 2.22607102606177e-06 0.00227869251469036 0.00631403259329374 0.9978908505073
1.21151559E+01 4218.00674613802 0.00579120223607169 2.59713451383881e-05 0.000480831231921798 0.99159573033626 6.04288395776927e-05 2.23755961714414e-06 0.0022753476885231 0.00629800481313188 0.997893735149392
1.21151640E+01 4221.52465471082 0.00579159306169557 2.59401981409253e-05 0.000480716872690872 0.991595760391632 6.10462700276834e-05 2.2492358227505e-06 0.00227458277645846 0.00629825013252737 0.997894010524159
1.21151721E+01 4224.63283334319 0.00582450223976685 2.59901414706163e-05 0.000482858596349475 0.991557835970572 6.16781361313708e-05 2.2612608519733e-06 0.00227695676748024 0.00633335097758695 0.997891186948159
1.21151802E+01 4228.5167961712 0.00578399698498201 2.58649539003917e-05 0.000480956656443103 0.99160599617262 6.23052757502476e-05 2.27290551824283e-06 0.00227082613664785 0.0062908185953255 0.997896814767946
1.21151883E+01 4231.82880137325 0.00580647754276502 2.58873891506315e-05 0.000481877433070605 0.99158010093374 6.29495857473143e-05 2.28499420790891e-06 0.00227280708682706 0.00631424236498625 0.997894343298726
1.21151963E+01 4235.18591868437 0.00581485291858219 2.58809797502467e-05 0.000482746866195456 0.991571140117632 6.36017830555303e-05 2.29716937267827e-06 0.00227202755079738 0.00632348076452789 0.99789462088216
1.21152044E+01 4238.86797384691 0.00579539826471775 2.58025835375901e-05 0.000481807261419971 0.991594424722181 6.42565908352203e-05 2.30926286461252e-06 0.00226868480201156 0.00630300810967531 0.997897432831856
1.21152125E+01 4242.3196636441 0.00580256929032426 2.57875147734689e-05 0.0004819675654153 0.991586663317718 6.4923634435273e-05 2.32159037057096e-06 0.00226861252877228 0.00631032437051303 0.997896987688232
1.21152205E+01 4245.42633918473 0.0058340948166719 2.58343109118841e-05 0.000484131709230103 0.991550363539786 6.56060423023349e-05 2.33426263660084e-06 0.00227066571878178 0.00634406083681389 0.9978944243766
1.21152286E+01 4249.29986983802 0.00579351174407431 2.57103366075609e-05 0.000482240553213326 0.991598557190227 6.62836795772516e-05 2.3465731803908e-06 0.00226452720795316 0.0063014626338952 0.997900019824122
1.21152366E+01 4252.6988525814 0.00580804488072489 2.57118413013485e-05 0.000482598011555467 0.991582060281632 6.69780275711512e-05 2.35928332755322e-06 0.00226557799035115 0.0063163547335817 0.997898415015214
1.21152447E+01 4255.81136497632 0.00583858803152998 2.57562693925016e-05 0.000484727581437689 0.991547004345076 6.76875938089429e-05 2.37230704891832e-06 0.0022673815595804 0.00634907188236017 0.997896076227437
1.21152527E+01 4259.68230673341 0.00579819465901445 2.5633438162137e-05 0.000482867721554881 0.991594892727842 6.83926457471921e-05 2.38497321359882e-06 0.00226127669304678 0.00630669581873147 0.997901588546574
1.21152607E+01 4263.10068654677 0.00581058253636165 2.56299705387691e-05 0.000483089819224566 0.991580947956489 6.91147182917393e-05 2.39803400193228e-06 0.00226205732846798 0.00631930232612499 0.997900250282614
1.21152687E+01 4266.30794583534 0.00583386005323315 2.56567885838742e-05 0.000484697365087909 0.991554401066965 6.98511600155132e-05 2.41136336865755e-06 0.0022631291347417 0.00634421420690493 0.99789861527387
1.21152767E+01 4269.96681675348 0.00581265711541779 2.55799240807791e-05 0.000483943184732084 0.991579853358013 7.05891071137571e-05 2.42453352550203e-06 0.00225911154441576 0.00632218022423066 0.997902033582244
1.21152847E+01 4273.49696634669 0.00581146597167964 2.55454520875267e-05 0.000483618117966468 0.991581782640775 7.1339016594792e-05 2.43791056412202e-06 0.00225812443439023 0.00632062954173364 0.997902412182509
1.21152927E+01 4276.89698699507 0.00581987620363247 2.55348109463657e-05 0.000484060739899787 0.991572659546241 7.21018357322329e-05 2.45149381242558e-06 0.00225778897863624 0.00632947175447862 0.997902131300719
1.21153007E+01 4280.05312885103 0.00584479366187576 2.55662758628828e-05 0.00048592894466203 0.991544002431404 7.28805642381682e-05 2.46538572824507e-06 0.00225901345355392 0.00635628888240067 0.997900291313804
1.21153087E+01 4283.81473162536 0.0058136544785985 2.54663700076982e-05 0.000484538914504468 0.991581101451678 7.36577069196173e-05 2.47902980528074e-06 0.00225390091889819 0.00632365976311066 0.997904761214789
1.21153167E+01 4287.30065210061 0.00581793357267324 2.54444639767801e-05 0.00048438829196233 0.991576664425688 7.44513743965231e-05 2.49299005768658e-06 0.00225360275941135 0.00632776632861235 0.9979044307543
1.21153246E+01 4290.69772465199 0.00582579037352892 2.5432871062678e-05 0.000484846827602783 0.991568221074131 7.52578136988641e-05 2.50712473595946e-06 0.00225308035438085 0.00633607007219438 0.997904291146326
1.21153326E+01 4293.87275133847 0.00584857282791435 2.54593306161491e-05 0.000486594729512817 0.991542040614233 7.60803528465459e-05 2.52157782193823e-06 0.00225404965412238 0.00636062688804331 0.997902667502276
1.21153406E+01 4297.53873695345 0.00582528245405578 2.53789379632953e-05 0.000485680576198749 0.991569952204983 7.6905147627429e-05 2.53584199399807e-06 0.00224975746858631 0.00633634196821783 0.997906294173201
1.21153485E+01 4301.05771202272 0.00582427906744341 2.53451986229531e-05 0.000485334368837916 0.991571709925818 7.77445796798537e-05 2.55036061695655e-06 0.00224869509957157 0.00633495863490428 0.997906668560723
1.21153565E+01 4304.53040699532 0.00582613263905496 2.53192717196012e-05 0.000485341085430569 0.991570254228811 7.85962644032422e-05 2.56504495404578e-06 0.0022475983011474 0.00633679299620513 0.997907047225016
1.21153644E+01 4307.85989253464 0.00583815015515799 2.53199815502409e-05 0.000486226565453035 0.991556725742712 7.94641356821349e-05 2.57997406537302e-06 0.00224752664699671 0.00634969670216127 0.997906422444873
1.21153723E+01 4311.04503796358 0.00585748717019395 2.53368723912929e-05 0.000487792489171801 0.991534707329148 8.03484002021985e-05 2.59517240053814e-06 0.00224790201091883 0.00637061653175705 0.997905323860905
1.21153803E+01 4314.74923085407 0.00583054475567292 2.52485141479325e-05 0.000486599389134003 0.99156682604081 8.12347031650365e-05 2.6101823298247e-06 0.00224327736610641 0.00634239265895486 0.997909218699765
1.21153882E+01 4318.22442936917 0.00583387179431065 2.52251076296914e-05 0.000486449943572494 0.991563523396005 8.21384235121414e-05 2.62550422874993e-06 0.00224268481372441 0.00634554684551283 0.997909070241518
1.21153961E+01 4321.71058678881 0.00583336988762408 2.51943326174703e-05 0.000486374931358336 0.991564850061861 8.30555458982522e-05 2.64097092361769e-06 0.00224118846125624 0.00634493915159988 0.997909789213461
1.21154040E+01 4325.14488329442 0.0058363487654482 2.51722455403788e-05 0.000486612799522427 0.991561955892996 8.39876516976489e-05 2.65664131723789e-06 0.00224011517566092 0.00634813381051101 0.997910089703507
1.21154119E+01 4328.51423398955 0.00584309389614474 2.51593969923544e-05 0.000487153703559957 0.991554699369474 8.49355982505676e-05 2.672533431717e-06 0.002239329660484 0.00635540699669705 0.997910106366171
1.21154198E+01 4331.7462689696 0.00585943349956127 2.51707958476377e-05 0.000488462688859962 0.991536055739867 8.59018206272994e-05 2.68871115176616e-06 0.00223950684265438 0.00637306698426887 0.997909122724136
1.21154277E+01 4335.19752438005 0.00585370400247887 2.51345387118392e-05 0.000488581601665981 0.991543369321957 8.68782792207052e-05 2.70492348596663e-06 0.0022370272185895 0.00636742014285669 0.997910789464813
1.21154356E+01 4338.65932182389 0.00585185812407296 2.51009818752532e-05 0.000488513751088667 0.991546065477095 8.78695594010676e-05 2.72132166280265e-06 0.00223545222396553 0.00636547285703688 0.997911538334132
1.21154434E+01 4342.12578326782 0.0058509706922585 2.50695729311824e-05 0.000488452395407999 0.991547761373187 8.88763891840941e-05 2.73788742965734e-06 0.00223388253683892 0.00636449266059768 0.997912254033784
1.21154513E+01 4345.58951095991 0.00585040336549968 2.50392642299904e-05 0.000488442641590217 0.991549065813213 8.98991692645412e-05 2.75464301674361e-06 0.00223232062658794 0.00636388527131989 0.997912951084533
1.21154592E+01 4349.05009338053 0.00584993245737119 2.50094097940028e-05 0.000488445879994174 0.991550255207116 9.09382997454922e-05 2.77159290906915e-06 0.00223075510782605 0.00636338774715937 0.997913642954275
1.21154670E+01 4352.50551421533 0.00584968446722119 2.49802546245829e-05 0.000488465922227162 0.99155116654184 9.19942416367473e-05 2.78874295744304e-06 0.00222919828092376 0.00636313064407294 0.997914297185913
1.21154749E+01 4355.9531489987 0.005849815787357 2.49521402738192e-05 0.00048851527948347 0.991551635717855 9.30674970857271e-05 2.80609987800483e-06 0.0022276637094296 0.00636328320711429 0.997914918924969
1.21154827E+01 4359.39136882648 0.00585041778592721 2.49252099219645e-05 0.000488603137408465 0.99155156174097 9.41585690000797e-05 2.82366983336796e-06 0.00222615775206539 0.00636394613325764 0.997915507874228
1.21154906E+01 4362.81231141175 0.00585203498972853 2.4900846574545e-05 0.000488770961891316 0.991550275652398 9.526815121357e-05 2.84146447638233e-06 0.00222473062263346 0.00636570679819439 0.997915982450592
1.21154984E+01 4366.21040236628 0.00585475449972498 2.48792231682488e-05 0.000489036803824846 0.991547722403327 9.63969172836696e-05 2.85949380571162e-06 0.00222336155507735 0.00636867052671808 0.997916392930045
1.21155062E+01 4369.58206265969 0.00585899333915173 2.48612898080868e-05 0.00048943238948996 0.991543366818658 9.75455583366615e-05 2.87776764909778e-06 0.00222212548723478 0.00637328701844978 0.997916653837107
1.21155140E+01 4372.90910276225 0.00586664366835224 2.48529977289832e-05 0.000490124207851967 0.991534929747599 9.87146114533517e-05 2.89631696025871e-06 0.00222124504574412 0.00638162087393319 0.997916550621533
1.21155218E+01 4376.21459294807 0.00587418844620289 2.48429981416339e-05 0.000490858678059687 0.991526710548468 9.99053407263268e-05 2.91511497643584e-06 0.00222016899620427 0.00638989012240421 0.997916600670873
1.21155297E+01 4379.48093411546 0.00588403614210611 2.48385830733091e-05 0.000491771783551557 0.991515758448446 0.000101118343626136 2.93419028266541e-06 0.00221932533015196 0.00640064650873098 0.997916404957177
1.21155375E+01 4383.01815945254 0.0058706191404906 2.47859271962426e-05 0.000491266477040777 0.991532001898623 0.000102345471928419 2.95330747651221e-06 0.00221599193447402 0.00638667154472762 0.997918673443351
1.21155453E+01 4386.30129448974 0.00588452141498471 2.48047178466013e-05 0.000492047092777532 0.991516238399655 0.000103601396368022 2.97288038931146e-06 0.00221598169332568 0.00640137322560884 0.997917611625264
1.21155530E+01 4389.87273528892 0.00586972583347661 2.472764828178e-05 0.000491331929206381 0.991534331965896 0.000104871559555519 2.99247071433277e-06 0.00221238435272334 0.00638578541096477 0.99792011737686
1.21155608E+01 4393.16060017626 0.00588413323632258 2.47367271289012e-05 0.000492132324940103 0.991517954027274 0.00010617239169023 3.01253457464519e-06 0.00221242202472863 0.00640100228839158 0.997918956315666
1.21155686E+01 4396.71262013155 0.00587103288984752 2.46746634072149e-05 0.00049151458753639 0.991534022496462 0.000107489488813999 3.03266182077669e-06 0.002208970337413 0.00638722214079112 0.997921244637254
1.21155764E+01 4399.98676351919 0.00588527679553486 2.46813528850577e-05 0.000492337706095137 0.991517889592619 0.000108837911507029 3.05328073061178e-06 0.00220885926989167 0.00640229585451506 0.997920185447134
1.21155841E+01 4403.26283815109 0.00589445482906905 2.46714933886652e-05 0.000493157962587535 0.991507761511054 0.000110213428731812 3.07422456881633e-06 0.00220780803629747 0.00641228428504525 0.997920045796099
1.21155919E+01 4406.78751145541 0.00588197496081206 2.46232904849463e-05 0.000492732766069511 0.99152287207897 0.000111606764955537 3.09523603408216e-06 0.00220443598534018 0.00639933101736652 0.997922203096337
1.21155997E+01 4410.26788661873 0.00587829360176941 2.45829892394862e-05 0.000492338995231586 0.991527873684929 0.00011302705137537 3.11655825753884e-06 0.00220229872644914 0.00639521558624048 0.99792308927117
1.21156074E+01 4413.53362848484 0.00589270582014991 2.45920824754792e-05 0.000493217288739069 0.991511584222889 0.000114481442656065 3.13834244076103e-06 0.00220201115661067 0.00641051519136446 0.997922099414253
1.21156151E+01 4417.03194308569 0.00588236004058619 2.45387792971859e-05 0.000492844407296552 0.991524375741885 0.000115957071762128 3.16025303413325e-06 0.00219870815858657 0.00639974322717993 0.997924118969065
1.21156229E+01 4420.20600252948 0.00590301234491525 2.45841413132815e-05 0.000494146792875732 0.991500653474526 0.000117471860067802 3.18274765745065e-06 0.00219910202023105 0.00642174327910426 0.99792239675363
1.21156306E+01 4423.65755588829 0.0058943479621953 2.45231491428627e-05 0.000494007447997673 0.991511430210436 0.000119008552164994 3.20535530177419e-06 0.00219584216166784 0.00641287855933584 0.997924308769771
1.21156383E+01 4427.06715579421 0.0058940779260257 2.44899901412383e-05 0.000493996841032258 0.991512300475265 0.000120577084831738 3.22832355983e-06 0.0021938920278831 0.00641256475719919 0.997924865232464
1.21156460E+01 4430.46601968208 0.0058944331553352 2.44614165910648e-05 0.000494020019626978 0.991512599461315 0.00012217764623299 3.25164256671892e-06 0.00219182259989364 0.00641291459155324 0.997925514052868
1.21156538E+01 4433.81848839099 0.00589849256763119 2.4439727806567e-05 0.000494299616851328 0.991508437142935 0.000123812710745229 3.27535685956104e-06 0.00219022902616027 0.00641723191228908 0.997925669055224
1.21156615E+01 4437.20741433237 0.0058982384090192 2.44127661578557e-05 0.000494421178715642 0.991509336658304 0.000125480809664557 3.29941847043514e-06 0.00218798914124251 0.0064170723538927 0.997926409012197
1.21156692E+01 4440.58911469921 0.00589908026241118 2.43881508067282e-05 0.000494551849602676 0.991508952140068 0.000127183848226466 3.32384402581678e-06 0.00218591352166964 0.00641802026282058 0.997926972402888
1.21156769E+01 4443.97687143411 0.00589926792115365 2.43621416429789e-05 0.000494637929852825 0.991509359178566 0.000128922829838021 3.34864749086727e-06 0.00218372456039995 0.00641826799264945 0.997927627171215
1.21156845E+01 4447.36792954346 0.00589920551113324 2.43356197900879e-05 0.00049469968638863 0.991510023424724 0.000130699022030244 3.37384145807345e-06 0.00218149012038137 0.00641824081731196 0.997928264242036
1.21156922E+01 4450.76229264 0.00589886641293238 2.43085215265059e-05 0.000494733554663488 0.991511024369359 0.000132513668720368 3.39943688410856e-06 0.00217919776934367 0.00641790848912237 0.997928932858481
1.21156999E+01 4454.15811824639 0.00589834139304049 2.42810672923708e-05 0.000494747800032657 0.991512257256536 0.000134368129085554 3.4254467162937e-06 0.00217684963860631 0.00641737026036552 0.997929627516902
1.21157076E+01 4457.55314770004 0.00589773228246635 2.42535021833183e-05 0.000494751045455938 0.991513568891589 0.000136263852583205 3.45188496696651e-06 0.00217446296854614 0.00641673683010561 0.997930305721694
1.21157152E+01 4460.96709696128 0.00589504717887594 2.42198453052024e-05 0.00049458530449662 0.991517393843354 0.000138201402655481 3.4787437931499e-06 0.00217177280159708 0.00641385232867777 0.997931246172032
1.21157229E+01 4464.3487103145 0.00589569364041587 2.41950376211518e-05 0.000494630657972154 0.991517219471004 0.000140183567326198 3.50609045477035e-06 0.00216949726790443 0.00641451933600917 0.997931738807013
1.21157306E+01 4467.69513272202 0.00589836996866537 2.41750906880244e-05 0.000494869095656703 0.99151468898485 0.000142213713363403 3.53393195618085e-06 0.00216730282894226 0.0064174141550101 0.99793210313986
1.21157382E+01 4470.97199943265 0.00590548073290338 2.41655807761065e-05 0.000495467104307767 0.99150694313508 0.000144294444492577 3.56232705148256e-06 0.00216547280797746 0.00642511341798725 0.997932056553067
1.21157458E+01 4474.1182682996 0.00592098132221884 2.41779252386889e-05 0.000496735094319411 0.991489302245453 0.000146431436254588 3.5913967035357e-06 0.00216439088984573 0.00644189434177694 0.99793119658723
1.21157535E+01 4477.55521438969 0.00591008408225894 2.41263385547608e-05 0.000496390769868586 0.991502502466656 0.000148609050506304 3.62070302291287e-06 0.00216050350622389 0.00643060119068229 0.997933103657339
1.21157611E+01 4480.98345104215 0.00590575213881794 2.409093766568e-05 0.000496045748502607 0.991508214333328 0.000150839240846293 3.65054677811755e-06 0.00215747601293899 0.00642588882498623 0.997934103158314
1.21157687E+01 4484.3863298382 0.00590379885957667 2.40588970406331e-05 0.000495802795848818 0.991511286709418 0.000153125684874875 3.68094360875361e-06 0.00215455455871676 0.00642366055246612 0.997934947261884
1.21157764E+01 4487.72906875244 0.00590647227003137 2.40389966388925e-05 0.000495977340855552 0.991508743471665 0.000155472231569888 3.71196849114398e-06 0.00215211974520665 0.00642648860752581 0.997935232079191
1.21157840E+01 4490.98278176991 0.00591444984109513 2.40315846763203e-05 0.000496615560196166 0.991500000417534 0.000157882604867294 3.74367066563859e-06 0.00215006558234779 0.00643509698596762 0.997935097403501
1.21157916E+01 4494.04203217086 0.00593595215822088 2.40631946087434e-05 0.000498302595741022 0.991475303992126 0.000160364960950726 3.77619214028632e-06 0.00214928389873875 0.00645831794857065 0.997933621940697
1.21157992E+01 4497.41267991526 0.00592685786186343 2.40102584942316e-05 0.000498190223904963 0.991486480641136 0.000162901075383148 3.8090802243931e-06 0.00214504998909324 0.00644905834426262 0.997935538985399
1.21158068E+01 4500.88420587572 0.00591590300528945 2.39614093735647e-05 0.000497482762848449 0.991499835559915 0.000165500871368244 3.84253853441115e-06 0.00214100950151528 0.00643734717751146 0.997937182737427
1.21158144E+01 4504.30126395523 0.00591242744199019 2.39261997998256e-05 0.000497019313054157 0.99150471255965 0.000168172387149531 3.87669231623881e-06 0.00213764442157786 0.00643337295484417 0.997938085514494
1.21158220E+01 4507.6460813232 0.00591444179933798 2.39049018170408e-05 0.000497078985256594 0.991502970589927 0.000170920758218409 3.91161832182356e-06 0.00213478996717844 0.00643542568641162 0.997938396276339
1.21158295E+01 4510.85908128151 0.00592494454346979 2.39032805186563e-05 0.000497860378595997 0.991491274590958 0.000173752581243867 3.94741258353417e-06 0.0021325950282772 0.00644670820258444 0.997937982793543
1.21158371E+01 4513.85963566434 0.00594916853147733 2.3930933994163e-05 0.000499703967792527 0.991463448406793 0.00017667676653012 3.98421000021927e-06 0.00213163891583524 0.00647280343326402 0.997936251840057
1.21158447E+01 4517.40637079161 0.00592326534380636 2.3852690715783e-05 0.000498616472621056 0.991494163323439 0.00017966239792985 4.02128912232811e-06 0.00212523681776223 0.0064457345071432 0.997939897830582
1.21158522E+01 4520.81400822751 0.00591973439988802 2.38176139969573e-05 0.000498041909245184 0.991498993730429 0.00018274092530604 4.05929157151835e-06 0.00212167804571121 0.00644159392313016 0.997940587653559
1.21158598E+01 4524.14296108539 0.00592210651397545 2.37972387093114e-05 0.000498051818738154 0.991496948390825 0.000185915717349084 4.09822714699356e-06 0.00211841640116976 0.00644395557142292 0.997940903962248
1.21158674E+01 4527.2655594243 0.00593861942647316 2.38094902066463e-05 0.000499243267339373 0.991478222578751 0.000189198451196868 4.1382777427314e-06 0.00211638133531942 0.00646167218401917 0.99793989476277
1.21158749E+01 4530.50433192796 0.0059405048153981 2.37891638775093e-05 0.000499728333564255 0.991476423131124 0.0001925798008516 4.17917216557273e-06 0.00211267877894884 0.00646402231283986 0.997940445443964
1.21158824E+01 4533.97989494427 0.00592390520521488 2.37284616369748e-05 0.000498807030997608 0.991496472009666 0.000196056934657167 4.22079685914338e-06 0.00210697071256365 0.00644644069784947 0.997942912707515
1.21158900E+01 4537.26170827118 0.00592941353833674 2.37149362144682e-05 0.000498923775076344 0.991490671961726 0.000199655770207967 4.26361672387882e-06 0.00210378044153796 0.00645205224962755 0.997942724211353
1.21158975E+01 4540.30303406152 0.00595069518428843 2.37388097647712e-05 0.000500431910151047 0.991466423326626 0.000203387292009436 4.30777160759332e-06 0.0021017395047008 0.00647486590420425 0.99794128923083
1.21159050E+01 4543.73976568763 0.00593353844856912 2.3677551653031e-05 0.000499775840409808 0.991486848349077 0.000207225630109894 4.35264571033526e-06 0.00209558168843744 0.00645699184063196 0.997943840189709
1.21159126E+01 4547.08120276848 0.00593111717107225 2.36460815642651e-05 0.000499432970015431 0.991490404274081 0.000211200275995796 4.39876919018338e-06 0.00209108566704524 0.00645419622265194 0.997944600496733
1.21159201E+01 4550.18662998439 0.00594770010567519 2.36579740027871e-05 0.000500466384168469 0.991471699264229 0.000215326615735619 4.4463605441321e-06 0.00208830039352311 0.00647182446384644 0.997943523728075
1.21159276E+01 4553.4126527163 0.00594844343480318 2.36359801336691e-05 0.000500857256730185 0.991471251195928 0.000219599018859735 4.49517418277251e-06 0.00208360773415524 0.00647293667166703 0.997944187867596
1.21159351E+01 4556.83979140875 0.00593365418529251 2.35798836295673e-05 0.000500029363396948 0.991489176011439 0.00022401492409818 4.54507060771542e-06 0.00207718677269401 0.00645726343231903 0.997946439443758
1.21159426E+01 4559.99808206256 0.00594624491327319 2.35823877696369e-05 0.000500647311449611 0.991475116576151 0.000228612769400217 4.59666763511425e-06 0.00207369873404045 0.00647047461249244 0.997945591188644
1.21159501E+01 4563.01430202395 0.00596466953608447 2.35980012055274e-05 0.000502063366091982 0.991454126714734 0.00023339916106062 4.6499870689839e-06 0.00207031815258825 0.00649033090338198 0.997944457618116
1.21159576E+01 4566.53194410589 0.0059369942292845 2.35163680697795e-05 0.00050071579220009 0.991486989561943 0.000238342883247498 4.70428247583542e-06 0.00206186924897194 0.00646122638955437 0.997948215951498
1.21159650E+01 4569.73083361312 0.00594640620846259 2.35115545996064e-05 0.00050096080783602 0.991476665687478 0.000243504928521181 4.7605712660322e-06 0.00205765428914014 0.00647087857089821 0.997947544258376
1.21159725E+01 4572.56797139229 0.00597965962913277 2.35581055708616e-05 0.000503224283246546 0.991438469228404 0.00024890582209398 4.81907231075899e-06 0.00205517738146134 0.00650644201795018 0.997944911246354
1.21159800E+01 4576.15367104891 0.00594149105437885 2.34560899209044e-05 0.000501463441780357 0.991483471961296 0.000254490061679477 4.87858385115875e-06 0.00204487823676059 0.00646641058608011 0.997949882547376
1.21159875E+01 4579.38639974409 0.0059481722052374 2.34451936630636e-05 0.000501394230486493 0.991476294783451 0.000260337917775757 4.94043171400961e-06 0.00203987592104523 0.00647301162938696 0.997949306412838
1.21159949E+01 4582.26835997124 0.00597798647920567 2.34916913510224e-05 0.000503381818522405 0.991442148977175 0.000266472954894258 5.00481632641523e-06 0.00203634306351681 0.00650485998907909 0.997947008966254
1.21160024E+01 4585.68152769699 0.00595465139370759 2.34148922796923e-05 0.000502470971017736 0.991469800625986 0.000272856242293038 5.07081038217631e-06 0.00202688397217762 0.00648053725700501 0.997950337882991
1.21160098E+01 4588.97614398918 0.00595051365341428 2.33812093663944e-05 0.000501937028593416 0.991475350326147 0.000279548315299114 5.13929361583006e-06 0.00201965244516247 0.00647583189137409 0.997951182217521
1.21160173E+01 4591.82438445978 0.00598222266360296 2.34294737760658e-05 0.000503911756257687 0.99143900089193 0.000286599625729116 5.21085649115369e-06 0.00201552586186042 0.00650956389363672 0.997948564785566
1.21160247E+01 4595.34540179691 0.00594807704537549 2.33313045322068e-05 0.00050225664192674 0.991479319099365 0.000293957805537704 5.2843000202998e-06 0.00200403117171539 0.00647366499183443 0.9979529840912
1.21160321E+01 4598.30686226346 0.00597242539974413 2.33593544792544e-05 0.000503439846304752 0.991451518256416 0.000301738340123962 5.36133466914056e-06 0.00199878643276883 0.00649922460052813 0.997950742856944
1.21160396E+01 4601.53532117518 0.00596550444232806 2.33227091632085e-05 0.000503295515160478 0.991460150051582 0.000309917169045177 5.44114934525933e-06 0.001989384864194 0.00649212266665174 0.997952272718234
1.21160470E+01 4604.75501981216 0.00596113903603926 2.32902209864739e-05 0.000503045069723273 0.991465928232212 0.000318548651055021 5.5243060902375e-06 0.00197994158012165 0.00648747432674901 0.997953402558961
1.21160544E+01 4607.51205317767 0.00599564330622811 2.33393021567541e-05 0.000505226808553774 0.9914262420322 0.000327714864893003 5.61170553686731e-06 0.00197405794819942 0.00652420941693864 0.997950451449138
1.21160618E+01 4611.03511956755 0.00595583197435624 2.32360201607071e-05 0.000503305680789882 0.991473218366803 0.000337363322911731 5.70200436956677e-06 0.00195957921718181 0.00648237367530683 0.99795559204211
1.21160692E+01 4613.99702327897 0.00597733679949375 2.32578619922338e-05 0.000504199057403541 0.991448769238492 0.000347652055670391 5.79725276480369e-06 0.00195165827471656 0.00650479371888952 0.997953562957381
1.21160767E+01 4617.13092782884 0.00597484966989496 2.32312400658819e-05 0.000504261108552715 0.991452263657725 0.000358587756310075 5.89690438187403e-06 0.00194000244091238 0.00650234201851356 0.997954605676239
1.21160841E+01 4620.28536572122 0.00597080847098148 2.32005070066202e-05 0.000504099702862495 0.991457649777644 0.000370250243132541 6.00154618278033e-06 0.00192753022704472 0.0064981086808506 0.997955758458495
1.21160914E+01 4623.11280019764 0.00599429081609588 2.32272870338378e-05 0.000505576703622736 0.991430821199962 0.000382757152264239 6.11218402432058e-06 0.00191724135729958 0.00652309480675245 0.997953916006714
1.21160988E+01 4626.46371096754 0.00596646210248285 2.31492087025583e-05 0.000504224138723903 0.991463912086045 0.000396122938488744 6.2281398709975e-06 0.00190038605926108 0.00649383544990931 0.997957747535954
1.21161062E+01 4629.12747106146 0.00600497639647542 2.32142671965261e-05 0.000506435105677149 0.991419536119979 0.000410575518147093 6.35180380834443e-06 0.00188989666944599 0.00653462576934909 0.997954161889328
1.21161136E+01 4632.47676802693 0.00597242574230632 2.31195344009499e-05 0.000504866311719494 0.99145818748622 0.000426113232477311 6.48190464920329e-06 0.00187029107405329 0.00650041158842676 0.997958599074646
1.21161210E+01 4635.41199232758 0.00598621538839023 2.31267218916976e-05 0.000505404944345331 0.99144272345301 0.000442997578942036 6.62089196187917e-06 0.00185490498023296 0.00651474705462726 0.997957470507637
1.21161284E+01 4638.36958245822 0.0059906212745716 2.31154775603666e-05 0.00050579963029954 0.991438238856944 0.000461379664115904 6.76921813620547e-06 0.00183662546473607 0.0065195363824315 0.997957775239376
1.21161357E+01 4641.42684724157 0.00598359209657809 2.30804729937015e-05 0.000505528342301563 0.99144718886065 0.000481470733795601 6.92784379853148e-06 0.00181531962202689 0.00651220091187336 0.997959389772523
1.21161431E+01 4644.16701946341 0.006004245063353 2.3102527869981e-05 0.000506783261699303 0.991423652660103 0.000503605916884149 7.09901382999986e-06 0.00179520676260331 0.00653413085292228 0.997957783513025
1.21161504E+01 4647.32312812003 0.00598230334615156 2.30383156170402e-05 0.000505732587385367 0.991449968718637 0.000528035004743191 7.28315429482351e-06 0.00176791423438715 0.00651107424915397 0.997961042967791
1.21161578E+01 4649.8308012088 0.0060201260640974 2.30954625213636e-05 0.000507917604095622 0.991406519308528 0.000555331836876455 7.48428136158266e-06 0.0017444688068846 0.00655113913071439 0.997957658439242
1.21161651E+01 4653.08118514456 0.00598232981381673 2.30004516881592e-05 0.000506070830553721 0.991451291399868 0.000585864731675707 7.70267151461414e-06 0.00170932195539436 0.00651140109605861 0.997962692495926
1.21161725E+01 4655.49302165833 0.00602550163205008 2.3077736020691e-05 0.000508445118269522 0.991401629973002 0.000620569941048025 7.94448070868882e-06 0.00167913468318667 0.00655702448634029 0.997958654459342
1.21161798E+01 4658.64138051421 0.00598990618095611 2.29787934413153e-05 0.000506682737991619 0.991443977490748 0.000660177248857161 8.211293803383e-06 0.00163510197240364 0.00651956771238904 0.997963545203137
1.21161872E+01 4661.14882858478 0.00601747644872263 2.30178874233834e-05 0.000508073598825428 0.991412647384414 0.000706192368244851 8.51135362953974e-06 0.00159192472990675 0.00654856793497144 0.997961215319386
1.21161945E+01 4664.0446567184 0.00599887461619759 2.29613048077781e-05 0.000507135493780674 0.991435217786593 0.000760279169902917 8.85063605481091e-06 0.00153534967116683 0.00652897141478604 0.997964189201379
1.21162018E+01 4666.2944506557 0.00603564498507857 2.30260790732788e-05 0.000509380165597137 0.991393204805142 0.000825283020761552 9.24219430557793e-06 0.00147381367222414 0.00656805122974898 0.997961256034891
1.21162091E+01 4669.1600394459 0.00600380742214326 2.29399768042029e-05 0.000507803071637993 0.991431358294019 0.000905022990066855 9.69961387431359e-06 0.00138994912043541 0.00653455047058546 0.997965908764605
1.21162164E+01 4671.28914259892 0.00603815797715902 2.29968791741786e-05 0.000509632955127993 0.991392474032007 0.00100635538210006 1.02507408636578e-05 0.00129181710354214 0.00657078781146119 0.997963261843468
1.21162238E+01 4673.85774570683 0.00601473291005107 2.29339517443506e-05 0.0005084621289946 0.991421143327765 0.00114061989475329 1.0934745039458e-05 0.00115409394198074 0.00654612899079002 0.997967272318555
1.21162311E+01 4675.50956716979 0.00606301486346003 2.30193044103104e-05 0.000511227547641803 0.991366533082676 0.00133118826099794 1.18327689004151e-05 0.000967549214691986 0.00659726171551214 0.997963794798188
1.21162384E+01 4677.69725034512 0.0060305448151692 2.29466068998118e-05 0.000509701111978568 0.991406666957303 0.00163348900346987 1.31152994554048e-05 0.000659637869845541 0.00656319253404758 0.997969859491351
1.21162457E+01 4678.37693694578 0.00609744201556853 2.30764071503996e-05 0.000513275619379155 0.991332749051159 0.00225522360472475 1.5365350861816e-05 4.14107919500983e-05 0.00663379404209809 0.997966543093257
