ageGyr,logL/Lsun,logR/Rsun,L/Lsun,R/Rsun,logTeff,Teff,logTcore,logrho_core,logPcore,Xcore,Ycore,Zcore
2.02700000E-06,1.27185272E+00,8.98631519E-01,18.7004785334265,7.91829210880160,3.63027473E+00,4268.49453769207,6.00464089E+00,-1.71304320E+00,1.24181466E+01,7.07847383E-01,2.73338597E-01,1.87845200E-02
3.64860000E-06,1.25939176E+00,8.91252640E-01,18.1715410704519,7.78489286099529,3.63084893E+00,4274.14183612170,6.01171252E+00,-1.69181054E+00,1.24464587E+01,7.07847383E-01,2.73338597E-01,1.87845200E-02
5.37717628E-06,1.24668754E+00,8.83744714E-01,17.6476767395021,7.65146707887791,3.63142684E+00,4279.83316674002,6.01891216E+00,-1.67019155E+00,1.24752850E+01,7.07847383E-01,2.73338597E-01,1.87845200E-02
7.53789663E-06,1.23164237E+00,8.74861660E-01,17.0467805365119,7.49655376355554,3.63210707E+00,4286.54186825660,6.02743564E+00,-1.64459506E+00,1.25094138E+01,7.07847383E-01,2.73338597E-01,1.87845200E-02
9.97519844E-06,1.21559957E+00,8.65412404E-01,16.4285627152543,7.33520750383265,3.63282100E+00,4293.59424337298,6.03650909E+00,-1.61734454E+00,1.25457466E+01,7.07847383E-01,2.73338597E-01,1.87845200E-02
1.25598389E-05,1.19952199E+00,8.55963452E-01,15.8314972563676,7.17733887920584,3.63352608E+00,4300.57058391834,6.04558899E+00,-1.59007477E+00,1.25821067E+01,7.07847383E-01,2.73338597E-01,1.87845200E-02
1.53009772E-05,1.18341319E+00,8.46514741E-01,15.2550343539615,7.02287180648436,3.63422324E+00,4307.47970584064,6.05467531E+00,-1.56278503E+00,1.26184934E+01,7.07847383E-01,2.73338597E-01,1.87845200E-02
1.82083275E-05,1.16727469E+00,8.37066117E-01,14.6985566313924,6.8717304728882,3.63491292E+00,4314.32561995562,6.06376814E+00,-1.53547491E+00,1.26549067E+01,7.07847383E-01,2.73338597E-01,1.87845200E-02
2.12921469E-05,1.15110398E+00,8.27617820E-01,14.1613279384743,6.72384696001767,3.63559440E+00,4321.10082601061,6.07286726E+00,-1.50814518E+00,1.26913458E+01,7.07847383E-01,2.73338597E-01,1.87845200E-02
2.45634218E-05,1.13490151E+00,8.18169720E-01,13.6427370932148,6.57914896805752,3.63626783E+00,4327.80645169051,6.08197276E+00,-1.48079645E+00,1.27278105E+01,7.07847383E-01,2.73338597E-01,1.87845200E-02
2.80337890E-05,1.11867136E+00,8.08721813E-01,13.1422994967095,6.43756775506378,3.63693425E+00,4334.45251989038,6.09108454E+00,-1.45342945E+00,1.27643005E+01,7.07847383E-01,2.73338597E-01,1.87845200E-02
3.17155947E-05,1.10240517E+00,7.99274338E-01,12.6591681914633,6.29903959092483,3.63759144E+00,4341.01653423697,6.10020232E+00,-1.42604485E+00,1.28008139E+01,7.07847383E-01,2.73338597E-01,1.87845200E-02
3.56220778E-05,1.08610074E+00,7.89827356E-01,12.1927239150231,6.16349937104607,3.63823882E+00,4347.49228517598,6.10932599E+00,-1.39864291E+00,1.28373503E+01,7.07847383E-01,2.73338597E-01,1.87845200E-02
3.97673332E-05,1.06975881E+00,7.80380907E-01,11.7424524439816,6.03088305308725,3.63887656E+00,4353.8810525521,6.11845552E+00,-1.37122359E+00,1.28739092E+01,7.07847383E-01,2.73338597E-01,1.87845200E-02
4.41663593E-05,1.05337596E+00,7.70935076E-01,11.3077437973536,5.90112855815986,3.63950376E+00,4360.17338900072,6.12759070E+00,-1.34378907E+00,1.29104899E+01,7.07847383E-01,2.73338597E-01,1.87845200E-02
4.88351699E-05,1.03694652E+00,7.61490095E-01,10.8879600828674,5.7741770333742,3.64011889E+00,4366.3534670252,6.13673096E+00,-1.31634122E+00,1.29470905E+01,7.07847383E-01,2.73338597E-01,1.87845200E-02
5.37909027E-05,1.02047494E+00,7.52046051E-01,10.4827430349173,5.64996881841003,3.64072302E+00,4372.43155639182,6.14587600E+00,-1.28887843E+00,1.29837100E+01,7.07847383E-01,2.73338596E-01,1.87845200E-02
5.90518758E-05,1.00395602E+00,7.42603037E-01,10.0915068654072,5.52844555564424,3.64131480E+00,4378.39359680873,6.15502573E+00,-1.26140107E+00,1.30203477E+01,7.07847382E-01,2.73338596E-01,1.87845200E-02
6.46376627E-05,9.87386080E-01,7.33161362E-01,9.71373116793724,5.40955277401366,3.64189315E+00,4384.2281880498,6.16417998E+00,-1.23391045E+00,1.30570025E+01,7.07847382E-01,2.73338596E-01,1.87845200E-02
7.05693014E-05,9.70770526E-01,7.23721102E-01,9.34911551860694,5.29323410437567,3.64245939E+00,4389.94814203074,6.17333845E+00,-1.20640989E+00,1.30936732E+01,7.07847382E-01,2.73338595E-01,1.87845200E-02
7.68692948E-05,9.54102669E-01,7.14282902E-01,8.99710251591314,5.17944113951083,3.64301153E+00,4395.5328489786,6.18250022E+00,-1.17890174E+00,1.31303566E+01,7.07847381E-01,2.73338594E-01,1.87845200E-02
8.35621091E-05,9.37374106E-01,7.04847472E-01,8.65713332575731,5.06812679991984,3.64354710E+00,4400.95674397446,6.19166452E+00,-1.15138518E+00,1.31670501E+01,7.07847380E-01,2.73338593E-01,1.87845200E-02
9.06744508E-05,9.20561308E-01,6.95415961E-01,8.32839487044839,4.95924953185995,3.64405966E+00,4406.15387666188,6.20083051E+00,-1.12386212E+00,1.32037500E+01,7.07847379E-01,2.73338591E-01,1.87845200E-02
9.82358439E-05,9.03698599E-01,6.85987763E-01,8.01121890664226,4.85274826509884,3.64455808E+00,4411.21352162563,6.20999836E+00,-1.09633331E+00,1.32404568E+01,7.07847377E-01,2.73338589E-01,1.87845200E-02
1.06277570E-04,8.86794165E-01,6.76564285E-01,7.70538183929659,4.74858575105012,3.64504371E+00,4416.14891886635,6.21916647E+00,-1.06880495E+00,1.32771641E+01,7.07847374E-01,2.73338585E-01,1.87845200E-02
1.14834509E-04,8.69850176E-01,6.67147241E-01,7.41054546341627,4.64672788827146,3.64551624E+00,4420.95648283218,6.22833295E+00,-1.04128272E+00,1.33138644E+01,7.07847370E-01,2.73338580E-01,1.87845200E-02
1.23945991E-04,8.52870079E-01,6.57738857E-01,7.12639809073182,4.54714556256841,3.64597540E+00,4425.63303276877,6.23749551E+00,-1.01377361E+00,1.33505483E+01,7.07847365E-01,2.73338572E-01,1.87845200E-02
1.33656955E-04,8.35854288E-01,6.48342341E-01,6.85258273942885,4.44981894815886,3.64641971E+00,4430.16304474908,6.24665096E+00,-9.86287262E-01,1.33872033E+01,7.07847357E-01,2.73338560E-01,1.87845200E-02
1.44019986E-04,8.18813153E-01,6.38961762E-01,6.58890359120564,4.35473530186814,3.64684972E+00,4434.55167484224,6.25579514E+00,-9.58835140E-01,1.34238126E+01,7.07847345E-01,2.73338544E-01,1.87845200E-02
1.55097681E-04,8.01752139E-01,6.29603263E-01,6.33508051686907,4.26190007520499,3.64726372E+00,4438.78101646307,6.26492195E+00,-9.31434915E-01,1.34603520E+01,7.07847328E-01,2.73338520E-01,1.87845200E-02
1.66967345E-04,7.84686533E-01,6.20274667E-01,6.09097101729187,4.17133113457399,3.64766161E+00,4442.84958272303,6.27402366E+00,-9.04109695E-01,1.34967905E+01,7.07847303E-01,2.73338486E-01,1.87845200E-02
1.79726392E-04,7.67636954E-01,6.10986959E-01,5.8564839039236,4.08307125497264,3.64804307E+00,4446.75364778901,6.28308951E+00,-8.76891632E-01,1.35330851E+01,7.07847268E-01,2.73338437E-01,1.87845200E-02
1.89933630E-04,7.54773373E-01,6.04002530E-01,5.68556164921135,4.01793151504313,3.64831939E+00,4449.5837964348,6.28990978E+00,-8.56415654E-01,1.35603893E+01,7.07847230E-01,2.73338367E-01,1.87845200E-02
1.98099419E-04,7.44964653E-01,5.98688208E-01,5.55859014355771,3.96906497024849,3.64852437E+00,4451.68442400662,6.29510069E+00,-8.40832358E-01,1.35811704E+01,7.07847193E-01,2.73338291E-01,1.87845200E-02
2.05048196E-04,7.36955596E-01,5.94357340E-01,5.45702063483348,3.92968138861555,3.64868754E+00,4453.35729310862,6.29933193E+00,-8.28130719E-01,1.35981094E+01,7.07847155E-01,2.73338217E-01,1.87845200E-02
2.11517233E-04,7.29786089E-01,5.90486513E-01,5.36767347415023,3.89481212190372,3.64883058E+00,4454.82430033149,6.30311438E+00,-8.16776730E-01,1.36132518E+01,7.07847116E-01,2.73338142E-01,1.87845200E-02
2.17709843E-04,7.23180485E-01,5.86924721E-01,5.28664909786868,3.86300011434536,3.64896007E+00,4456.15275655029,6.30659538E+00,-8.06327576E-01,1.36271874E+01,7.07847073E-01,2.73338062E-01,1.87845200E-02
2.23733548E-04,7.16990820E-01,5.83592630E-01,5.21183694347833,3.83347495276864,3.64907870E+00,4457.37014620113,6.30985242E+00,-7.96550573E-01,1.36402263E+01,7.07847027E-01,2.73337977E-01,1.87845200E-02
2.29664091E-04,7.11123478E-01,5.80437261E-01,5.14189824533729,3.80572375426717,3.64918955E+00,4458.50799750716,6.31293713E+00,-7.87290794E-01,1.36525753E+01,7.07846977E-01,2.73337885E-01,1.87845200E-02
2.35560437E-04,7.05504071E-01,5.77420813E-01,5.07579496967428,3.77938219727083,3.64929292E+00,4459.56932995254,6.31588645E+00,-7.78437320E-01,1.36643822E+01,7.07846923E-01,2.73337785E-01,1.87845200E-02
2.41474107E-04,7.00084529E-01,5.74513707E-01,5.01284791806228,3.75416803015248,3.64939159E+00,4460.58264168908,6.31872921E+00,-7.69903640E-01,1.36757625E+01,7.07846863E-01,2.73337676E-01,1.87845200E-02
2.47451371E-04,6.94819183E-01,5.71692860E-01,4.95243954773482,3.72986282636915,3.64948568E+00,4461.54913264205,6.32148800E+00,-7.61621901E-01,1.36868066E+01,7.07846798E-01,2.73337557E-01,1.87845200E-02
2.53538920E-04,6.89668242E-01,5.68938264E-01,4.89404819693724,3.70628032375875,3.64957524E+00,4462.46928604031,6.32418234E+00,-7.53533568E-01,1.36975925E+01,7.07846726E-01,2.73337427E-01,1.87845200E-02
2.59785793E-04,6.84604185E-01,5.66232084E-01,4.83731295019678,3.68325751821347,3.64966232E+00,4463.36414149514,6.32682964E+00,-7.45586360E-01,1.37081902E+01,7.07846647E-01,2.73337284E-01,1.87845200E-02
2.66245132E-04,6.79595025E-01,5.63558097E-01,4.78183982864463,3.66064906988327,3.64974702E+00,4464.23471164048,6.32944582E+00,-7.37732756E-01,1.37186631E+01,7.07846559E-01,2.73337125E-01,1.87845200E-02
2.72979407E-04,6.74606563E-01,5.60899893E-01,4.72722814843455,3.63831161600441,3.64982901E+00,4465.07758939267,6.33204683E+00,-7.29924780E-01,1.37290752E+01,7.07846461E-01,2.73336949E-01,1.87845200E-02
2.80065575E-04,6.69610837E-01,5.58239664E-01,4.67316200480752,3.61609360540148,3.64991019E+00,4465.91229693222,6.33465015E+00,-7.22109990E-01,1.37394966E+01,7.07846350E-01,2.73336752E-01,1.87845200E-02
2.87599413E-04,6.64566966E-01,5.55557814E-01,4.61920212151289,3.5938323526205,3.64999015E+00,4466.73461275091,6.33727493E+00,-7.14230923E-01,1.37500038E+01,7.07846225E-01,2.73336532E-01,1.87845200E-02
2.95709462E-04,6.59430077E-01,5.52829909E-01,4.56488747927323,3.57132939999038,3.65006988E+00,4467.55471399063,6.33994509E+00,-7.06215818E-01,1.37606926E+01,7.07846082E-01,2.73336281E-01,1.87845200E-02
3.04574090E-04,6.54141329E-01,5.50024095E-01,4.50963434110222,3.54833075106027,3.65015060E+00,4468.3851517396,6.34269186E+00,-6.97970896E-01,1.37716881E+01,7.07845916E-01,2.73335995E-01,1.87845200E-02
3.14456466E-04,6.48609098E-01,5.47094924E-01,4.45255300311339,3.5244789736828,3.65023212E+00,4469.22397645918,6.34555970E+00,-6.89362748E-01,1.37831682E+01,7.07845720E-01,2.73335663E-01,1.87845200E-02
3.25776037E-04,6.42701792E-01,5.43971203E-01,4.39239908092702,3.49921963793457,3.65031716E+00,4470.09918909858,6.34861841E+00,-6.80181891E-01,1.37954123E+01,7.07845484E-01,2.73335271E-01,1.87845200E-02
3.39267954E-04,6.36183681E-01,5.40528966E-01,4.32696797613833,3.47159429496865,3.65040875E+00,4471.04200457635,6.35198943E+00,-6.70063887E-01,1.38089065E+01,7.07845188E-01,2.73334798E-01,1.87845200E-02
3.56132849E-04,6.28689413E-01,5.36579509E-01,4.25294153962276,3.44016686896705,3.65050991E+00,4472.08356349094,6.35585775E+00,-6.58453289E-01,1.38243915E+01,7.07844804E-01,2.73334207E-01,1.87845200E-02
3.77213968E-04,6.20069528E-01,5.32046336E-01,4.16936127156745,3.40444510667544,3.65062153E+00,4473.23310174469,6.36029847E+00,-6.45124264E-01,1.38421678E+01,7.07844308E-01,2.73333438E-01,1.87845200E-02
4.03565367E-04,6.10011356E-01,5.26770026E-01,4.07390930186566,3.36333421992923,3.65074514E+00,4474.50646593257,6.36546815E+00,-6.29606631E-01,1.38628621E+01,7.07843683E-01,2.73332447E-01,1.87845200E-02
4.36504615E-04,5.97876803E-01,5.20423300E-01,3.96165637383699,3.31454027117921,3.65088486E+00,4475.94622316072,6.37168797E+00,-6.10936161E-01,1.38877603E+01,7.07842923E-01,2.73331198E-01,1.87845200E-02
4.77678676E-04,5.82442135E-01,5.12381509E-01,3.82333308523516,3.25372998046198,3.65104709E+00,4477.61851794178,6.37957102E+00,-5.87273226E-01,1.39193166E+01,7.07842050E-01,2.73329677E-01,1.87845200E-02
5.10617924E-04,5.69306008E-01,5.05565111E-01,3.70941998963841,3.20306027301786,3.65117126E+00,4478.89890579756,6.38625453E+00,-5.67211117E-01,1.39460715E+01,7.07841418E-01,2.73327932E-01,1.87845200E-02
5.36969323E-04,5.58060165E-01,4.99746817E-01,3.61459934034784,3.16043466734141,3.65126894E+00,4479.90639741304,6.39196054E+00,-5.50083238E-01,1.39689138E+01,7.07840978E-01,2.73326668E-01,1.87845200E-02
5.58050442E-04,5.48502729E-01,4.94818991E-01,3.53592242980331,3.1247767242848,3.65134350E+00,4480.67557710357,6.39679408E+00,-5.35574409E-01,1.39882637E+01,7.07840676E-01,2.73325786E-01,1.87845200E-02
5.74915337E-04,5.40484505E-01,4.90693984E-01,3.47123890787576,3.09523753997733,3.65140145E+00,4481.27349507122,6.40084073E+00,-5.23427544E-01,1.40044637E+01,7.07840471E-01,2.73325183E-01,1.87845200E-02
5.88407253E-04,5.33833892E-01,4.87279523E-01,3.41848667978081,3.07099792499468,3.65144602E+00,4481.73341481953,6.40419077E+00,-5.13371388E-01,1.40178749E+01,7.07840332E-01,2.73324773E-01,1.87845200E-02
5.99200786E-04,5.28368459E-01,4.84479091E-01,3.37573587400998,3.0512591234918,3.65147988E+00,4482.08284916788,6.40693864E+00,-5.05122570E-01,1.40288756E+01,7.07840236E-01,2.73324495E-01,1.87845200E-02
6.07835613E-04,5.23910170E-01,4.82198327E-01,3.34125921865172,3.03527697188227,3.65150569E+00,4482.3492260175,6.40917679E+00,-4.98403714E-01,1.40378357E+01,7.07840170E-01,2.73324304E-01,1.87845200E-02
6.14743474E-04,5.20294644E-01,4.80350237E-01,3.31355851259555,3.02238814425803,3.65152585E+00,4482.55730201559,6.41099048E+00,-4.92959072E-01,1.40450965E+01,7.07840123E-01,2.73324171E-01,1.87845200E-02
6.20269763E-04,5.17372379E-01,4.78858241E-01,3.29133720474572,3.01202270287383,3.65154129E+00,4482.71666833942,6.41245482E+00,-4.88563186E-01,1.40509588E+01,7.07840090E-01,2.73324077E-01,1.87845200E-02
6.24690794E-04,5.15015479E-01,4.77656791E-01,3.27352362070398,3.00370163537487,3.65155279E+00,4482.83537103166,6.41363403E+00,-4.85023248E-01,1.40556795E+01,7.07840065E-01,2.73324010E-01,1.87845200E-02
6.28279629E-04,5.13093287E-01,4.76676812E-01,3.25906698652017,2.99693146884189,3.65156223E+00,4482.93281280812,6.41459591E+00,-4.82135748E-01,1.40595303E+01,7.07840047E-01,2.73323961E-01,1.87845200E-02
6.31837235E-04,5.11180401E-01,4.75701243E-01,3.24474372332139,2.99020692546924,3.65157179E+00,4483.03149540985,6.41555350E+00,-4.79261135E-01,1.40633638E+01,7.07840030E-01,2.73323925E-01,1.87845200E-02
6.35375738E-04,5.09266402E-01,4.74727337E-01,3.23047513038813,2.9835088951185,3.65158024E+00,4483.11872190304,6.41650949E+00,-4.76391326E-01,1.40671910E+01,7.07840015E-01,2.73323891E-01,1.87845200E-02
6.38904314E-04,5.07350716E-01,4.73753077E-01,3.21625678940683,2.97682344182666,3.65158845E+00,4483.20347258291,6.41746584E+00,-4.73520439E-01,1.40710196E+01,7.07840001E-01,2.73323861E-01,1.87845200E-02
6.42433484E-04,5.05430318E-01,4.72776090E-01,3.20206628592695,2.97013431933714,3.65159685E+00,4483.29018626438,6.41842491E+00,-4.70641390E-01,1.40748591E+01,7.07839988E-01,2.73323832E-01,1.87845200E-02
6.45974324E-04,5.03499720E-01,4.71793788E-01,3.18786352040367,2.96342396044085,3.65160535E+00,4483.37793395885,6.41938924E+00,-4.67746555E-01,1.40787196E+01,7.07839976E-01,2.73323806E-01,1.87845200E-02
6.49538962E-04,5.01549252E-01,4.70803279E-01,3.17357854920083,2.95667288840089,3.65161299E+00,4483.45680511685,6.42036167E+00,-4.64827431E-01,1.40826126E+01,7.07839965E-01,2.73323783E-01,1.87845200E-02
6.53140358E-04,4.99573710E-01,4.69801411E-01,3.15917518934369,2.94986004140927,3.65162003E+00,4483.52948343318,6.42134525E+00,-4.61874822E-01,1.40865502E+01,7.07839955E-01,2.73323761E-01,1.87845200E-02
6.56793786E-04,4.97568841E-01,4.68784452E-01,3.14462484234658,2.94296062807728,3.65162730E+00,4483.60453741964,6.42234369E+00,-4.58877640E-01,1.40905473E+01,7.07839946E-01,2.73323741E-01,1.87845200E-02
6.60517015E-04,4.95526233E-01,4.67747980E-01,3.12986952159972,2.93594543575093,3.65163488E+00,4483.68279312032,6.42336132E+00,-4.55822826E-01,1.40946213E+01,7.07839937E-01,2.73323723E-01,1.87845200E-02
6.64331057E-04,4.93430983E-01,4.66686736E-01,3.11480585943179,2.92877990436477,3.65164169E+00,4483.75310052806,6.42440334E+00,-4.52694846E-01,1.40987928E+01,7.07839930E-01,2.73323706E-01,1.87845200E-02
6.68259901E-04,4.91272602E-01,4.65594636E-01,3.0993641264828,2.92142429094899,3.65164814E+00,4483.81969226123,6.42547563E+00,-4.49475956E-01,1.41030856E+01,7.07839923E-01,2.73323691E-01,1.87845200E-02
6.72334196E-04,4.89038954E-01,4.64463997E-01,3.08346450888611,2.9138285684539,3.65165505E+00,4483.89103426959,6.42658584E+00,-4.46143288E-01,1.41075302E+01,7.07839917E-01,2.73323677E-01,1.87845200E-02
6.76591819E-04,4.86710847E-01,4.63285231E-01,3.06697931551202,2.90593055195395,3.65166241E+00,4483.9670235327,6.42774335E+00,-4.42668606E-01,1.41121642E+01,7.07839911E-01,2.73323664E-01,1.87845200E-02
6.81081454E-04,4.84254427E-01,4.62046062E-01,3.0496810910059,2.89765090111079,3.65166789E+00,4484.0236033313,6.42896023E+00,-4.39015745E-01,1.41170358E+01,7.07839906E-01,2.73323653E-01,1.87845200E-02
6.85864751E-04,4.81648317E-01,4.60730997E-01,3.0314353941493,2.88888994300772,3.65167389E+00,4484.08555283466,6.43025164E+00,-4.35139138E-01,1.41222058E+01,7.07839901E-01,2.73323643E-01,1.87845200E-02
6.91029665E-04,4.78849628E-01,4.59318060E-01,3.01196296853371,2.87950647869326,3.65168069E+00,4484.15576330646,6.43163926E+00,-4.30973768E-01,1.41277610E+01,7.07839897E-01,2.73323633E-01,1.87845200E-02
6.96696354E-04,4.75788853E-01,4.57777437E-01,2.99081019920441,2.86930976929953,3.65168581E+00,4484.20862838718,6.43315233E+00,-4.26431803E-01,1.41338185E+01,7.07839894E-01,2.73323625E-01,1.87845200E-02
7.03036581E-04,4.72392094E-01,4.56066988E-01,2.96750933633635,2.85803134805295,3.65169184E+00,4484.27089020923,6.43483227E+00,-4.21388966E-01,1.41405440E+01,7.07839891E-01,2.73323618E-01,1.87845200E-02
7.10318421E-04,4.68521804E-01,4.54121674E-01,2.94118135371331,2.8452581367951,3.65169693E+00,4484.32344688111,6.43674300E+00,-4.15653358E-01,1.41481934E+01,7.07839888E-01,2.73323612E-01,1.87845200E-02
7.18962516E-04,4.63979458E-01,4.51841319E-01,2.91057944526743,2.83035766065965,3.65170152E+00,4484.37084134328,6.43898293E+00,-4.08929579E-01,1.41571609E+01,7.07839886E-01,2.73323607E-01,1.87845200E-02
7.29683547E-04,4.58427568E-01,4.49059762E-01,2.87360829083237,2.81228779451439,3.65170432E+00,4484.39975324374,6.44171539E+00,-4.00727289E-01,1.41681002E+01,7.07839885E-01,2.73323603E-01,1.87845200E-02
7.43084836E-04,4.51625074E-01,4.45657513E-01,2.82894871266191,2.79034249402607,3.65170482E+00,4484.40491610273,6.44505787E+00,-3.90693483E-01,1.41814819E+01,7.07839884E-01,2.73323600E-01,1.87845200E-02
7.59836447E-04,4.43331854E-01,4.41520598E-01,2.77544006961341,2.76388900357972,3.65169998E+00,4484.35493987748,6.44912256E+00,-3.78491194E-01,1.41977551E+01,7.07839883E-01,2.73323598E-01,1.87845200E-02
7.80775961E-04,4.33283322E-01,4.36523555E-01,2.71196026461489,2.73226963103847,3.65168637E+00,4484.2144105432,6.45403305E+00,-3.63749271E-01,1.42174146E+01,7.07839883E-01,2.73323597E-01,1.87845200E-02
8.06950354E-04,4.21189593E-01,4.30531309E-01,2.63748253812994,2.69482960002428,3.65165906E+00,4483.93243586875,6.45992248E+00,-3.46068436E-01,1.42409937E+01,7.07839883E-01,2.73323597E-01,1.87845200E-02
8.39668345E-04,4.06738163E-01,4.23403824E-01,2.55116273785789,2.65096396295439,3.65160994E+00,4483.42531842797,6.46692897E+00,-3.25034211E-01,1.42690455E+01,7.07839883E-01,2.73323597E-01,1.87845200E-02
8.80565833E-04,3.89606232E-01,4.15002886E-01,2.45248427825843,2.60017684196053,3.65152743E+00,4482.57360996725,6.47518904E+00,-3.00237013E-01,1.43021170E+01,7.07839883E-01,2.73323597E-01,1.87845200E-02
9.26367749E-04,3.71465067E-01,4.06161134E-01,2.3521502877367,2.54777536495276,3.65141301E+00,4481.39277867536,6.48388441E+00,-2.74132734E-01,1.43369326E+01,7.07839883E-01,2.73323597E-01,1.87845200E-02
9.74748361E-04,3.53339607E-01,3.97382570E-01,2.25600265803602,2.49679318355363,3.65127093E+00,4479.92692503779,6.49251955E+00,-2.48206723E-01,1.43715082E+01,7.07839883E-01,2.73323597E-01,1.87845200E-02
1.02589980E-03,3.35211885E-01,3.88657673E-01,2.16377393529071,2.44713356009,3.65110145E+00,4478.17900992736,6.50110389E+00,-2.22431664E-01,1.44058815E+01,7.07839883E-01,2.73323597E-01,1.87845200E-02
1.07998230E-03,3.17070068E-01,3.79985095E-01,2.07524830588779,2.39875059241253,3.65090228E+00,4476.12576158505,6.50963862E+00,-1.96804805E-01,1.44400574E+01,7.07839883E-01,2.73323597E-01,1.87845200E-02
1.13711823E-03,2.98929263E-01,3.71370208E-01,1.99034912857536,2.35163658501218,3.65067452E+00,4473.77893203593,6.51811831E+00,-1.71342344E-01,1.44740141E+01,7.07839883E-01,2.73323597E-01,1.87845200E-02
1.19747975E-03,2.80787677E-01,3.62811627E-01,1.908919775222,2.30574686593779,3.65041842E+00,4471.14155789633,6.52654428E+00,-1.46040140E-01,1.45077570E+01,7.07839883E-01,2.73323597E-01,1.87845200E-02
1.26124432E-03,2.62642918E-01,3.54308546E-01,1.830808491215,2.26104156444489,3.65013377E+00,4468.21199396739,6.53491725E+00,-1.20895913E-01,1.45412890E+01,7.07839883E-01,2.73323597E-01,1.87845200E-02
1.32859387E-03,2.44485632E-01,3.45860943E-01,1.75584280373801,2.21748628790732,3.64981825E+00,4464.96696482408,6.54323712E+00,-9.59113754E-02,1.45746098E+01,7.07839883E-01,2.73323597E-01,1.87845200E-02
1.39968616E-03,2.26334283E-01,3.37472458E-01,1.68396973921148,2.17506609174216,3.64947465E+00,4461.43582182629,6.55150011E+00,-7.10973150E-02,1.46077044E+01,7.07839883E-01,2.73323597E-01,1.87845200E-02
1.47474886E-03,2.08176410E-01,3.29139508E-01,1.61501444091716,2.13373021918297,3.64910166E+00,4457.60580179457,6.55970960E+00,-4.64416046E-02,1.46405865E+01,7.07839883E-01,2.73323597E-01,1.87845200E-02
1.55396820E-03,1.90019497E-01,3.20864355E-01,1.54888615227456,2.0934584951391,3.64870001E+00,4453.48516524386,6.56786339E+00,-2.19506719E-02,1.46732473E+01,7.07839883E-01,2.73323597E-01,1.87845200E-02
1.63757979E-03,1.71856849E-01,3.12645043E-01,1.48544593281828,2.0542109646519,3.64826900E+00,4449.06755335585,6.57596341E+00,2.38131764E-03,1.47056944E+01,7.07839883E-01,2.73323597E-01,1.87845200E-02
1.72580460E-03,1.53697426E-01,3.04482206E-01,1.42461471530653,2.01596137060148,3.64781057E+00,4444.37371073291,6.58400913E+00,2.65515609E-02,1.47379255E+01,7.07839883E-01,2.73323597E-01,1.87845200E-02
1.81892456E-03,1.35531171E-01,2.96372178E-01,1.36625313345973,1.97866457292979,3.64732402E+00,4439.39736571213,6.59200402E+00,5.05694062E-02,1.47699546E+01,7.07839883E-01,2.73323597E-01,1.87845200E-02
1.91717111E-03,1.17364173E-01,2.88317530E-01,1.31028018392341,1.94230545548341,3.64680959E+00,4434.14192904889,6.59966334E+00,7.47340443E-02,1.48017922E+01,7.07839883E-01,2.73323597E-01,1.87845200E-02
2.02302616E-03,9.88369722E-02,2.80158909E-01,1.25555855689227,1.90615805645856,3.64625710E+00,4428.50459870763,6.60725528E+00,9.94470441E-02,1.48341094E+01,7.07839833E-01,2.73323644E-01,1.87845227E-02
2.13487669E-03,8.03239285E-02,2.72056186E-01,1.20316150562917,1.8709241718683,3.64568020E+00,4422.62584981986,6.61461189E+00,1.24286039E-01,1.48663134E+01,7.07839780E-01,2.73323694E-01,1.87845256E-02
2.25315459E-03,6.18202219E-02,2.64005015E-01,1.15297587961406,1.83655955083164,3.64507986E+00,4416.51652756161,6.62175399E+00,1.49284248E-01,1.48984589E+01,7.07839722E-01,2.73323748E-01,1.87845288E-02
2.37829368E-03,4.33209771E-02,2.56003935E-01,1.10489492072826,1.80303407748655,3.64445559E+00,4410.17263358707,6.62870037E+00,1.74463873E-01,1.49305883E+01,7.07839660E-01,2.73323806E-01,1.87845321E-02
2.51072459E-03,2.48614714E-02,2.48053655E-01,1.05891590477761,1.77032766029781,3.64381585E+00,4403.68098571934,6.63546797E+00,1.99841396E-01,1.49627351E+01,7.07839594E-01,2.73323868E-01,1.87845357E-02
2.65118038E-03,6.40735669E-03,2.40140748E-01,1.01486285384512,1.73836411389281,3.64315878E+00,4397.02343192854,6.64208480E+00,2.25480078E-01,1.49949908E+01,7.07839521E-01,2.73323936E-01,1.87845395E-02
2.80019178E-03,-1.20232254E-02,2.32267155E-01,0.972695204144622,1.70713220353417,3.64248793E+00,4390.23664037005,6.64856549E+00,2.51395753E-01,1.50273855E+01,7.07839443E-01,2.73324009E-01,1.87845436E-02
2.95848612E-03,-3.04272825E-02,2.24427578E-01,0.932336566058832,1.67659272749156,3.64180670E+00,4383.35555710024,6.65493051E+00,2.77628616E-01,1.50599810E+01,7.07839359E-01,2.73324088E-01,1.87845480E-02
3.12688922E-03,-4.87905361E-02,2.16615930E-01,0.893736436437513,1.64670547706706,3.64112171E+00,4376.44736874847,6.66120050E+00,3.04224570E-01,1.50928442E+01,7.07839267E-01,2.73324174E-01,1.87845528E-02
3.30645323E-03,-6.71362101E-02,2.08821437E-01,0.856769090017208,1.6174148902641,3.64043254E+00,4369.50801186509,6.66739981E+00,3.31251143E-01,1.51260664E+01,7.07839167E-01,2.73324267E-01,1.87845580E-02
3.49810520E-03,-8.54305045E-02,2.01043406E-01,0.821427986651639,1.58870552543911,3.63974798E+00,4362.62596679217,6.67354487E+00,3.58743704E-01,1.51596992E+01,7.07839058E-01,2.73324368E-01,1.87845636E-02
3.70324559E-03,-1.03680804E-01,1.93268143E-01,0.787624462052214,1.56051570228839,3.63907304E+00,4355.85124587036,6.67966337E+00,3.86790411E-01,1.51938583E+01,7.07838939E-01,2.73324478E-01,1.87845696E-02
3.92336427E-03,-1.21883667E-01,1.85486026E-01,0.755294518769332,1.53280188563922,3.63841338E+00,4349.24006420809,6.68578005E+00,4.15468704E-01,1.52286477E+01,7.07838808E-01,2.73324599E-01,1.87845763E-02
4.16018340E-03,-1.40033752E-01,1.77687372E-01,0.724379661380362,1.50552292147347,3.63777519E+00,4342.853606985,6.69192101E+00,4.44866460E-01,1.52641820E+01,7.07838664E-01,2.73324731E-01,1.87845835E-02
4.41572657E-03,-1.58106712E-01,1.69861344E-01,0.694853561737994,1.47863623269334,3.63716996E+00,4336.80564927384,6.69811512E+00,4.75086643E-01,1.53005930E+01,7.07838504E-01,2.73324878E-01,1.87845915E-02
4.69267567E-03,-1.76100900E-01,1.61988304E-01,0.666651867434485,1.45207251124517,3.63660793E+00,4331.19692407769,6.70440102E+00,5.06281386E-01,1.53380705E+01,7.07838326E-01,2.73325039E-01,1.87846003E-02
4.98884580E-03,-1.93716937E-01,1.54180616E-01,0.640151935620181,1.42620060387913,3.63610777E+00,4326.21172485034,6.71071327E+00,5.38070235E-01,1.53761697E+01,7.07838131E-01,2.73325216E-01,1.87846099E-02
5.30042335E-03,-2.10638016E-01,1.46562741E-01,0.615689835742285,1.4014020259503,3.63568644E+00,4322.01669366112,6.71697320E+00,5.69978115E-01,1.54143383E+01,7.07837919E-01,2.73325407E-01,1.87846202E-02
5.62763470E-03,-2.26802656E-01,1.39141645E-01,0.593194811872533,1.37765871855888,3.63535583E+00,4318.727777372,6.72319480E+00,6.01993737E-01,1.54525784E+01,7.07837689E-01,2.73325612E-01,1.87846313E-02
5.97063938E-03,-2.42153562E-01,1.31923585E-01,0.57259353208522,1.35495098498601,3.63512713E+00,4316.45412880105,6.72939179E+00,6.34106657E-01,1.54908927E+01,7.07837441E-01,2.73325832E-01,1.87846432E-02
6.32952081E-03,-2.56658950E-01,1.24914713E-01,0.553784823868187,1.3332595801701,3.63500522E+00,4315.24263499971,6.73557689E+00,6.66302392E-01,1.55292816E+01,7.07837172E-01,2.73326068E-01,1.87846560E-02
6.70429763E-03,-2.70268335E-01,1.18120414E-01,0.536700086151109,1.31256377457385,3.63500002E+00,4315.19096699954,6.74176244E+00,6.98568910E-01,1.55677464E+01,7.07836882E-01,2.73326320E-01,1.87846696E-02
7.09491253E-03,-2.82923526E-01,1.11544952E-01,0.521286495264092,1.2928405103795,3.63512395E+00,4316.42252288744,6.74796041E+00,7.30896903E-01,1.56062887E+01,7.07836567E-01,2.73326590E-01,1.87846842E-02
7.50122631E-03,-2.94602771E-01,1.05192149E-01,0.507454641274609,1.27406665364924,3.63538054E+00,4318.97350648849,6.75418205E+00,7.63276839E-01,1.56449090E+01,7.07836228E-01,2.73326877E-01,1.87846997E-02
7.92302118E-03,-3.05248094E-01,9.90657378E-02,0.495167241970619,1.25622009941933,3.63578242E+00,4322.97197405671,6.76043804E+00,7.95697744E-01,1.56836100E+01,7.07835860E-01,2.73327183E-01,1.87847163E-02
8.35997860E-03,-3.14844304E-01,9.31686012E-02,0.484345976087897,1.23927760378288,3.63633194E+00,4328.4453641405,6.76673852E+00,8.28147585E-01,1.57223902E+01,7.07835464E-01,2.73327509E-01,1.87847339E-02
8.81171842E-03,-3.23343044E-01,8.75027100E-02,0.474959912598818,1.22321475189302,3.63704020E+00,4335.5100771135,6.77309373E+00,8.60617960E-01,1.57612507E+01,7.07835034E-01,2.73327854E-01,1.87847527E-02
9.27777140E-03,-3.30727464E-01,8.20694827E-02,0.466952318401432,1.20800708849489,3.63791070E+00,4344.20888995365,6.77951285E+00,8.93099036E-01,1.58001904E+01,7.07834570E-01,2.73328220E-01,1.87847725E-02
9.75760567E-03,-3.36952085E-01,7.68701887E-02,0.46030735573778,1.19363127288353,3.63895420E+00,4354.65947723064,6.78600522E+00,9.25580019E-01,1.58392104E+01,7.07834067E-01,2.73328606E-01,1.87847935E-02
1.02506014E-02,-3.42019029E-01,7.19041037E-02,0.454968124879209,1.18006003854336,3.64017050E+00,4366.8723796573,6.79257828E+00,9.58050310E-01,1.58783071E+01,7.07833522E-01,2.73329014E-01,1.87848158E-02
1.07561098E-02,-3.45891563E-01,6.71711886E-02,0.450929280953314,1.16726963643856,3.64156883E+00,4380.95538086318,6.79924029E+00,9.90503964E-01,1.59174818E+01,7.07832931E-01,2.73329445E-01,1.87848393E-02
1.12733984E-02,-3.48599334E-01,6.26696067E-02,0.44812654053639,1.15523305422758,3.64314268E+00,4396.86043016814,6.80599819E+00,1.02293067E+00,1.59567308E+01,7.07832289E-01,2.73329897E-01,1.87848640E-02
1.18017172E-02,-3.50278757E-01,5.84042357E-02,0.446396975049552,1.14394260642541,3.64485551E+00,4414.23561071749,6.81285637E+00,1.05531514E+00,1.59960463E+01,7.07831590E-01,2.73330373E-01,1.87848901E-02
1.23403613E-02,-3.50820520E-01,5.43725594E-02,0.445840461913858,1.13337220936024,3.64673590E+00,4433.38961877853,6.81982061E+00,1.08765315E+00,1.60354294E+01,7.07830827E-01,2.73330871E-01,1.87849175E-02
1.28885584E-02,-3.50175759E-01,5.05713341E-02,0.446502855851847,1.12349549183973,3.64879771E+00,4454.48714538331,6.82689708E+00,1.11994085E+00,1.60748814E+01,7.07829993E-01,2.73331394E-01,1.87849462E-02
1.34454720E-02,-3.48341318E-01,4.69969378E-02,0.448392853315805,1.11428667675534,3.65104351E+00,4477.58160794431,6.83409116E+00,1.15217067E+00,1.61144002E+01,7.07829078E-01,2.73331940E-01,1.87849764E-02
1.40102460E-02,-3.45328427E-01,4.36441139E-02,0.451514366022956,1.10571732368698,3.65347315E+00,4502.70142741745,6.84140718E+00,1.18433151E+00,1.61539817E+01,7.07828073E-01,2.73332510E-01,1.87850079E-02
1.45820417E-02,-3.41175991E-01,4.05083508E-02,0.455852151611222,1.09776239831557,3.65607914E+00,4529.80117402661,6.84884898E+00,1.21641674E+00,1.61936218E+01,7.07826963E-01,2.73333106E-01,1.87850409E-02
1.51600453E-02,-3.35895645E-01,3.75842195E-02,0.461428436157173,1.09039592425852,3.65886129E+00,4558.91284858881,6.85642043E+00,1.24842148E+00,1.62333175E+01,7.07825735E-01,2.73333726E-01,1.87850754E-02
1.57434579E-02,-3.29525960E-01,3.48638901E-02,0.468245961083678,1.08358725953871,3.66181388E+00,4590.01262413348,6.86412493E+00,1.28033731E+00,1.62730648E+01,7.07824371E-01,2.73334371E-01,1.87851113E-02
1.63315162E-02,-3.22062385E-01,3.23413585E-02,0.476362553947741,1.07731165542698,3.66494104E+00,4623.18252619798,6.87196599E+00,1.31215453E+00,1.63128600E+01,7.07822851E-01,2.73335041E-01,1.87851487E-02
1.69234881E-02,-3.13593631E-01,3.00083474E-02,0.485742796733619,1.07153990067821,3.66822473E+00,4658.27078023215,6.87994542E+00,1.34386405E+00,1.63526948E+01,7.07821149E-01,2.73335738E-01,1.87851877E-02
1.75187506E-02,-3.04205481E-01,2.78589832E-02,0.496357420581642,1.06624985029695,3.67164645E+00,4695.11733361085,6.88806532E+00,1.37545932E+00,1.63925627E+01,7.07819236E-01,2.73336461E-01,1.87852283E-02
1.81167649E-02,-2.93948448E-01,2.58880341E-02,0.508219766123359,1.06142187567298,3.67519618E+00,4733.65039670245,6.89632803E+00,1.40693123E+00,1.64324578E+01,7.07817079E-01,2.73337211E-01,1.87852704E-02
1.87170720E-02,-2.82852752E-01,2.40914722E-02,0.521371452679532,1.05704012222784,3.67886839E+00,4773.84583571787,6.90473693E+00,1.43826869E+00,1.64723736E+01,7.07814635E-01,2.73337989E-01,1.87853142E-02
1.93193020E-02,-2.70946914E-01,2.24627922E-02,0.53586215463799,1.05308346126001,3.68265919E+00,4815.69740328821,6.91329798E+00,1.46945979E+00,1.65123031E+01,7.07811855E-01,2.73338796E-01,1.87853597E-02
1.99231841E-02,-2.58267805E-01,2.09926338E-02,0.551737109092282,1.04952462719687,3.68656404E+00,4859.19178106093,6.92201390E+00,1.50049562E+00,1.65522387E+01,7.07808680E-01,2.73339633E-01,1.87854069E-02
2.05285577E-02,-2.44904449E-01,1.96756172E-02,0.568978100396942,1.04634671986074,3.69056339E+00,4904.14598909161,6.93088815E+00,1.53136177E+00,1.65921705E+01,7.07805039E-01,2.73340504E-01,1.87854560E-02
2.11354077E-02,-2.30904234E-01,1.85030829E-02,0.587618913717472,1.04352554031404,3.69464971E+00,4950.50735406334,6.93992459E+00,1.56204171E+00,1.66320874E+01,7.07800848E-01,2.73341410E-01,1.87855070E-02
2.17438850E-02,-2.16330281E-01,1.74650376E-02,0.607672690361148,1.04103429692781,3.69881222E+00,4998.18377064869,6.94912847E+00,1.59252102E+00,1.66719776E+01,7.07796003E-01,2.73342359E-01,1.87855600E-02
2.23543180E-02,-2.01171333E-01,1.65454857E-02,0.629257886101866,1.03883239851933,3.70306174E+00,5047.3304612271,6.95850845E+00,1.62278509E+00,1.67118316E+01,7.07790382E-01,2.73343358E-01,1.87856152E-02
2.29671803E-02,-1.85599229E-01,1.57377089E-02,0.652230000364035,1.03690199222788,3.70735865E+00,5097.51661494051,6.96807356E+00,1.65280332E+00,1.67516292E+01,7.07783837E-01,2.73344424E-01,1.87856728E-02
2.35832570E-02,-1.69670275E-01,1.50353045E-02,0.676596465921966,1.03522631847863,3.71169209E+00,5148.63482615837,6.97783810E+00,1.68253742E+00,1.67913484E+01,7.07776187E-01,2.73345587E-01,1.87857329E-02
2.42036730E-02,-1.53470339E-01,1.44288655E-02,0.702311307836691,1.03378176065105,3.71604529E+00,5200.50226664647,6.98782495E+00,1.71193758E+00,1.68309594E+01,7.07767218E-01,2.73346904E-01,1.87857958E-02
2.48292006E-02,-1.37092563E-01,1.39093225E-02,0.729302054490442,1.03254579527031,3.72039951E+00,5252.90455781987,6.99806029E+00,1.74089058E+00,1.68703705E+01,7.07756686E-01,2.73348490E-01,1.87858618E-02
2.54282999E-02,-1.21393770E-01,1.34896206E-02,0.756146994008051,1.03154842570312,3.72453406E+00,5303.1518152239,7.00804293E+00,1.76780427E+00,1.69074731E+01,7.07744960E-01,2.73350454E-01,1.87859277E-02
2.59213641E-02,-1.08456107E-01,1.32119275E-02,0.779011543221071,1.03088905209705,3.72790732E+00,5344.50293616961,7.01642001E+00,1.78922549E+00,1.69374372E+01,7.07733882E-01,2.73352680E-01,1.87859842E-02
2.63251108E-02,-9.78985201E-02,1.30158022E-02,0.798181173365236,1.03042361266051,3.73064478E+00,5378.29698595932,7.02342591E+00,1.80613943E+00,1.69614872E+01,7.07723807E-01,2.73355193E-01,1.87860323E-02
2.66593062E-02,-8.92342811E-02,1.28605533E-02,0.814264908549876,1.03005532904295,3.73288847E+00,5406.15471109449,7.02935701E+00,1.81960443E+00,1.69809846E+01,7.07714798E-01,2.73357991E-01,1.87860734E-02
2.69408254E-02,-8.20030505E-02,1.27267717E-02,0.827936348237338,1.02973807604216,3.73476316E+00,5429.54153812721,7.03447142E+00,1.83048788E+00,1.69970613E+01,7.07706778E-01,2.73361057E-01,1.87861090E-02
2.71830204E-02,-7.58718703E-02,1.26024142E-02,0.83970768854862,1.02944325921645,3.73635814E+00,5449.518609647,7.03897655E+00,1.83945151E+00,1.70105918E+01,7.07699607E-01,2.73364378E-01,1.87861405E-02
2.73958184E-02,-7.05800486E-02,1.24801111E-02,0.850002007471697,1.02915339512503,3.73774224E+00,5466.91397405965,7.04302833E+00,1.84697331E+00,1.70222140E+01,7.07693140E-01,2.73367948E-01,1.87861689E-02
2.75864381E-02,-6.59250886E-02,1.23577750E-02,0.859161705418315,1.02886353447319,3.73896715E+00,5482.35494863338,7.04674102E+00,1.85339209E+00,1.70323843E+01,7.07687251E-01,2.73371769E-01,1.87861949E-02
2.77601610E-02,-6.17723964E-02,1.22318492E-02,0.867416349318442,1.02856525372697,3.74006829E+00,5496.27292402007,7.05019843E+00,1.85894985E+00,1.70414306E+01,7.07681833E-01,2.73375846E-01,1.87862191E-02
2.79209451E-02,-5.80118269E-02,1.21001075E-02,0.874959947605538,1.02825328940244,3.74107430E+00,5509.0193778888,7.05346376E+00,1.86382302E+00,1.70495940E+01,7.07676802E-01,2.73380191E-01,1.87862420E-02
2.80718033E-02,-5.45550036E-02,1.19628962E-02,0.881952095416077,1.02792847365857,3.74200711E+00,5520.86477624296,7.05658500E+00,1.86814144E+00,1.70570533E+01,7.07672087E-01,2.73384820E-01,1.87862640E-02
2.82151258E-02,-5.13591384E-02,1.18160878E-02,0.888466099856888,1.02758105264075,3.74287948E+00,5531.96571684542,7.05960002E+00,1.87200340E+00,1.70639454E+01,7.07667450E-01,2.73389927E-01,1.87862853E-02
2.83528847E-02,-4.83694968E-02,1.16585348E-02,0.894603315121861,1.02720833523083,3.74370567E+00,5542.4995943379,7.06254007E+00,1.87548496E+00,1.70703782E+01,7.07662824E-01,2.73395553E-01,1.87863061E-02
2.84867469E-02,-4.55423077E-02,1.14886126E-02,0.900446039654568,1.02680650797872,3.74449743E+00,5552.61331271129,7.06543097E+00,1.87864542E+00,1.70764373E+01,7.07658166E-01,2.73401725E-01,1.87863268E-02
2.86182182E-02,-4.28610818E-02,1.13032486E-02,0.906022364810728,1.02636834365327,3.74526042E+00,5562.37699222466,7.06829558E+00,1.88153263E+00,1.70821937E+01,7.07653430E-01,2.73408478E-01,1.87863474E-02
2.87487199E-02,-4.02863899E-02,1.10994803E-02,0.911409623813298,1.02588689089476,3.74600597E+00,5571.93408301144,7.07115484E+00,1.88418589E+00,1.70877078E+01,7.07648567E-01,2.73415857E-01,1.87863682E-02
2.88796667E-02,-3.78043808E-02,1.08735894E-02,0.91663327614203,1.02535343199588,3.74673942E+00,5581.3520886956,7.07402867E+00,1.88663793E+00,1.70930325E+01,7.07643524E-01,2.73423922E-01,1.87863895E-02
2.90121331E-02,-3.54065419E-02,1.06201710E-02,0.921708214604082,1.02475529492494,3.74746559E+00,5590.69229668722,7.07692768E+00,1.88891027E+00,1.70982000E+01,7.07638252E-01,2.73432719E-01,1.87864114E-02
2.91463276E-02,-3.30853708E-02,1.03375229E-02,0.926647651073621,1.02408857932994,3.74818721E+00,5599.98946514264,7.07971253E+00,1.89113898E+00,1.71032123E+01,7.07639514E-01,2.73430585E-01,1.87863951E-02
2.92536833E-02,-3.13224539E-02,1.00957854E-02,0.930416805363653,1.02351870856874,3.74874881E+00,5607.23567367529,7.08187537E+00,1.89284449E+00,1.71070789E+01,7.07639117E-01,2.73431350E-01,1.87863921E-02
2.93395678E-02,-2.99521348E-02,9.89174545E-03,0.933357163871139,1.02303795262025,3.74919341E+00,5612.97890456318,7.08357232E+00,1.89415011E+00,1.71100798E+01,7.07638665E-01,2.73432261E-01,1.87863904E-02
2.94082754E-02,-2.88878863E-02,9.72124433E-03,0.93564718154187,1.02263639356616,3.74954472E+00,5617.52119895169,7.08490905E+00,1.89515613E+00,1.71124210E+01,7.07638297E-01,2.73433043E-01,1.87863892E-02
2.94751262E-02,-2.78926556E-02,9.54680269E-03,0.937793772407924,1.02222571704341,3.74988075E+00,5621.86936866302,7.08619033E+00,1.89609798E+00,1.71146423E+01,7.07637683E-01,2.73434235E-01,1.87863894E-02
2.95494168E-02,-2.68278528E-02,9.34332371E-03,0.94009587528581,1.02174688819504,3.75024869E+00,5626.63430854586,7.08759071E+00,1.89709906E+00,1.71170414E+01,7.07636917E-01,2.73435670E-01,1.87863899E-02
2.96328402E-02,-2.56800697E-02,9.10084296E-03,0.942583710895049,1.02117657286661,3.75065687E+00,5631.92509467187,7.08913431E+00,1.89816460E+00,1.71196476E+01,7.07635933E-01,2.73437459E-01,1.87863910E-02
2.97198589E-02,-2.45583444E-02,8.83283538E-03,0.945021426950216,1.02054658873256,3.75107131E+00,5637.30211229913,7.09071300E+00,1.89921190E+00,1.71222701E+01,7.07634946E-01,2.73439243E-01,1.87863921E-02
2.98082314E-02,-2.34814835E-02,8.54430686E-03,0.947367575433652,1.01986880207423,3.75148479E+00,5642.6717905375,7.09228384E+00,1.90020899E+00,1.71248341E+01,7.07634056E-01,2.73440861E-01,1.87863926E-02
2.98972414E-02,-2.24650389E-02,8.23666276E-03,0.949587438776186,1.01914660658225,3.75189272E+00,5647.97440564786,7.09383316E+00,1.90114490E+00,1.71273150E+01,7.07633293E-01,2.73442271E-01,1.87863923E-02
2.99866802E-02,-2.15222961E-02,7.91016042E-03,0.951650990365046,1.01838070069347,3.75229166E+00,5653.16498072727,7.09535669E+00,1.90201623E+00,1.71297049E+01,7.07631921E-01,2.73444741E-01,1.87863951E-02
3.00764253E-02,-2.06483342E-02,7.56423453E-03,0.953567994046878,1.0175698592005,3.75268311E+00,5658.26274073378,7.09684951E+00,1.90282826E+00,1.71320045E+01,7.07630627E-01,2.73447071E-01,1.87863974E-02
3.01762099E-02,-1.97682276E-02,7.15601497E-03,0.955502378352472,1.01661383334087,3.75310725E+00,5663.79140373003,7.09846531E+00,1.90365501E+00,1.71344410E+01,7.07629835E-01,2.73448501E-01,1.87863967E-02
3.02817976E-02,-1.89520240E-02,6.69791066E-03,0.957299817237437,1.01554204988382,3.75354035E+00,5669.44243473915,7.10012921E+00,1.90443484E+00,1.71368775E+01,7.07628133E-01,2.73451512E-01,1.87864004E-02
3.03813093E-02,-1.82768951E-02,6.24222187E-03,0.95878913706697,1.01447703881888,3.75393698E+00,5674.62255603017,7.10165310E+00,1.90509696E+00,1.71390565E+01,7.07626764E-01,2.73453960E-01,1.87864025E-02
3.04896690E-02,-1.76589077E-02,5.71661138E-03,0.960154435036647,1.01324999758821,3.75435428E+00,5680.07774400524,7.10326065E+00,1.90573457E+00,1.71412935E+01,7.07625149E-01,2.73456801E-01,1.87864055E-02
3.06041387E-02,-1.71466180E-02,5.12876466E-03,0.961287692466739,1.01187942352427,3.75477628E+00,5685.5997062987,7.10490132E+00,1.90631804E+00,1.71435086E+01,7.07623398E-01,2.73459849E-01,1.87864089E-02
3.07237928E-02,-1.67509632E-02,4.47736312E-03,0.962163852325245,1.01036283566762,3.75520089E+00,5691.16123917735,7.10655415E+00,1.90683324E+00,1.71456667E+01,7.07621552E-01,2.73463030E-01,1.87864125E-02
3.08486606E-02,-1.65128787E-02,3.75825207E-03,0.962691464605993,1.00869124665381,3.75561997E+00,5696.65567456711,7.10821187E+00,1.90727241E+00,1.71477526E+01,7.07618586E-01,2.73468147E-01,1.87864215E-02
3.09791826E-02,-1.64346841E-02,2.96227192E-03,0.962864812540098,1.00684419836791,3.75603751E+00,5702.13519476746,7.10986753E+00,1.90765982E+00,1.71497844E+01,7.07616497E-01,2.73471594E-01,1.87864257E-02
3.11338263E-02,-1.65978136E-02,1.95830620E-03,0.962503209604575,1.00451934825338,3.75649871E+00,5708.19380644695,7.11173182E+00,1.90798772E+00,1.71519627E+01,7.07613571E-01,2.73476331E-01,1.87864329E-02
3.12877852E-02,-1.70078945E-02,8.99800366E-04,0.961594798587235,1.00207401470873,3.75692544E+00,5713.80533215516,7.11349277E+00,1.90819216E+00,1.71539136E+01,7.07609646E-01,2.73482827E-01,1.87864453E-02
3.14472884E-02,-1.76910687E-02,-2.59520293E-04,0.960083334931229,0.999402610949943,3.75733430E+00,5719.18704100852,7.11521227E+00,1.90833187E+00,1.71557579E+01,7.07605536E-01,2.73489464E-01,1.87864581E-02
3.16405438E-02,-1.89005368E-02,-1.75083509E-03,0.957413315361398,0.995976668593813,3.75777760E+00,5725.02780138027,7.11715168E+00,1.90840938E+00,1.71577571E+01,7.07600107E-01,2.73497936E-01,1.87864759E-02
3.18636066E-02,-2.07554963E-02,-3.57771221E-03,0.953332730310413,0.991795852425379,3.75822729E+00,5730.95884862014,7.11921166E+00,1.90839352E+00,1.71597812E+01,7.07593488E-01,2.73507922E-01,1.87864980E-02
3.21119013E-02,-2.33646162E-02,-5.72820368E-03,0.947622543418060,0.986896926207008,3.75865026E+00,5736.54308824665,7.12129930E+00,1.90826475E+00,1.71617185E+01,7.07585832E-01,2.73519084E-01,1.87865238E-02
3.23860263E-02,-2.68662424E-02,-8.22452106E-03,0.940012778882159,0.981240531273387,3.75902301E+00,5741.46881128848,7.12337254E+00,1.90801093E+00,1.71635145E+01,7.07575744E-01,2.73533893E-01,1.87865597E-02
3.26906197E-02,-3.14132407E-02,-1.11170320E-02,0.930222327331769,0.974726936672058,3.75933252E+00,5745.56206013539,7.12540766E+00,1.90772979E+00,1.71652444E+01,7.07562845E-01,2.73552558E-01,1.87866069E-02
3.30342009E-02,-3.72283432E-02,-1.44757359E-02,0.917849882805516,0.96721776374681,3.75955809E+00,5748.54704640728,7.12739487E+00,1.90749752E+00,1.71669756E+01,7.07547982E-01,2.73572743E-01,1.87866603E-02
3.34273945E-02,-4.45839496E-02,-1.83745972E-02,0.902435248885948,0.958573465029099,3.75966862E+00,5750.01026501323,7.12932012E+00,1.90723149E+00,1.71686105E+01,7.07530481E-01,2.73595250E-01,1.87867219E-02
3.38834693E-02,-5.37807796E-02,-2.28706535E-02,0.883525768382895,0.948700974094518,3.75961744E+00,5749.33268747524,7.13114546E+00,1.90682494E+00,1.71700034E+01,7.07509627E-01,2.73620691E-01,1.87867937E-02
3.44212954E-02,-6.51145523E-02,-2.79994032E-02,0.860766680894574,0.937563295308334,3.75934838E+00,5745.77188614511,7.13281161E+00,1.90617679E+00,1.71709932E+01,7.07484237E-01,2.73650342E-01,1.87868792E-02
3.50718579E-02,-7.88807556E-02,-3.37612941E-02,0.833910120205539,0.925206565344271,3.75878777E+00,5738.35972872786,7.13424190E+00,1.90514542E+00,1.71713602E+01,7.07452621E-01,2.73685730E-01,1.87869835E-02
3.58850611E-02,-9.51621437E-02,-4.00569400E-02,0.803226181970614,0.91189127418697,3.75786525E+00,5726.18335215979,7.13532703E+00,1.90359901E+00,1.71708619E+01,7.07412095E-01,2.73729404E-01,1.87871148E-02
3.68566862E-02,-1.12209735E-01,-4.61471569E-02,0.772307522475814,0.899192846245674,3.75664846E+00,5710.16240021945,7.13591363E+00,1.90174273E+00,1.71695532E+01,7.07362424E-01,2.73781627E-01,1.87872730E-02
3.79743645E-02,-1.27948256E-01,-5.13411283E-02,0.744820710255643,0.888502945121479,3.75531081E+00,5692.60185526253,7.13600484E+00,1.89983996E+00,1.71677033E+01,7.07304524E-01,2.73841110E-01,1.87874556E-02
3.93691026E-02,-1.41705698E-01,-5.54936550E-02,0.721596307168489,0.880047969008348,3.75394771E+00,5674.76275917515,7.13565849E+00,1.89808381E+00,1.71655620E+01,7.07231365E-01,2.73915271E-01,1.87876848E-02
4.14612098E-02,-1.52495331E-01,-5.83619622E-02,0.703889795252932,0.874254824893323,3.75268446E+00,5658.28032941356,7.13487650E+00,1.89670345E+00,1.71633552E+01,7.07120817E-01,2.74026164E-01,1.87880300E-02
4.45993706E-02,-1.57525839E-01,-5.93118239E-02,0.695783556785347,0.872344798982628,3.75190176E+00,5648.09197154417,7.13389055E+00,1.89624958E+00,1.71618624E+01,7.06953767E-01,2.74193025E-01,1.87885505E-02
4.93066118E-02,-1.57583314E-01,-5.88543144E-02,0.695691482131998,0.873264258803836,3.75165864E+00,5644.93102914836,7.13298476E+00,1.89683631E+00,1.71614713E+01,7.06701648E-01,2.74444410E-01,1.87893343E-02
5.63674736E-02,-1.55464670E-01,-5.79382307E-02,0.699093605945260,0.875108232206004,3.75173026E+00,5645.86201794731,7.13225258E+00,1.89859564E+00,1.71623928E+01,7.06318695E-01,2.74826476E-01,1.87905175E-02
6.69587663E-02,-1.52781008E-01,-5.70348752E-02,0.703426931893027,0.876930398072916,3.75194950E+00,5648.71287450895,7.13165106E+00,1.90168865E+00,1.71647221E+01,7.05730462E-01,2.75413816E-01,1.87923100E-02
8.28457053E-02,-1.49906664E-01,-5.61862207E-02,0.708097948253158,0.878645682435032,3.75224376E+00,5652.54150591613,7.13109878E+00,1.90589852E+00,1.71681187E+01,7.04814443E-01,2.76328762E-01,1.87950384E-02
1.00000000E-01,-1.47667696E-01,-5.55396811E-02,0.711757912780561,0.879954707336279,3.75248023E+00,5655.62010928609,7.13061653E+00,1.90957816E+00,1.71710081E+01,7.03774363E-01,2.77368176E-01,1.87980410E-02
1.25731442E-01,-1.45426401E-01,-5.48492045E-02,0.715440628066334,0.881354843447461,3.75269531E+00,5658.42169226992,7.13018310E+00,1.91330536E+00,1.71737909E+01,7.02129222E-01,2.79011424E-01,1.88026359E-02
1.53122124E-01,-1.43747073E-01,-5.42874295E-02,0.718212446326272,0.882495644229925,3.75283426E+00,5660.23236110505,7.12993231E+00,1.91602846E+00,1.71756714E+01,7.00279648E-01,2.80858874E-01,1.88076340E-02
1.79470103E-01,-1.42433852E-01,-5.38257014E-02,0.720387466105307,0.883434384501874,3.75293170E+00,5661.50245534047,7.12967563E+00,1.91825303E+00,1.71770335E+01,6.98406055E-01,2.82730387E-01,1.88125489E-02
2.07099456E-01,-1.41240367E-01,-5.33906743E-02,0.722369886152819,0.88431975252229,3.75301256E+00,5662.55665180729,7.12992675E+00,1.91981798E+00,1.71781975E+01,6.96430535E-01,2.84701309E-01,1.88175967E-02
2.34830727E-01,-1.40131513E-01,-5.29824121E-02,0.724216619681312,0.885151455646767,3.75308564E+00,5663.50958691614,7.13018843E+00,1.92130599E+00,1.71792900E+01,6.94445864E-01,2.86681256E-01,1.88226653E-02
2.62564121E-01,-1.39094746E-01,-5.25982545E-02,0.725947566909366,0.885934767681498,3.75315275E+00,5664.38481677007,7.13047243E+00,1.92270799E+00,1.71803162E+01,6.92459480E-01,2.88662902E-01,1.88277453E-02
2.90277794E-01,-1.38104065E-01,-5.22314527E-02,0.727605435910657,0.886683337488543,3.75321702E+00,5665.22313492983,7.13076273E+00,1.92407757E+00,1.71813148E+01,6.90472952E-01,2.90644698E-01,1.88328332E-02
3.17972763E-01,-1.37148349E-01,-5.18787182E-02,0.729208380190644,0.887403795299332,3.75327958E+00,5666.03926753595,7.13105983E+00,1.92542314E+00,1.71822948E+01,6.88486263E-01,2.92626650E-01,1.88379286E-02
3.45647549E-01,-1.36218267E-01,-5.15385368E-02,0.730771721138083,0.888099167999245,3.75334201E+00,5666.85382142024,7.13136153E+00,1.92675521E+00,1.71832647E+01,6.86499525E-01,2.94608647E-01,1.88430310E-02
3.73302282E-01,-1.35308987E-01,-5.12070036E-02,0.732303336733129,0.888777387002967,3.75340357E+00,5667.65713866535,7.13166709E+00,1.92807832E+00,1.71842283E+01,6.84512729E-01,2.96590697E-01,1.88481400E-02
4.00936878E-01,-1.34416384E-01,-5.08825161E-02,0.73380998342307,0.889441694127844,3.75346447E+00,5668.45195539854,7.13197576E+00,1.92939556E+00,1.71851880E+01,6.82525871E-01,2.98572803E-01,1.88532554E-02
4.28551366E-01,-1.33537231E-01,-5.05643349E-02,0.735296957569939,0.890093572824152,3.75352517E+00,5669.24427281058,7.13228699E+00,1.93070892E+00,1.71861453E+01,6.80538939E-01,3.00554977E-01,1.88583771E-02
4.56145758E-01,-1.32668871E-01,-5.02523016E-02,0.736768634628982,0.890733319921252,3.75358625E+00,5670.04166215425,7.13260047E+00,1.93201963E+00,1.71871010E+01,6.78551922E-01,3.02537228E-01,1.88635050E-02
4.83720020E-01,-1.31810070E-01,-4.99442849E-02,0.738227008351412,0.891365282944722,3.75364694E+00,5670.83407119444,7.13291581E+00,1.93332888E+00,1.71880561E+01,6.76564815E-01,3.04519564E-01,1.88686390E-02
5.11274174E-01,-1.30959263E-01,-4.96396283E-02,0.739674653589304,0.891990793052566,3.75370731E+00,5671.62241196933,7.13323277E+00,1.93463730E+00,1.71890108E+01,6.74577608E-01,3.06501993E-01,1.88737790E-02
5.38808222E-01,-1.30114893E-01,-4.93381529E-02,0.741114152941485,0.892610203729145,3.75376767E+00,5672.41073172468,7.13355118E+00,1.93594535E+00,1.71899655E+01,6.72590295E-01,3.08484520E-01,1.88789248E-02
5.66322162E-01,-1.29276590E-01,-4.90381344E-02,0.742546080458744,0.893227048076182,3.75382723E+00,5673.18871064209,7.13387087E+00,1.93725366E+00,1.71909206E+01,6.70602872E-01,3.10467151E-01,1.88840766E-02
5.93816012E-01,-1.28443042E-01,-4.87409999E-02,0.74397262899722,0.893838383005297,3.75388705E+00,5673.97019310713,7.13419179E+00,1.93856241E+00,1.71918764E+01,6.68615334E-01,3.12449889E-01,1.88892342E-02
6.21289743E-01,-1.27613891E-01,-4.84458052E-02,0.745394371402548,0.894446141237696,3.75394674E+00,5674.75008456389,7.13451379E+00,1.93987207E+00,1.71928330E+01,6.66627680E-01,3.14432736E-01,1.88943975E-02
6.48743371E-01,-1.26788571E-01,-4.81522540E-02,0.746812242966261,0.895050925564052,3.75400630E+00,5675.52838432675,7.13483682E+00,1.94118280E+00,1.71937906E+01,6.64639906E-01,3.16415695E-01,1.88995666E-02
6.76176893E-01,-1.25966676E-01,-4.78597799E-02,0.748226910766249,0.895653897491532,3.75406553E+00,5676.30247767692,7.13516080E+00,1.94249486E+00,1.71947493E+01,6.62652011E-01,3.18398769E-01,1.89047415E-02
7.03590313E-01,-1.25147834E-01,-4.75681063E-02,0.749638988511254,0.896255623627867,3.75412441E+00,5677.07210142538,7.13548569E+00,1.94380840E+00,1.71957094E+01,6.60663993E-01,3.20381958E-01,1.89099220E-02
7.30983633E-01,-1.24331597E-01,-4.72774835E-02,0.751049226191879,0.896855584025877,3.75418315E+00,5677.83999920392,7.13581140E+00,1.94512357E+00,1.71966708E+01,6.58675851E-01,3.22365265E-01,1.89151082E-02
7.58356867E-01,-1.23517566E-01,-4.69877168E-02,0.752458294719604,0.897454176939891,3.75424178E+00,5678.60656254821,7.13613800E+00,1.94644041E+00,1.71976337E+01,6.56687584E-01,3.24348688E-01,1.89203000E-02
7.85709980E-01,-1.22705451E-01,-4.66987104E-02,0.75386668096688,0.898051597195541,3.75430030E+00,5679.37179088973,7.13646544E+00,1.94775917E+00,1.71985982E+01,6.54699194E-01,3.26332228E-01,1.89254974E-02
8.13042976E-01,-1.21895035E-01,-4.64103683E-02,0.755274748599383,0.898648040564243,3.75435874E+00,5680.1360760308,7.13679368E+00,1.94907991E+00,1.71995643E+01,6.52710678E-01,3.28315885E-01,1.89307005E-02
8.40355842E-01,-1.21086069E-01,-4.61227889E-02,0.75668291983401,0.899243300826432,3.75441719E+00,5680.90059483092,7.13712273E+00,1.95040271E+00,1.72005322E+01,6.50722039E-01,3.30299659E-01,1.89359091E-02
8.67648563E-01,-1.20277732E-01,-4.58365157E-02,0.758092618565995,0.899836249001687,3.75447614E+00,5681.67175779416,7.13745260E+00,1.95172761E+00,1.72015020E+01,6.48733276E-01,3.32283550E-01,1.89411233E-02
8.94921119E-01,-1.19470772E-01,-4.55493772E-02,0.759502535435957,0.900431382200394,3.75453431E+00,5682.4328196886,7.13778326E+00,1.95305473E+00,1.72024736E+01,6.46744389E-01,3.34267557E-01,1.89463430E-02
9.22173469E-01,-1.18664825E-01,-4.52622753E-02,0.760913299652906,0.901026833074273,3.75459224E+00,5683.19084287935,7.13811469E+00,1.95438417E+00,1.72034471E+01,6.44755380E-01,3.36251679E-01,1.89515683E-02
9.49405607E-01,-1.17860168E-01,-4.49744070E-02,0.762324419980483,0.901624268812944,3.75464947E+00,5683.93980575268,7.13844686E+00,1.95571603E+00,1.72044227E+01,6.42766250E-01,3.38235915E-01,1.89567991E-02
9.76617525E-01,-1.17056145E-01,-4.46868776E-02,0.763737042309077,0.902221396642733,3.75470671E+00,5684.68899822336,7.13877977E+00,1.95705023E+00,1.72054003E+01,6.40776998E-01,3.40220265E-01,1.89620353E-02
1.00380920E+00,-1.16252705E-01,-4.43995417E-02,0.765151255146859,0.902818517687338,3.75476391E+00,5685.4377657959,7.13911342E+00,1.95838685E+00,1.72063799E+01,6.38787625E-01,3.42204729E-01,1.89672771E-02
1.03098062E+00,-1.15449862E-01,-4.41124392E-02,0.766567032927364,0.903415548410367,3.75482107E+00,5686.18610827639,7.13944779E+00,1.95972597E+00,1.72073615E+01,6.36798133E-01,3.44189305E-01,1.89725243E-02
1.05813177E+00,-1.14647423E-01,-4.38254777E-02,0.767984715941769,0.90401268044685,3.75487820E+00,5686.93415641752,7.13978289E+00,1.96106747E+00,1.72083451E+01,6.34808523E-01,3.46173993E-01,1.89777770E-02
1.08526261E+00,-1.13845242E-01,-4.35385786E-02,0.76940456372998,0.904610077195091,3.75493529E+00,5687.68177911351,7.14011879E+00,1.96241160E+00,1.72093310E+01,6.32818796E-01,3.48158789E-01,1.89830351E-02
1.11237310E+00,-1.13043298E-01,-4.32520725E-02,0.770826615878465,0.905207049583076,3.75499252E+00,5688.4313338277,7.14045536E+00,1.96375827E+00,1.72103190E+01,6.30828954E-01,3.50143693E-01,1.89882987E-02
1.13946324E+00,-1.12241383E-01,-4.29658479E-02,0.772251244768082,0.905803828804433,3.75504989E+00,5689.18282129798,7.14079271E+00,1.96510749E+00,1.72113092E+01,6.28838998E-01,3.52128704E-01,1.89935676E-02
1.16653299E+00,-1.11439405E-01,-4.26797065E-02,0.773678618865068,0.906400827822821,3.75510731E+00,5689.93506312375,7.14113085E+00,1.96645945E+00,1.72123017E+01,6.26848931E-01,3.54113821E-01,1.89988420E-02
1.19358229E+00,-1.10637554E-01,-4.23917924E-02,0.775108404554813,0.907001922498704,3.75516382E+00,5690.6754804301,7.14146969E+00,1.96781415E+00,1.72132965E+01,6.24858752E-01,3.56099041E-01,1.90041217E-02
1.22061116E+00,-1.09835754E-01,-4.21042132E-02,0.776540741348909,0.907602715915277,3.75522048E+00,5691.41795983093,7.14180924E+00,1.96917133E+00,1.72142934E+01,6.22868461E-01,3.58084366E-01,1.90094068E-02
1.24761952E+00,-1.09033866E-01,-4.18167151E-02,0.777975882623272,0.90820373769666,3.75527720E+00,5692.16132250635,7.14214954E+00,1.97053123E+00,1.72152925E+01,6.20878063E-01,3.60069790E-01,1.90146972E-02
1.27460735E+00,-1.08231860E-01,-4.15292051E-02,0.779413887983057,0.908805182381431,3.75533395E+00,5692.90517552517,7.14249059E+00,1.97189390E+00,1.72162940E+01,6.18887560E-01,3.62055313E-01,1.90199930E-02
1.30157463E+00,-1.07429709E-01,-4.12416457E-02,0.780854812049955,0.909407128807143,3.75539071E+00,5693.649256852,7.14283237E+00,1.97325934E+00,1.72172979E+01,6.16896953E-01,3.64040934E-01,1.90252941E-02
1.32852130E+00,-1.06627440E-01,-4.09540318E-02,0.782298612547578,0.910009588129519,3.75544747E+00,5694.3934354327,7.14317487E+00,1.97462756E+00,1.72183040E+01,6.14906241E-01,3.66026651E-01,1.90306005E-02
1.35544736E+00,-1.05824963E-01,-4.06662951E-02,0.783745457997385,0.910612704048514,3.75550422E+00,5695.13758014458,7.14351812E+00,1.97599853E+00,1.72193125E+01,6.12915428E-01,3.68012464E-01,1.90359122E-02
1.38235275E+00,-1.05022261E-01,-4.03781901E-02,0.78519538615378,0.911216992437301,3.75556084E+00,5695.88011711889,7.14386209E+00,1.97737232E+00,1.72203234E+01,6.10924515E-01,3.69998369E-01,1.90412292E-02
1.40923743E+00,-1.04219418E-01,-4.00897553E-02,0.786648252072241,0.911822374266578,3.75561734E+00,5696.621176871,7.14420679E+00,1.97874893E+00,1.72213366E+01,6.08933504E-01,3.71984365E-01,1.90465515E-02
1.43610138E+00,-1.03416485E-01,-3.97995268E-02,0.788103969584339,0.912431926761215,3.75567295E+00,5697.35065744149,7.14455220E+00,1.98012838E+00,1.72223522E+01,6.06942396E-01,3.73970451E-01,1.90518789E-02
1.46294457E+00,-1.02613696E-01,-3.95092039E-02,0.789562119150876,0.913042085203672,3.75572849E+00,5698.07931300364,7.14489831E+00,1.98151072E+00,1.72233702E+01,6.04951193E-01,3.75956625E-01,1.90572116E-02
1.48976696E+00,-1.01809986E-01,-3.92186776E-02,0.791024644094057,0.913653079574743,3.75578415E+00,5698.80963639536,7.14524518E+00,1.98289590E+00,1.72243906E+01,6.02959896E-01,3.77942886E-01,1.90625496E-02
1.51656853E+00,-1.01005953E-01,-3.89265348E-02,0.792490467510107,0.914267885830782,3.75583909E+00,5699.53060435383,7.14559279E+00,1.98428389E+00,1.72254133E+01,6.00968507E-01,3.79929233E-01,1.90678927E-02
1.54334921E+00,-1.00201589E-01,-3.86344515E-02,0.793959612318989,0.914882980453609,3.75589414E+00,5700.25310730821,7.14594108E+00,1.98567466E+00,1.72264383E+01,5.98977029E-01,3.81915662E-01,1.90732410E-02
1.57010897E+00,-9.93967878E-02,-3.83423519E-02,0.795432281430163,0.915498523256021,3.75594929E+00,5700.97701454923,7.14629014E+00,1.98706832E+00,1.72274658E+01,5.96985465E-01,3.83902169E-01,1.90785944E-02
1.59684775E+00,-9.85915168E-02,-3.80501056E-02,0.796908544167803,0.916114789655705,3.75600449E+00,5701.70167015594,7.14663994E+00,1.98846493E+00,1.72284957E+01,5.94993815E-01,3.85888756E-01,1.90839530E-02
1.62356554E+00,-9.77858755E-02,-3.77576957E-02,0.798388227481758,0.916731816229641,3.75605969E+00,5702.42641787419,7.14699046E+00,1.98986450E+00,1.72295281E+01,5.93002083E-01,3.87875418E-01,1.90893168E-02
1.65026228E+00,-9.69796725E-02,-3.74653719E-02,0.799871692764129,0.917349076519806,3.75611508E+00,5703.15375279452,7.14734175E+00,1.99126694E+00,1.72305630E+01,5.91010270E-01,3.89862155E-01,1.90946856E-02
1.67693791E+00,-9.61728508E-02,-3.71726568E-02,0.801359056059225,0.917967579517832,3.75617043E+00,5703.88065513837,7.14769378E+00,1.99267232E+00,1.72316003E+01,5.89018377E-01,3.91848965E-01,1.91000596E-02
1.70359240E+00,-9.53660757E-02,-3.68781580E-02,0.802849098963782,0.918590272281955,3.75622487E+00,5704.59569697942,7.14804654E+00,1.99408075E+00,1.72326401E+01,5.87026406E-01,3.93835845E-01,1.91054386E-02
1.73022571E+00,-9.45587764E-02,-3.65836164E-02,0.804342883299872,0.919213478031638,3.75627943E+00,5705.31240489439,7.14840002E+00,1.99549210E+00,1.72336824E+01,5.85034360E-01,3.95822795E-01,1.91108226E-02
1.75683780E+00,-9.37509442E-02,-3.62886739E-02,0.805840435781205,0.91983795569512,3.75633391E+00,5706.02815176502,7.14875423E+00,1.99690640E+00,1.72347271E+01,5.83042240E-01,3.97809810E-01,1.91162117E-02
1.78342862E+00,-9.29425573E-02,-3.59935082E-02,0.807341807627615,0.920463330664322,3.75638843E+00,5706.74451403861,7.14910916E+00,1.99832369E+00,1.72357743E+01,5.81050050E-01,3.99796891E-01,1.91216058E-02
1.80999813E+00,-9.21332439E-02,-3.56969015E-02,0.808847702248964,0.92109218701237,3.75644245E+00,5707.45439529428,7.14946494E+00,1.99974395E+00,1.72368241E+01,5.79057789E-01,4.01784035E-01,1.91270050E-02
1.83654626E+00,-9.13234379E-02,-3.54003219E-02,0.810357324890886,0.921721415476735,3.75649661E+00,5708.16620494956,7.14982139E+00,2.00116715E+00,1.72378763E+01,5.77065461E-01,4.03771240E-01,1.91324090E-02
1.86307296E+00,-9.05130607E-02,-3.51036462E-02,0.811870832874054,0.922351277884244,3.75655087E+00,5708.87941789665,7.15017863E+00,2.00259331E+00,1.72389310E+01,5.75073068E-01,4.05758502E-01,1.91378181E-02
1.88957818E+00,-8.97020777E-02,-3.48067434E-02,0.813388302242293,0.922982053353964,3.75660516E+00,5709.59311436161,7.15053663E+00,2.00402254E+00,1.72399882E+01,5.73080614E-01,4.07745820E-01,1.91432321E-02
1.91606186E+00,-8.88905565E-02,-3.45099773E-02,0.814909617792682,0.923612969477374,3.75665966E+00,5710.30966122829,7.15089537E+00,2.00545483E+00,1.72410481E+01,5.71088100E-01,4.09733191E-01,1.91486510E-02
1.94252397E+00,-8.80783410E-02,-3.42123416E-02,0.816435083947112,0.92424616751365,3.75671390E+00,5711.0228789895,7.15125489E+00,2.00689008E+00,1.72421104E+01,5.69095526E-01,4.11720616E-01,1.91540747E-02
1.96896442E+00,-8.72656893E-02,-3.39144568E-02,0.81796422724333,0.924880330136345,3.75676812E+00,5711.73592279645,7.15161517E+00,2.00832840E+00,1.72431753E+01,5.67102896E-01,4.13708090E-01,1.91595034E-02
1.99538319E+00,-8.64523876E-02,-3.36162084E-02,0.819497461075539,0.925515702743504,3.75682232E+00,5712.44879256175,7.15197619E+00,2.00976977E+00,1.72442428E+01,5.65110211E-01,4.15695612E-01,1.91649369E-02
2.02178020E+00,-8.56384776E-02,-3.33175687E-02,0.821034718871126,0.926152346302102,3.75687648E+00,5713.1612250972,7.15233799E+00,2.01121418E+00,1.72453128E+01,5.63117476E-01,4.17683179E-01,1.91703752E-02
2.04815541E+00,-8.48240286E-02,-3.30186140E-02,0.822575881231117,0.926790100008818,3.75693061E+00,5713.87335178384,7.15270051E+00,2.01266168E+00,1.72463854E+01,5.61124692E-01,4.19670788E-01,1.91758183E-02
2.07450878E+00,-8.40089231E-02,-3.27192848E-02,0.824121182282852,0.927429092614882,3.75698472E+00,5714.58530406834,7.15306383E+00,2.01411219E+00,1.72474606E+01,5.59131859E-01,4.21658439E-01,1.91812662E-02
2.10084023E+00,-8.31926918E-02,-3.24198195E-02,0.825671526700419,0.928068816626097,3.75703905E+00,5715.30024025414,7.15342797E+00,2.01556584E+00,1.72485384E+01,5.57138981E-01,4.23646129E-01,1.91867189E-02
2.12714970E+00,-8.23759499E-02,-3.21187484E-02,0.827225760209006,0.928712415807084,3.75709270E+00,5716.00631599481,7.15379286E+00,2.01702257E+00,1.72496188E+01,5.55146060E-01,4.25633856E-01,1.91921762E-02
2.15343712E+00,-8.15586312E-02,-3.18176152E-02,0.828784020119932,0.929356594201817,3.75714646E+00,5716.71392691907,7.15415848E+00,2.01848226E+00,1.72507016E+01,5.53153098E-01,4.27621618E-01,1.91976383E-02
2.17970245E+00,-8.07407966E-02,-3.15156379E-02,0.830346201723529,0.930003026978317,3.75719993E+00,5717.41780763659,7.15452488E+00,2.01994511E+00,1.72517871E+01,5.51160099E-01,4.29609411E-01,1.92031050E-02
2.20594562E+00,-7.99228543E-02,-3.12117944E-02,0.831911534200075,0.930653908483916,3.75725250E+00,5718.10992521721,7.15489205E+00,2.02141116E+00,1.72528753E+01,5.49167063E-01,4.31597233E-01,1.92085764E-02
2.23216658E+00,-7.91041397E-02,-3.09077216E-02,0.833481299740393,0.931305737235402,3.75730514E+00,5718.80304834366,7.15525997E+00,2.02288029E+00,1.72539660E+01,5.47173994E-01,4.33585084E-01,1.92140525E-02
2.25836527E+00,-7.82847307E-02,-3.06031396E-02,0.835055362512614,0.931959115226234,3.75735770E+00,5719.49520191727,7.15562866E+00,2.02435253E+00,1.72550593E+01,5.45180894E-01,4.35572958E-01,1.92195331E-02
2.28454165E+00,-7.74646843E-02,-3.02981659E-02,0.83663362586462,0.932613792753803,3.75741022E+00,5720.18691241435,7.15599812E+00,2.02582788E+00,1.72561552E+01,5.43187765E-01,4.37560856E-01,1.92250183E-02
2.31069563E+00,-7.66439859E-02,-2.99928255E-02,0.838216130551597,0.933269718189028,3.75746273E+00,5720.87857483816,7.15636836E+00,2.02730637E+00,1.72572538E+01,5.41194610E-01,4.39548774E-01,1.92305080E-02
2.33682717E+00,-7.58226934E-02,-2.96871403E-02,0.839802777389932,0.933926846422878,3.75751521E+00,5721.56992566301,7.15673936E+00,2.02878803E+00,1.72583550E+01,5.39201430E-01,4.41536710E-01,1.92360023E-02
2.36293621E+00,-7.50007080E-02,-2.93810427E-02,0.841393769978505,0.934585324818694,3.75756766E+00,5722.26096475569,7.15711116E+00,2.03027279E+00,1.72594587E+01,5.37208229E-01,4.43524663E-01,1.92415010E-02
2.38902266E+00,-7.41779510E-02,-2.90746035E-02,0.842989274392793,0.935245003112951,3.75762013E+00,5722.95235086232,7.15748376E+00,2.03176072E+00,1.72605652E+01,5.35215008E-01,4.45512628E-01,1.92470042E-02
2.41508646E+00,-7.33541790E-02,-2.87666355E-02,0.844589778212717,0.935908441613703,3.75767209E+00,5723.63709912864,7.15785720E+00,2.03325188E+00,1.72616744E+01,5.33221771E-01,4.47500604E-01,1.92525118E-02
2.44112754E+00,-7.25298136E-02,-2.84588548E-02,0.846194476957929,0.936571946821094,3.75772429E+00,5724.32509270281,7.15823137E+00,2.03474610E+00,1.72627861E+01,5.31228519E-01,4.49488589E-01,1.92580238E-02
2.46714584E+00,-7.17048851E-02,-2.81503219E-02,0.847803323838199,0.937237545713729,3.75777625E+00,5725.01000521698,7.15860635E+00,2.03624353E+00,1.72639005E+01,5.29235254E-01,4.51476580E-01,1.92635402E-02
2.49314128E+00,-7.08792411E-02,-2.78415861E-02,0.849416628988357,0.937904055814828,3.75782829E+00,5725.69605439266,7.15898216E+00,2.03774415E+00,1.72650176E+01,5.27241982E-01,4.53464574E-01,1.92690610E-02
2.51911378E+00,-7.00528815E-02,-2.75324874E-02,0.851034406409009,0.938571824177968,3.75788034E+00,5726.38231763499,7.15935875E+00,2.03924800E+00,1.72661374E+01,5.25248703E-01,4.55452568E-01,1.92745860E-02
2.54506328E+00,-6.92258492E-02,-2.72230076E-02,0.852656585728142,0.939240892176203,3.75793235E+00,5727.06813564809,7.15973615E+00,2.04075506E+00,1.72672598E+01,5.23255420E-01,4.57440561E-01,1.92801153E-02
2.57098972E+00,-6.83981443E-02,-2.69131381E-02,0.854283180169764,0.93991128052298,3.75798434E+00,5727.75377202512,7.16011435E+00,2.04226533E+00,1.72683850E+01,5.21262135E-01,4.59428549E-01,1.92856489E-02
2.59689301E+00,-6.75697972E-02,-2.66028932E-02,0.855914143286811,0.940582960393694,3.75803631E+00,5728.43922668117,7.16049334E+00,2.04377884E+00,1.72695128E+01,5.19268852E-01,4.61416531E-01,1.92911867E-02
2.62277309E+00,-6.67407605E-02,-2.62922281E-02,0.857549581842996,0.941256030968923,3.75808824E+00,5729.12423569543,7.16087316E+00,2.04529554E+00,1.72706434E+01,5.17275572E-01,4.63404503E-01,1.92967286E-02
2.64862988E+00,-6.59110438E-02,-2.59811438E-02,0.859189490596208,0.941930492377883,3.75814012E+00,5729.80866695469,7.16125377E+00,2.04681549E+00,1.72717766E+01,5.15282298E-01,4.65392464E-01,1.93022747E-02
2.67446331E+00,-6.50807217E-02,-2.56690629E-02,0.860833735367333,0.94260760012757,3.75819166E+00,5730.48869369909,7.16163520E+00,2.04833870E+00,1.72729126E+01,5.13289034E-01,4.67380409E-01,1.93078249E-02
2.70027331E+00,-6.42497039E-02,-2.53561234E-02,0.862482508373079,0.943287059493151,3.75824295E+00,5731.16550202559,7.16201747E+00,2.04986525E+00,1.72740514E+01,5.11295781E-01,4.69368338E-01,1.93133791E-02
2.72605980E+00,-6.34179491E-02,-2.50414677E-02,0.864135905750424,0.943970738911616,3.75829356E+00,5731.83341561733,7.16240050E+00,2.05139504E+00,1.72751929E+01,5.09302541E-01,4.71356249E-01,1.93189374E-02
2.75182272E+00,-6.25855854E-02,-2.47266535E-02,0.865793686605879,0.944655258611093,3.75834424E+00,5732.50233101828,7.16278434E+00,2.05292788E+00,1.72763368E+01,5.07309316E-01,4.73344138E-01,1.93244997E-02
2.77756198E+00,-6.17524796E-02,-2.44116097E-02,0.867456130054361,0.945340774466055,3.75839500E+00,5733.17238057215,7.16316903E+00,2.05446403E+00,1.72774836E+01,5.05316114E-01,4.75332000E-01,1.93300660E-02
2.80327748E+00,-6.09186767E-02,-2.40962366E-02,0.869123160680193,0.946027505101848,3.75844576E+00,5733.84250844547,7.16355454E+00,2.05600351E+00,1.72786331E+01,5.03322934E-01,4.77319834E-01,1.93356362E-02
2.82896918E+00,-6.00842621E-02,-2.37805149E-02,0.870794621421782,0.946715494514659,3.75849650E+00,5734.51245056333,7.16394084E+00,2.05754633E+00,1.72797854E+01,5.01329779E-01,4.79307638E-01,1.93412102E-02
2.85463699E+00,-5.92491207E-02,-2.34643682E-02,0.872470756740696,0.947404911389888,3.75854722E+00,5735.18220684231,7.16432800E+00,2.05909239E+00,1.72809404E+01,4.99336650E-01,4.81295410E-01,1.93467882E-02
2.88028082E+00,-5.84132791E-02,-2.31477978E-02,0.874151527709511,0.948095755278864,3.75859789E+00,5735.85138098043,7.16471596E+00,2.06064179E+00,1.72820982E+01,4.97343553E-01,4.83283145E-01,1.93523699E-02
2.90590060E+00,-5.75767719E-02,-2.28308055E-02,0.875836878906073,0.948788024638238,3.75864852E+00,5736.52010484392,7.16510474E+00,2.06219450E+00,1.72832587E+01,4.95350490E-01,4.85270842E-01,1.93579554E-02
2.93149626E+00,-5.67396576E-02,-2.25128510E-02,0.877526706127984,0.949482903092699,3.75869882E+00,5737.18454725271,7.16549435E+00,2.06375056E+00,1.72844221E+01,4.93357463E-01,4.87258497E-01,1.93635446E-02
2.95706771E+00,-5.59025185E-02,-2.21928691E-02,0.879219843885577,0.950182726156591,3.75874812E+00,5737.83585475117,7.16588472E+00,2.06531004E+00,1.72855882E+01,4.91364474E-01,4.89246108E-01,1.93691375E-02
2.98261490E+00,-5.50646018E-02,-2.18725356E-02,0.880917825729253,0.950883834854707,3.75879743E+00,5738.48736832215,7.16627594E+00,2.06687277E+00,1.72867570E+01,4.89371526E-01,4.91233674E-01,1.93747341E-02
3.00813775E+00,-5.42254215E-02,-2.15518260E-02,0.882621654803226,0.951586284953468,3.75884687E+00,5739.140673802,7.16666807E+00,2.06843890E+00,1.72879288E+01,4.87378623E-01,4.93221191E-01,1.93803342E-02
3.03363615E+00,-5.33858109E-02,-2.12294026E-02,0.884329655537283,0.952293011878928,3.75889556E+00,5739.78414139364,7.16706096E+00,2.07000834E+00,1.72891032E+01,4.85385765E-01,4.95208656E-01,1.93859379E-02
3.05911006E+00,-5.25456293E-02,-2.09068202E-02,0.886042126446369,0.95300061258241,3.75894431E+00,5740.42847419977,7.16745467E+00,2.07158096E+00,1.72902802E+01,4.83392958E-01,4.97196067E-01,1.93915452E-02
3.08455936E+00,-5.17048134E-02,-2.05840235E-02,0.887759210088326,0.953709209670092,3.75899312E+00,5741.07367249556,7.16784922E+00,2.07315701E+00,1.72914600E+01,4.81400204E-01,4.99183418E-01,1.93971559E-02
3.10998399E+00,-5.08632397E-02,-2.02608384E-02,0.889481173363922,0.954419187189943,3.75904192E+00,5741.71881110077,7.16824466E+00,2.07473643E+00,1.72926427E+01,4.79407507E-01,5.01170708E-01,1.94027701E-02
3.13538386E+00,-5.00209697E-02,-1.99372406E-02,0.891207905550136,0.955130600882231,3.75909069E+00,5742.36362553335,7.16864094E+00,2.07631926E+00,1.72938283E+01,4.77414870E-01,5.03157934E-01,1.94083876E-02
3.16075888E+00,-4.91780610E-02,-1.96131242E-02,0.892939303017477,0.955843686246537,3.75913936E+00,5743.00719000435,7.16903807E+00,2.07790548E+00,1.72950166E+01,4.75422295E-01,5.05145093E-01,1.94140085E-02
3.18610897E+00,-4.83346230E-02,-1.92882065E-02,0.894675154555773,0.956559068897692,3.75918776E+00,5743.64725578664,7.16943605E+00,2.07949511E+00,1.72962078E+01,4.73429785E-01,5.07132182E-01,1.94196328E-02
3.21143406E+00,-4.74905624E-02,-1.89629923E-02,0.896415665636931,0.957275640510737,3.75923617E+00,5744.28752517221,7.16983485E+00,2.08108816E+00,1.72974018E+01,4.71437343E-01,5.09119199E-01,1.94252603E-02
3.23673408E+00,-4.66458102E-02,-1.86372758E-02,0.898160993019235,0.957993856921506,3.75928450E+00,5744.92680767667,7.17023454E+00,2.08268456E+00,1.72985986E+01,4.69444971E-01,5.11106141E-01,1.94308910E-02
3.26200891E+00,-4.58003942E-02,-1.83110981E-02,0.89991109403924,0.958713630296966,3.75933276E+00,5745.5652352512,7.17063509E+00,2.08428439E+00,1.72997982E+01,4.67452673E-01,5.13093004E-01,1.94365249E-02
3.28725849E+00,-4.49543367E-02,-1.79844590E-02,0.901665937055255,0.959434963778057,3.75938096E+00,5746.20293990617,7.17103650E+00,2.08588763E+00,1.73010007E+01,4.65460453E-01,5.15079785E-01,1.94421619E-02
3.31248272E+00,-4.41070727E-02,-1.76576227E-02,0.903426711825277,0.960157275966767,3.75942936E+00,5746.84336185902,7.17143887E+00,2.08749440E+00,1.73022062E+01,4.63468312E-01,5.17066483E-01,1.94478020E-02
3.33768152E+00,-4.32596184E-02,-1.73291734E-02,0.905191321677659,0.960883700731858,3.75947699E+00,5747.47366496239,7.17184196E+00,2.08910450E+00,1.73034143E+01,4.61476253E-01,5.19053094E-01,1.94534451E-02
3.36285483E+00,-4.24114709E-02,-1.70003309E-02,0.90696082588405,0.961611545707117,3.75952461E+00,5748.10390484125,7.17224601E+00,2.09071793E+00,1.73046252E+01,4.59484280E-01,5.21039615E-01,1.94590913E-02
3.38800251E+00,-4.15626003E-02,-1.66712651E-02,0.908735302230415,0.962340436810251,3.75957229E+00,5748.73500804616,7.17265092E+00,2.09233491E+00,1.73058391E+01,4.57492398E-01,5.23026040E-01,1.94647404E-02
3.41312451E+00,-4.07131392E-02,-1.63413423E-02,0.910514488358716,0.963071780847447,3.75961970E+00,5749.36260617378,7.17305671E+00,2.09395539E+00,1.73070559E+01,4.55500609E-01,5.25012368E-01,1.94703923E-02
3.43822073E+00,-3.98632308E-02,-1.60108388E-02,0.9122980975208,0.963804969393266,3.75966692E+00,5749.98775724782,7.17346336E+00,2.09557936E+00,1.73082755E+01,4.53508916E-01,5.26998597E-01,1.94760472E-02
3.46329112E+00,-3.90128294E-02,-1.56793422E-02,0.914086238246193,0.964540921727605,3.75971378E+00,5750.60820943974,7.17387089E+00,2.09720680E+00,1.73094980E+01,4.51517320E-01,5.28984724E-01,1.94817048E-02
3.48833557E+00,-3.81617749E-02,-1.53473596E-02,0.915879261113839,0.96527851622862,3.75976055E+00,5751.22753673925,7.17427929E+00,2.09883771E+00,1.73107234E+01,4.49525826E-01,5.30970745E-01,1.94873651E-02
3.51335401E+00,-3.73100919E-02,-1.50148607E-02,0.917677129117812,0.966017823200992,3.75980722E+00,5751.84560632732,7.17468857E+00,2.10047211E+00,1.73119517E+01,4.47534437E-01,5.32956657E-01,1.94930282E-02
3.53834637E+00,-3.64578090E-02,-1.46818874E-02,0.919479796426504,0.96675875244353,3.75985380E+00,5752.46255023952,7.17509874E+00,2.10211001E+00,1.73131829E+01,4.45543156E-01,5.34942457E-01,1.94986939E-02
3.56331254E+00,-3.56049557E-02,-1.43484615E-02,0.921287214872998,0.96750125825479,3.75990030E+00,5753.0785005689,7.17550977E+00,2.10375143E+00,1.73144169E+01,4.43551986E-01,5.36928142E-01,1.95043622E-02
3.58825248E+00,-3.47514766E-02,-1.40145418E-02,0.923099516302502,0.968245435247892,3.75994671E+00,5753.69332449845,7.17592171E+00,2.10539633E+00,1.73156539E+01,4.41560930E-01,5.38913710E-01,1.95100330E-02
3.61316607E+00,-3.38970009E-02,-1.36803289E-02,0.924917505241459,0.968990838825613,3.75999323E+00,5754.30967160989,7.17633461E+00,2.10704485E+00,1.73168939E+01,4.39569992E-01,5.40899155E-01,1.95157064E-02
3.63805323E+00,-3.30421217E-02,-1.33439037E-02,0.926739935627478,0.969741756112801,3.76003873E+00,5754.91256853037,7.17674838E+00,2.10869695E+00,1.73181368E+01,4.37579176E-01,5.42884475E-01,1.95213821E-02
3.66291390E+00,-3.21871089E-02,-1.30063318E-02,0.928566242527488,0.970495817790521,3.76008370E+00,5755.50850476347,7.17716293E+00,2.11035241E+00,1.73193824E+01,4.35588481E-01,5.44869670E-01,1.95270603E-02
3.68774801E+00,-3.13314019E-02,-1.26685703E-02,0.93039763568926,0.971250889838244,3.76012875E+00,5756.10556302105,7.17757845E+00,2.11201135E+00,1.73206309E+01,4.33597914E-01,5.46854734E-01,1.95327408E-02
3.71255544E+00,-3.04749889E-02,-1.23303787E-02,0.932234156334177,0.972007511971723,3.76017375E+00,5756.70202045073,7.17799486E+00,2.11367392E+00,1.73218825E+01,4.31607480E-01,5.48839661E-01,1.95384235E-02
3.73733615E+00,-2.96179787E-02,-1.19917278E-02,0.934075586554493,0.972765752302091,3.76021868E+00,5757.29761171952,7.17841218E+00,2.11534008E+00,1.73231370E+01,4.29617181E-01,5.50824450E-01,1.95441085E-02
3.76209005E+00,-2.87604075E-02,-1.16526420E-02,0.935921863104907,0.973525559000426,3.76026353E+00,5757.89220396545,7.17883041E+00,2.11700980E+00,1.73243945E+01,4.27627019E-01,5.52809098E-01,1.95497956E-02
3.78681707E+00,-2.79023491E-02,-1.13131312E-02,0.937772840982677,0.974286912603063,3.76030829E+00,5758.48566427223,7.17924951E+00,2.11868315E+00,1.73256549E+01,4.25636998E-01,5.54793602E-01,1.95554849E-02
3.81151714E+00,-2.70436701E-02,-1.09731150E-02,0.939628822263581,0.97504999631936,3.76035295E+00,5759.07785966954,7.17966955E+00,2.12036002E+00,1.73269183E+01,4.23647121E-01,5.56777959E-01,1.95611762E-02
3.83619018E+00,-2.61843907E-02,-1.06326019E-02,0.941489778368852,0.975814794182496,3.76039752E+00,5759.66892237586,7.18009050E+00,2.12204052E+00,1.73281847E+01,4.21657392E-01,5.58762164E-01,1.95668695E-02
3.86083611E+00,-2.53245521E-02,-1.02916013E-02,0.943355634808922,0.976581288150358,3.76044197E+00,5760.25845412537,7.18051236E+00,2.12372463E+00,1.73294540E+01,4.19667814E-01,5.60746215E-01,1.95725647E-02
3.88545486E+00,-2.44643318E-02,-9.94947478E-03,0.945226019782754,0.977350917997488,3.76048597E+00,5760.8420770403,7.18093510E+00,2.12541243E+00,1.73307264E+01,4.17678391E-01,5.62730108E-01,1.95782618E-02
3.91004639E+00,-2.36034399E-02,-9.60717006E-03,0.947101577768537,0.978121555722377,3.76053004E+00,5761.42668771945,7.18135884E+00,2.12710397E+00,1.73320019E+01,4.15689125E-01,5.64713841E-01,1.95839607E-02
3.93461060E+00,-2.27417807E-02,-9.26309951E-03,0.948982533952623,0.978896781252981,3.76057342E+00,5762.00220314239,7.18178345E+00,2.12879921E+00,1.73332803E+01,4.13700020E-01,5.66697410E-01,1.95896614E-02
3.95914745E+00,-2.18798768E-02,-8.91798382E-03,0.950867761499645,0.979674978808999,3.76061633E+00,5762.57153970952,7.18220893E+00,2.13049805E+00,1.73345616E+01,4.11711078E-01,5.68680813E-01,1.95953638E-02
3.98365686E+00,-2.10174525E-02,-8.57269136E-03,0.952757875853686,0.980454194084089,3.76065929E+00,5763.14159603828,7.18263534E+00,2.13220069E+00,1.73358459E+01,4.09722306E-01,5.70664043E-01,1.96010678E-02
4.00813877E+00,-2.01543929E-02,-8.22692390E-03,0.95465314383257,0.981235102336171,3.76070218E+00,5763.71077975878,7.18306270E+00,2.13390712E+00,1.73371333E+01,4.07733706E-01,5.72647099E-01,1.96067735E-02
4.03259311E+00,-1.92907679E-02,-7.88068479E-03,0.956553427280596,0.982017699047592,3.76074496E+00,5764.27855969162,7.18349099E+00,2.13561734E+00,1.73384237E+01,4.05745283E-01,5.74629975E-01,1.96124806E-02
4.05701982E+00,-1.84265987E-02,-7.53397544E-03,0.958458694347142,0.982801984074698,3.76078765E+00,5764.84520089184,7.18392022E+00,2.13733136E+00,1.73397173E+01,4.03757038E-01,5.76612670E-01,1.96181892E-02
4.08141884E+00,-1.75619074E-02,-7.18678982E-03,0.960368910867792,0.983587974121644,3.76083023E+00,5765.41043750564,7.18435038E+00,2.13904918E+00,1.73410139E+01,4.01768976E-01,5.78595180E-01,1.96238992E-02
4.10579010E+00,-1.66968983E-02,-6.83780038E-03,0.962283638628497,0.984378681317661,3.76087199E+00,5765.96484269774,7.18478144E+00,2.14077086E+00,1.73423136E+01,3.99781099E-01,5.80577501E-01,1.96296105E-02
4.13013357E+00,-1.58316040E-02,-6.48857014E-03,0.964202817051361,0.985170570403832,3.76091370E+00,5766.51863730672,7.18521345E+00,2.14249634E+00,1.73436164E+01,3.97793412E-01,5.82559631E-01,1.96353231E-02
4.15444917E+00,-1.49656729E-02,-6.13861159E-03,0.966127239701528,0.985964749987036,3.76095520E+00,5767.06969647905,7.18564638E+00,2.14422564E+00,1.73449223E+01,3.95805918E-01,5.84541565E-01,1.96410369E-02
4.17873686E+00,-1.40992149E-02,-5.78802432E-03,0.96805667772419,0.986760998299887,3.76099652E+00,5767.61841783332,7.18608025E+00,2.14595877E+00,1.73462312E+01,3.93818620E-01,5.86523301E-01,1.96467519E-02
4.20299659E+00,-1.32321792E-02,-5.43764219E-03,0.969991259283016,0.987557423174157,3.76103809E+00,5768.17051182187,7.18651504E+00,2.14769575E+00,1.73475433E+01,3.91831522E-01,5.88504834E-01,1.96524680E-02
4.22722832E+00,-1.23643512E-02,-5.08656884E-03,0.971931480073869,0.988356063910283,3.76107951E+00,5768.72066621266,7.18695088E+00,2.14943665E+00,1.73488587E+01,3.89844628E-01,5.90486161E-01,1.96581851E-02
4.25143197E+00,-1.14959299E-02,-4.73413689E-03,0.973876912218363,0.989158444881353,3.76112040E+00,5769.2638324345,7.18738761E+00,2.15118141E+00,1.73501771E+01,3.87857941E-01,5.92467279E-01,1.96639032E-02
4.27560752E+00,-1.06271103E-02,-4.38154961E-03,0.975827133317871,0.989961831322729,3.76116131E+00,5769.80731550875,7.18782525E+00,2.15292986E+00,1.73514985E+01,3.85871464E-01,5.94448185E-01,1.96696221E-02
4.29975491E+00,-9.75781463E-03,-4.02865897E-03,0.977782331636652,0.99076656233034,3.76120219E+00,5770.35045117915,7.18826387E+00,2.15468226E+00,1.73528232E+01,3.83885203E-01,5.96428873E-01,1.96753419E-02
4.32387411E+00,-8.88809187E-03,-3.67378247E-03,0.979742410942103,0.991576481580287,3.76124218E+00,5770.88181169269,7.18870346E+00,2.15643863E+00,1.73541511E+01,3.81899162E-01,5.98409339E-01,1.96810625E-02
4.34796507E+00,-8.01831105E-03,-3.31793874E-03,0.98170655069876,0.992389273089568,3.76128170E+00,5771.40697522982,7.18914397E+00,2.15819901E+00,1.73554822E+01,3.79913343E-01,6.00389581E-01,1.96867838E-02
4.37202779E+00,-7.14792303E-03,-2.96146232E-03,0.983676003372559,0.993204177762191,3.76132106E+00,5771.93006010004,7.18958541E+00,2.15996330E+00,1.73568166E+01,3.77927750E-01,6.02369596E-01,1.96925057E-02
4.39606224E+00,-6.27712198E-03,-2.60435552E-03,0.985650344457233,0.994021194421538,3.76136021E+00,5772.45040115154,7.19002777E+00,2.16173156E+00,1.73581541E+01,3.75942385E-01,6.04349381E-01,1.96982282E-02
4.42006842E+00,-5.40577240E-03,-2.24668985E-03,0.987629895664203,0.994840163369461,3.76139921E+00,5772.9687951988,7.19047111E+00,2.16350369E+00,1.73594949E+01,3.73957252E-01,6.06328932E-01,1.97039512E-02
4.44404628E+00,-4.53390664E-03,-1.88849750E-03,0.989614598747808,0.995661014524473,3.76143808E+00,5773.48550758769,7.19091540E+00,2.16527982E+00,1.73608389E+01,3.71972357E-01,6.08308244E-01,1.97096746E-02
4.46799581E+00,-3.66156194E-03,-1.52970290E-03,0.991604383755273,0.996483924825876,3.76147677E+00,5773.99987310198,7.19136065E+00,2.16705993E+00,1.73621862E+01,3.69987702E-01,6.10287313E-01,1.97153985E-02
4.49191700E+00,-2.78872601E-03,-1.17037794E-03,0.993599293415375,0.997308733171442,3.76151532E+00,5774.51242295845,7.19180685E+00,2.16884405E+00,1.73635368E+01,3.68003292E-01,6.12266138E-01,1.97211226E-02
4.51580985E+00,-1.91552127E-03,-8.10561441E-04,0.995599061913352,0.998135353925582,3.76155371E+00,5775.02289071578,7.19225397E+00,2.17063224E+00,1.73648907E+01,3.66019129E-01,6.14244713E-01,1.97268470E-02
4.53967437E+00,-1.04183167E-03,-4.49577332E-04,0.99760396900295,0.998965345561582,3.76159164E+00,5775.52728621951,7.19270209E+00,2.17242439E+00,1.73662479E+01,3.64035217E-01,6.16223036E-01,1.97325716E-02
4.56351053E+00,-1.67694351E-04,-8.73875990E-05,0.999613944026,0.99979880286009,3.76162908E+00,5776.02520887703,7.19315120E+00,2.17422076E+00,1.73676087E+01,3.62051560E-01,6.18201101E-01,1.97382963E-02
4.58731836E+00,7.06990099E-04,2.76568661E-04,1.00162923061928,1.00063702569075,3.76166578E+00,5776.51333177734,7.19360122E+00,2.17602113E+00,1.73689727E+01,3.60068162E-01,6.20178908E-01,1.97440210E-02
4.61109786E+00,1.58197682E-03,6.40774830E-04,1.0036492787055,1.00147652756653,3.76170242E+00,5777.00069780596,7.19405211E+00,2.17782541E+00,1.73703398E+01,3.58085024E-01,6.22156453E-01,1.97497457E-02
4.63484907E+00,2.45750449E-03,1.00536597E-03,1.00567465339715,1.00231762223954,3.76173901E+00,5777.48743979592,7.19450405E+00,2.17963373E+00,1.73717104E+01,3.56102154E-01,6.24133730E-01,1.97554704E-02
4.65857196E+00,3.33358943E-03,1.37043398E-03,1.00770540836405,1.0031605248133,3.76177549E+00,5777.97275932609,7.19495694E+00,2.18144628E+00,1.73730845E+01,3.54119556E-01,6.26110733E-01,1.97611948E-02
4.68226657E+00,4.21016197E-03,1.73602833E-03,1.00974139770359,1.00400535302514,3.76181184E+00,5778.45638992333,7.19541079E+00,2.18326296E+00,1.73744620E+01,3.52137232E-01,6.28087461E-01,1.97669191E-02
4.70593295E+00,5.08720939E-03,2.10192168E-03,1.01178260693379,1.00485158453591,3.76184815E+00,5778.93952874163,7.19586558E+00,2.18508381E+00,1.73758430E+01,3.50155187E-01,6.30063911E-01,1.97726430E-02
4.72957112E+00,5.96490672E-03,2.46787747E-03,1.01382945967017,1.00569867389035,3.76188460E+00,5779.42457102141,7.19632139E+00,2.18690873E+00,1.73772275E+01,3.48173422E-01,6.32040079E-01,1.97783666E-02
4.75318111E+00,6.84303076E-03,2.83491237E-03,1.01588145136275,1.00654897835268,3.76192061E+00,5779.9037981722,7.19677818E+00,2.18873786E+00,1.73786155E+01,3.46191943E-01,6.34015960E-01,1.97840898E-02
4.77676295E+00,7.72112826E-03,3.20420594E-03,1.01793753408149,1.00740524101507,3.76195549E+00,5780.36802497887,7.19723590E+00,2.19057127E+00,1.73800070E+01,3.44210754E-01,6.35991551E-01,1.97898125E-02
4.80031672E+00,8.59975957E-03,3.57390917E-03,1.01999903191136,1.00826318316386,3.76199030E+00,5780.83135731102,7.19769454E+00,2.19240890E+00,1.73814022E+01,3.42229857E-01,6.37966849E-01,1.97955346E-02
4.82384248E+00,9.47890473E-03,3.94432148E-03,1.02206591391801,1.00912350357851,3.76202488E+00,5781.29166504063,7.19815418E+00,2.19425070E+00,1.73828008E+01,3.40249255E-01,6.39941851E-01,1.98012561E-02
4.84734027E+00,1.03585331E-02,4.31534527E-03,1.02413812365351,1.00998598012233,3.76205927E+00,5781.74947995809,7.19861476E+00,2.19609677E+00,1.73842030E+01,3.38268954E-01,6.41916552E-01,1.98069769E-02
4.87081016E+00,1.12386507E-02,4.68694894E-03,1.0262156907605,1.01085054351667,3.76209350E+00,5782.20520088596,7.19907630E+00,2.19794710E+00,1.73856089E+01,3.36288958E-01,6.43890949E-01,1.98126970E-02
4.89425223E+00,1.21192061E-02,5.05911031E-03,1.02829850901932,1.01171714618793,3.76212756E+00,5782.65869417275,7.19953878E+00,2.19980176E+00,1.73870184E+01,3.34309269E-01,6.45865037E-01,1.98184162E-02
4.91766656E+00,1.30007878E-02,5.43167352E-03,1.03038798953956,1.01258542871337,3.76216167E+00,5783.11288883205,7.20000237E+00,2.20166082E+00,1.73884318E+01,3.32329891E-01,6.47838814E-01,1.98241345E-02
4.94105320E+00,1.38826134E-02,5.80607455E-03,1.03248229568182,1.01345874510366,3.76219493E+00,5783.55579959471,7.20046681E+00,2.20352418E+00,1.73898487E+01,3.30350828E-01,6.49812277E-01,1.98298519E-02
4.96441227E+00,1.47648284E-02,6.18051634E-03,1.03458178622098,1.01433290989466,3.76222826E+00,5783.99967654905,7.20093219E+00,2.20539162E+00,1.73912692E+01,3.28372082E-01,6.51785422E-01,1.98355682E-02
4.98774382E+00,1.56474566E-02,6.55604223E-03,1.03668653227994,1.01521036289957,3.76226116E+00,5784.4378603283,7.20139855E+00,2.20726357E+00,1.73926935E+01,3.26393663E-01,6.53758241E-01,1.98412834E-02
5.01104798E+00,1.65307022E-02,6.93199900E-03,1.03879703698927,1.01608958304939,3.76229399E+00,5784.87514489167,7.20186590E+00,2.20913994E+00,1.73941216E+01,3.24415571E-01,6.55730732E-01,1.98469974E-02
5.03432483E+00,1.74145202E-02,7.30851922E-03,1.04091321022367,1.01697088405401,3.76232668E+00,5785.31059754822,7.20233422E+00,2.21102076E+00,1.73955536E+01,3.22437812E-01,6.57702891E-01,1.98527102E-02
5.05757449E+00,1.82987782E-02,7.68557615E-03,1.04303475113264,1.01785420733558,3.76235922E+00,5785.74408465763,7.20280347E+00,2.21290607E+00,1.73969895E+01,3.20460387E-01,6.59674716E-01,1.98584216E-02
5.08079710E+00,1.91836143E-02,8.06323524E-03,1.04516200730743,1.01873971036318,3.76239160E+00,5786.17547254154,7.20327373E+00,2.21479579E+00,1.73984293E+01,3.18483300E-01,6.61646203E-01,1.98641316E-02
5.10399274E+00,2.00690040E-02,8.44149397E-03,1.04729493699191,1.01962739157333,3.76242382E+00,5786.60476072558,7.20374495E+00,2.21669002E+00,1.73998730E+01,3.16506556E-01,6.63617348E-01,1.98698402E-02
5.12716155E+00,2.09549344E-02,8.82035409E-03,1.04943352603596,1.02051725942853,3.76245587E+00,5787.03181548629,7.20421710E+00,2.21858879E+00,1.74013207E+01,3.14530159E-01,6.65588146E-01,1.98755472E-02
5.15030366E+00,2.18413768E-02,9.19980333E-03,1.05157772183398,1.02140928944515,3.76248775E+00,5787.45663632452,7.20469005E+00,2.22049229E+00,1.74027723E+01,3.12554111E-01,6.67558595E-01,1.98812526E-02
5.17341922E+00,2.27283773E-02,9.57990149E-03,1.05372765275481,1.02230362669991,3.76251946E+00,5787.87922274367,7.20516397E+00,2.22240032E+00,1.74042280E+01,3.10578418E-01,6.69528691E-01,1.98869563E-02
5.19650838E+00,2.36158500E-02,9.96114732E-03,1.05588312720976,1.02320145094534,3.76255070E+00,5788.29557583543,7.20563882E+00,2.22431300E+00,1.74056878E+01,3.08603084E-01,6.71498428E-01,1.98926581E-02
5.21957128E+00,2.45038929E-02,1.03429792E-02,1.05804439998177,1.02410144564497,3.76258180E+00,5788.71009281774,7.20611462E+00,2.22623032E+00,1.74071516E+01,3.06628112E-01,6.73467804E-01,1.98983579E-02
5.24260809E+00,2.53926164E-02,1.07244700E-02,1.06021175813186,1.02500142696693,3.76261323E+00,5789.12903837069,7.20659135E+00,2.22815229E+00,1.74086196E+01,3.04653506E-01,6.75436815E-01,1.99040558E-02
5.26561898E+00,2.62821482E-02,1.11066235E-02,1.06238553330968,1.02590376464244,3.76264454E+00,5789.54641453293,7.20706908E+00,2.23007886E+00,1.74100918E+01,3.02679270E-01,6.77405458E-01,1.99097516E-02
5.28860409E+00,2.71725682E-02,1.14891224E-02,1.06456594262719,1.02680771330434,3.76267589E+00,5789.96435406194,7.20754783E+00,2.23201030E+00,1.74115684E+01,3.00705409E-01,6.79373726E-01,1.99154452E-02
5.31156359E+00,2.80633846E-02,1.18734286E-02,1.06675180062533,1.02771673525259,3.76270644E+00,5790.37165749285,7.20802750E+00,2.23394646E+00,1.74130492E+01,2.98731923E-01,6.81341620E-01,1.99211367E-02
5.33449768E+00,2.89546337E-02,1.22580851E-02,1.0689432118325,1.02862739163426,3.76273693E+00,5790.77818955048,7.20850803E+00,2.23588715E+00,1.74145340E+01,2.96758817E-01,6.83309135E-01,1.99268259E-02
5.35740651E+00,2.98465875E-02,1.26432577E-02,1.07114086288648,1.02954007841333,3.76276733E+00,5791.18355002754,7.20898961E+00,2.23783259E+00,1.74160232E+01,2.94786099E-01,6.85276265E-01,1.99325127E-02
5.38029026E+00,3.07392284E-02,1.30292002E-02,1.0733447302573,1.03045540175545,3.76279752E+00,5791.5861383994,7.20947213E+00,2.23978296E+00,1.74175169E+01,2.92813772E-01,6.87243004E-01,1.99381971E-02
5.40314913E+00,3.16317329E-02,1.34187810E-02,1.07555279427332,1.03138017922179,3.76282585E+00,5791.96394883394,7.20995556E+00,2.24173832E+00,1.74190152E+01,2.90841839E-01,6.89209351E-01,1.99438790E-02
5.42598333E+00,3.25249714E-02,1.38087704E-02,1.07776722220603,1.0323067578566,3.76285417E+00,5792.34165054111,7.21043995E+00,2.24369844E+00,1.74205179E+01,2.88870300E-01,6.91175305E-01,1.99495583E-02
5.44879306E+00,3.34189462E-02,1.41995801E-02,1.07998804037039,1.03323612050314,3.76288226E+00,5792.71630908679,7.21092529E+00,2.24566340E+00,1.74220250E+01,2.86899162E-01,6.93140859E-01,1.99552349E-02
5.47157851E+00,3.43135822E-02,1.45911223E-02,1.0822150823309,1.0341680641055,3.76291015E+00,5793.08832404965,7.21141160E+00,2.24763325E+00,1.74235367E+01,2.84928429E-01,6.95106012E-01,1.99609089E-02
5.49433989E+00,3.52088115E-02,1.49833325E-02,1.08444819816121,1.03510244040671,3.76293785E+00,5793.45782831655,7.21189885E+00,2.24960805E+00,1.74250530E+01,2.82958104E-01,6.97070757E-01,1.99665800E-02
5.51707741E+00,3.61049051E-02,1.53749863E-02,1.08668808459604,1.03603633359438,3.76296605E+00,5793.83402654587,7.21238711E+00,2.25158762E+00,1.74265738E+01,2.80988190E-01,6.99035093E-01,1.99722483E-02
5.53979124E+00,3.70018840E-02,1.57679086E-02,1.08893481719899,1.03697409818173,3.76299383E+00,5794.20464570824,7.21287635E+00,2.25357191E+00,1.74280994E+01,2.79018693E-01,7.00999014E-01,1.99779136E-02
5.56248160E+00,3.78994723E-02,1.61613314E-02,1.0911877260804,1.03791390772014,3.76302151E+00,5794.5739543282,7.21336658E+00,2.25556101E+00,1.74296297E+01,2.77049617E-01,7.02962517E-01,1.99835759E-02
5.58514868E+00,3.87976864E-02,1.65558096E-02,1.09344687163867,1.0388570935816,3.76304883E+00,5794.93848288298,7.21385778E+00,2.25755501E+00,1.74311649E+01,2.75080964E-01,7.04925597E-01,1.99892351E-02
5.60779270E+00,3.96959837E-02,1.69537038E-02,1.09571090434029,1.03980931527037,3.76307446E+00,5795.28048275218,7.21434997E+00,2.25955394E+00,1.74327049E+01,2.73112740E-01,7.06888252E-01,1.99948911E-02
5.63041385E+00,4.05950896E-02,1.73521579E-02,1.09798166912468,1.04076375154024,3.76310001E+00,5795.62143521216,7.21484310E+00,2.26155781E+00,1.74342498E+01,2.71144946E-01,7.08850478E-01,2.00005437E-02
5.65301237E+00,4.14949660E-02,1.77515261E-02,1.10025909188394,1.04172125648819,3.76312529E+00,5795.95880439434,7.21533720E+00,2.26356667E+00,1.74357995E+01,2.69177588E-01,7.10812271E-01,2.00061931E-02
5.67558847E+00,4.23955952E-02,1.81517231E-02,1.10254314958231,1.0426816321763,3.76315035E+00,5796.29325699354,7.21583231E+00,2.26558051E+00,1.74373541E+01,2.67210668E-01,7.12773629E-01,2.00118390E-02
5.69814235E+00,4.32971919E-02,1.85526843E-02,1.10483441011132,1.04364472967936,3.76317527E+00,5796.62586028043,7.21632848E+00,2.26759962E+00,1.74389140E+01,2.65244193E-01,7.14734544E-01,2.00174813E-02
5.72067423E+00,4.41995561E-02,1.89555930E-02,1.10713238880553,1.0446134011033,3.76319940E+00,5796.94793775013,7.21682563E+00,2.26962388E+00,1.74404788E+01,2.63278162E-01,7.16695017E-01,2.00231200E-02
5.74318429E+00,4.51024757E-02,1.93588845E-02,1.10943656594395,1.04558389321945,3.76322349E+00,5797.26949916713,7.21732369E+00,2.27165298E+00,1.74420483E+01,2.61312581E-01,7.18655044E-01,2.00287550E-02
5.76567272E+00,4.60062389E-02,1.97628443E-02,1.11174769808754,1.04655689742471,3.76324745E+00,5797.58934299357,7.21782287E+00,2.27368730E+00,1.74436229E+01,2.59347458E-01,7.20614615E-01,2.00343862E-02
5.78813966E+00,4.69108987E-02,2.01676245E-02,1.11406594466986,1.04753278592295,3.76327122E+00,5797.90666793274,7.21832309E+00,2.27572708E+00,1.74452029E+01,2.57382798E-01,7.22573725E-01,2.00400134E-02
5.81058530E+00,4.78159347E-02,2.05746810E-02,1.11638999237599,1.0485150800589,3.76329396E+00,5798.21025882538,7.21882431E+00,2.27777234E+00,1.74467882E+01,2.55418604E-01,7.24532374E-01,2.00456366E-02
5.83300982E+00,4.87222793E-02,2.09807390E-02,1.11872225915434,1.04949588238178,3.76331751E+00,5798.52468039776,7.21932665E+00,2.27982283E+00,1.74483786E+01,2.53454876E-01,7.26490559E-01,2.00512557E-02
5.85541334E+00,4.96294669E-02,2.13877711E-02,1.1210615743728,1.05047995833651,3.76334079E+00,5798.83551389497,7.21983007E+00,2.28187879E+00,1.74499743E+01,2.51491623E-01,7.28448272E-01,2.00568706E-02
5.87779598E+00,5.05374335E-02,2.17955180E-02,1.12340779630968,1.05146668761999,3.76336391E+00,5799.14422757052,7.22033459E+00,2.28394024E+00,1.74515754E+01,2.49528847E-01,7.30405511E-01,2.00624811E-02
5.90015785E+00,5.14461854E-02,2.22040293E-02,1.12576096417608,1.05245619617329,3.76338684E+00,5799.45042047222,7.22084020E+00,2.28600728E+00,1.74531819E+01,2.47566554E-01,7.32362272E-01,2.00680872E-02
5.92249906E+00,5.23557930E-02,2.26133768E-02,1.12812128391112,1.05344866425884,3.76340957E+00,5799.7539586548,7.22134697E+00,2.28807982E+00,1.74547937E+01,2.45604747E-01,7.34318550E-01,2.00736887E-02
5.94481966E+00,5.32662555E-02,2.30235630E-02,1.13048877773824,1.05444410456098,3.76343209E+00,5800.05470814852,7.22185489E+00,2.29015801E+00,1.74564110E+01,2.43643431E-01,7.36274340E-01,2.00792855E-02
5.96711971E+00,5.41775091E-02,2.34345603E-02,1.13286330362039,1.05544245666006,3.76345441E+00,5800.35280207598,7.22236394E+00,2.29224189E+00,1.74580338E+01,2.41682611E-01,7.38229638E-01,2.00848774E-02
5.98939927E+00,5.50895395E-02,2.38471274E-02,1.13524484760769,1.05644557262232,3.76347613E+00,5800.64289743413,7.22287422E+00,2.29433141E+00,1.74596621E+01,2.39722290E-01,7.40184441E-01,2.00904644E-02
6.01165831E+00,5.60021788E-02,2.42609808E-02,1.13763299316868,1.05745277394335,3.76349737E+00,5800.92659587639,7.22338567E+00,2.29642672E+00,1.74612960E+01,2.37762475E-01,7.42138742E-01,2.00960463E-02
6.03389685E+00,5.69156895E-02,2.46757321E-02,1.1400284499599,1.05846312387777,3.76351837E+00,5801.20710232738,7.22389835E+00,2.29852778E+00,1.74629354E+01,2.35803169E-01,7.44092538E-01,2.01016230E-02
6.05611483E+00,5.78300219E-02,2.50912818E-02,1.14243111226111,1.05947638687999,3.76353918E+00,5801.48508424336,7.22441225E+00,2.30063464E+00,1.74645803E+01,2.33844378E-01,7.46045824E-01,2.01071943E-02
6.07831220E+00,5.87454869E-02,2.55063175E-02,1.14484182392155,1.06048936475492,3.76356053E+00,5801.77029337286,7.22492747E+00,2.30274720E+00,1.74662308E+01,2.31886106E-01,7.47998596E-01,2.01127601E-02
6.10048882E+00,5.96617393E-02,2.59223436E-02,1.14725970261131,1.06150573189007,3.76358158E+00,5802.05150860707,7.22544401E+00,2.30486561E+00,1.74678869E+01,2.29928360E-01,7.49950846E-01,2.01183202E-02
6.12264457E+00,6.05786814E-02,2.63391201E-02,1.14968451360773,1.06252490899841,3.76360242E+00,5802.32993179599,7.22596184E+00,2.30698994E+00,1.74695487E+01,2.27971144E-01,7.51902571E-01,2.01238744E-02
6.14477928E+00,6.14964540E-02,2.67567595E-02,1.15211665279325,1.06354717780363,3.76362305E+00,5802.60556253641,7.22648109E+00,2.30912005E+00,1.74712161E+01,2.26014463E-01,7.53853766E-01,2.01294227E-02
6.16689272E+00,6.24150096E-02,2.71752637E-02,1.15455601870532,1.06457255000197,3.76364343E+00,5802.87786596425,7.22700172E+00,2.31125607E+00,1.74728891E+01,2.24058324E-01,7.55804425E-01,2.01349647E-02
6.18898465E+00,6.33339363E-02,2.75972893E-02,1.15700153810927,1.06560755102312,3.76366215E+00,5803.12800088289,7.22752372E+00,2.31339807E+00,1.74745678E+01,2.22102731E-01,7.57754542E-01,2.01405003E-02
6.21105481E+00,6.42531303E-02,2.80198910E-02,1.15945295110393,1.06664497321937,3.76368065E+00,5803.37520677457,7.22804719E+00,2.31554594E+00,1.74762520E+01,2.20147688E-01,7.59704115E-01,2.01460293E-02
6.23310284E+00,6.51734717E-02,2.84437073E-02,1.16191262781673,1.06768639141352,3.76369883E+00,5803.61814693147,7.22857219E+00,2.31769986E+00,1.74779421E+01,2.18193204E-01,7.61653136E-01,2.01515516E-02
6.25512837E+00,6.60941972E-02,2.88695683E-02,1.16437855231841,1.06873385808519,3.76371608E+00,5803.84866885943,7.22909855E+00,2.31985940E+00,1.74796374E+01,2.16239280E-01,7.63601601E-01,2.01570669E-02
6.27713102E+00,6.70155351E-02,2.92961941E-02,1.16685135562556,1.06978423629339,3.76373310E+00,5804.07612613579,7.22962656E+00,2.32202467E+00,1.74813382E+01,2.14285926E-01,7.65549504E-01,2.01625749E-02
6.29911026E+00,6.79375431E-02,2.97234125E-02,1.16933121468435,1.07083710800841,3.76374999E+00,5804.30185488926,7.23015615E+00,2.32419589E+00,1.74830445E+01,2.12333149E-01,7.67496836E-01,2.01680756E-02
6.32106557E+00,6.88601263E-02,3.01513261E-02,1.17181789609067,1.07189273178859,3.76376668E+00,5804.52491933851,7.23068739E+00,2.32637291E+00,1.74847564E+01,2.10380954E-01,7.69443592E-01,2.01735685E-02
6.34299636E+00,6.97831681E-02,3.05799592E-02,1.17431110566603,1.07295117376279,3.76378312E+00,5804.74465087974,7.23122028E+00,2.32855573E+00,1.74864736E+01,2.08429348E-01,7.71389766E-01,2.01790535E-02
6.36490202E+00,7.07069372E-02,3.10070210E-02,1.17681159066966,1.07400677507766,3.76380054E+00,5804.97748984972,7.23175494E+00,2.33074416E+00,1.74881962E+01,2.06478337E-01,7.73335353E-01,2.01845303E-02
6.38678180E+00,7.16302741E-02,3.14414285E-02,1.17931622637859,1.07508159880769,3.76381417E+00,5805.15967748526,7.23229133E+00,2.33293842E+00,1.74899242E+01,2.04527928E-01,7.75280345E-01,2.01899987E-02
6.40863497E+00,7.25539685E-02,3.18742493E-02,1.18182716561164,1.07615356643212,3.76382868E+00,5805.35363406905,7.23282947E+00,2.33513834E+00,1.74916574E+01,2.02578128E-01,7.77224736E-01,2.01954583E-02
6.43046072E+00,7.34785257E-02,3.23068988E-02,1.18434580390933,1.07722617802578,3.76384349E+00,5805.55160746472,7.23336950E+00,2.33734362E+00,1.74933955E+01,2.00628943E-01,7.79168520E-01,2.02009089E-02
6.45225812E+00,7.44032239E-02,3.27402500E-02,1.18687019511058,1.07830160093703,3.76385799E+00,5805.74544346108,7.23391143E+00,2.33955440E+00,1.74951387E+01,1.98680382E-01,7.81111689E-01,2.02063501E-02
6.47402623E+00,7.53279796E-02,3.31740996E-02,1.18940012443737,1.07937933617505,3.76387226E+00,5805.93621113612,7.23445528E+00,2.34177064E+00,1.74968869E+01,1.96732452E-01,7.83054234E-01,2.02117817E-02
6.49576401E+00,7.62528756E-02,3.36085922E-02,1.19193583161274,1.08045974826893,3.76388623E+00,5806.12297435045,7.23500115E+00,2.34399212E+00,1.74986399E+01,1.94785161E-01,7.84996151E-01,2.02172032E-02
6.51747035E+00,7.71777774E-02,3.40437481E-02,1.19447696066788,1.08154289365292,3.76389988E+00,5806.30546532695,7.23554908E+00,2.34621880E+00,1.75003975E+01,1.92838517E-01,7.86937430E-01,2.02226144E-02
6.53914408E+00,7.81025731E-02,3.44794655E-02,1.19702321480565,1.08262852460578,3.76391322E+00,5806.48381736166,7.23609907E+00,2.34845061E+00,1.75021597E+01,1.90892528E-01,7.88878063E-01,2.02280149E-02
6.56078396E+00,7.90271686E-02,3.49163439E-02,1.19957434378998,1.08371814239435,3.76392593E+00,5806.65375157064,7.23665125E+00,2.35068732E+00,1.75039263E+01,1.88947202E-01,7.90818044E-01,2.02334043E-02
6.58238865E+00,7.99512900E-02,3.53543651E-02,1.20212959749875,1.08481171139862,3.76393795E+00,5806.81446497338,7.23720562E+00,2.35292893E+00,1.75056972E+01,1.87002548E-01,7.92757363E-01,2.02387823E-02
6.60395675E+00,8.08750552E-02,3.57928875E-02,1.20468930617605,1.08590763710943,3.76394963E+00,5806.97063666751,7.23776221E+00,2.35517527E+00,1.75074721E+01,1.85058574E-01,7.94696013E-01,2.02441483E-02
6.62548681E+00,8.17983815E-02,3.62319605E-02,1.20725324521481,1.08700604808284,3.76396093E+00,5807.12173143065,7.23832115E+00,2.35742606E+00,1.75092509E+01,1.83115289E-01,7.96633986E-01,2.02495021E-02
6.64697724E+00,8.27211361E-02,3.66714789E-02,1.20982104848761,1.08810668604506,3.76397186E+00,5807.26788258356,7.23888245E+00,2.35968127E+00,1.75110333E+01,1.81172703E-01,7.98571271E-01,2.02548432E-02
6.66842642E+00,8.36434622E-02,3.71082791E-02,1.21239311720851,1.08920162123713,3.76398404E+00,5807.43075252005,7.23944615E+00,2.36194068E+00,1.75128192E+01,1.79230824E-01,8.00507861E-01,2.02601712E-02
6.68983265E+00,8.45653811E-02,3.75466460E-02,1.21496951495318,1.0903015914481,3.76399533E+00,5807.58172553069,7.24001241E+00,2.36420397E+00,1.75146083E+01,1.77289663E-01,8.02443746E-01,2.02654856E-02
6.71119410E+00,8.54861504E-02,3.79848156E-02,1.21754816475823,1.09140217668017,3.76400644E+00,5807.73029536282,7.24058121E+00,2.36647116E+00,1.75164004E+01,1.75349231E-01,8.04378917E-01,2.02707859E-02
6.73250889E+00,8.64057382E-02,3.84230098E-02,1.22012896811586,1.09250393476146,3.76401724E+00,5807.8747233252,7.24115258E+00,2.36874207E+00,1.75181954E+01,1.73409536E-01,8.06313363E-01,2.02760716E-02
6.75377511E+00,8.73237387E-02,3.88654318E-02,1.22271077304578,1.09361745122608,3.76402553E+00,5807.98558759587,7.24172660E+00,2.37101641E+00,1.75199929E+01,1.71470587E-01,8.08247076E-01,2.02813423E-02
6.77499073E+00,8.82396833E-02,3.93077565E-02,1.22529224069448,1.09473185735841,3.76403335E+00,5808.0901683771,7.24230328E+00,2.37329409E+00,1.75217927E+01,1.69532397E-01,8.10180047E-01,2.02865974E-02
6.79615367E+00,8.91543279E-02,3.97506908E-02,1.22787548302837,1.09584893727445,3.76404055E+00,5808.18645925253,7.24288262E+00,2.37557477E+00,1.75235944E+01,1.67594974E-01,8.12112265E-01,2.02918365E-02
6.81726184E+00,9.00673613E-02,4.01939842E-02,1.23045960660356,1.09696806411146,3.76404716E+00,5808.2748610312,7.24346481E+00,2.37785752E+00,1.75253976E+01,1.65658328E-01,8.14043721E-01,2.02970590E-02
6.83831297E+00,9.09785375E-02,4.06372704E-02,1.23304389564014,1.09808831564289,3.76405331E+00,5808.3571120033,7.24404982E+00,2.38014191E+00,1.75272022E+01,1.63722473E-01,8.15974404E-01,2.03022643E-02
6.85930480E+00,9.18876587E-02,4.10804427E-02,1.23562776559133,1.09920942291993,3.76405901E+00,5808.43334565163,7.24463770E+00,2.38242757E+00,1.75290078E+01,1.61787419E-01,8.17904302E-01,2.03074519E-02
6.88023500E+00,9.27949860E-02,4.15198039E-02,1.23821193551951,1.1003220190173,3.76406616E+00,5808.52897348486,7.24522858E+00,2.38471398E+00,1.75308140E+01,1.59853176E-01,8.19833406E-01,2.03126212E-02
6.90110115E+00,9.37004027E-02,4.19602706E-02,1.24079605126497,1.10143854497732,3.76407228E+00,5808.61082681082,7.24582246E+00,2.38700080E+00,1.75326205E+01,1.57919758E-01,8.21761704E-01,2.03177717E-02
6.92190080E+00,9.46029982E-02,4.23998356E-02,1.24337748291968,1.10255391473588,3.76407814E+00,5808.6892037889,7.24641932E+00,2.38928780E+00,1.75344269E+01,1.55987176E-01,8.23689185E-01,2.03229027E-02
6.94263152E+00,9.55023226E-02,4.28444108E-02,1.24595490059997,1.10368314644149,3.76408069E+00,5808.72331014202,7.24701917E+00,2.39157457E+00,1.75362330E+01,1.54055440E-01,8.25615838E-01,2.03280137E-02
6.96329085E+00,9.63980943E-02,4.32867008E-02,1.24852744756357,1.10480772133501,3.76408349E+00,5808.76076048591,7.24762194E+00,2.39386079E+00,1.75380384E+01,1.52124562E-01,8.27541654E-01,2.03331041E-02
6.98387637E+00,9.72912105E-02,4.37283706E-02,1.25109765623578,1.10593186274882,3.76408593E+00,5808.79339598247,7.24822766E+00,2.39614590E+00,1.75398424E+01,1.50194553E-01,8.29466621E-01,2.03381732E-02
7.00438565E+00,9.81815732E-02,4.41685087E-02,1.25366520744582,1.10705324353678,3.76408845E+00,5808.82710168779,7.24883644E+00,2.39842932E+00,1.75416447E+01,1.48265425E-01,8.31390727E-01,2.03432205E-02
7.02481618E+00,9.90683952E-02,4.46079977E-02,1.25622778611498,1.10817410508315,3.76409041E+00,5808.85331737158,7.24944826E+00,2.40071084E+00,1.75434449E+01,1.46337192E-01,8.33313961E-01,2.03482453E-02
7.04516549E+00,9.99514779E-02,4.50465809E-02,1.25878476461821,1.10929378783558,3.76409189E+00,5808.87311296631,7.25006303E+00,2.40299017E+00,1.75452428E+01,1.44409867E-01,8.35236309E-01,2.03532471E-02
7.06543119E+00,1.00830783E-01,4.54843678E-02,1.26133597624466,1.11041256590175,3.76409282E+00,5808.88555212455,7.25068084E+00,2.40526673E+00,1.75470379E+01,1.42483460E-01,8.37157762E-01,2.03582251E-02
7.08561084E+00,1.01706104E-01,4.59213049E-02,1.26388076392453,1.11153029733697,3.76409319E+00,5808.89050104437,7.25130161E+00,2.40754025E+00,1.75488298E+01,1.40557985E-01,8.39078306E-01,2.03631789E-02
7.10570209E+00,1.02577237E-01,4.63573060E-02,1.26641847338008,1.11264675587001,3.76409297E+00,5808.88755844288,7.25192529E+00,2.40981038E+00,1.75506181E+01,1.38633455E-01,8.40997930E-01,2.03681077E-02
7.12570265E+00,1.03443744E-01,4.67944019E-02,1.26894776163142,1.11376714347049,3.76409105E+00,5808.86187762049,7.25255182E+00,2.41207680E+00,1.75524024E+01,1.36709882E-01,8.42916622E-01,2.03730110E-02
7.14561031E+00,1.04305463E-01,4.72297764E-02,1.27146808364193,1.11488424021131,3.76408879E+00,5808.83164929793,7.25318120E+00,2.41433911E+00,1.75541824E+01,1.34787277E-01,8.44834370E-01,2.03778883E-02
7.16542290E+00,1.05162621E-01,4.76643443E-02,1.27398003186882,1.1160003846779,3.76408580E+00,5808.79165720139,7.25381332E+00,2.41659702E+00,1.75559577E+01,1.32865656E-01,8.46751162E-01,2.03827388E-02
7.18513840E+00,1.06014919E-01,4.80977811E-02,1.27648265813127,1.11711473707287,3.76408215E+00,5808.74283779121,7.25444812E+00,2.41885024E+00,1.75577280E+01,1.30945029E-01,8.48666985E-01,2.03875621E-02
7.20475488E+00,1.06862213E-01,4.85299336E-02,1.27897546397794,1.11822689533799,3.76407790E+00,5808.68599378951,7.25508555E+00,2.42109847E+00,1.75594928E+01,1.29025409E-01,8.50581828E-01,2.03923577E-02
7.22427050E+00,1.07704346E-01,4.89607325E-02,1.28145790947554,1.11933667209622,3.76407303E+00,5808.62085793501,7.25572550E+00,2.42334150E+00,1.75612520E+01,1.27106811E-01,8.52495677E-01,2.03971249E-02
7.24368359E+00,1.08541253E-01,4.93888265E-02,1.28392972329385,1.1204405718253,3.76406821E+00,5808.55639154564,7.25636783E+00,2.42557918E+00,1.75630052E+01,1.25189247E-01,8.54408521E-01,2.04018633E-02
7.26299264E+00,1.09373133E-01,4.98148881E-02,1.28639141482311,1.12154031166264,3.76406315E+00,5808.48871598137,7.25701250E+00,2.42781121E+00,1.75647522E+01,1.23272729E-01,8.56320347E-01,2.04065724E-02
7.28219627E+00,1.10199391E-01,5.02393310E-02,1.28884114185011,1.1226369466275,3.76405749E+00,5808.41301658091,7.25765935E+00,2.43003758E+00,1.75664927E+01,1.21357271E-01,8.58231142E-01,2.04112517E-02
7.30129330E+00,1.11019726E-01,5.06641211E-02,1.29127792314953,1.12373555225355,3.76405018E+00,5808.3152507939,7.25830815E+00,2.43225837E+00,1.75682267E+01,1.19442886E-01,8.60140894E-01,2.04159008E-02
7.32028277E+00,1.11833659E-01,5.10890798E-02,1.29370024084383,1.12483566964727,3.76404119E+00,5808.19501851872,7.25895878E+00,2.43447351E+00,1.75699539E+01,1.17529587E-01,8.62049591E-01,2.04205193E-02
7.33916394E+00,1.12642014E-01,5.15125054E-02,1.29611045546576,1.12593288938156,3.76403156E+00,5808.06622964334,7.25961101E+00,2.43668306E+00,1.75716744E+01,1.15617386E-01,8.63957219E-01,2.04251068E-02
7.35793632E+00,1.13444564E-01,5.19344548E-02,1.29850780378373,1.12702734853939,3.76402123E+00,5807.9280823421,7.26026462E+00,2.43888709E+00,1.75733878E+01,1.13706296E-01,8.65863767E-01,2.04296630E-02
7.37659965E+00,1.14241271E-01,5.23546572E-02,1.30089208402666,1.12811833356629,3.76401030E+00,5807.78191457397,7.26091951E+00,2.44108565E+00,1.75750943E+01,1.11796332E-01,8.67769220E-01,2.04341876E-02
7.39515391E+00,1.15032491E-01,5.27713479E-02,1.30326427629638,1.12920124394383,3.76399976E+00,5807.64096579123,7.26157540E+00,2.44327909E+00,1.75767938E+01,1.09887506E-01,8.69673566E-01,2.04386803E-02
7.41359937E+00,1.15817835E-01,5.31864676E-02,1.30562312909967,1.13028110519305,3.76398854E+00,5807.49092729746,7.26223226E+00,2.44546765E+00,1.75784868E+01,1.07979833E-01,8.71576791E-01,2.04431410E-02
7.43193656E+00,1.16598531E-01,5.35949972E-02,1.30797225278857,1.13134483166173,3.76397945E+00,5807.36937488943,7.26288939E+00,2.44765200E+00,1.75801731E+01,1.06073317E-01,8.73478891E-01,2.04475694E-02
7.45016642E+00,1.17371950E-01,5.40074976E-02,1.31030364758839,1.1324199130079,3.76396655E+00,5807.19687913953,7.26354676E+00,2.44983227E+00,1.75818529E+01,1.04167976E-01,8.75379848E-01,2.04519654E-02
7.46829011E+00,1.18139895E-01,5.44181102E-02,1.31262265312161,1.1334910888774,3.76395323E+00,5807.0187726255,7.26420369E+00,2.45200945E+00,1.75835265E+01,1.02263829E-01,8.77279643E-01,2.04563290E-02
7.48630925E+00,1.18902120E-01,5.48277774E-02,1.31492844412801,1.13456080820375,3.76393895E+00,5806.8278356732,7.26486046E+00,2.45418350E+00,1.75851943E+01,1.00360903E-01,8.79178249E-01,2.04606602E-02
7.50422567E+00,1.19658649E-01,5.52372384E-02,1.31722100939576,1.13563099787572,3.76392336E+00,5806.61938996438,7.26551653E+00,2.45635612E+00,1.75868575E+01,9.84592046E-02,8.81075659E-01,2.04649589E-02
7.52204177E+00,1.20410519E-01,5.56417502E-02,1.3195034163586,1.13668924328612,3.76390907E+00,5806.42833244598,7.26617111E+00,2.45852807E+00,1.75885160E+01,9.65587273E-02,8.82971879E-01,2.04692252E-02
7.53976030E+00,1.21157017E-01,5.60471748E-02,1.32177342838817,1.13775086615154,3.76389298E+00,5806.21321642415,7.26682413E+00,2.46069947E+00,1.75901700E+01,9.46595014E-02,8.84866881E-01,2.04734594E-02
7.55738420E+00,1.21898783E-01,5.64497205E-02,1.32403291912067,1.13880593146121,3.76387715E+00,5806.00158426218,7.26747531E+00,2.46287179E+00,1.75918208E+01,9.27615655E-02,8.86760623E-01,2.04776616E-02
7.57491705E+00,1.22636394E-01,5.68516923E-02,1.32628358337874,1.13986046888607,3.76386056E+00,5805.77979989561,7.26812408E+00,2.46504658E+00,1.75934693E+01,9.08649216E-02,8.88653105E-01,2.04818321E-02
7.59236288E+00,1.23369608E-01,5.72522699E-02,1.32852462276885,1.14091232017971,3.76384358E+00,5805.55281056474,7.26876998E+00,2.46722504E+00,1.75951164E+01,8.89695830E-02,8.90544313E-01,2.04859712E-02
7.60972615E+00,1.24098946E-01,5.76518374E-02,1.33075757204912,1.1419624860842,3.76382613E+00,5805.31954750124,7.26941259E+00,2.46940852E+00,1.75967630E+01,8.70755685E-02,8.92434227E-01,2.04900794E-02
7.62701180E+00,1.24824790E-01,5.80506703E-02,1.33298355020639,1.1430116852441,3.76380817E+00,5805.07947679445,7.27005137E+00,2.47159865E+00,1.75984104E+01,8.51828976E-02,8.94322828E-01,2.04941570E-02
7.64422531E+00,1.25547473E-01,5.84489059E-02,1.33520353351452,1.14406027490898,3.76378973E+00,5804.83300027338,7.27068580E+00,2.47379720E+00,1.76000599E+01,8.32915902E-02,8.96210095E-01,2.04982046E-02
7.66137270E+00,1.26267823E-01,5.88466969E-02,1.33742002948954,1.14510865425961,3.76377092E+00,5804.58158896436,7.27131528E+00,2.47600656E+00,1.76017133E+01,8.14016674E-02,8.98096007E-01,2.05022228E-02
7.67846089E+00,1.26987974E-01,5.92387081E-02,1.339639591102,1.14614274078997,3.76375495E+00,5804.36814516648,7.27193950E+00,2.47822750E+00,1.76033711E+01,7.95131152E-02,8.99980576E-01,2.05062124E-02
7.69549674E+00,1.27703483E-01,5.96392124E-02,1.34184849370616,1.1472001956744,3.76373358E+00,5804.08254104133,7.27255781E+00,2.48046288E+00,1.76050358E+01,7.76259875E-02,9.01863748E-01,2.05101741E-02
7.71248802E+00,1.28418448E-01,6.00398490E-02,1.34405935494355,1.14825897598485,3.76371200E+00,5803.7941445854,7.27316974E+00,2.48271415E+00,1.76067083E+01,7.57403079E-02,9.03745499E-01,2.05141086E-02
7.72944277E+00,1.29133139E-01,6.04408797E-02,1.34627300947297,1.149319776419,3.76369016E+00,5803.50228806339,7.27377420E+00,2.48498520E+00,1.76083917E+01,7.38561525E-02,9.05625752E-01,2.05180169E-02
7.74637063E+00,1.29848235E-01,6.08426743E-02,1.34849156740404,1.15038358031582,3.76366803E+00,5803.20657112741,7.27437082E+00,2.48727821E+00,1.76100879E+01,7.19735104E-02,9.07504516E-01,2.05219001E-02
7.76328165E+00,1.30564491E-01,6.12456277E-02,1.35071738911339,1.15145144120316,3.76364562E+00,5802.90712798598,7.27495908E+00,2.48959572E+00,1.76117989E+01,7.00924031E-02,9.09381769E-01,2.05257591E-02
7.78018655E+00,1.31282827E-01,6.16501302E-02,1.35295336455477,1.15252440432025,3.76362295E+00,5802.60422643725,7.27553792E+00,2.49194170E+00,1.76135280E+01,6.82128624E-02,9.11257478E-01,2.05295952E-02
7.79709746E+00,1.32004412E-01,6.20521932E-02,1.35520317979757,1.15359188733809,3.76360232E+00,5802.32859576031,7.27610731E+00,2.49431772E+00,1.76152766E+01,6.63348812E-02,9.13131650E-01,2.05334098E-02
7.81402672E+00,1.32729226E-01,6.24591087E-02,1.35746682903251,1.15467326050445,3.76358006E+00,5802.03120187229,7.27666703E+00,2.49672562E+00,1.76170467E+01,6.44585156E-02,9.15004225E-01,2.05372041E-02
7.83098701E+00,1.33459073E-01,6.28694123E-02,1.35975001726022,1.15576466388043,3.76355737E+00,5801.72807886591,7.27721461E+00,2.49917367E+00,1.76188444E+01,6.25838719E-02,9.16875097E-01,2.05409796E-02
7.84799432E+00,1.34198266E-01,6.32739148E-02,1.36206635698966,1.15684164621074,3.76353992E+00,5801.49496947746,7.27775073E+00,2.50166222E+00,1.76206705E+01,6.07108983E-02,9.18744316E-01,2.05447379E-02
7.86506448E+00,1.34939754E-01,6.36926207E-02,1.36439385264188,1.15795750195605,3.76351594E+00,5801.17464302982,7.27827490E+00,2.50419613E+00,1.76225290E+01,5.88396379E-02,9.20611838E-01,2.05484809E-02
7.88221432E+00,1.35689653E-01,6.41170676E-02,1.36675179519773,1.15908975609297,3.76349119E+00,5800.84404941819,7.27878597E+00,2.50677998E+00,1.76244235E+01,5.69701614E-02,9.22477588E-01,2.05522102E-02
7.89946240E+00,1.36449152E-01,6.45462703E-02,1.36914407708953,1.1602358225997,3.76346646E+00,5800.51374176975,7.27928254E+00,2.50942000E+00,1.76263590E+01,5.51025479E-02,9.24341487E-01,2.05559279E-02
7.91682980E+00,1.37219549E-01,6.49810604E-02,1.37157496357447,1.16139796412353,3.76344167E+00,5800.18265160456,7.27976444E+00,2.51211995E+00,1.76283392E+01,5.32368186E-02,9.26203511E-01,2.05596362E-02
7.93433899E+00,1.38002302E-01,6.54221875E-02,1.37404925821122,1.16257823331301,3.76341679E+00,5799.85037841927,7.28023092E+00,2.51488518E+00,1.76303689E+01,5.13730215E-02,9.28063610E-01,2.05633372E-02
7.95201457E+00,1.38798935E-01,6.58704342E-02,1.37657201080226,1.16377878018294,3.76339183E+00,5799.51705595819,7.28068123E+00,2.51772139E+00,1.76324531E+01,4.95112301E-02,9.29921711E-01,2.05670301E-02
7.96988353E+00,1.39611363E-01,6.63267550E-02,1.3791495529989,1.16500222551561,3.76336678E+00,5799.1825508733,7.28111477E+00,2.52063446E+00,1.76345975E+01,4.76515111E-02,9.31777746E-01,2.05707170E-02
7.98797555E+00,1.40441393E-01,6.67920822E-02,1.38178792434858,1.16625114248744,3.76334162E+00,5798.84659632469,7.28153064E+00,2.52363113E+00,1.76368080E+01,4.57939244E-02,9.33631651E-01,2.05744008E-02
8.00632354E+00,1.41291254E-01,6.72675015E-02,1.38449456114359,1.16752852895352,3.76331637E+00,5798.50945959774,7.28192818E+00,2.52671845E+00,1.76390914E+01,4.39385337E-02,9.35483360E-01,2.05780845E-02
8.02496404E+00,1.42164291E-01,6.77517496E-02,1.38728052953113,1.16883107553115,3.76329251E+00,5798.19090009256,7.28230602E+00,2.52990554E+00,1.76414555E+01,4.20854049E-02,9.37332804E-01,2.05817715E-02
8.04393854E+00,1.43065552E-01,6.82336525E-02,1.39016244518836,1.17012875654873,3.76327687E+00,5797.98209690346,7.28266456E+00,2.53319761E+00,1.76439063E+01,4.02345752E-02,9.39179942E-01,2.05854656E-02
8.06329229E+00,1.43988530E-01,6.87484277E-02,1.39312000925304,1.17151654851863,3.76325023E+00,5797.62645456332,7.28300253E+00,2.53660638E+00,1.76464545E+01,3.83861405E-02,9.41024673E-01,2.05891707E-02
8.08227865E+00,1.44910269E-01,6.92559972E-02,1.3960798826353,1.17288652604596,3.76322688E+00,5797.31475145819,7.28333043E+00,2.53997381E+00,1.76490003E+01,3.66146689E-02,9.42792574E-01,2.05927433E-02
8.10080311E+00,1.45819916E-01,6.97536663E-02,1.39900709177267,1.17423133694654,3.76320546E+00,5797.02882698788,7.28363536E+00,2.54329279E+00,1.76515289E+01,3.49271090E-02,9.44476709E-01,2.05961696E-02
8.11889300E+00,1.46716246E-01,7.02423496E-02,1.40189745071347,1.17555336666363,3.76318520E+00,5796.75839973292,7.28391320E+00,2.54656863E+00,1.76540394E+01,3.33193395E-02,9.46081191E-01,2.05994581E-02
8.13657685E+00,1.47600242E-01,7.07231066E-02,1.40475388546148,1.17685540585119,3.76316582E+00,5796.4997303831,7.28416460E+00,2.54980352E+00,1.76565324E+01,3.17874740E-02,9.47609898E-01,2.06026174E-02
8.15388136E+00,1.48472979E-01,7.11967455E-02,1.40757964863352,1.17813957727085,3.76314718E+00,5796.25094887466,7.28439025E+00,2.55300121E+00,1.76590101E+01,3.03278379E-02,9.49066497E-01,2.06056555E-02
8.17083195E+00,1.49335081E-01,7.16637832E-02,1.41037655831741,1.17940722304467,3.76312919E+00,5796.01085281257,7.28459242E+00,2.55616174E+00,1.76614727E+01,2.89369093E-02,9.50454503E-01,2.06085797E-02
8.18745151E+00,1.50187305E-01,7.21247177E-02,1.41314688325773,1.18065964068179,3.76311178E+00,5795.77850694919,7.28477314E+00,2.55928577E+00,1.76639209E+01,2.76113553E-02,9.51777240E-01,2.06113969E-02
8.20376081E+00,1.51030085E-01,7.25802808E-02,1.41589186002256,1.18189877032747,3.76309469E+00,5795.55044071769,7.28493416E+00,2.56237394E+00,1.76663551E+01,2.63480108E-02,9.53037869E-01,2.06141133E-02
8.21977882E+00,1.51864173E-01,7.30308309E-02,1.41861377626714,1.18312554373818,3.76307794E+00,5795.32692049828,7.28507707E+00,2.56542750E+00,1.76687763E+01,2.51438684E-02,9.54239391E-01,2.06167347E-02
8.23552300E+00,1.52689573E-01,7.34762573E-02,1.42131249169373,1.1843396178694,3.76306158E+00,5795.10861295212,7.28520415E+00,2.56844485E+00,1.76711833E+01,2.39960626E-02,9.55384665E-01,2.06192666E-02
8.25100867E+00,1.53507059E-01,7.39170162E-02,1.42399039192417,1.18554219636791,3.76304557E+00,5794.89498376122,7.28531619E+00,2.57142861E+00,1.76735779E+01,2.29018909E-02,9.56476390E-01,2.06217138E-02
8.26625039E+00,1.54316881E-01,7.43533070E-02,1.42664816129696,1.18673378657052,3.76302988E+00,5794.68563212607,7.28541480E+00,2.57437862E+00,1.76759598E+01,2.18587667E-02,9.57517148E-01,2.06240810E-02
8.28126129E+00,1.55119251E-01,7.47853176E-02,1.42928636605247,1.18791486686018,3.76301447E+00,5794.48002389228,7.28550123E+00,2.57729545E+00,1.76783293E+01,2.08642357E-02,9.58509388E-01,2.06263724E-02
8.29605340E+00,1.55919503E-01,7.51963267E-02,1.43192246613885,1.1890396219434,3.76300902E+00,5794.40730890442,7.28557663E+00,2.58017955E+00,1.76806865E+01,1.99159670E-02,9.59455437E-01,2.06285921E-02
8.31063782E+00,1.56706921E-01,7.56206497E-02,1.43452103541021,1.19020192871249,3.76299372E+00,5794.203178127,7.28564259E+00,2.58303080E+00,1.76830313E+01,1.90117399E-02,9.60357513E-01,2.06307438E-02
8.32502434E+00,1.57488748E-01,7.60413546E-02,1.43710581934852,1.19135544645305,3.76297882E+00,5794.0043910137,7.28569964E+00,2.58585034E+00,1.76853642E+01,1.81494516E-02,9.61217714E-01,2.06328309E-02
8.33922218E+00,1.58264420E-01,7.64584117E-02,1.43967485685702,1.19250006586662,3.76296421E+00,5793.80947953348,7.28574824E+00,2.58863985E+00,1.76876859E+01,1.73271030E-02,9.62038038E-01,2.06348567E-02
8.35324011E+00,1.59033826E-01,7.68732555E-02,1.44222767828855,1.19363970182165,3.76294914E+00,5793.60843807973,7.28578966E+00,2.59139914E+00,1.76899964E+01,1.65427916E-02,9.62820382E-01,2.06368241E-02
8.36708597E+00,1.59796945E-01,7.72860911E-02,1.44476411129936,1.1947749021787,3.76293350E+00,5793.39979991326,7.28582461E+00,2.59412878E+00,1.76922955E+01,1.57947061E-02,9.63566556E-01,2.06387361E-02
8.38076701E+00,1.60554400E-01,7.76959336E-02,1.44728612971232,1.19590294012495,3.76291795E+00,5793.19236979875,7.28585371E+00,2.59682947E+00,1.76945837E+01,1.50811258E-02,9.64278277E-01,2.06405952E-02
8.39428995E+00,1.61306517E-01,7.81028665E-02,1.44979473080187,1.19702402348903,3.76290251E+00,5792.98641438387,7.28587763E+00,2.59950206E+00,1.76968612E+01,1.44004147E-02,9.64957179E-01,2.06424041E-02
8.40766096E+00,1.62053057E-01,7.85068180E-02,1.45228903037032,1.19813793263994,3.76288717E+00,5792.7818001281,7.28589712E+00,2.60214620E+00,1.76991274E+01,1.37510175E-02,9.65604816E-01,2.06441650E-02
8.42088574E+00,1.62794431E-01,7.89081141E-02,1.45477031643612,1.19924554580537,3.76287186E+00,5792.5775932366,7.28591250E+00,2.60476353E+00,1.77013834E+01,1.31314529E-02,9.66222665E-01,2.06458801E-02
8.43396959E+00,1.63530693E-01,7.93068168E-02,1.45723868887707,1.20034701497612,3.76285658E+00,5792.37379366678,7.28592430E+00,2.60735436E+00,1.77036289E+01,1.25403147E-02,9.66812132E-01,2.06475515E-02
8.44691744E+00,1.64261891E-01,7.97029919E-02,1.45969422895494,1.20144250337889,3.76284129E+00,5792.16986789758,7.28593292E+00,2.60991941E+00,1.77058643E+01,1.19762644E-02,9.67374553E-01,2.06491813E-02
8.45973386E+00,1.64988286E-01,8.00967635E-02,1.46213773644139,1.20253233642263,3.76282600E+00,5791.96594930776,7.28593883E+00,2.61245926E+00,1.77080896E+01,1.14380287E-02,9.67911199E-01,2.06507711E-02
8.47242309E+00,1.65710090E-01,8.04873724E-02,1.46456985202878,1.20361439284167,3.76281115E+00,5791.76790575103,7.28594234E+00,2.61497452E+00,1.77103051E+01,1.09243960E-02,9.68423280E-01,2.06523228E-02
8.48498908E+00,1.66427342E-01,8.08754273E-02,1.46699063704171,1.20469033834454,3.76279643E+00,5791.57160259194,7.28594375E+00,2.61746583E+00,1.77125109E+01,1.04342138E-02,9.68911947E-01,2.06538380E-02
8.49743554E+00,1.67139694E-01,8.12630950E-02,1.46939884453475,1.20576617065152,3.76278069E+00,5791.36170426508,7.28594343E+00,2.61993392E+00,1.77147073E+01,9.96638560E-03,9.69378295E-01,2.06553183E-02
8.50976590E+00,1.67847444E-01,8.16484030E-02,1.4717954093764,1.20683640646102,3.76276497E+00,5791.15208023777,7.28594152E+00,2.62237940E+00,1.77168943E+01,9.51986742E-03,9.69823367E-01,2.06567651E-02
8.52198339E+00,1.68551218E-01,8.20314720E-02,1.47418238665807,1.20790136487277,3.76274938E+00,5790.94419723617,7.28593837E+00,2.62480282E+00,1.77190722E+01,9.09366620E-03,9.70248153E-01,2.06581798E-02
8.53409103E+00,1.69250682E-01,8.24124888E-02,1.47655858152173,1.20896155024613,3.76273374E+00,5790.73565501377,7.28593417E+00,2.62720471E+00,1.77212411E+01,8.68683623E-03,9.70653599E-01,2.06595638E-02
8.54609164E+00,1.69945911E-01,8.27914774E-02,1.47892418478744,1.21001701523588,3.76271805E+00,5790.52645364231,7.28592906E+00,2.62958571E+00,1.77234011E+01,8.29847748E-03,9.71040604E-01,2.06609183E-02
8.55798789E+00,1.70642159E-01,8.31513382E-02,1.48129705361406,1.21102006308278,3.76271218E+00,5790.44818840526,7.28592343E+00,2.63194583E+00,1.77255521E+01,7.92773323E-03,9.71410022E-01,2.06622446E-02
8.56978214E+00,1.71328240E-01,8.35264616E-02,1.4836389966412,1.21206653784311,3.76269614E+00,5790.23433103966,7.28591747E+00,2.63428598E+00,1.77276946E+01,7.57378940E-03,9.71762667E-01,2.06635436E-02
8.58147672E+00,1.72011439E-01,8.38998671E-02,1.48597478126384,1.21310911829302,3.76268024E+00,5790.02234805479,7.28591094E+00,2.63660702E+00,1.77298286E+01,7.23586638E-03,9.72099317E-01,2.06648165E-02
8.59307399E+00,1.72691038E-01,8.42713584E-02,1.48830190621511,1.21414724403957,3.76266439E+00,5789.81103940729,7.28590410E+00,2.63890978E+00,1.77319548E+01,6.91322266E-03,9.72420713E-01,2.06660644E-02
8.60457597E+00,1.73366864E-01,8.46410055E-02,1.49061972553854,1.21518109797945,3.76264853E+00,5789.59960516111,7.28589711E+00,2.64119434E+00,1.77340730E+01,6.60515612E-03,9.72727555E-01,2.06672881E-02
8.61598463E+00,1.74038940E-01,8.50088833E-02,1.49292826350261,1.2162108774432,3.76263261E+00,5789.38737880268,7.28589005E+00,2.64346121E+00,1.77361832E+01,6.31099545E-03,9.73020516E-01,2.06684887E-02
8.62730184E+00,1.74707395E-01,8.53750731E-02,1.49522790996812,1.21723679845082,3.76261662E+00,5789.17422711901,7.28588312E+00,2.64571087E+00,1.77382856E+01,6.03010124E-03,9.73300232E-01,2.06696669E-02
8.63852932E+00,1.75371838E-01,8.57410536E-02,1.49751726463071,1.21826299774364,3.76259974E+00,5788.94921997304,7.28587628E+00,2.64794381E+00,1.77403804E+01,5.76186418E-03,9.73567312E-01,2.06708237E-02
8.64966877E+00,1.76032881E-01,8.61054208E-02,1.49979838288988,1.21928553281818,3.76258282E+00,5788.72368841122,7.28586971E+00,2.65016049E+00,1.77424677E+01,5.50570401E-03,9.73822336E-01,2.06719598E-02
8.66072172E+00,1.76690441E-01,8.64682269E-02,1.50207092938787,1.22030453967321,3.76256581E+00,5788.49696607014,7.28586342E+00,2.65236128E+00,1.77445476E+01,5.26106757E-03,9.74065856E-01,2.06730760E-02
8.67168968E+00,1.77344455E-01,8.68294457E-02,1.50433463643467,1.22131993435178,3.76254870E+00,5788.26891981059,7.28585744E+00,2.65454663E+00,1.77466201E+01,5.02742781E-03,9.74298399E-01,2.06741729E-02
8.68257409E+00,1.77995156E-01,8.71891615E-02,1.50659026200379,1.22233194368716,3.76253152E+00,5788.03994961337,7.28585192E+00,2.65671698E+00,1.77486855E+01,4.80428251E-03,9.74520466E-01,2.06752514E-02
8.69337626E+00,1.78642487E-01,8.75473650E-02,1.5088375615072,1.22334053166993,3.76251425E+00,5787.80978905033,7.28584686E+00,2.65887262E+00,1.77507438E+01,4.59115276E-03,9.74732535E-01,2.06763120E-02
8.70409747E+00,1.79286441E-01,8.79039816E-02,1.51107646326701,1.2243454781406,3.76249693E+00,5787.5789713199,7.28584224E+00,2.66101402E+00,1.77527950E+01,4.38758220E-03,9.74935062E-01,2.06773554E-02
8.71473897E+00,1.79927510E-01,8.82588685E-02,1.51330863436161,1.22534636985548,3.76247976E+00,5787.35016167406,7.28583822E+00,2.66314161E+00,1.77548395E+01,4.19313583E-03,9.75128482E-01,2.06783822E-02
8.72530182E+00,1.80565887E-01,8.86117332E-02,1.51553470867204,1.22634236957455,3.76246292E+00,5787.12575843778,7.28583481E+00,2.66525532E+00,1.77568769E+01,4.00739998E-03,9.75313207E-01,2.06793929E-02
8.73578718E+00,1.81200074E-01,8.89635710E-02,1.51774941447252,1.22733627680295,3.76244555E+00,5786.89430174561,7.28583195E+00,2.66735584E+00,1.77589076E+01,3.82997763E-03,9.75489634E-01,2.06803881E-02
8.74619613E+00,1.81836344E-01,8.92954731E-02,1.51997464691659,1.22827460598173,3.76243866E+00,5786.80249448781,7.28582988E+00,2.66944282E+00,1.77609312E+01,3.66049192E-03,9.75658140E-01,2.06813683E-02
8.75652962E+00,1.82463069E-01,8.96445656E-02,1.52216968698299,1.22926230867534,3.76242080E+00,5786.5645219329,7.28582853E+00,2.67151737E+00,1.77629484E+01,3.49858321E-03,9.75819083E-01,2.06823341E-02
8.76678858E+00,1.83087688E-01,8.99935706E-02,1.524360504957,1.23025055775232,3.76240245E+00,5786.32003064835,7.28582763E+00,2.67357984E+00,1.77649592E+01,3.34390830E-03,9.75972806E-01,2.06832858E-02
8.77697409E+00,1.83709344E-01,9.03415033E-02,1.52654406114311,1.23123656131583,3.76238390E+00,5786.07288510829,7.28582736E+00,2.67563075E+00,1.77669640E+01,3.19613897E-03,9.76119637E-01,2.06842240E-02
8.78708695E+00,1.84328063E-01,9.06880631E-02,1.52872040684333,1.23221945980552,3.76236530E+00,5785.82508400654,7.28582774E+00,2.67767000E+00,1.77689625E+01,3.05496469E-03,9.76259886E-01,2.06851490E-02
8.79712802E+00,1.84943659E-01,9.10332048E-02,1.53088884667063,1.23319911617833,3.76234662E+00,5785.5762277748,7.28582875E+00,2.67969782E+00,1.77709547E+01,2.92008769E-03,9.76393851E-01,2.06860613E-02
8.80709814E+00,1.85556354E-01,9.13770024E-02,1.53305012185738,1.23417573174917,3.76232790E+00,5785.32684939837,7.28583049E+00,2.68171451E+00,1.77729408E+01,2.79122400E-03,9.76521815E-01,2.06869614E-02
8.81699808E+00,1.86166074E-01,9.17194503E-02,1.53520393180924,1.23514928213589,3.76230911E+00,5785.07654932678,7.28583293E+00,2.68372020E+00,1.77749206E+01,2.66810264E-03,9.76644048E-01,2.06878495E-02
8.82682859E+00,1.86772756E-01,9.20605532E-02,1.53735001349712,1.23611977224447,3.76229022E+00,5784.82492807901,7.28583603E+00,2.68571514E+00,1.77768944E+01,2.55046507E-03,9.76760809E-01,2.06887260E-02
8.83659040E+00,1.87376590E-01,9.24003527E-02,1.5394889995846,1.23708731215439,3.76227128E+00,5784.5726518019,7.28583987E+00,2.68769968E+00,1.77788622E+01,2.43806472E-03,9.76872344E-01,2.06895914E-02
8.84628420E+00,1.87977496E-01,9.27388371E-02,1.54162056814888,1.23805186039324,3.76225227E+00,5784.31945420434,7.28584441E+00,2.68967387E+00,1.77808239E+01,2.33066617E-03,9.76978888E-01,2.06904459E-02
8.85591064E+00,1.88575763E-01,9.30758637E-02,1.54374570743871,1.23901300167103,3.76223332E+00,5784.06706678788,7.28584962E+00,2.69163801E+00,1.77827797E+01,2.22804480E-03,9.77080665E-01,2.06912898E-02
8.86547033E+00,1.89171938E-01,9.34109550E-02,1.54586632978575,1.23996936356008,3.76221482E+00,5783.82068336343,7.28585561E+00,2.69359206E+00,1.77847294E+01,2.12998697E-03,9.77177890E-01,2.06921234E-02
8.87496392E+00,1.89763910E-01,9.37453487E-02,1.54797488419281,1.24092447036205,3.76219562E+00,5783.56498842127,7.28586230E+00,2.69553641E+00,1.77866733E+01,2.03628718E-03,9.77270766E-01,2.06929471E-02
8.88439201E+00,1.90353124E-01,9.40786714E-02,1.55007647082026,1.24187725029243,3.76217626E+00,5783.30717413354,7.28586960E+00,2.69747121E+00,1.77886112E+01,1.94675026E-03,9.77359489E-01,2.06937611E-02
8.89375524E+00,1.90940059E-01,9.44107731E-02,1.55217276544778,1.24282726760622,3.76215694E+00,5783.04990397697,7.28587760E+00,2.69939694E+00,1.77905436E+01,1.86118931E-03,9.77444245E-01,2.06945657E-02
8.90305404E+00,1.91538466E-01,9.47022872E-02,1.55431295209778,1.2436617780816,3.76216078E+00,5783.10103750671,7.28588665E+00,2.70131097E+00,1.77924680E+01,1.77942763E-03,9.77525211E-01,2.06953612E-02
8.91228904E+00,1.92114681E-01,9.50312252E-02,1.5563765584387,1.24460409394606,3.76214037E+00,5782.82926265438,7.28589658E+00,2.70321673E+00,1.77943876E+01,1.70129365E-03,9.77602559E-01,2.06961477E-02
8.92146053E+00,1.92692182E-01,9.53605756E-02,1.55844751930698,1.24554830655298,3.76212007E+00,5782.55896520556,7.28590684E+00,2.70511450E+00,1.77963021E+01,1.62662624E-03,9.77676448E-01,2.06969256E-02
8.93056917E+00,1.93267381E-01,9.56887884E-02,1.560512964257,1.24648997039599,3.76209976E+00,5782.28854724871,7.28591756E+00,2.70700403E+00,1.77982112E+01,1.55527037E-03,9.77747035E-01,2.06976950E-02
8.93961541E+00,1.93839739E-01,9.60156801E-02,1.56257092477034,1.24742855154401,3.76207941E+00,5782.01760939428,7.28592885E+00,2.70888499E+00,1.78001146E+01,1.48707875E-03,9.77814465E-01,2.06984562E-02
8.94859978E+00,1.94409433E-01,9.63412516E-02,1.56462200170756,1.24836404455049,3.76205904E+00,5781.74641797577,7.28594079E+00,2.71075762E+00,1.78020125E+01,1.42191001E-03,9.77878881E-01,2.06992094E-02
8.95752273E+00,1.94976352E-01,9.66654999E-02,1.56666576043432,1.24929643278,3.76203865E+00,5781.47497303006,7.28595334E+00,2.71262182E+00,1.78039047E+01,1.35962932E-03,9.77940416E-01,2.06999547E-02
8.96638469E+00,1.95540474E-01,9.69884679E-02,1.56870208579092,1.25022583172836,3.76201820E+00,5781.20274212559,7.28596650E+00,2.71447763E+00,1.78057911E+01,1.30010790E-03,9.77999200E-01,2.07006924E-02
8.97518610E+00,1.96101926E-01,9.73101536E-02,1.57073140119566,1.2511522279282,3.76199772E+00,5780.93012470707,7.28598028E+00,2.71632538E+00,1.78076719E+01,1.24322282E-03,9.78055354E-01,2.07014227E-02
8.98392733E+00,1.96660645E-01,9.76305244E-02,1.57275344446403,1.25207551969581,3.76197721E+00,5780.65712083039,7.28599467E+00,2.71816500E+00,1.78095470E+01,1.18885674E-03,9.78108998E-01,2.07021457E-02
8.99260880E+00,1.97216990E-01,9.79493920E-02,1.57476948251691,1.25299515587766,3.76195686E+00,5780.3862594189,7.28600965E+00,2.71999666E+00,1.78114165E+01,1.13689751E-03,9.78160241E-01,2.07028616E-02
9.00123080E+00,1.97770916E-01,9.82626550E-02,1.57677932222164,1.25389928576204,3.76193871E+00,5780.14469102986,7.28602522E+00,2.72182006E+00,1.78132800E+01,1.08723842E-03,9.78209191E-01,2.07035706E-02
9.00979379E+00,1.98321746E-01,9.85779296E-02,1.57878047217975,1.25480988015942,3.76191878E+00,5779.87944326531,7.28604140E+00,2.72363564E+00,1.78151378E+01,1.03977669E-03,9.78255951E-01,2.07042727E-02
9.01829813E+00,1.98907228E-01,9.88950235E-02,1.58091029637446,1.25572639618341,3.76190661E+00,5779.71747909078,7.28598209E+00,2.72575084E+00,1.78172306E+01,9.88762321E-04,9.78306965E-01,2.07042727E-02
9.02672936E+00,1.99487992E-01,9.92093803E-02,1.58302579632171,1.25663566178015,3.76189462E+00,5779.55791488062,7.28590861E+00,2.72787757E+00,1.78193241E+01,9.40474447E-04,9.78355253E-01,2.07042727E-02
9.03511882E+00,2.00065317E-01,9.95219329E-02,1.58513157507473,1.25754036153086,3.76188267E+00,5779.39888737793,7.28583839E+00,2.72998996E+00,1.78214081E+01,8.94611413E-04,9.78401116E-01,2.07042727E-02
9.04347090E+00,2.00639112E-01,9.98330276E-02,1.58722725375043,1.25844148809114,3.76187058E+00,5779.23800124444,7.28577242E+00,2.73208624E+00,1.78234815E+01,8.51023027E-04,9.78444704E-01,2.07042727E-02
9.05178480E+00,2.01209336E-01,1.00143825E-01,1.58931263486474,1.25934239828555,3.76185773E+00,5779.06700641774,7.28571018E+00,2.73416739E+00,1.78255449E+01,8.09594945E-04,9.78486132E-01,2.07042727E-02
9.06005942E+00,2.01776319E-01,1.00453993E-01,1.59138887979288,1.26024212703229,3.76184440E+00,5778.88962958202,7.28565132E+00,2.73623453E+00,1.78275989E+01,7.70221068E-04,9.78525506E-01,2.07042727E-02
9.06829383E+00,2.02340329E-01,1.00763200E-01,1.59345692890121,1.261139707951,3.76183079E+00,5778.70853251824,7.28559562E+00,2.73828786E+00,1.78296434E+01,7.32799851E-04,9.78562927E-01,2.07042727E-02
9.07648726E+00,2.02901296E-01,1.01071410E-01,1.59551648603983,1.26203503092427,3.76181693E+00,5778.52411474281,7.28554293E+00,2.74032754E+00,1.78316785E+01,6.97234305E-04,9.78598493E-01,2.07042727E-02
9.08463900E+00,2.03459280E-01,1.01378588E-01,1.59756773206471,1.26292798845695,3.76180284E+00,5778.33664267622,7.28549320E+00,2.74235403E+00,1.78337044E+01,6.63432179E-04,9.78632295E-01,2.07042727E-02
9.09274832E+00,2.04015235E-01,1.01684078E-01,1.59961414190881,1.26381666563881,3.76178908E+00,5778.15356723789,7.28544636E+00,2.74436715E+00,1.78357208E+01,6.31305899E-04,9.78664421E-01,2.07042727E-02
9.10081440E+00,2.04566779E-01,1.01988982E-01,1.60164690557429,1.26470426166556,3.76177452E+00,5777.95985419477,7.28540219E+00,2.74636720E+00,1.78377278E+01,6.00772585E-04,9.78694955E-01,2.07042727E-02
9.10883678E+00,2.05115599E-01,1.02292968E-01,1.60367219379152,1.26558980589081,3.76175973E+00,5777.76308777312,7.28536065E+00,2.74835458E+00,1.78397256E+01,5.71752387E-04,9.78723975E-01,2.07042727E-02
9.11681485E+00,2.05661624E-01,1.02595756E-01,1.60568970918171,1.26647247660767,3.76174484E+00,5777.56499771862,7.28532173E+00,2.75032917E+00,1.78417141E+01,5.44169913E-04,9.78751557E-01,2.07042727E-02
9.12474780E+00,2.06204509E-01,1.02897275E-01,1.60769813883878,1.26735205974944,3.76172980E+00,5777.36491902412,7.28528524E+00,2.75229092E+00,1.78436930E+01,5.17954282E-04,9.78777773E-01,2.07042727E-02
9.13263513E+00,2.06744353E-01,1.03197734E-01,1.60969780927778,1.26822915835254,3.76171453E+00,5777.16178770408,7.28525116E+00,2.75424025E+00,1.78456626E+01,4.93037180E-04,9.78802690E-01,2.07042727E-02
9.14047633E+00,2.07280897E-01,1.03497697E-01,1.61168772042083,1.2691054145473,3.76169869E+00,5776.9510814259,7.28521943E+00,2.75617708E+00,1.78476228E+01,4.69353790E-04,9.78826373E-01,2.07042727E-02
9.14827071E+00,2.07814316E-01,1.03796445E-01,1.61366848017552,1.26997872322342,3.76168267E+00,5776.73798857463,7.28518993E+00,2.75810138E+00,1.78495734E+01,4.46843006E-04,9.78848884E-01,2.07042727E-02
9.15601773E+00,2.08344860E-01,1.04093923E-01,1.61564097880943,1.27084891652147,3.76166657E+00,5776.52383950855,7.28516267E+00,2.76001351E+00,1.78515146E+01,4.25446512E-04,9.78870281E-01,2.07042727E-02
9.16371666E+00,2.08888338E-01,1.04343260E-01,1.6176640645292,1.27157874535298,3.76167777E+00,5776.6728119315,7.28513782E+00,2.76191071E+00,1.78534438E+01,4.05109219E-04,9.78890618E-01,2.07042727E-02
9.17136749E+00,2.09406596E-01,1.04636184E-01,1.61959562894578,1.27243669218494,3.76166087E+00,5776.44802466129,7.28511520E+00,2.76379670E+00,1.78553646E+01,3.85776963E-04,9.78909950E-01,2.07042727E-02
9.17896907E+00,2.09926523E-01,1.04929952E-01,1.62153573131145,1.27329769238335,3.76164397E+00,5776.22324613821,7.28509426E+00,2.76567154E+00,1.78572765E+01,3.67401185E-04,9.78928326E-01,2.07042727E-02
9.18652090E+00,2.10443832E-01,1.05222638E-01,1.62346837114307,1.27415610074881,3.76162695E+00,5775.99688039477,7.28507509E+00,2.76753461E+00,1.78591789E+01,3.49934349E-04,9.78945793E-01,2.07042727E-02
9.19402250E+00,2.10958169E-01,1.05513863E-01,1.62539219134969,1.2750107985787,3.76160992E+00,5775.77039053041,7.28505776E+00,2.76938572E+00,1.78610715E+01,3.33331209E-04,9.78962396E-01,2.07042727E-02
9.20147335E+00,2.11469058E-01,1.05803655E-01,1.6273053715567,1.27586185988942,3.76159275E+00,5775.54204773215,7.28504214E+00,2.77122454E+00,1.78629540E+01,3.17548831E-04,9.78978178E-01,2.07042727E-02
9.20887318E+00,2.11976732E-01,1.06092125E-01,1.62920874291782,1.27670960294568,3.76157543E+00,5775.31171923898,7.28502830E+00,2.77305153E+00,1.78648268E+01,3.02545893E-04,9.78993181E-01,2.07042727E-02
9.21622137E+00,2.12480774E-01,1.06380672E-01,1.63110069961546,1.27755813579241,3.76155717E+00,5775.06890018547,7.28501614E+00,2.77486649E+00,1.78666896E+01,2.88283876E-04,9.79007443E-01,2.07042727E-02
9.22351743E+00,2.12981150E-01,1.06668175E-01,1.63298106888836,1.27840415943714,3.76153851E+00,5774.82077253218,7.28500555E+00,2.77666929E+00,1.78685421E+01,2.74725890E-04,9.79021001E-01,2.07042727E-02
9.23076091E+00,2.13478430E-01,1.06954413E-01,1.63485195131313,1.2792470171771,3.76151971E+00,5774.57079403779,7.28499656E+00,2.77846028E+00,1.78703846E+01,2.61836869E-04,9.79033890E-01,2.07042727E-02
9.23795128E+00,2.13972322E-01,1.07239203E-01,1.63671220887959,1.28008616261934,3.76150079E+00,5774.31923086079,7.28498907E+00,2.78023914E+00,1.78722168E+01,2.49583630E-04,9.79046144E-01,2.07042727E-02
9.24508812E+00,2.14462683E-01,1.07522457E-01,1.63856126092864,1.28092132818132,3.76148175E+00,5774.06608320925,7.28498303E+00,2.78200574E+00,1.78740384E+01,2.37934431E-04,9.79057793E-01,2.07042727E-02
9.25217102E+00,2.14950038E-01,1.07804066E-01,1.64040104772634,1.28175218366047,3.76146279E+00,5773.81401023151,7.28497846E+00,2.78376046E+00,1.78758497E+01,2.26859159E-04,9.79068868E-01,2.07042727E-02
9.25919933E+00,2.15433782E-01,1.08084103E-01,1.64222924565497,1.28257893555195,3.76144371E+00,5773.56035296439,7.28497522E+00,2.78550288E+00,1.78776502E+01,2.16329492E-04,9.79079398E-01,2.07042727E-02
9.26617286E+00,2.15913990E-01,1.08362564E-01,1.6440460952972,1.28340156340127,3.76142453E+00,5773.30537748818,7.28497333E+00,2.78723314E+00,1.78794401E+01,2.06317941E-04,9.79089409E-01,2.07042727E-02
9.27309106E+00,2.16390632E-01,1.08639415E-01,1.64585144080508,1.28421995805212,3.76140526E+00,5773.0492169079,7.28497270E+00,2.78895102E+00,1.78812189E+01,1.96798840E-04,9.79098928E-01,2.07042727E-02
9.27993432E+00,2.16862668E-01,1.08913895E-01,1.6476412942898,1.28503185901409,3.76138603E+00,5772.79359938733,7.28497368E+00,2.79065159E+00,1.78829820E+01,1.87772983E-04,9.79107954E-01,2.07042727E-02
9.28677014E+00,2.17333596E-01,1.09188568E-01,1.64942888609498,1.28584484469861,3.76136643E+00,5772.53307523584,7.28497473E+00,2.79235350E+00,1.78847470E+01,1.79127924E-04,9.79116599E-01,2.07042727E-02
9.29359852E+00,2.17804440E-01,1.09463609E-01,1.65121809795593,1.28665943497712,3.76134662E+00,5772.26977170116,7.28497644E+00,2.79405645E+00,1.78865143E+01,1.70849129E-04,9.79124878E-01,2.07042727E-02
9.30041947E+00,2.18275518E-01,1.09738983E-01,1.65301014130755,1.2874755284888,3.76132670E+00,5772.0050182178,7.28497911E+00,2.79576024E+00,1.78882840E+01,1.62922336E-04,9.79132805E-01,2.07042727E-02
9.30723302E+00,2.18746395E-01,1.10014681E-01,1.65480336366254,1.28829310074136,3.76130657E+00,5771.73748599456,7.28498281E+00,2.79746433E+00,1.78900555E+01,1.55333721E-04,9.79140394E-01,2.07042727E-02
9.31403917E+00,2.19217088E-01,1.10290727E-01,1.6565978294849,1.28911222513308,3.76128622E+00,5771.46704252602,7.28498758E+00,2.79916884E+00,1.78918289E+01,1.48069960E-04,9.79147657E-01,2.07042727E-02
9.32083792E+00,2.19687547E-01,1.10567064E-01,1.65839334767209,1.28993273466372,3.76126567E+00,5771.19395399586,7.28499342E+00,2.80087359E+00,1.78936042E+01,1.41118199E-04,9.79154609E-01,2.07042727E-02
9.32762930E+00,2.20157915E-01,1.10843788E-01,1.66019046407907,1.29075491663381,3.76124490E+00,5770.91795502017,7.28500032E+00,2.80257911E+00,1.78953818E+01,1.34466076E-04,9.79161261E-01,2.07042727E-02
9.33441332E+00,2.20628110E-01,1.11120850E-01,1.66198886588079,1.29157862785056,3.76122391E+00,5770.63904601776,7.28500825E+00,2.80428521E+00,1.78971614E+01,1.28101673E-04,9.79167626E-01,2.07042727E-02
9.34118997E+00,2.21098101E-01,1.11398217E-01,1.66378843427466,1.29240377236874,3.76120273E+00,5770.35762601399,7.28501719E+00,2.80599177E+00,1.78989430E+01,1.22013530E-04,9.79173714E-01,2.07042727E-02
9.34795929E+00,2.21568326E-01,1.11675772E-01,1.66559084863358,1.29323000386401,3.76118151E+00,5770.07568829076,7.28502719E+00,2.80769935E+00,1.79007272E+01,1.16190620E-04,9.79179537E-01,2.07042727E-02
9.35471814E+00,2.22056895E-01,1.11893100E-01,1.66746564554491,1.2938773190752,3.76119499E+00,5770.25478756704,7.28503850E+00,2.80940401E+00,1.79025100E+01,1.10624881E-04,9.79185102E-01,2.07042727E-02
9.36146948E+00,2.22518849E-01,1.12169649E-01,1.66924025304694,1.29470149355553,3.76117220E+00,5769.95199611619,7.28505101E+00,2.81111077E+00,1.79042967E+01,1.05303406E-04,9.79190424E-01,2.07042727E-02
9.36821354E+00,2.22987132E-01,1.12449164E-01,1.67104110118919,1.29553504080294,3.76114951E+00,5769.65054906517,7.28506416E+00,2.81281934E+00,1.79060863E+01,1.00216142E-04,9.79195511E-01,2.07042727E-02
9.37495030E+00,2.23455903E-01,1.12729309E-01,1.67284577187521,1.29637100525143,3.76112663E+00,5769.34659372431,7.28507810E+00,2.81452973E+00,1.79078790E+01,9.53537116E-05,9.79200374E-01,2.07042727E-02
9.38167978E+00,2.23924594E-01,1.13009884E-01,1.67465208306524,1.29720879350001,3.76110352E+00,5769.03959914348,7.28509290E+00,2.81624154E+00,1.79096745E+01,9.07070384E-05,9.79205020E-01,2.07042727E-02
9.38840198E+00,2.24393069E-01,1.13290819E-01,1.67645951087881,1.2980481991662,3.76108017E+00,5768.72943297966,7.28510859E+00,2.81795456E+00,1.79114725E+01,8.62673722E-05,9.79209460E-01,2.07042727E-02
9.39511692E+00,2.24861582E-01,1.13572204E-01,1.67826903626869,1.29888949386097,3.76105661E+00,5768.41649421426,7.28512521E+00,2.81966917E+00,1.79132735E+01,8.20262879E-05,9.79213701E-01,2.07042727E-02
9.40182460E+00,2.25330009E-01,1.13853976E-01,1.68008018211829,1.29973249200973,3.76103283E+00,5768.10065048487,7.28514269E+00,2.82138508E+00,1.79150772E+01,7.79756688E-05,9.79217752E-01,2.07042727E-02
9.40852504E+00,2.25798327E-01,1.14136136E-01,1.68189286038656,1.3005771992156,3.76100883E+00,5767.78190227055,7.28516108E+00,2.82310260E+00,1.79168838E+01,7.41077135E-05,9.79221620E-01,2.07042727E-02
9.41521824E+00,2.26266458E-01,1.14418656E-01,1.68370676941995,1.30142353419326,3.76098460E+00,5767.46011725404,7.28518032E+00,2.82482154E+00,1.79186931E+01,7.04149064E-05,9.79225312E-01,2.07042727E-02
9.42190421E+00,2.26734662E-01,1.14701562E-01,1.68552291805819,1.30227157736889,3.76096020E+00,5767.13609270482,7.28520045E+00,2.82654232E+00,1.79205056E+01,6.68900231E-05,9.79228837E-01,2.07042727E-02
9.42858297E+00,2.27203166E-01,1.14984622E-01,1.68734219127923,1.30312063523668,3.76093579E+00,5766.81195357404,7.28522145E+00,2.82826483E+00,1.79223212E+01,6.35261062E-05,9.79232201E-01,2.07042727E-02
9.43525451E+00,2.27671414E-01,1.15267974E-01,1.6891624324402,1.30397112340608,3.76091118E+00,5766.48517709617,7.28524325E+00,2.82998880E+00,1.79241395E+01,6.03164680E-05,9.79235411E-01,2.07042727E-02
9.44191884E+00,2.28139582E-01,1.15551747E-01,1.69098432571788,1.3048234315308,3.76088633E+00,5766.15523263907,7.28526593E+00,2.83171485E+00,1.79259612E+01,5.72546797E-05,9.79238473E-01,2.07042727E-02
9.44857599E+00,2.28607935E-01,1.15835833E-01,1.692808905149,1.3056772377586,3.76086138E+00,5765.82397943042,7.28528944E+00,2.83344288E+00,1.79277861E+01,5.43345465E-05,9.79241393E-01,2.07042727E-02
9.45522594E+00,2.29076259E-01,1.16120268E-01,1.69463534015003,1.30653265260333,3.76083624E+00,5765.49022289995,7.28531373E+00,2.83517266E+00,1.79296140E+01,5.15501169E-05,9.79244177E-01,2.07042727E-02
9.46186871E+00,2.29544507E-01,1.16405111E-01,1.69646344888513,1.30738985610634,3.76081088E+00,5765.15356524188,7.28533884E+00,2.83690463E+00,1.79314455E+01,4.88956719E-05,9.79246832E-01,2.07042727E-02
9.46850431E+00,2.30012686E-01,1.16690374E-01,1.69829325989295,1.30824888720056,3.76078530E+00,5764.81400696667,7.28536476E+00,2.83863878E+00,1.79332803E+01,4.63657057E-05,9.79249362E-01,2.07042727E-02
9.47513274E+00,2.30480823E-01,1.16976053E-01,1.70012488012422,1.30910973669153,3.76075949E+00,5764.47141585732,7.28539144E+00,2.84037517E+00,1.79351186E+01,4.39549265E-05,9.79251772E-01,2.07042727E-02
9.48175402E+00,2.30949013E-01,1.17261246E-01,1.70195868347166,1.30996968670504,3.76073394E+00,5764.13229593176,7.28541889E+00,2.84211366E+00,1.79369602E+01,4.16582479E-05,9.79254069E-01,2.07042727E-02
9.48836815E+00,2.31417318E-01,1.17546773E-01,1.70379491597208,1.31083120972891,3.76070825E+00,5763.79133792929,7.28544712E+00,2.84385471E+00,1.79388057E+01,3.94707833E-05,9.79256257E-01,2.07042727E-02
9.49497513E+00,2.31885507E-01,1.17832653E-01,1.70563267399784,1.31169436550871,3.76068236E+00,5763.44774592867,7.28547609E+00,2.84559815E+00,1.79406547E+01,3.73878307E-05,9.79258339E-01,2.07042727E-02
9.50157498E+00,2.32354012E-01,1.18118706E-01,1.70747365666399,1.31255861251306,3.76065646E+00,5763.10404170992,7.28550582E+00,2.84734391E+00,1.79425072E+01,3.54048746E-05,9.79260322E-01,2.07042727E-02
9.50816392E+00,2.32842079E-01,1.18332737E-01,1.70939362117616,1.3132056330939,3.76067146E+00,5763.30309570929,7.28553658E+00,2.84908836E+00,1.79443598E+01,3.35186604E-05,9.79262209E-01,2.07042727E-02
9.51474556E+00,2.33302590E-01,1.18616551E-01,1.71120716498881,1.31406410118053,3.76064468E+00,5762.94772278874,7.28556832E+00,2.85083650E+00,1.79462175E+01,3.17238701E-05,9.79264003E-01,2.07042727E-02
9.52132011E+00,2.33769400E-01,1.18903511E-01,1.71304747867332,1.31493265571363,3.76061791E+00,5762.59250446956,7.28560047E+00,2.85258807E+00,1.79480796E+01,3.00164269E-05,9.79265711E-01,2.07042727E-02
9.52788756E+00,2.34237075E-01,1.19191349E-01,1.71489318713009,1.31580444445292,3.76059091E+00,5762.23425639663,7.28563320E+00,2.85434339E+00,1.79499465E+01,2.83925142E-05,9.79267335E-01,2.07042727E-02
9.53444793E+00,2.34704712E-01,1.19479662E-01,1.71674073401798,1.31667825126742,3.76056366E+00,5761.87271379372,7.28566651E+00,2.85610176E+00,1.79518176E+01,2.68484517E-05,9.79268879E-01,2.07042727E-02
9.54100123E+00,2.35172344E-01,1.19768450E-01,1.71859025158173,1.31755407940936,3.76053617E+00,5761.50800994738,7.28570048E+00,2.85786315E+00,1.79536928E+01,2.53807027E-05,9.79270347E-01,2.07042727E-02
9.54754745E+00,2.35639859E-01,1.20057659E-01,1.72044129821798,1.31843176820648,3.76050845E+00,5761.14027811593,7.28573511E+00,2.85962739E+00,1.79555721E+01,2.39858681E-05,9.79271741E-01,2.07042727E-02
9.55408662E+00,2.36107493E-01,1.20347392E-01,1.72229481048787,1.31931163349663,3.76048049E+00,5760.76938623551,7.28577042E+00,2.86139490E+00,1.79574557E+01,2.26606851E-05,9.79273067E-01,2.07042727E-02
9.56061873E+00,2.36575286E-01,1.20637496E-01,1.72415095086421,1.32019321375799,3.76045239E+00,5760.39666129965,7.28580639E+00,2.86316549E+00,1.79593436E+01,2.14020192E-05,9.79274325E-01,2.07042727E-02
9.56714380E+00,2.37043346E-01,1.20927760E-01,1.72601015276194,1.32107586980438,3.76042427E+00,5760.0236952204,7.28584301E+00,2.86493899E+00,1.79612355E+01,2.02068644E-05,9.79275520E-01,2.07042727E-02
9.57366182E+00,2.37511577E-01,1.21218346E-01,1.72787203982665,1.32196009612149,3.76039603E+00,5759.64916183933,7.28588032E+00,2.86671584E+00,1.79631320E+01,1.90723370E-05,9.79276655E-01,2.07042727E-02
9.58017281E+00,2.37980052E-01,1.21509183E-01,1.72973690717113,1.32284567880843,3.76036773E+00,5759.27385713837,7.28591828E+00,2.86849589E+00,1.79650328E+01,1.79956676E-05,9.79277732E-01,2.07042727E-02
9.58667677E+00,2.38448402E-01,1.21800404E-01,1.73160328884445,1.32373302518282,3.76033921E+00,5758.8956596155,7.28595688E+00,2.87027905E+00,1.79669378E+01,1.69742017E-05,9.79278753E-01,2.07042727E-02
9.59317369E+00,2.38916437E-01,1.22093189E-01,1.73347042702743,1.32462573706744,3.76030983E+00,5758.50608378943,7.28599615E+00,2.87206587E+00,1.79688477E+01,1.60053941E-05,9.79279722E-01,2.07042727E-02
9.59966361E+00,2.39384151E-01,1.22387651E-01,1.73533829585125,1.32552416940354,3.76027952E+00,5758.10420387589,7.28603601E+00,2.87385626E+00,1.79707623E+01,1.50868012E-05,9.79280640E-01,2.07042727E-02
9.60614652E+00,2.39851737E-01,1.22683377E-01,1.73720766535354,1.32642707162206,3.76024856E+00,5757.69373457582,7.28607645E+00,2.87565012E+00,1.79726814E+01,1.42160835E-05,9.79281511E-01,2.07042727E-02
9.61262243E+00,2.40319447E-01,1.22979744E-01,1.7390795451515,1.3273325479514,3.76021730E+00,5757.27931754722,7.28611753E+00,2.87744783E+00,1.79746056E+01,1.33909994E-05,9.79282336E-01,2.07042727E-02
9.61909136E+00,2.40787213E-01,1.23276651E-01,1.74095366642832,1.32824029392551,3.76018579E+00,5756.8616164299,7.28615919E+00,2.87924920E+00,1.79765345E+01,1.26093986E-05,9.79283118E-01,2.07042727E-02
9.62555331E+00,2.41255315E-01,1.23573875E-01,1.74283115572751,1.32914963086748,3.76015420E+00,5756.4428852415,7.28620144E+00,2.88105424E+00,1.79784683E+01,1.18692227E-05,9.79283858E-01,2.07042727E-02
9.63200412E+00,2.41744538E-01,1.23790525E-01,1.74479552216193,1.32981284929805,3.76016818E+00,5756.62818892404,7.28624451E+00,2.88285848E+00,1.79804024E+01,1.11689517E-05,9.79284558E-01,2.07042727E-02
9.63844778E+00,2.42204123E-01,1.24085246E-01,1.74664290066278,1.33071559341033,3.76013572E+00,5756.19794360472,7.28628854E+00,2.88466782E+00,1.79823431E+01,1.05062155E-05,9.79285221E-01,2.07042727E-02
9.64488450E+00,2.42670724E-01,1.24383550E-01,1.74852048216643,1.3316299364688,3.76010322E+00,5755.76720031578,7.28633285E+00,2.88648210E+00,1.79842898E+01,9.87917540E-06,9.79285848E-01,2.07042727E-02
9.65131428E+00,2.43137977E-01,1.24682670E-01,1.75040270985831,1.3325474115117,3.76007047E+00,5755.33317622285,7.28637755E+00,2.88830087E+00,1.79862418E+01,9.28611241E-06,9.79286441E-01,2.07042727E-02
9.65773712E+00,2.43605369E-01,1.24982417E-01,1.7522875245454,1.33346744383587,3.76003745E+00,5754.89560705023,7.28642275E+00,2.89012415E+00,1.79881996E+01,8.72537752E-06,9.79287002E-01,2.07042727E-02
9.66415304E+00,2.44072803E-01,1.25282723E-01,1.75417453842424,1.33438982893126,3.76000415E+00,5754.45436111029,7.28646847E+00,2.89195160E+00,1.79901625E+01,8.19538956E-06,9.79287532E-01,2.07042727E-02
9.67056204E+00,2.44540228E-01,1.25583567E-01,1.75606354801052,1.33531450623244,3.75997059E+00,5754.00970423583,7.28651473E+00,2.89378310E+00,1.79921307E+01,7.69463627E-06,9.79288033E-01,2.07042727E-02
9.67696413E+00,2.45007913E-01,1.25884872E-01,1.75795564424428,1.33624124270526,3.75993685E+00,5753.5626970681,7.28656157E+00,2.89561899E+00,1.79941044E+01,7.22167078E-06,9.79288506E-01,2.07042727E-02
9.68335931E+00,2.45476385E-01,1.26186237E-01,1.75985296823201,1.33716880708945,3.75990329E+00,5753.1181090941,7.28660895E+00,2.89745903E+00,1.79960835E+01,6.77510887E-06,9.79288952E-01,2.07042727E-02
9.68974759E+00,2.45944852E-01,1.26487787E-01,1.76175231967808,1.33809758535149,3.75986963E+00,5752.67223087231,7.28665688E+00,2.89930303E+00,1.79980676E+01,6.35362865E-06,9.79289374E-01,2.07042727E-02
9.69612896E+00,2.46413280E-01,1.26789877E-01,1.76365356265417,1.33902867367137,3.75983569E+00,5752.22267861077,7.28670541E+00,2.90115154E+00,1.80000574E+01,5.95596642E-06,9.79289771E-01,2.07042727E-02
9.70250344E+00,2.46881678E-01,1.27092616E-01,1.76555673544804,1.33996241227884,3.75980142E+00,5751.76879097935,7.28675447E+00,2.90300445E+00,1.80020528E+01,5.58091355E-06,9.79290146E-01,2.07042727E-02
9.70887103E+00,2.47349957E-01,1.27396065E-01,1.76746147767304,1.34089899415326,3.75976677E+00,5751.30990686583,7.28680406E+00,2.90486172E+00,1.80040537E+01,5.22731678E-06,9.79290500E-01,2.07042727E-02
9.71523174E+00,2.47818071E-01,1.27700941E-01,1.76936760256843,1.34184063966004,3.75973136E+00,5750.84099558535,7.28685420E+00,2.90672375E+00,1.80060605E+01,4.89407506E-06,9.79290833E-01,2.07042727E-02
9.72158558E+00,2.48286283E-01,1.28006413E-01,1.77127618282509,1.34278478919379,3.75969568E+00,5750.36854754218,7.28690485E+00,2.90859044E+00,1.80080732E+01,4.58013655E-06,9.79291147E-01,2.07042727E-02
9.72793255E+00,2.48754491E-01,1.28312435E-01,1.77318680549617,1.34373130478212,3.75965972E+00,5749.89243121813,7.28695600E+00,2.91046166E+00,1.80100915E+01,4.28449821E-06,9.79291443E-01,2.07042727E-02
9.73427267E+00,2.49223396E-01,1.28618710E-01,1.77510233796149,1.34467927090793,3.75962381E+00,5749.41701624139,7.28700770E+00,2.91233774E+00,1.80121159E+01,4.00620333E-06,9.79291721E-01,2.07042727E-02
9.74059926E+00,2.49731948E-01,1.28790363E-01,1.77718217233785,1.34521085457171,3.75966512E+00,5749.96392559224,7.28706020E+00,2.91421033E+00,1.80141377E+01,3.74461455E-06,9.79291983E-01,2.07042727E-02
9.74691866E+00,2.50184615E-01,1.29091649E-01,1.77903550263286,1.34614440042668,3.75962764E+00,5749.4677200039,7.28711395E+00,2.91608993E+00,1.80161686E+01,3.49856714E-06,9.79292229E-01,2.07042727E-02
9.75323126E+00,2.50650153E-01,1.29399228E-01,1.78094354594988,1.34709811367787,3.75959024E+00,5748.97261623649,7.28716769E+00,2.91797640E+00,1.80182072E+01,3.26720987E-06,9.79292460E-01,2.07042727E-02
9.75953705E+00,2.51117229E-01,1.29708105E-01,1.78285994943913,1.34805653161889,3.75955257E+00,5748.47398128819,7.28722163E+00,2.91986932E+00,1.80202531E+01,3.04976010E-06,9.79292678E-01,2.07042727E-02
9.76583604E+00,2.51584447E-01,1.30017693E-01,1.7847789986589,1.3490178399707,3.75951458E+00,5747.97115432559,7.28727587E+00,2.92176786E+00,1.80223057E+01,2.84546972E-06,9.79292882E-01,2.07042727E-02
9.77212824E+00,2.52052116E-01,1.30327633E-01,1.78670196894845,1.34998092801061,3.75947652E+00,5747.46744496358,7.28733053E+00,2.92367159E+00,1.80243647E+01,2.65362507E-06,9.79293074E-01,2.07042727E-02
9.77841365E+00,2.52520633E-01,1.30637769E-01,1.78863050356191,1.35094531330686,3.75943859E+00,5746.96550001666,7.28738569E+00,2.92558051E+00,1.80264300E+01,2.47354629E-06,9.79293254E-01,2.07042727E-02
9.78469226E+00,2.52989053E-01,1.30948290E-01,1.7905607198785,1.3519115859933,3.75940043E+00,5746.46055561111,7.28744135E+00,2.92749448E+00,1.80285015E+01,2.30458571E-06,9.79293423E-01,2.07042727E-02
9.79096409E+00,2.53457332E-01,1.31259339E-01,1.79249243724623,1.35288019459605,3.75936198E+00,5745.95181871263,7.28749750E+00,2.92941357E+00,1.80305794E+01,2.14612709E-06,9.79293581E-01,2.07042727E-02
9.79722915E+00,2.53925666E-01,1.31571029E-01,1.79442646586595,1.35385149540622,3.75932321E+00,5745.43889345548,7.28755417E+00,2.93133815E+00,1.80326641E+01,1.99758433E-06,9.79293730E-01,2.07042727E-02
9.80348743E+00,2.54394000E-01,1.31883329E-01,1.79636258122625,1.35482539651727,3.75928415E+00,5744.92217781455,7.28761131E+00,2.93326812E+00,1.80347553E+01,1.85839998E-06,9.79293869E-01,2.07042727E-02
9.80973895E+00,2.54862131E-01,1.32196745E-01,1.79829994500849,1.35580348219321,3.75924447E+00,5744.39730792111,7.28766893E+00,2.93520341E+00,1.80368530E+01,1.72804456E-06,9.79293999E-01,2.07042727E-02
9.81598372E+00,2.55329813E-01,1.32512662E-01,1.80023753702746,1.35679008738927,3.75920343E+00,5743.85449898218,7.28772705E+00,2.93714450E+00,1.80389578E+01,1.60601505E-06,9.79294121E-01,2.07042727E-02
9.82222174E+00,2.55798240E-01,1.32829010E-01,1.80218030822387,1.35777875800669,3.75916237E+00,5743.31147684597,7.28778561E+00,2.93909120E+00,1.80410694E+01,1.49183343E-06,9.79294235E-01,2.07042727E-02
9.82845302E+00,2.56267176E-01,1.33146274E-01,1.8041272904747,1.35877101492538,3.75912097E+00,5742.76401015619,7.28784465E+00,2.94104323E+00,1.80431876E+01,1.38504641E-06,9.79294342E-01,2.07042727E-02
9.83467756E+00,2.56735900E-01,1.33464160E-01,1.80607549451187,1.35976594444589,3.75907921E+00,5742.21183575501,7.28790420E+00,2.94300096E+00,1.80453128E+01,1.28522380E-06,9.79294442E-01,2.07042727E-02
9.84089536E+00,2.57204586E-01,1.33782712E-01,1.80802564413667,1.36076368924018,3.75903710E+00,5741.65508721698,7.28796424E+00,2.94496446E+00,1.80474449E+01,1.19195713E-06,9.79294535E-01,2.07042727E-02
9.84710644E+00,2.57673193E-01,1.34101876E-01,1.8099775702357,1.36176408511403,3.75899467E+00,5741.09416246364,7.28802473E+00,2.94693365E+00,1.80495841E+01,1.10485928E-06,9.79294622E-01,2.07042727E-02
9.85331081E+00,2.58141837E-01,1.34421751E-01,1.81193175798299,1.36276744748784,3.75895190E+00,5740.52879836843,7.28808572E+00,2.94890887E+00,1.80517305E+01,1.02356340E-06,9.79294704E-01,2.07042727E-02
9.85950846E+00,2.58610454E-01,1.34742302E-01,1.81388794284912,1.36377367192669,3.75890877E+00,5739.95873191881,7.28814719E+00,2.95089085E+00,1.80538843E+01,9.47721759E-07,9.79294780E-01,2.07042727E-02
9.86569940E+00,2.59079435E-01,1.35063300E-01,1.81584776157341,1.36478204403862,3.75886552E+00,5739.38713622847,7.28820908E+00,2.95287785E+00,1.80560451E+01,8.77005011E-07,9.79294850E-01,2.07042727E-02
9.87188365E+00,2.59549426E-01,1.35384352E-01,1.81781392531065,1.36579133156125,3.75882249E+00,5738.8185045639,7.28827149E+00,2.95487083E+00,1.80582132E+01,8.11101860E-07,9.79294916E-01,2.07042727E-02
9.87805422E+00,2.60060885E-01,1.35555993E-01,1.81995598562153,1.36633122357107,3.75886454E+00,5739.37418512436,7.28833446E+00,2.95686092E+00,1.80603793E+01,7.49786713E-07,9.79294978E-01,2.07042727E-02
9.88421774E+00,2.60512408E-01,1.35872354E-01,1.82184912344467,1.3673268875865,3.75881924E+00,5738.77555884128,7.28839884E+00,2.95885959E+00,1.80625563E+01,6.92705599E-07,9.79295035E-01,2.07042727E-02
9.89037463E+00,2.60977981E-01,1.36195626E-01,1.82380323201877,1.36834505168387,3.75877399E+00,5738.17765562799,7.28846323E+00,2.96086681E+00,1.80647428E+01,6.39589331E-07,9.79295088E-01,2.07042727E-02
9.89652487E+00,2.61445668E-01,1.36519894E-01,1.82576832376916,1.36936711441368,3.75872878E+00,5737.58034315884,7.28852768E+00,2.96288166E+00,1.80669380E+01,5.90190774E-07,9.79295137E-01,2.07042727E-02
9.90266847E+00,2.61913366E-01,1.36844929E-01,1.82773557913901,1.37039236078056,3.75868319E+00,5736.97807310992,7.28859243E+00,2.96490356E+00,1.80691415E+01,5.44276205E-07,9.79295183E-01,2.07042727E-02
9.90880543E+00,2.62381514E-01,1.37171627E-01,1.82970685008984,1.37142362619424,3.75863688E+00,5736.36635617342,7.28865757E+00,2.96693221E+00,1.80713530E+01,5.01624385E-07,9.79295226E-01,2.07042727E-02
9.91493576E+00,2.62849482E-01,1.37498961E-01,1.8316794879513,1.37245767755522,3.75859020E+00,5735.74981785115,7.28872312E+00,2.96896721E+00,1.80735721E+01,4.62026462E-07,9.79295265E-01,2.07042727E-02
9.92105947E+00,2.63317406E-01,1.37827173E-01,1.8336540667726,1.3734952853404,3.75854308E+00,5735.12753531836,7.28878916E+00,2.97100903E+00,1.80757994E+01,4.25285364E-07,9.79295302E-01,2.07042724E-02
9.92717656E+00,2.63785273E-01,1.38156132E-01,1.83563053329875,1.37453604182223,3.75849556E+00,5734.50003862605,7.28885563E+00,2.97305757E+00,1.80780349E+01,3.91215152E-07,9.79295337E-01,2.07042720E-02
9.93328704E+00,2.64253001E-01,1.38485795E-01,1.83760854208285,1.37557981677049,3.75844766E+00,5733.86759355488,7.28892254E+00,2.97511272E+00,1.80802783E+01,3.59640691E-07,9.79295369E-01,2.07042717E-02
9.93939093E+00,2.64721534E-01,1.38815888E-01,1.83959209212716,1.37662574733765,3.75839975E+00,5733.23508622205,7.28898995E+00,2.97717479E+00,1.80825300E+01,3.30397047E-07,9.79295398E-01,2.07042714E-02
9.94548821E+00,2.65190125E-01,1.39146412E-01,1.84157802919619,1.3776738404069,3.75835164E+00,5732.6000087011,7.28905781E+00,2.97924350E+00,1.80847898E+01,3.03328896E-07,9.79295425E-01,2.07042712E-02
9.95157890E+00,2.65659259E-01,1.39477127E-01,1.84356841520842,1.37872333779488,3.75830356E+00,5731.96539747861,7.28912613E+00,2.98131890E+00,1.80870576E+01,2.78290140E-07,9.79295451E-01,2.07042709E-02
9.95766299E+00,2.66128131E-01,1.39808504E-01,1.84555983905434,1.37977573788507,3.75825509E+00,5731.32570972923,7.28919498E+00,2.98340123E+00,1.80893339E+01,2.55143396E-07,9.79295474E-01,2.07042707E-02
9.96374050E+00,2.66596862E-01,1.40140616E-01,1.84755281420273,1.38083127820489,3.75820622E+00,5730.68081521454,7.28926430E+00,2.98549062E+00,1.80916186E+01,2.33759439E-07,9.79295496E-01,2.07042705E-02
9.96981142E+00,2.67065430E-01,1.40473435E-01,1.84954724734173,1.38188987563707,3.75815695E+00,5730.03071570827,7.28933406E+00,2.98758704E+00,1.80939119E+01,2.14016937E-07,9.79295516E-01,2.07042702E-02
9.97587578E+00,2.67534427E-01,1.40806859E-01,1.85154566244376,1.38295121116821,3.75810749E+00,5729.37818339764,7.28940432E+00,2.98969079E+00,1.80962139E+01,1.95801992E-07,9.79295534E-01,2.07042700E-02
9.98193357E+00,2.68003778E-01,1.41140469E-01,1.85354774766512,1.38401395458543,3.75805802E+00,5728.7255934882,7.28947501E+00,2.99180152E+00,1.80985243E+01,1.79007699E-07,9.79295551E-01,2.07042699E-02
9.98798480E+00,2.68475271E-01,1.41470057E-01,1.85556114961058,1.38506468753937,3.75801110E+00,5728.10671091705,7.28954623E+00,2.99391928E+00,1.81008433E+01,1.63533861E-07,9.79295567E-01,2.07042697E-02
9.99402230E+00,2.68986499E-01,1.41648352E-01,1.85774670204825,1.38563342791501,3.75804976E+00,5728.61663787079,7.28961787E+00,2.99603545E+00,1.81031616E+01,1.49303419E-07,9.79295581E-01,2.07042695E-02
1.00000529E+01,2.69439216E-01,1.41973144E-01,1.85968426297974,1.38667007700396,3.75800054E+00,5727.96743198537,7.28969099E+00,2.99816084E+00,1.81054916E+01,1.36209689E-07,9.79295594E-01,2.07042694E-02
1.00060770E+01,2.69906013E-01,1.42304727E-01,1.86168420027999,1.38772920120368,3.75795145E+00,5727.32001406555,7.28976427E+00,3.00029611E+00,1.81078329E+01,1.24169115E-07,9.79295607E-01,2.07042692E-02
1.00120946E+01,2.70373849E-01,1.42637653E-01,1.8636907470103,1.38879342901043,3.75790195E+00,5726.66726300236,7.28983766E+00,3.00244034E+00,1.81101845E+01,1.13105097E-07,9.79295618E-01,2.07042691E-02
1.00181056E+01,2.70842319E-01,1.42972308E-01,1.86570218004471,1.38986400623018,3.75785174E+00,5726.00522525038,7.28991130E+00,3.00459284E+00,1.81125458E+01,1.02945988E-07,9.79295628E-01,2.07042690E-02
1.00241102E+01,2.71309685E-01,1.43310812E-01,1.86771103613834,1.39094773615264,3.75779933E+00,5725.31426130935,7.28998536E+00,3.00675355E+00,1.81149169E+01,9.36247683E-08,9.79295638E-01,2.07042688E-02
1.00301082E+01,2.71777198E-01,1.43650242E-01,1.86972268808971,1.39203527918642,3.75774649E+00,5724.61771273463,7.29005983E+00,3.00892236E+00,1.81172976E+01,8.50787622E-08,9.79295646E-01,2.07042687E-02
1.00360998E+01,2.72245124E-01,1.43990263E-01,1.8717382866889,1.39312556834231,3.75769346E+00,5723.91874473839,7.29013472E+00,3.01109909E+00,1.81196879E+01,7.72494991E-08,9.79295654E-01,2.07042686E-02
1.00420849E+01,2.72713348E-01,1.44330844E-01,1.87375734386015,1.3942185092202,3.75764023E+00,5723.21722644565,7.29021010E+00,3.01328383E+00,1.81220878E+01,7.00824454E-08,9.79295661E-01,2.07042685E-02
1.00480636E+01,2.73181364E-01,1.44671979E-01,1.87577768062163,1.39531408744314,3.75758666E+00,5722.51131409505,7.29028594E+00,3.01547638E+00,1.81244972E+01,6.35267505E-08,9.79295668E-01,2.07042685E-02
1.00540357E+01,2.73650259E-01,1.45013457E-01,1.87780399638525,1.39641162943937,3.75753315E+00,5721.80627930971,7.29036228E+00,3.01767691E+00,1.81269162E+01,5.75350596E-08,9.79295674E-01,2.07042684E-02
1.00600014E+01,2.74118684E-01,1.45355566E-01,1.87983046670214,1.39751206524003,3.75747920E+00,5721.09553512827,7.29043915E+00,3.01988562E+00,1.81293452E+01,5.20632947E-08,9.79295680E-01,2.07042683E-02
1.00659607E+01,2.74586609E-01,1.45699107E-01,1.88185695735649,1.39861797989216,3.75742441E+00,5720.37381503857,7.29051651E+00,3.02210256E+00,1.81317841E+01,4.70704371E-08,9.79295685E-01,2.07042682E-02
1.00719135E+01,2.75055358E-01,1.46043546E-01,1.88388920696012,1.39972766394855,3.75736938E+00,5719.64902519863,7.29059438E+00,3.02432797E+00,1.81342333E+01,4.25183722E-08,9.79295689E-01,2.07042682E-02
1.00778599E+01,2.75523790E-01,1.46388646E-01,1.88592227465305,1.40084036053424,3.75731394E+00,5718.91892818738,7.29067274E+00,3.02656164E+00,1.81366925E+01,3.83717025E-08,9.79295694E-01,2.07042681E-02
1.00837998E+01,2.75992646E-01,1.46734185E-01,1.88795937961151,1.40195535878926,3.75725838E+00,5718.18734437719,7.29075160E+00,3.02880370E+00,1.81391618E+01,3.45975761E-08,9.79295697E-01,2.07042681E-02
1.00897260E+01,2.76504434E-01,1.46923260E-01,1.89018552924433,1.402565848746,3.75729179E+00,5718.62725783636,7.29083071E+00,3.03104508E+00,1.81416314E+01,3.11697342E-08,9.79295701E-01,2.07042680E-02
1.00956455E+01,2.76954599E-01,1.47263556E-01,1.89214580401541,1.40366527461633,3.75723418E+00,5717.86872122142,7.29091149E+00,3.03329688E+00,1.81441143E+01,2.80552090E-08,9.79295704E-01,2.07042680E-02
1.01015585E+01,2.77418839E-01,1.47611313E-01,1.89416949867651,1.40478969579097,3.75717637E+00,5717.10765239516,7.29099252E+00,3.03555982E+00,1.81466102E+01,2.52275681E-08,9.79295707E-01,2.07042679E-02
1.01074653E+01,2.77884569E-01,1.47960630E-01,1.89620186330327,1.40592006779714,3.75711814E+00,5716.34115667521,7.29107370E+00,3.03783324E+00,1.81491182E+01,2.26627502E-08,9.79295709E-01,2.07042679E-02
1.01133656E+01,2.78351242E-01,1.48310419E-01,1.89824053028909,1.40705287857617,3.75705991E+00,5715.57476371976,7.29115512E+00,3.04011627E+00,1.81516375E+01,2.03385120E-08,9.79295712E-01,2.07042678E-02
1.01192596E+01,2.78817495E-01,1.48661096E-01,1.90027955137654,1.40818948142582,3.75700114E+00,5714.80136774972,7.29123698E+00,3.04240861E+00,1.81541680E+01,1.82342903E-08,9.79295714E-01,2.07042678E-02
1.01251472E+01,2.79284521E-01,1.49012462E-01,1.9023241486469,1.40932923828404,3.75694221E+00,5714.02597130546,7.29131931E+00,3.04471018E+00,1.81567095E+01,1.63310824E-08,9.79295716E-01,2.07042678E-02
1.01310285E+01,2.79751113E-01,1.49364463E-01,1.90436904271384,1.41047197994395,3.75688286E+00,5713.24515486807,7.29140213E+00,3.04702071E+00,1.81592619E+01,1.46113624E-08,9.79295718E-01,2.07042677E-02
1.01369034E+01,2.80217366E-01,1.49717395E-01,1.90641464682692,1.41161867427863,3.75682296E+00,5712.45721074359,7.29148553E+00,3.04934068E+00,1.81618258E+01,1.30589760E-08,9.79295719E-01,2.07042677E-02
1.01427720E+01,2.80684295E-01,1.50071757E-01,1.90846541886851,1.41277095267861,3.75676251E+00,5711.66214191066,7.29156942E+00,3.05166994E+00,1.81644009E+01,1.16590419E-08,9.79295721E-01,2.07042677E-02
1.01486343E+01,2.81150795E-01,1.50426873E-01,1.91051650974422,1.41392662644769,3.75670157E+00,5710.86074035905,7.29165388E+00,3.05400860E+00,1.81669874E+01,1.03978778E-08,9.79295722E-01,2.07042677E-02
1.01544902E+01,2.81618235E-01,1.50782371E-01,1.91257394462301,1.41508449027019,3.75664069E+00,5710.06024012576,7.29173889E+00,3.05635674E+00,1.81695855E+01,9.26290207E-09,9.79295723E-01,2.07042677E-02
1.01603398E+01,2.82085021E-01,1.51138523E-01,1.91463071192638,1.41624543497596,3.75657931E+00,5709.25327907532,7.29182443E+00,3.05871421E+00,1.81721949E+01,8.24256482E-09,9.79295724E-01,2.07042676E-02
1.01661831E+01,2.82551419E-01,1.51495593E-01,1.9166879786859,1.41741032820915,3.75651737E+00,5708.43907132867,7.29191059E+00,3.06108157E+00,1.81748163E+01,7.32626753E-09,9.79295725E-01,2.07042676E-02
1.01720201E+01,2.83018923E-01,1.51853351E-01,1.91875234237624,1.41857842687255,3.75645537E+00,5707.6241911603,7.29199727E+00,3.06345859E+00,1.81774494E+01,6.50429288E-09,9.79295726E-01,2.07042676E-02
1.01778435E+01,2.83528340E-01,1.52054428E-01,1.92100431330092,1.41923537636154,3.75648218E+00,5707.97654684111,7.29208408E+00,3.06583620E+00,1.81800842E+01,5.76867522E-09,9.79295727E-01,2.07042676E-02
1.01836602E+01,2.83976962E-01,1.52404209E-01,1.92298971745476,1.42037888969788,3.75641945E+00,5707.15213961158,7.29217273E+00,3.06822548E+00,1.81827340E+01,5.11020927E-09,9.79295727E-01,2.07042676E-02
1.01894707E+01,2.84437900E-01,1.52765734E-01,1.92503176407642,1.42156176511849,3.75635392E+00,5706.29106151513,7.29226178E+00,3.07062726E+00,1.81853986E+01,4.52140181E-09,9.79295728E-01,2.07042676E-02
1.01952750E+01,2.84900209E-01,1.53133602E-01,1.92708206266087,1.42276640539884,3.75628556E+00,5705.39293507224,7.29235107E+00,3.07304120E+00,1.81880773E+01,3.99549510E-09,9.79295728E-01,2.07042676E-02
1.02010731E+01,2.85363450E-01,1.53502315E-01,1.92913868490728,1.4239748371018,3.75621702E+00,5704.49258567274,7.29244062E+00,3.07546631E+00,1.81907693E+01,3.52632739E-09,9.79295729E-01,2.07042676E-02
1.02068649E+01,2.85826838E-01,1.53870210E-01,1.93119815569579,1.4251816108376,3.75614892E+00,5703.59815688036,7.29253064E+00,3.07790232E+00,1.81934743E+01,3.10828325E-09,9.79295729E-01,2.07042675E-02
1.02126505E+01,2.86291389E-01,1.54234196E-01,1.93326500218831,1.42637656868075,3.75608306E+00,5702.73328175713,7.29262116E+00,3.08034873E+00,1.81961919E+01,2.73624697E-09,9.79295730E-01,2.07042675E-02
1.02184299E+01,2.86755502E-01,1.54599287E-01,1.9353321088578,1.42757616070642,3.75601654E+00,5701.8598726226,7.29271232E+00,3.08280579E+00,1.81989225E+01,2.40556729E-09,9.79295730E-01,2.07042675E-02
1.02242031E+01,2.87218692E-01,1.54969276E-01,1.93739730821377,1.42879287552029,3.75594735E+00,5700.95154825581,7.29280409E+00,3.08527366E+00,1.82016662E+01,2.11201681E-09,9.79295730E-01,2.07042675E-02
1.02299702E+01,2.87682620E-01,1.55339797E-01,1.93946800710117,1.4300123790618,3.75587807E+00,5700.04218735297,7.29289645E+00,3.08775224E+00,1.82044230E+01,1.85176020E-09,9.79295731E-01,2.07042675E-02
1.02357310E+01,2.88145823E-01,1.55711297E-01,1.94153767800519,1.43123614980717,3.75580812E+00,5699.12417927453,7.29298947E+00,3.09024192E+00,1.82071934E+01,1.62132292E-09,9.79295731E-01,2.07042675E-02
1.02414857E+01,2.88608544E-01,1.56083800E-01,1.94360740041784,1.43246427608876,3.75573755E+00,5698.19818427466,7.29308310E+00,3.09274269E+00,1.82099772E+01,1.41755860E-09,9.79295731E-01,2.07042675E-02
1.02472342E+01,2.89072386E-01,1.56456712E-01,1.94568435139054,1.43369480640245,3.75566705E+00,5697.27325802255,7.29317737E+00,3.09525465E+00,1.82127747E+01,1.23762334E-09,9.79295731E-01,2.07042675E-02
1.02529691E+01,2.89583788E-01,1.56656663E-01,1.94797683491368,1.43435503747618,3.75569493E+00,5697.63901232893,7.29327155E+00,3.09776760E+00,1.82155742E+01,1.07915284E-09,9.79295731E-01,2.07042675E-02
1.02586976E+01,2.90025011E-01,1.57024562E-01,1.94995689445578,1.43557062132631,3.75562128E+00,5696.67285790814,7.29336796E+00,3.10029382E+00,1.82183911E+01,9.39592674E-10,9.79295732E-01,2.07042675E-02
1.02644199E+01,2.90482684E-01,1.57400583E-01,1.95201290268534,1.43681410582246,3.75554769E+00,5695.70765421017,7.29346490E+00,3.10283405E+00,1.82212246E+01,8.16842635E-10,9.79295732E-01,2.07042675E-02
1.02701362E+01,2.90941993E-01,1.57778346E-01,1.95407843979893,1.43806443563234,3.75547364E+00,5694.73658224309,7.29356214E+00,3.10538793E+00,1.82240742E+01,7.09034734E-10,9.79295732E-01,2.07042675E-02
1.02758463E+01,2.91401617E-01,1.58158443E-01,1.95614758139744,1.43932358873197,3.75539849E+00,5693.75125443621,7.29365977E+00,3.10795468E+00,1.82269391E+01,6.14490822E-10,9.79295732E-01,2.07042675E-02
1.02815504E+01,2.91860848E-01,1.58539471E-01,1.95821714195333,1.44058693252452,3.75532279E+00,5692.75888767645,7.29375790E+00,3.11053379E+00,1.82298189E+01,5.31704188E-10,9.79295732E-01,2.07042675E-02
1.02872485E+01,2.92319727E-01,1.58921558E-01,1.96028730322516,1.44185490106629,3.75524647E+00,5691.75856830076,7.29385668E+00,3.11312538E+00,1.82327138E+01,4.59323977E-10,9.79295732E-01,2.07042675E-02
1.02929404E+01,2.92779548E-01,1.59304081E-01,1.96236390943352,1.44312543443422,3.75517016E+00,5690.7585557336,7.29395608E+00,3.11572919E+00,1.82356237E+01,3.96140648E-10,9.79295732E-01,2.07042675E-02
1.02986263E+01,2.93238294E-01,1.59687524E-01,1.96443785293136,1.44440014715312,3.75509312E+00,5689.74915502939,7.29405616E+00,3.11834529E+00,1.82385485E+01,3.41073365E-10,9.79295732E-01,2.07042675E-02
1.03043062E+01,2.93698015E-01,1.60071534E-01,1.96651840316578,1.44567787325206,3.75501605E+00,5688.73954040384,7.29415698E+00,3.12097383E+00,1.82414887E+01,2.93157193E-10,9.79295732E-01,2.07042675E-02
1.03099800E+01,2.94156904E-01,1.60456281E-01,1.96859738558027,1.44695918513131,3.75493840E+00,5687.72250897402,7.29425852E+00,3.12361488E+00,1.82444441E+01,2.51532194E-10,9.79295732E-01,2.07042675E-02
1.03156405E+01,2.94667593E-01,1.60664363E-01,1.9709136304248,1.44765262774781,3.75496203E+00,5688.03198686273,7.29435983E+00,3.12625776E+00,1.82474026E+01,2.15479967E-10,9.79295732E-01,2.07042675E-02
1.03212945E+01,2.95101789E-01,1.61048012E-01,1.97288508246329,1.44893202661206,3.75487875E+00,5686.94135847948,7.29446372E+00,3.12891548E+00,1.82503806E+01,1.84264639E-10,9.79295732E-01,2.07042675E-02
1.03269426E+01,2.95553105E-01,1.61441345E-01,1.97493635745627,1.45024489371626,3.75479492E+00,5685.84373853329,7.29456839E+00,3.13158915E+00,1.82533779E+01,1.57279710E-10,9.79295732E-01,2.07042675E-02
1.03325847E+01,2.96009876E-01,1.61828644E-01,1.9770145975658,1.45153878287271,3.75471546E+00,5684.80353232843,7.29467328E+00,3.13427752E+00,1.82563926E+01,1.33993231E-10,9.79295732E-01,2.07042675E-02
1.03382209E+01,2.96465641E-01,1.62215863E-01,1.97909044025113,1.45283355879795,3.75463579E+00,5683.76076808318,7.29477869E+00,3.13697994E+00,1.82594243E+01,1.13935199E-10,9.79295732E-01,2.07042675E-02
1.03438511E+01,2.96918968E-01,1.62607939E-01,1.98115734088847,1.45414575224092,3.75455308E+00,5682.67841702723,7.29488478E+00,3.13969651E+00,1.82624734E+01,9.66900598E-11,9.79295732E-01,2.07042675E-02
1.03494754E+01,2.97373126E-01,1.63002243E-01,1.98323019493733,1.45546659760851,3.75446947E+00,5681.58449797118,7.29499153E+00,3.14242694E+00,1.82655394E+01,8.41479910E-11,9.79295732E-01,2.07042675E-02
1.03550938E+01,2.97828473E-01,1.63396958E-01,1.98531065310487,1.45679002139138,3.75438595E+00,5680.49196667854,7.29509903E+00,3.14517110E+00,1.82686224E+01,7.31289157E-11,9.79295732E-01,2.07042675E-02
1.03607063E+01,2.98282353E-01,1.63792605E-01,1.98738658053594,1.45811777766537,3.75430160E+00,5679.38879132304,7.29520732E+00,3.14792903E+00,1.82717225E+01,6.34611737E-11,9.79295732E-01,2.07042675E-02
1.03663128E+01,2.98735342E-01,1.64189558E-01,1.98946059705914,1.45945113291093,3.75421637E+00,5678.27432445253,7.29531651E+00,3.15070122E+00,1.82748402E+01,5.49908297E-11,9.79295732E-01,2.07042675E-02
1.03719135E+01,2.99189721E-01,1.64586972E-01,1.99154315211443,1.46078725803717,3.75413126E+00,5677.16164493145,7.29542646E+00,3.15348746E+00,1.82779754E+01,4.75800484E-11,9.79295732E-01,2.07042675E-02
1.03775010E+01,2.99695509E-01,1.64806208E-01,1.99386389404786,1.46152486354839,3.75414809E+00,5677.38165344141,7.29553610E+00,3.15627692E+00,1.82811152E+01,4.11129269E-11,9.79295732E-01,2.07042675E-02
1.03830822E+01,3.00123991E-01,1.65198434E-01,1.99583204334195,1.46284541219177,3.75405909E+00,5676.21830640962,7.29564858E+00,3.15908272E+00,1.82842767E+01,3.54708641E-11,9.79295732E-01,2.07042675E-02
1.03886576E+01,3.00571290E-01,1.65600362E-01,1.99788869753651,1.46419986339778,3.75396995E+00,5675.05336833684,7.29576205E+00,3.16190585E+00,1.82874595E+01,3.05551739E-11,9.79295732E-01,2.07042675E-02
1.03942272E+01,3.01020612E-01,1.66003471E-01,1.99995678709724,1.46555955406095,3.75388073E+00,5673.88762417708,7.29587595E+00,3.16474542E+00,1.82906621E+01,2.62787967E-11,9.79295732E-01,2.07042675E-02
1.03997910E+01,3.01468725E-01,1.66407992E-01,2.00202144412922,1.46692527669834,3.75379050E+00,5672.70892694998,7.29599055E+00,3.16760138E+00,1.82938847E+01,2.25643551E-11,9.79295732E-01,2.07042675E-02
1.04053490E+01,3.01915806E-01,1.66813942E-01,2.00408347036688,1.46829710329072,3.75369929E+00,5671.51767660278,7.29610586E+00,3.17047332E+00,1.82971270E+01,1.93430577E-11,9.79295732E-01,2.07042675E-02
1.04109012E+01,3.02365537E-01,1.67220139E-01,2.00615986168423,1.46967104863442,3.75360863E+00,5670.33385744413,7.29622193E+00,3.17336084E+00,1.83003885E+01,1.65538858E-11,9.79295732E-01,2.07042675E-02
1.04164476E+01,3.02814349E-01,1.67626823E-01,2.00823415472965,1.4710479292065,3.75351749E+00,5669.14401961176,7.29633887E+00,3.17626368E+00,1.83036691E+01,1.41427983E-11,9.79295733E-01,2.07042675E-02
1.04219883E+01,3.03261665E-01,1.68034872E-01,2.010303667676,1.47243072761188,3.75342529E+00,5667.94059746236,7.29645684E+00,3.17918240E+00,1.83069695E+01,1.20619800E-11,9.79295733E-01,2.07042675E-02
1.04275232E+01,3.03709056E-01,1.68443913E-01,2.01237566080886,1.47381819229953,3.75333262E+00,5666.73129814548,7.29657579E+00,3.18211713E+00,1.83102900E+01,1.02691910E-11,9.79295733E-01,2.07042675E-02
1.04330476E+01,3.04186020E-01,1.68736610E-01,2.01458696683474,1.47481182123377,3.75330551E+00,5666.37757435409,7.29669491E+00,3.18506123E+00,1.83136225E+01,8.72833232E-12,9.79295733E-01,2.07042675E-02
1.04385660E+01,3.04619000E-01,1.69141256E-01,2.01659645777619,1.47618659073555,3.75321143E+00,5665.15021575901,7.29681620E+00,3.18802253E+00,1.83169774E+01,7.40524622E-12,9.79295733E-01,2.07042675E-02
1.04440787E+01,3.05062112E-01,1.69551412E-01,2.0186550473788,1.47758138806725,3.75311713E+00,5663.92025384883,7.29693865E+00,3.19100160E+00,1.83203545E+01,6.27106356E-12,9.79295733E-01,2.07042675E-02
1.04495858E+01,3.05507718E-01,1.69962714E-01,2.02072734272956,1.47898140596996,3.75302288E+00,5662.6912109173,7.29706195E+00,3.19399824E+00,1.83237533E+01,5.30055651E-12,9.79295733E-01,2.07042675E-02
1.04550871E+01,3.05951647E-01,1.70375392E-01,2.02279395453845,1.48038744078728,3.75292753E+00,5661.44809510132,7.29718615E+00,3.19701225E+00,1.83271737E+01,4.47163078E-12,9.79295733E-01,2.07042675E-02
1.04605828E+01,3.06395173E-01,1.70789255E-01,2.02486080093168,1.48179885546722,3.75283148E+00,5660.19612901771,7.29731139E+00,3.20004379E+00,1.83306160E+01,3.76495291E-12,9.79295733E-01,2.07042675E-02
1.04660680E+01,3.06867435E-01,1.71088821E-01,2.02706387965439,1.48282131765426,3.75279976E+00,5659.78273471457,7.29743680E+00,3.20308633E+00,1.83340723E+01,3.16407286E-12,9.79295733E-01,2.07042675E-02
1.04715475E+01,3.07295851E-01,1.71500615E-01,2.02906449240004,1.48422798186324,3.75270097E+00,5658.49543687596,7.29756447E+00,3.20614745E+00,1.83375529E+01,2.65373554E-12,9.79295733E-01,2.07042675E-02
1.04770213E+01,3.07734501E-01,1.71917942E-01,2.03111494161312,1.48565490791574,3.75260197E+00,5657.20569632662,7.29769341E+00,3.20922766E+00,1.83410573E+01,2.22111387E-12,9.79295733E-01,2.07042675E-02
1.04824895E+01,3.08174372E-01,1.72337264E-01,2.03317317905521,1.48709003697089,3.75250227E+00,5655.9071334952,7.29782335E+00,3.21232699E+00,1.83445855E+01,1.85510638E-12,9.79295733E-01,2.07042675E-02
1.04879521E+01,3.08613520E-01,1.72758214E-01,2.03523011402856,1.48853213226137,3.75240158E+00,5654.59597873647,7.29795427E+00,3.21544511E+00,1.83481371E+01,1.54608971E-12,9.79295733E-01,2.07042675E-02
1.04934092E+01,3.09052633E-01,1.73180105E-01,2.03728896579028,1.48997885439602,3.75230042E+00,5653.27900986358,7.29808624E+00,3.21858187E+00,1.83517121E+01,1.28573411E-12,9.79295733E-01,2.07042675E-02
1.04988560E+01,3.09518075E-01,1.73489132E-01,2.03947353915153,1.49103944247709,3.75226226E+00,5652.78229701415,7.29821857E+00,3.22173135E+00,1.83553034E+01,1.06699801E-12,9.79295733E-01,2.07042675E-02
1.05042971E+01,3.09941264E-01,1.73909526E-01,2.04146182923225,1.49248345694205,3.75215787E+00,5651.4237187804,7.29835326E+00,3.22490085E+00,1.83589207E+01,8.83480629E-13,9.79295733E-01,2.07042675E-02
1.05097327E+01,3.10375309E-01,1.74335080E-01,2.04350313823525,1.4939466198605,3.75205360E+00,5650.06702823558,7.29848935E+00,3.22809073E+00,1.83625637E+01,7.29837873E-13,9.79295733E-01,2.07042675E-02
1.05151628E+01,3.10809319E-01,1.74762643E-01,2.04554632354287,1.4954181348263,3.75194832E+00,5648.69752669217,7.29862660E+00,3.23130109E+00,1.83662324E+01,6.01494786E-13,9.79295733E-01,2.07042675E-02
1.05205874E+01,3.11242088E-01,1.75193527E-01,2.04758570071693,1.49690254581023,3.75184107E+00,5647.30274035137,7.29876505E+00,3.23453199E+00,1.83699268E+01,4.94531046E-13,9.79295733E-01,2.07042675E-02
1.05260020E+01,3.11703694E-01,1.75512871E-01,2.04976321015131,1.49800364808108,3.75179680E+00,5646.72710938915,7.29890372E+00,3.23777676E+00,1.83736389E+01,4.05654921E-13,9.79295733E-01,2.07042675E-02
1.05314109E+01,3.12120796E-01,1.75943132E-01,2.05173277471875,1.49948847451385,3.75168595E+00,5645.2860138882,7.29904491E+00,3.24104294E+00,1.83773789E+01,3.31926977E-13,9.79295733E-01,2.07042675E-02
1.05368144E+01,3.12546764E-01,1.76381876E-01,2.0537461580136,1.50100409128218,3.75157307E+00,5643.81890549835,7.29918774E+00,3.24433126E+00,1.83811469E+01,2.70908521E-13,9.79295733E-01,2.07042675E-02
1.05422125E+01,3.12971915E-01,1.76825367E-01,2.05575764973942,1.50253766317403,3.75145761E+00,5642.31865913346,7.29933191E+00,3.24764202E+00,1.83849431E+01,2.20533125E-13,9.79295733E-01,2.07042675E-02
1.05476053E+01,3.13398041E-01,1.77270038E-01,2.05777573131534,1.50407688855939,3.75134180E+00,5640.81426560474,7.29947726E+00,3.25097478E+00,1.83887669E+01,1.79049432E-13,9.79295733E-01,2.07042675E-02
1.05529927E+01,3.13824828E-01,1.77715322E-01,2.05979892901686,1.50561981591145,3.75122586E+00,5639.30858513901,7.29962386E+00,3.25432917E+00,1.83926181E+01,1.44976378E-13,9.79295733E-01,2.07042675E-02
1.05583703E+01,3.14275438E-01,1.78047807E-01,2.06193721932053,1.50677292214734,3.75117227E+00,5638.61276256995,7.29977099E+00,3.25769924E+00,1.83964896E+01,1.17082728E-13,9.79295733E-01,2.07042675E-02
1.05637424E+01,3.14685494E-01,1.78492017E-01,2.06388499680731,1.5083148851401,3.75105268E+00,5637.06029323357,7.29992075E+00,3.26109207E+00,1.84003910E+01,9.42916110E-14,9.79295733E-01,2.07042675E-02
1.05691093E+01,3.15106227E-01,1.78938791E-01,2.06588540278302,1.50986734007881,3.75093447E+00,5635.52615857176,7.30007223E+00,3.26450786E+00,1.84043220E+01,7.57191959E-14,9.79295733E-01,2.07042675E-02
1.05744708E+01,3.15527771E-01,1.79384215E-01,2.06789160920809,1.51141669467345,3.75081715E+00,5634.00398718374,7.30022529E+00,3.26794705E+00,1.84082829E+01,6.06268747E-14,9.79295733E-01,2.07042675E-02
1.05798271E+01,3.15951006E-01,1.79829862E-01,2.06990782340979,1.51296841601613,3.75070013E+00,5632.48611772069,7.30037973E+00,3.27140903E+00,1.84122729E+01,4.83975960E-14,9.79295733E-01,2.07042675E-02
1.05851737E+01,3.16395307E-01,1.80167349E-01,2.07202650725361,1.51414458941693,3.75064246E+00,5631.73822908269,7.30053492E+00,3.27488842E+00,1.84162856E+01,3.85236883E-14,9.79295733E-01,2.07042675E-02
1.05905149E+01,3.16801968E-01,1.80611972E-01,2.07396760259073,1.51569553761599,3.75052182E+00,5630.17404033052,7.30069287E+00,3.27839193E+00,1.84203302E+01,3.05691915E-14,9.79295733E-01,2.07042675E-02
1.05958509E+01,3.17216773E-01,1.81061930E-01,2.07594944472974,1.51726671289348,3.75040054E+00,5628.60199140386,7.30085285E+00,3.28192017E+00,1.84244068E+01,2.41800124E-14,9.79295733E-01,2.07042675E-02
1.06011818E+01,3.17630714E-01,1.81514817E-01,2.07792904677181,1.51884976035772,3.75027758E+00,5627.00861418117,7.30101465E+00,3.28547361E+00,1.84285158E+01,1.90640181E-14,9.79295733E-01,2.07042675E-02
1.06065032E+01,3.18075888E-01,1.81860442E-01,2.08006012209664,1.52005898914703,3.75021606E+00,5626.21157653296,7.30117685E+00,3.28904530E+00,1.84326484E+01,1.49830845E-14,9.79295733E-01,2.07042675E-02
1.06118192E+01,3.18469013E-01,1.82318233E-01,2.08194385280137,1.52166213227109,3.75008545E+00,5624.51980047396,7.30134233E+00,3.29264350E+00,1.84368163E+01,1.17360296E-14,9.79295733E-01,2.07042675E-02
1.06171302E+01,3.18876221E-01,1.82783242E-01,2.08389686350356,1.5232922831612,3.74995475E+00,5622.8273678907,7.30150994E+00,3.29626832E+00,1.84410186E+01,9.16076595E-15,9.79295733E-01,2.07042675E-02
1.06224361E+01,3.19280566E-01,1.83251709E-01,2.08583795575082,1.52493632243779,3.74982160E+00,5621.10373395466,7.30167947E+00,3.29992017E+00,1.84452558E+01,7.12522803E-15,9.79295733E-01,2.07042675E-02
1.06277369E+01,3.19686757E-01,1.83721375E-01,2.08778973035366,1.52658635066498,3.74968831E+00,5619.37881691118,7.30185072E+00,3.30359883E+00,1.84495276E+01,5.52187797E-15,9.79295733E-01,2.07042675E-02
1.06330286E+01,3.20119511E-01,1.84082240E-01,2.08987115135133,1.52785535256087,3.74961607E+00,5618.444174215,7.30202258E+00,3.30729764E+00,1.84538256E+01,4.26421729E-15,9.79295733E-01,2.07042675E-02
1.06383150E+01,3.20506872E-01,1.84550718E-01,2.09173600514278,1.52950435534819,3.74947867E+00,5616.66691901644,7.30219778E+00,3.31102429E+00,1.84581607E+01,3.28059342E-15,9.79295733E-01,2.07042675E-02
1.06435966E+01,3.20906130E-01,1.85023938E-01,2.09365987562756,1.5311718564494,3.74934188E+00,5614.89811255909,7.30237540E+00,3.31477897E+00,1.84625325E+01,2.51408125E-15,9.79295733E-01,2.07042675E-02
1.06488731E+01,3.21305149E-01,1.85494418E-01,2.09558436235104,1.53283150470702,3.74920639E+00,5613.1466652831,7.30255516E+00,3.31856188E+00,1.84669411E+01,1.91902285E-15,9.79295733E-01,2.07042675E-02
1.06541407E+01,3.21736649E-01,1.85859293E-01,2.09766749730208,1.53411986302276,3.74913183E+00,5612.18307880142,7.30273558E+00,3.32236614E+00,1.84713776E+01,1.45913471E-15,9.79295733E-01,2.07042675E-02
1.06594031E+01,3.22115326E-01,1.86329256E-01,2.09949732677219,1.53578087839536,3.74899152E+00,5610.37021160636,7.30291972E+00,3.32619981E+00,1.84758536E+01,1.10488254E-15,9.79295733E-01,2.07042675E-02
1.06646606E+01,3.22507395E-01,1.86810007E-01,2.10139355046616,1.53748188319347,3.74884916E+00,5608.53145599967,7.30310661E+00,3.33006329E+00,1.84803689E+01,8.33083958E-16,9.79295733E-01,2.07042675E-02
1.06699134E+01,3.22895794E-01,1.87293195E-01,2.10327371302828,1.53919340900105,3.74870466E+00,5606.66567593782,7.30329606E+00,3.33395737E+00,1.84849243E+01,6.25414590E-16,9.79295733E-01,2.07042675E-02
1.06751613E+01,3.23289000E-01,1.87776958E-01,2.10517885891191,1.54090888022135,3.74856108E+00,5604.81238966195,7.30348758E+00,3.33788126E+00,1.84895186E+01,4.67419590E-16,9.79295733E-01,2.07042675E-02
1.06804004E+01,3.23698967E-01,1.88158414E-01,2.10716705213084,1.54226290882562,3.74847285E+00,5603.6738479828,7.30368062E+00,3.34183017E+00,1.84941460E+01,3.47812580E-16,9.79295733E-01,2.07042675E-02
1.06856346E+01,3.24073249E-01,1.88644462E-01,2.10898382548493,1.5439899246215,3.74832339E+00,5601.74570698637,7.30387708E+00,3.34580999E+00,1.84988148E+01,2.57607938E-16,9.79295733E-01,2.07042675E-02
1.06908640E+01,3.24452248E-01,1.89136578E-01,2.11082509140568,1.54574047138668,3.74817208E+00,5599.79437547819,7.30407681E+00,3.34982217E+00,1.85035267E+01,1.89885655E-16,9.79295733E-01,2.07042675E-02
1.06960888E+01,3.24836083E-01,1.89629834E-01,2.11269149018476,1.54749706498135,3.74802142E+00,5597.85210189235,7.30427912E+00,3.35386630E+00,1.85082806E+01,1.39280119E-16,9.79295733E-01,2.07042675E-02
1.07013050E+01,3.25237521E-01,1.90021296E-01,2.11464524916151,1.54889256831731,3.74792604E+00,5596.62283343565,7.30448315E+00,3.35793739E+00,1.85130703E+01,1.01668323E-16,9.79295733E-01,2.07042675E-02
1.07065164E+01,3.25603225E-01,1.90514664E-01,2.1164266669518,1.55065314388089,3.74777079E+00,5594.62253076467,7.30469092E+00,3.36204158E+00,1.85179046E+01,7.38327798E-17,9.79295733E-01,2.07042675E-02
1.07117232E+01,3.25973974E-01,1.91013268E-01,2.11823419185578,1.55243443719084,3.74761417E+00,5592.60530089298,7.30490219E+00,3.36617987E+00,1.85227843E+01,5.33354232E-17,9.79295733E-01,2.07042675E-02
1.07169235E+01,3.26361596E-01,1.91459655E-01,2.12012562896799,1.55403091801919,3.74748788E+00,5590.97924421819,7.30511574E+00,3.37034916E+00,1.85277052E+01,3.83237804E-17,9.79295733E-01,2.07042675E-02
1.07221191E+01,3.26725109E-01,1.91956447E-01,2.12190095859472,1.55580960021139,3.74733037E+00,5588.95187453633,7.30533292E+00,3.37455311E+00,1.85326726E+01,2.73847550E-17,9.79295733E-01,2.07042675E-02
1.07273084E+01,3.27104522E-01,1.92409864E-01,2.12375552643823,1.55743476222667,3.74719851E+00,5587.25522086275,7.30555295E+00,3.37878930E+00,1.85376833E+01,1.94587644E-17,9.79295733E-01,2.07042675E-02
1.07324930E+01,3.27463017E-01,1.92913110E-01,2.12550933656481,1.55924051184453,3.74703651E+00,5585.17145837385,7.30577679E+00,3.38306089E+00,1.85427420E+01,1.37461766E-17,9.79295733E-01,2.07042675E-02
1.07376713E+01,3.27836956E-01,1.93370937E-01,2.12734024426388,1.56088510748085,3.74690108E+00,5583.43005507064,7.30600374E+00,3.38736591E+00,1.85478460E+01,9.65347170E-18,9.79295733E-01,2.07042675E-02
1.07428452E+01,3.28191655E-01,1.93878724E-01,2.12907840514033,1.56271119724503,3.74673586E+00,5581.30633740741,7.30623467E+00,3.39170756E+00,1.85529998E+01,6.73765504E-18,9.79295733E-01,2.07042675E-02
1.07480109E+01,3.28572626E-01,1.94294002E-01,2.13094689076536,1.56420619655613,3.74662347E+00,5579.86215175486,7.30646819E+00,3.39608073E+00,1.85581966E+01,4.67385739E-18,9.79295733E-01,2.07042675E-02
1.07531722E+01,3.28908294E-01,1.94815466E-01,2.13259454508181,1.56608549078661,3.74644665E+00,5577.59081181391,7.30670679E+00,3.40049278E+00,1.85634469E+01,3.22126777E-18,9.79295733E-01,2.07042675E-02
1.07583291E+01,3.29251945E-01,1.95344569E-01,2.13428270440487,1.56799462278612,3.74626801E+00,5575.29703197173,7.30694983E+00,3.40494451E+00,1.85687513E+01,2.20532781E-18,9.79295733E-01,2.07042675E-02
1.07634801E+01,3.29609192E-01,1.95826159E-01,2.13603906975189,1.56973433949801,3.74611653E+00,5573.35273205599,7.30719611E+00,3.40943308E+00,1.85741056E+01,1.49961184E-18,9.79295733E-01,2.07042675E-02
1.07686268E+01,3.29944010E-01,1.96357432E-01,2.13768647747755,1.5716557725468,3.74593460E+00,5571.01849168273,7.30744676E+00,3.41396179E+00,1.85795148E+01,1.01255863E-18,9.79295733E-01,2.07042675E-02
1.07737675E+01,3.30294014E-01,1.96842252E-01,2.13940996331955,1.57341125333308,3.74577969E+00,5569.03170019811,7.30770099E+00,3.41852805E+00,1.85849753E+01,6.78822246E-19,9.79295733E-01,2.07042675E-02
1.07789040E+01,3.30626508E-01,1.97375414E-01,2.14104851360123,1.57534403918274,3.74559623E+00,5566.67965836867,7.30795989E+00,3.42313518E+00,1.85904920E+01,4.51705291E-19,9.79295733E-01,2.07042675E-02
1.07840330E+01,3.30982192E-01,1.97816721E-01,2.14280273490244,1.57694563376541,3.74546450E+00,5564.9914317361,7.30822223E+00,3.42777833E+00,1.85960585E+01,2.98347012E-19,9.79295733E-01,2.07042675E-02
1.07891577E+01,3.31298579E-01,1.98354112E-01,2.14436435257182,1.5788981359195,3.74527490E+00,5562.56245293147,7.30849017E+00,3.43246403E+00,1.86016842E+01,1.95511770E-19,9.79295733E-01,2.07042675E-02
1.07942784E+01,3.31622684E-01,1.98897490E-01,2.14596524467099,1.58087484869435,3.74508424E+00,5560.12096348769,7.30876334E+00,3.43719296E+00,1.86073697E+01,1.27086484E-19,9.79295733E-01,2.07042675E-02
1.07993935E+01,3.31955400E-01,1.99395459E-01,2.14760991337154,1.58268854469152,3.74491843E+00,5557.99856100184,7.30904093E+00,3.44196299E+00,1.86131121E+01,8.19307735E-20,9.79295733E-01,2.07042675E-02
1.08045028E+01,3.32282676E-01,1.99893513E-01,2.14922892100162,1.58450463161304,3.74475122E+00,5555.85905867443,7.30932316E+00,3.44677440E+00,1.86189120E+01,5.23740137E-20,9.79295733E-01,2.07042675E-02
1.08096082E+01,3.32592462E-01,2.00439928E-01,2.15076253143315,1.5864994577542,3.74455546E+00,5553.3552969919,7.30961111E+00,3.45163064E+00,1.86247744E+01,3.31855067E-20,9.79295733E-01,2.07042675E-02
1.08147081E+01,3.32913631E-01,2.00945082E-01,2.15235364934423,1.58834588421123,3.74438318E+00,5551.1527769213,7.30990429E+00,3.45653023E+00,1.86306975E+01,2.08390258E-20,9.79295733E-01,2.07042675E-02
1.08198024E+01,3.33227777E-01,2.01454125E-01,2.15391111305541,1.59020869947037,3.74420719E+00,5548.90372817788,7.31020286E+00,3.46147369E+00,1.86366820E+01,1.29654694E-20,9.79295733E-01,2.07042675E-02
1.08248929E+01,3.33524941E-01,2.02012016E-01,2.15538542115589,1.5922527806727,3.74400254E+00,5546.28956732559,7.31050782E+00,3.46646466E+00,1.86427332E+01,0.00000000E+00,9.79295733E-01,2.07042675E-02
1.08299781E+01,3.33833210E-01,2.02528964E-01,2.15691589047178,1.59414919428408,3.74382113E+00,5543.9732996302,7.31081847E+00,3.47150138E+00,1.86488487E+01,0.00000000E+00,9.79295733E-01,2.07042675E-02
1.08350579E+01,3.34135251E-01,2.03047015E-01,2.15841649353073,1.59605192014226,3.74363762E+00,5541.63120303816,7.31113498E+00,3.47658435E+00,1.86550293E+01,0.00000000E+00,9.79295733E-01,2.07042675E-02
1.08401341E+01,3.34421540E-01,2.03611979E-01,2.15983980108249,1.5981295395398,3.74342671E+00,5538.94062848974,7.31145822E+00,3.48171688E+00,1.86612798E+01,0.00000000E+00,9.79295733E-01,2.07042675E-02
1.08452051E+01,3.34717517E-01,2.04137566E-01,2.16131226000998,1.60006478074491,3.74323791E+00,5536.53321886726,7.31178783E+00,3.48689764E+00,1.86675984E+01,0.00000000E+00,9.79295733E-01,2.07042675E-02
1.08502709E+01,3.34999070E-01,2.04674433E-01,2.16271389247759,1.60204397501757,3.74303986E+00,5534.0089859596,7.31212439E+00,3.49212801E+00,1.86739875E+01,0.00000000E+00,9.79295733E-01,2.07042675E-02
1.08553333E+01,3.35270425E-01,2.05258996E-01,2.16406561724567,1.60420178778859,3.74281542E+00,5531.14979215865,7.31246836E+00,3.49741099E+00,1.86804511E+01,0.00000000E+00,9.79295733E-01,2.07042675E-02
1.08603892E+01,3.35558026E-01,2.05760873E-01,2.16549919189957,1.60605669820769,3.74263638E+00,5528.87001886952,7.31281881E+00,3.50274266E+00,1.86869840E+01,0.00000000E+00,9.79295733E-01,2.07042675E-02
1.08654416E+01,3.35812416E-01,2.06349853E-01,2.16676801463286,1.60823627227837,3.74240549E+00,5525.93141022008,7.31317738E+00,3.50812854E+00,1.86935949E+01,0.00000000E+00,9.79295733E-01,2.07042675E-02
1.08704893E+01,3.36080589E-01,2.06901302E-01,2.16810638788494,1.61027964056546,3.74219681E+00,5523.27681889442,7.31354339E+00,3.51356667E+00,1.87002810E+01,0.00000000E+00,9.79295733E-01,2.07042675E-02
1.08755322E+01,3.36340681E-01,2.07457275E-01,2.16940522091488,1.61234240059818,3.74198384E+00,5520.56896985592,7.31391721E+00,3.51905808E+00,1.87070441E+01,0.00000000E+00,9.79295733E-01,2.07042675E-02
1.08805719E+01,3.36583792E-01,2.08060379E-01,2.17061995869979,1.61458301312384,3.74174307E+00,5517.50925100626,7.31429977E+00,3.52460620E+00,1.87138893E+01,0.00000000E+00,9.79295733E-01,2.07042675E-02
1.08856070E+01,3.36835474E-01,2.08626190E-01,2.17187823925182,1.61668790789993,3.74152309E+00,5514.71521517652,7.31469059E+00,3.53020945E+00,1.87208146E+01,0.00000000E+00,9.79295733E-01,2.07042675E-02
1.08906376E+01,3.37078351E-01,2.09193557E-01,2.17309319090618,1.61880134664633,3.74130012E+00,5511.88464626586,7.31508997E+00,3.53586856E+00,1.87278213E+01,0.00000000E+00,9.79295733E-01,2.07042675E-02
1.08956638E+01,3.37315737E-01,2.09763479E-01,2.17428133151778,1.62092708427226,3.74107451E+00,5509.02204173647,7.31549818E+00,3.54158416E+00,1.87349106E+01,0.00000000E+00,9.79295733E-01,2.07042675E-02
1.09006855E+01,3.37545214E-01,2.10342044E-01,2.17543050430413,1.62308791446741,3.74084259E+00,5506.08092375605,7.31591590E+00,3.54735770E+00,1.87420851E+01,0.00000000E+00,9.79295733E-01,2.07042675E-02
1.09057044E+01,3.37761024E-01,2.10965568E-01,2.17651178979853,1.62541988311132,3.74058478E+00,5502.81332186335,7.31634380E+00,3.55319228E+00,1.87493491E+01,0.00000000E+00,9.79295733E-01,2.07042675E-02
1.09107176E+01,3.37991812E-01,2.11513438E-01,2.17766871514366,1.62747167231702,3.74036855E+00,5500.07421922332,7.31678105E+00,3.55908419E+00,1.87566980E+01,0.00000000E+00,9.79295733E-01,2.07042675E-02
1.09157281E+01,3.38188965E-01,2.12145651E-01,2.17865751745036,1.62984254751462,3.74010173E+00,5496.69614478478,7.31722931E+00,3.56503930E+00,1.87641402E+01,0.00000000E+00,9.79295733E-01,2.07042675E-02
1.09207345E+01,3.38397927E-01,2.12743080E-01,2.17970603681384,1.63208615245917,3.73985525E+00,5493.57742848685,7.31768805E+00,3.57105592E+00,1.87716736E+01,0.00000000E+00,9.79295733E-01,2.07042675E-02
1.09257370E+01,3.38598020E-01,2.13342106E-01,2.18071052668461,1.63433885572651,3.73960576E+00,5490.42242863861,7.31815772E+00,3.57713516E+00,1.87793001E+01,0.00000000E+00,9.79295733E-01,2.07042675E-02
1.09307356E+01,3.38790186E-01,2.13946503E-01,2.18167565786264,1.63661490850353,3.73935161E+00,5487.21036239039,7.31863869E+00,3.58327796E+00,1.87870214E+01,0.00000000E+00,9.79295733E-01,2.07042675E-02
1.09357304E+01,3.38974959E-01,2.14556604E-01,2.18260406137454,1.63891565629995,3.73909275E+00,5483.94070067646,7.31913146E+00,3.58948542E+00,1.87948395E+01,0.00000000E+00,9.79295733E-01,2.07042675E-02
1.09407214E+01,3.39151631E-01,2.15173761E-01,2.18349213037829,1.64124630365837,3.73882834E+00,5480.60294827863,7.31963641E+00,3.59575856E+00,1.88027561E+01,0.00000000E+00,9.79295733E-01,2.07042675E-02
1.09457089E+01,3.39319869E-01,2.15798349E-01,2.18433814045962,1.64360838808964,3.73855810E+00,5477.19370064339,7.32015419E+00,3.60209888E+00,1.88107739E+01,0.00000000E+00,9.79295733E-01,2.07042675E-02
1.09506928E+01,3.39479943E-01,2.16430463E-01,2.18514340095623,1.64600239578556,3.73828207E+00,5473.71359789535,7.32068509E+00,3.60850740E+00,1.88188944E+01,0.00000000E+00,9.79295733E-01,2.07042675E-02
1.09556733E+01,3.39633367E-01,2.17067709E-01,2.18591548690226,1.64841936952466,3.73800180E+00,5470.18230090113,7.32122943E+00,3.61498514E+00,1.88271196E+01,0.00000000E+00,9.79295733E-01,2.07042675E-02
1.09606518E+01,3.39776760E-01,2.17745179E-01,2.18663733980152,1.65099279884691,3.73769891E+00,5466.36856172813,7.32178772E+00,3.62153482E+00,1.88354532E+01,0.00000000E+00,9.79295733E-01,2.07042675E-02
1.09656258E+01,3.39923706E-01,2.18354331E-01,2.18737732612387,1.65331014629376,3.73743107E+00,5462.99835825439,7.32235983E+00,3.62815356E+00,1.88438920E+01,0.00000000E+00,9.79295733E-01,2.07042675E-02
1.09705966E+01,3.40052926E-01,2.19005137E-01,2.18802825530744,1.65578954866105,3.73713798E+00,5459.31281745848,7.32294665E+00,3.63484391E+00,1.88524409E+01,0.00000000E+00,9.79295733E-01,2.07042675E-02
1.09755643E+01,3.40176561E-01,2.19662690E-01,2.18865123209775,1.658298431652,3.73684011E+00,5455.56971678774,7.32354863E+00,3.64160672E+00,1.88611016E+01,0.00000000E+00,9.79295733E-01,2.07042675E-02
1.09805292E+01,3.40289087E-01,2.20330438E-01,2.18921838661442,1.66085010390671,3.73653436E+00,5451.73026340971,7.32416645E+00,3.64844335E+00,1.88698768E+01,0.00000000E+00,9.79295733E-01,2.07042675E-02
1.09854912E+01,3.40395721E-01,2.21002893E-01,2.18975597984863,1.66342373102863,3.73622480E+00,5447.84571877607,7.32480033E+00,3.65535445E+00,1.88787675E+01,0.00000000E+00,9.79295733E-01,2.07042675E-02
1.09904504E+01,3.40494739E-01,2.21680206E-01,2.19025529537374,1.66601998212849,3.73591089E+00,5443.90941420923,7.32545084E+00,3.66234104E+00,1.88877761E+01,0.00000000E+00,9.79295733E-01,2.07042675E-02
1.09954070E+01,3.40581522E-01,2.22368270E-01,2.19069300739996,1.66866159278535,3.73558856E+00,5439.87048583192,7.32611857E+00,3.66940422E+00,1.88969044E+01,0.00000000E+00,9.79295733E-01,2.07042675E-02
1.10003611E+01,3.40661053E-01,2.23062353E-01,2.19109421894356,1.67133055517515,3.73526140E+00,5435.77409978209,7.32680384E+00,3.67654466E+00,1.89061541E+01,0.00000000E+00,9.79295733E-01,2.07042675E-02
1.10053128E+01,3.40732842E-01,2.23761863E-01,2.19145643737075,1.67402470516987,3.73492959E+00,5431.62264162684,7.32750726E+00,3.68376344E+00,1.89155272E+01,0.00000000E+00,9.79295733E-01,2.07042675E-02
1.10102621E+01,3.40795193E-01,2.24468601E-01,2.19177108403345,1.67675110415721,3.73459181E+00,5427.39974616064,7.32822924E+00,3.69106135E+00,1.89250253E+01,0.00000000E+00,9.79295733E-01,2.07042675E-02
1.10152081E+01,3.40852632E-01,2.25150967E-01,2.19206098286963,1.67938769595468,3.73426499E+00,5423.31699675173,7.32897003E+00,3.69843742E+00,1.89346479E+01,0.00000000E+00,9.79295733E-01,2.07042675E-02
1.10201520E+01,3.40895477E-01,2.25873053E-01,2.19227724968771,1.6821822767717,3.73391465E+00,5418.94383796993,7.32973021E+00,3.70589399E+00,1.89443984E+01,0.00000000E+00,9.79295733E-01,2.07042675E-02
1.10250938E+01,3.40926905E-01,2.26608262E-01,2.19243590098376,1.68503242346304,3.73355491E+00,5414.45701213932,7.33051083E+00,3.71343272E+00,1.89542800E+01,0.00000000E+00,9.79295733E-01,2.07042675E-02
1.10300339E+01,3.40946600E-01,2.27355387E-01,2.19253532892028,1.68793371142205,3.73318627E+00,5409.86303585229,7.33131242E+00,3.72105464E+00,1.89642948E+01,0.00000000E+00,9.79295733E-01,2.07042675E-02
1.10349722E+01,3.40961272E-01,2.28108862E-01,2.19260940175123,1.69086471747176,3.73281320E+00,5405.21782144657,7.33213511E+00,3.72876013E+00,1.89744435E+01,0.00000000E+00,9.79295733E-01,2.07042675E-02
1.10399077E+01,3.40974433E-01,2.28834115E-01,2.19267584830026,1.69369074743117,3.73245386E+00,5400.74733487635,7.33297874E+00,3.73654756E+00,1.89847244E+01,0.00000000E+00,9.79295733E-01,2.07042675E-02
1.10448418E+01,3.40965217E-01,2.29605058E-01,2.19262931884375,1.69669999280612,3.73206609E+00,5395.92730328401,7.33384459E+00,3.74442029E+00,1.89951427E+01,0.00000000E+00,9.79295733E-01,2.07042675E-02
1.10497744E+01,3.40950426E-01,2.30385227E-01,2.19255464456316,1.69975069334825,3.73167231E+00,5391.03696887145,7.33473298E+00,3.75237891E+00,1.90056997E+01,0.00000000E+00,9.79295733E-01,2.07042675E-02
1.10547046E+01,3.40931869E-01,2.31144910E-01,2.19246096074036,1.70272655831384,3.73128782E+00,5386.26628304726,7.33564394E+00,3.76042137E+00,1.90163940E+01,0.00000000E+00,9.79295733E-01,2.07042675E-02
1.10596337E+01,3.40897285E-01,2.31944204E-01,2.19228637631879,1.70586321408318,3.73087953E+00,5381.2049126248,7.33657826E+00,3.76854996E+00,1.90272296E+01,0.00000000E+00,9.79295733E-01,2.07042675E-02
1.10645617E+01,3.40858338E-01,2.32752047E-01,2.19208978356284,1.70903928976791,3.73046587E+00,5376.08182324633,7.33753618E+00,3.77676495E+00,1.90382075E+01,0.00000000E+00,9.79295733E-01,2.07042675E-02
1.10694877E+01,3.40822055E-01,2.33532623E-01,2.19190665374048,1.71211378112325,3.73006651E+00,5371.14046367475,7.33851732E+00,3.78506396E+00,1.90493247E+01,0.00000000E+00,9.79295733E-01,2.07042675E-02
1.10744127E+01,3.40765833E-01,2.34354381E-01,2.19162291677232,1.71535645442771,3.72964158E+00,5365.88770868084,7.33952285E+00,3.79344951E+00,1.90605857E+01,0.00000000E+00,9.79295733E-01,2.07042675E-02
1.10793370E+01,3.40698357E-01,2.35199285E-01,2.19128243245457,1.71869686582168,3.72920226E+00,5360.46247309027,7.34055349E+00,3.80192224E+00,1.90719919E+01,0.00000000E+00,9.79295733E-01,2.07042675E-02
1.10842595E+01,3.40627275E-01,2.36022284E-01,2.19092380945063,1.72195692771749,3.72877299E+00,5355.16664511094,7.34160924E+00,3.81048038E+00,1.90835414E+01,0.00000000E+00,9.79295733E-01,2.07042675E-02
1.10891815E+01,3.40549108E-01,2.36885321E-01,2.19052950895305,1.7253822305823,3.72832193E+00,5349.60763474604,7.34269025E+00,3.81912520E+00,1.90952364E+01,0.00000000E+00,9.79295733E-01,2.07042675E-02
1.10941020E+01,3.40466501E-01,2.37728928E-01,2.19011288873275,1.72873700294232,3.72787947E+00,5344.16022024619,7.34379665E+00,3.82785509E+00,1.91070750E+01,0.00000000E+00,9.79295733E-01,2.07042675E-02
1.10990221E+01,3.40371823E-01,2.38619553E-01,2.18963548707056,1.73228583041898,3.72741049E+00,5338.39235624004,7.34492872E+00,3.83667150E+00,1.91190595E+01,0.00000000E+00,9.79295733E-01,2.07042675E-02
1.11039409E+01,3.40276378E-01,2.39490735E-01,2.18915432324143,1.73576423263545,3.72695104E+00,5332.74773598535,7.34608637E+00,3.84557244E+00,1.91311875E+01,0.00000000E+00,9.79295733E-01,2.07042675E-02
1.11088585E+01,3.40173484E-01,2.40379086E-01,2.18863572543979,1.73931837868738,3.72648114E+00,5326.98090471266,7.34726974E+00,3.85455778E+00,1.91434591E+01,0.00000000E+00,9.79295733E-01,2.07042675E-02
1.11137759E+01,3.40058895E-01,2.41313363E-01,2.1880583280598,1.74306411890921,3.72598535E+00,5320.90310029942,7.34847910E+00,3.86362893E+00,1.91558763E+01,0.00000000E+00,9.79295733E-01,2.07042675E-02
1.11186923E+01,3.39951852E-01,2.42228135E-01,2.18751909149237,1.74673947464779,3.72550121E+00,5314.97480324577,7.34971380E+00,3.87278325E+00,1.91684353E+01,0.00000000E+00,9.79295733E-01,2.07042675E-02
1.11236087E+01,3.39839885E-01,2.43186671E-01,2.18695519213398,1.75059897965127,3.72499395E+00,5308.77048722526,7.35097373E+00,3.88202138E+00,1.91811372E+01,0.00000000E+00,9.79295733E-01,2.07042675E-02
1.11285241E+01,3.39730412E-01,2.44130352E-01,2.1864039938485,1.75440700207183,3.72449474E+00,5302.67170207741,7.35225852E+00,3.89134051E+00,1.91939788E+01,0.00000000E+00,9.79295733E-01,2.07042675E-02
1.11334386E+01,3.39614947E-01,2.45090567E-01,2.18582277628522,1.7582902464544,3.72398577E+00,5296.4608933699,7.35356785E+00,3.90073832E+00,1.92069588E+01,0.00000000E+00,9.79295733E-01,2.07042675E-02
1.11383522E+01,3.39499629E-01,2.46071273E-01,2.18524245288929,1.76226523181292,3.72346658E+00,5290.13286804445,7.35490167E+00,3.91021257E+00,1.92200761E+01,0.00000000E+00,9.79295733E-01,2.07042675E-02
1.11432659E+01,3.39382675E-01,2.47099321E-01,2.18465405389476,1.76644175098764,3.72292332E+00,5283.51956542222,7.35625962E+00,3.91976240E+00,1.92333297E+01,0.00000000E+00,9.79295733E-01,2.07042675E-02
1.11481788E+01,3.39291451E-01,2.48102995E-01,2.18419521326854,1.77052879784933,3.72239868E+00,5277.14077821703,7.35763999E+00,3.92938237E+00,1.92467120E+01,0.00000000E+00,9.79295733E-01,2.07042675E-02
1.11530907E+01,3.39188280E-01,2.49131908E-01,2.18367639746658,1.77472843623098,3.72185843E+00,5270.5802463819,7.35904297E+00,3.93907120E+00,1.92602217E+01,0.00000000E+00,9.79295733E-01,2.07042675E-02
1.11580018E+01,3.39088093E-01,2.50184750E-01,2.18317270524006,1.77903605564434,3.72130696E+00,5263.89187615974,7.36046785E+00,3.94882646E+00,1.92738558E+01,0.00000000E+00,9.79295733E-01,2.07042675E-02
1.11629119E+01,3.38998156E-01,2.51257484E-01,2.18272064406369,1.78343581538838,3.72074811E+00,5257.12265802998,7.36191353E+00,3.95864507E+00,1.92876097E+01,0.00000000E+00,9.79295733E-01,2.07042675E-02
1.11678211E+01,3.38921247E-01,2.52350256E-01,2.18233414134307,1.78792894795017,3.72018250E+00,5250.28042118005,7.36337859E+00,3.96852341E+00,1.93014781E+01,0.00000000E+00,9.79295733E-01,2.07042675E-02
1.11727301E+01,3.38861041E-01,2.53486270E-01,2.1820316265565,1.7926118789534,3.71959944E+00,5243.23641157314,7.36486175E+00,3.97845937E+00,1.93154579E+01,0.00000000E+00,9.79295733E-01,2.07042675E-02
1.11776378E+01,3.38821483E-01,2.54614800E-01,2.18183288381468,1.79727610354529,3.71902528E+00,5236.30915914508,7.36636144E+00,3.98844777E+00,1.93295413E+01,0.00000000E+00,9.79295733E-01,2.07042675E-02
1.11825442E+01,3.38793055E-01,2.55766703E-01,2.18169007031409,1.80204944472179,3.71844222E+00,5229.28389400439,7.36787617E+00,3.99848490E+00,1.93437228E+01,0.00000000E+00,9.79295733E-01,2.07042675E-02
1.11874490E+01,3.38797246E-01,2.56932069E-01,2.18171112401748,1.80689147552824,3.71786059E+00,5222.28524964471,7.36940385E+00,4.00856635E+00,1.93579953E+01,0.00000000E+00,9.79295733E-01,2.07042675E-02
1.11923521E+01,3.38818657E-01,2.58121805E-01,2.18181868644418,1.81184818386128,3.71727107E+00,5215.20122447536,7.37094288E+00,4.01868823E+00,1.93723527E+01,0.00000000E+00,9.79295733E-01,2.07042675E-02
1.11972533E+01,3.38856605E-01,2.59341660E-01,2.18200933881566,1.81694449312278,3.71667063E+00,5207.99585609179,7.37249188E+00,4.02884683E+00,1.93867895E+01,0.00000000E+00,9.79295733E-01,2.07042675E-02
1.12021523E+01,3.38925409E-01,2.60585565E-01,2.18235505553516,1.8221560401754,3.71606588E+00,5200.74882948453,7.37404927E+00,4.03903694E+00,1.94012980E+01,0.00000000E+00,9.79295733E-01,2.07042675E-02
1.12070488E+01,3.39032169E-01,2.61850679E-01,2.18289159669521,1.82747177889194,3.71546001E+00,5193.49849374833,7.37561326E+00,4.04925317E+00,1.94158703E+01,0.00000000E+00,9.79295733E-01,2.07042675E-02
1.12119419E+01,3.39187749E-01,2.63104488E-01,2.18367372754673,1.83275531653518,3.71487201E+00,5186.47167003966,7.37718126E+00,4.05948781E+00,1.94304946E+01,0.00000000E+00,9.79295733E-01,2.07042675E-02
1.12168318E+01,3.39362842E-01,2.64415029E-01,2.18455428920437,1.83829425096895,3.71426051E+00,5179.17409707535,7.37875197E+00,4.06973754E+00,1.94451660E+01,0.00000000E+00,9.79295733E-01,2.07042675E-02
1.12217181E+01,3.39578237E-01,2.65755119E-01,2.18563802108746,1.84397538324718,3.71364431E+00,5171.83082145645,7.38032371E+00,4.07999736E+00,1.94598767E+01,0.00000000E+00,9.79295733E-01,2.07042675E-02
1.12266006E+01,3.39842227E-01,2.67118722E-01,2.18696698565907,1.84977421803501,3.71302851E+00,5164.50271415827,7.38189411E+00,4.09026129E+00,1.94746174E+01,0.00000000E+00,9.79295733E-01,2.07042675E-02
1.12314788E+01,3.40158716E-01,2.68503493E-01,2.18856130307385,1.85568173449135,3.71241524E+00,5157.2150337304,7.38346062E+00,4.10167738E+00,1.94893782E+01,0.00000000E+00,9.79295733E-01,2.07042675E-02
1.12363521E+01,3.40537873E-01,2.69904865E-01,2.19047284168757,1.86167927917064,3.71180935E+00,5150.02515105532,7.38502065E+00,4.11196376E+00,1.95041489E+01,0.00000000E+00,9.79295733E-01,2.07042675E-02
1.12412193E+01,3.40946702E-01,2.71317505E-01,2.19253584386725,1.86774466684839,3.71120524E+00,5142.86637060377,7.38678219E+00,4.12248009E+00,1.95193526E+01,0.00000000E+00,9.79295733E-01,2.07042675E-02
1.12460804E+01,3.41412092E-01,2.72786440E-01,2.19488662476866,1.87407272478962,3.71058712E+00,5135.55186964312,7.38841029E+00,4.13283058E+00,1.95342909E+01,0.00000000E+00,9.79295733E-01,2.07042675E-02
1.12509351E+01,3.41962089E-01,2.74269871E-01,2.19766802270972,1.8804849889569,3.70998290E+00,5128.41190879595,7.39001898E+00,4.14314094E+00,1.95492034E+01,0.00000000E+00,9.79295733E-01,2.07042675E-02
1.12557826E+01,3.42561281E-01,2.75783111E-01,2.20070221719359,1.88704871146124,3.70937608E+00,5121.25121504543,7.39162308E+00,4.15343883E+00,1.95641207E+01,0.00000000E+00,9.79295733E-01,2.07042675E-02
1.12606223E+01,3.43223449E-01,2.77329318E-01,2.20406018311946,1.89377909428626,3.70876852E+00,5114.09180564629,7.39320334E+00,4.16369129E+00,1.95789860E+01,0.00000000E+00,9.79295733E-01,2.07042675E-02
1.12654529E+01,3.43945588E-01,2.78882943E-01,2.20772811327662,1.90056594430334,3.70817224E+00,5107.07505011601,7.39476149E+00,4.17389746E+00,1.95937986E+01,0.00000000E+00,9.79295733E-01,2.07042675E-02
1.12702745E+01,3.44748148E-01,2.80480350E-01,2.21181168444603,1.90756941253892,3.70757417E+00,5100.04690134237,7.39630358E+00,4.18406556E+00,1.96085726E+01,0.00000000E+00,9.79295733E-01,2.07042675E-02
1.12750862E+01,3.45637744E-01,2.82095065E-01,2.2163469375799,1.91467499241819,3.70698922E+00,5093.18228670806,7.39782777E+00,4.19418916E+00,1.96232982E+01,0.00000000E+00,9.79295733E-01,2.07042675E-02
1.12798873E+01,3.46589358E-01,2.83744438E-01,2.22120865988898,1.92196041222542,3.70640243E+00,5086.30536229645,7.39932132E+00,4.20424482E+00,1.96379373E+01,0.00000000E+00,9.79295733E-01,2.07042675E-02
1.12846763E+01,3.47620204E-01,2.85392206E-01,2.2264872065106,1.92926642346013,3.70583626E+00,5079.67889715257,7.40079255E+00,4.21424130E+00,1.96525063E+01,0.00000000E+00,9.79295733E-01,2.07042675E-02
1.12894531E+01,3.48730077E-01,2.87086750E-01,2.23218444282423,1.93680880142875,3.70526646E+00,5073.01866258738,7.40223996E+00,4.22417371E+00,1.96669975E+01,0.00000000E+00,9.79295733E-01,2.07042675E-02
1.12942170E+01,3.49914010E-01,2.88809794E-01,2.23827791724779,1.94450826756765,3.70470092E+00,5066.41685690906,7.40366094E+00,4.23403834E+00,1.96814036E+01,0.00000000E+00,9.79295733E-01,2.07042675E-02
1.12989671E+01,3.51192950E-01,2.90553546E-01,2.24487906564705,1.95233143038837,3.70414878E+00,5059.97976398003,7.40504135E+00,4.24380795E+00,1.96956804E+01,0.00000000E+00,9.79295733E-01,2.07042675E-02
1.13037019E+01,3.52555159E-01,2.92288358E-01,2.2519314125428,1.96014571719484,3.70362192E+00,5053.84502212244,7.40640556E+00,4.25351729E+00,1.97098865E+01,0.00000000E+00,9.79295733E-01,2.07042675E-02
1.13084213E+01,3.53984681E-01,2.94076483E-01,2.25935607386846,1.96823288195516,3.70308524E+00,5047.60358345163,7.40772675E+00,4.26312167E+00,1.97239480E+01,0.00000000E+00,9.79295733E-01,2.07042675E-02
1.13131244E+01,3.55477022E-01,2.95899582E-01,2.26713312267831,1.97651257607817,3.70254678E+00,5041.34919036003,7.40901744E+00,4.27261677E+00,1.97378941E+01,0.00000000E+00,9.79295733E-01,2.07042675E-02
1.13178107E+01,3.57078425E-01,2.97733819E-01,2.27550830549967,1.98487800400234,3.70203001E+00,5035.35402173426,7.41028032E+00,4.28202862E+00,1.97517281E+01,0.00000000E+00,9.79295733E-01,2.07042675E-02
1.13224784E+01,3.58765327E-01,2.99554593E-01,2.28436410327701,1.99321704782199,3.70154135E+00,5029.69152216136,7.41150462E+00,4.29133527E+00,1.97654145E+01,0.00000000E+00,9.79295733E-01,2.07042675E-02
1.13271275E+01,3.60527933E-01,3.01419316E-01,2.29365414920198,2.00179369025483,3.70104964E+00,5024.00010724705,7.41267952E+00,4.30051816E+00,1.97789225E+01,0.00000000E+00,9.79295733E-01,2.07042675E-02
1.13317572E+01,3.62365628E-01,3.03305614E-01,2.30338019313372,2.01050711328747,3.70056591E+00,5018.40734305578,7.41383375E+00,4.30962074E+00,1.97923245E+01,0.00000000E+00,9.79295733E-01,2.07042675E-02
1.13363667E+01,3.64274734E-01,3.05213843E-01,2.31352786141195,2.01936043525097,3.70008907E+00,5012.90033286918,7.41494505E+00,4.31860513E+00,1.98055578E+01,0.00000000E+00,9.79295733E-01,2.07042675E-02
1.13409553E+01,3.66273953E-01,3.07132840E-01,2.32420244116238,2.02830303265623,3.69962938E+00,5007.59710863912,7.41603085E+00,4.32749697E+00,1.98186653E+01,0.00000000E+00,9.79295733E-01,2.07042675E-02
1.13455222E+01,3.68346270E-01,3.09067589E-01,2.33531930795843,2.03735912606102,3.69918008E+00,5002.41917051131,7.41708273E+00,4.33628029E+00,1.98316207E+01,0.00000000E+00,9.79295733E-01,2.07042675E-02
1.13500668E+01,3.70491257E-01,3.11017671E-01,2.34688201595214,2.04652790616604,3.69874129E+00,4997.36752213395,7.41808683E+00,4.34493093E+00,1.98443839E+01,0.00000000E+00,9.79295733E-01,2.07042675E-02
1.13545877E+01,3.72692722E-01,3.12954375E-01,2.35880870587596,2.05567462482765,3.69832331E+00,4992.56019687463,7.41906291E+00,4.35347753E+00,1.98570028E+01,0.00000000E+00,9.79295733E-01,2.07042675E-02
1.13590851E+01,3.74958206E-01,3.14936633E-01,2.3711455092924,2.06507882249348,3.69789855E+00,4987.67963022265,7.42000056E+00,4.36190293E+00,1.98694487E+01,0.00000000E+00,9.79295733E-01,2.07042675E-02
1.13635585E+01,3.77291357E-01,3.16934847E-01,2.38391824245711,2.07460226159937,3.69748273E+00,4982.90640728044,7.42091122E+00,4.37022354E+00,1.98817489E+01,0.00000000E+00,9.79295733E-01,2.07042675E-02
1.13680072E+01,3.79696862E-01,3.18940830E-01,2.39715911537372,2.08420690315061,3.69708111E+00,4978.30052370465,7.42178469E+00,4.37842151E+00,1.98938736E+01,0.00000000E+00,9.79295733E-01,2.07042675E-02
1.13724307E+01,3.82160653E-01,3.20958439E-01,2.41079705906668,2.09391206361225,3.69668826E+00,4973.79933577098,7.42263252E+00,4.38651381E+00,1.99058511E+01,0.00000000E+00,9.79295733E-01,2.07042675E-02
1.13768284E+01,3.84683908E-01,3.22985391E-01,2.42484458111929,2.103707673078,3.69630559E+00,4969.41870101909,7.42344481E+00,4.39448320E+00,1.99176525E+01,0.00000000E+00,9.79295733E-01,2.07042675E-02
1.13812001E+01,3.87289502E-01,3.25010389E-01,2.43943641210096,2.11353959838891,3.69594449E+00,4965.28852814876,7.42424042E+00,4.40235864E+00,1.99293259E+01,0.00000000E+00,9.79295733E-01,2.07042675E-02
1.13855449E+01,3.89940069E-01,3.27041203E-01,2.45437019848716,2.12344591100613,3.69559173E+00,4961.25706082031,7.42498650E+00,4.41008612E+00,1.99407815E+01,0.00000000E+00,9.79295733E-01,2.07042675E-02
1.13898626E+01,3.92622245E-01,3.29088693E-01,2.46957514189472,2.13348057484568,3.69523853E+00,4957.22384441,7.42571238E+00,4.41771204E+00,1.99520959E+01,0.00000000E+00,9.79295733E-01,2.07042675E-02
1.13941536E+01,3.95373313E-01,3.31178293E-01,2.48526848677821,2.1437705128978,3.69488149E+00,4953.15011118835,7.42641660E+00,4.42523411E+00,1.99632651E+01,0.00000000E+00,9.79295733E-01,2.07042675E-02
1.13984167E+01,3.98183902E-01,3.33229190E-01,2.50140435714926,2.15391812093021,3.69455869E+00,4949.46992903659,7.42708222E+00,4.43262323E+00,1.99742406E+01,0.00000000E+00,9.79295733E-01,2.07042675E-02
1.14026517E+01,4.01025264E-01,3.35284219E-01,2.51782339160463,2.16413435308377,3.69424152E+00,4945.85659671778,7.42773002E+00,4.43991234E+00,1.99850768E+01,0.00000000E+00,9.79295733E-01,2.07042675E-02
1.14068583E+01,4.03912000E-01,3.37343401E-01,2.5346149957913,2.1744198348537,3.69393361E+00,4942.35128167561,7.42835963E+00,4.44708976E+00,1.99957714E+01,0.00000000E+00,9.79295733E-01,2.07042675E-02
1.14110362E+01,4.06837476E-01,3.39404877E-01,2.55174619587295,2.18476574062151,3.69363424E+00,4938.94556983196,7.42896105E+00,4.45414034E+00,2.00062964E+01,0.00000000E+00,9.79295733E-01,2.07042675E-02
1.14151852E+01,4.09792991E-01,3.41470573E-01,2.56917088056587,2.19518220256828,3.69334027E+00,4935.60357353475,7.42953363E+00,4.46107385E+00,2.00166497E+01,0.00000000E+00,9.79295733E-01,2.07042675E-02
1.14193060E+01,4.12807678E-01,3.43575808E-01,2.58706701046047,2.20584914339859,3.69304133E+00,4932.20739488483,7.43009522E+00,4.46791884E+00,2.00268784E+01,0.00000000E+00,9.79295733E-01,2.07042675E-02
1.14233972E+01,4.15842529E-01,3.45641659E-01,2.60520875509734,2.2163669171968,3.69276711E+00,4929.09410871479,7.43061898E+00,4.47463074E+00,2.00369084E+01,0.00000000E+00,9.79295733E-01,2.07042675E-02
1.14274592E+01,4.18900055E-01,3.47709644E-01,2.62361469655619,2.22694578365333,3.69249750E+00,4926.03507687682,7.43114069E+00,4.48126783E+00,2.00468360E+01,0.00000000E+00,9.79295733E-01,2.07042675E-02
1.14314917E+01,4.21979884E-01,3.49782048E-01,2.64228636694913,2.23759791146119,3.69223126E+00,4923.01614453444,7.43163267E+00,4.48778543E+00,2.00565868E+01,0.00000000E+00,9.79295733E-01,2.07042675E-02
1.14354955E+01,4.25107932E-01,3.51891162E-01,2.66138639232113,2.2484910436778,3.69195871E+00,4919.92757867015,7.43210613E+00,4.49420306E+00,2.00661926E+01,0.00000000E+00,9.79295733E-01,2.07042675E-02
1.14394695E+01,4.28261529E-01,3.53954011E-01,2.68078218651119,2.25919652313288,3.69171569E+00,4917.17528411548,7.43256968E+00,4.50053331E+00,2.00756742E+01,0.00000000E+00,9.79295733E-01,2.07042675E-02
1.14434138E+01,4.31440736E-01,3.56008668E-01,2.70047857478564,2.26991015613175,3.69148316E+00,4914.54323426483,7.43301127E+00,4.50675721E+00,2.00849998E+01,0.00000000E+00,9.79295733E-01,2.07042675E-02
1.14473291E+01,4.34648691E-01,3.58105239E-01,2.72049975418143,2.2808947154439,3.69123687E+00,4911.75696882398,7.43343700E+00,4.51288600E+00,2.00941876E+01,0.00000000E+00,9.79295733E-01,2.07042675E-02
1.14512145E+01,4.37875461E-01,3.60158159E-01,2.74078810632086,2.29170208040687,3.69101710E+00,4909.27205640538,7.43386076E+00,4.51894091E+00,2.01032726E+01,0.00000000E+00,9.79295733E-01,2.07042675E-02
1.14550708E+01,4.41128492E-01,3.62249856E-01,2.76139473201108,2.30276625166627,3.69078451E+00,4906.64355909126,7.43425431E+00,4.52487822E+00,2.01121817E+01,0.00000000E+00,9.79295733E-01,2.07042675E-02
1.14588972E+01,4.44381949E-01,3.64292274E-01,2.78215901771601,2.31362130054101,3.69057666E+00,4904.29583905342,7.43464106E+00,4.53073514E+00,2.01209764E+01,0.00000000E+00,9.79295733E-01,2.07042675E-02
1.14626947E+01,4.47680701E-01,3.66380100E-01,2.80337180437693,2.32477057471787,3.69035744E+00,4901.8209090722,7.43502604E+00,4.53652149E+00,2.01296727E+01,0.00000000E+00,9.79295733E-01,2.07042675E-02
1.14664622E+01,4.50953653E-01,3.68422869E-01,2.8245785257104,2.33573123789854,3.69015429E+00,4899.5285197107,7.43539096E+00,4.54220667E+00,2.01382194E+01,0.00000000E+00,9.79295733E-01,2.07042675E-02
1.14702011E+01,4.54264509E-01,3.70510185E-01,2.84619406690942,2.34698430311601,3.68993835E+00,4897.09298058765,7.43574458E+00,4.54780734E+00,2.01466437E+01,0.00000000E+00,9.79295733E-01,2.07042675E-02
1.14739104E+01,4.57568409E-01,3.72541477E-01,2.86792908914939,2.35798738319399,3.68974868E+00,4894.95473368626,7.43608945E+00,4.55332669E+00,2.01549507E+01,0.00000000E+00,9.79295733E-01,2.07042675E-02
1.14775911E+01,4.60913216E-01,3.74614659E-01,2.89010230261213,2.36927056532681,3.68954829E+00,4892.69664901386,7.43642406E+00,4.55876446E+00,2.01631394E+01,0.00000000E+00,9.79295733E-01,2.07042675E-02
1.14812423E+01,4.64246668E-01,3.76629148E-01,2.91237079946446,2.38028603151699,3.68937440E+00,4890.73802243308,7.43675116E+00,4.56412420E+00,2.01712156E+01,0.00000000E+00,9.79295733E-01,2.07042675E-02
1.14848653E+01,4.67598180E-01,3.78696668E-01,2.93493292280633,2.39164473404963,3.68917852E+00,4888.53264844566,7.43706949E+00,4.56940611E+00,2.01791790E+01,0.00000000E+00,9.79295733E-01,2.07042675E-02
1.14884589E+01,4.70945887E-01,3.80706949E-01,2.95764392178864,2.40274094368082,3.68901031E+00,4886.6395991764,7.43738665E+00,4.57462171E+00,2.01870487E+01,0.00000000E+00,9.79295733E-01,2.07042675E-02
1.14920246E+01,4.74321379E-01,3.82762240E-01,2.98072135474168,2.414138821809,3.68882654E+00,4884.572274292,7.43769112E+00,4.57975456E+00,2.01947967E+01,0.00000000E+00,9.79295733E-01,2.07042675E-02
1.14955612E+01,4.77682817E-01,3.84756523E-01,3.0038816438356,2.42525005440506,3.68866975E+00,4882.80915297552,7.43799017E+00,4.58481581E+00,2.02024414E+01,0.00000000E+00,9.79295733E-01,2.07042675E-02
1.14990701E+01,4.81063714E-01,3.86803139E-01,3.02735752978253,2.43670603545541,3.68849167E+00,4880.80739508661,7.43828231E+00,4.58980535E+00,2.02099822E+01,0.00000000E+00,9.79295733E-01,2.07042675E-02
1.15025511E+01,4.84454136E-01,3.88851789E-01,3.05108380009493,2.44822759645247,3.68831495E+00,4878.82173592204,7.43856897E+00,4.59472583E+00,2.02174230E+01,0.00000000E+00,9.79295733E-01,2.07042675E-02
1.15060037E+01,4.87822705E-01,3.90831483E-01,3.07484129503867,2.45941310586357,3.68816725E+00,4877.16277068326,7.43885187E+00,4.59957987E+00,2.02247682E+01,0.00000000E+00,9.79295733E-01,2.07042675E-02
1.15094291E+01,4.91221965E-01,3.92861183E-01,3.09900277408545,2.47093421441808,3.68800221E+00,4875.30971002291,7.43912885E+00,4.60436634E+00,2.02320152E+01,0.00000000E+00,9.79295733E-01,2.07042675E-02
1.15128272E+01,4.94625358E-01,3.94887951E-01,3.12338383293625,2.48249253373949,3.68783968E+00,4873.4855195989,7.43939698E+00,4.60908073E+00,2.02391564E+01,0.00000000E+00,9.79295733E-01,2.07042675E-02
1.15161973E+01,4.97990055E-01,3.96849739E-01,3.14767623398087,2.49373177455443,3.68769996E+00,4871.91788771655,7.43966705E+00,4.61373257E+00,2.02462205E+01,0.00000000E+00,9.79295733E-01,2.07042675E-02
1.15195408E+01,5.01387188E-01,3.98868491E-01,3.17239449804793,2.50535049131403,3.68753986E+00,4870.1222160376,7.43993242E+00,4.61831779E+00,2.02531930E+01,0.00000000E+00,9.79295733E-01,2.07042675E-02
1.15228576E+01,5.04798604E-01,4.00883290E-01,3.19741202539909,2.51700043149244,3.68738532E+00,4868.38953274034,7.44019436E+00,4.62284303E+00,2.02600774E+01,0.00000000E+00,9.79295733E-01,2.07042675E-02
1.15261477E+01,5.08221163E-01,4.02889118E-01,3.2227095274347,2.52865231055067,3.68723804E+00,4866.73882135671,7.44045306E+00,4.62730944E+00,2.02668754E+01,0.00000000E+00,9.79295733E-01,2.07042675E-02
1.15294106E+01,5.11595476E-01,4.04818147E-01,3.24784635498483,2.53990894168032,3.68711711E+00,4865.3838587252,7.44071007E+00,4.63171877E+00,2.02735899E+01,0.00000000E+00,9.79295733E-01,2.07042675E-02
1.15326477E+01,5.14986645E-01,4.06806387E-01,3.2733062897207,2.55156353548607,3.68697078E+00,4863.74480568249,7.44095413E+00,4.63605528E+00,2.02801942E+01,0.00000000E+00,9.79295733E-01,2.07042675E-02
1.15358589E+01,5.18390959E-01,4.08797370E-01,3.29906565830757,2.56328779706375,3.68682637E+00,4862.12780004625,7.44120413E+00,4.64035021E+00,2.02867401E+01,0.00000000E+00,9.79295733E-01,2.07042675E-02
1.15390442E+01,5.21793890E-01,4.10786850E-01,3.32501715246092,2.57505701909391,3.68668236E+00,4860.51580869981,7.44145232E+00,4.64459160E+00,2.02932073E+01,0.00000000E+00,9.79295733E-01,2.07042675E-02
1.15422040E+01,5.25199901E-01,4.12772567E-01,3.35119655575188,2.58685786472668,3.68654100E+00,4858.93400019187,7.44169865E+00,4.64878026E+00,2.02995972E+01,0.00000000E+00,9.79295733E-01,2.07042675E-02
1.15453376E+01,5.28549419E-01,4.14669622E-01,3.37714275453675,2.59818231295707,3.68642986E+00,4857.69071284916,7.44194115E+00,4.65291275E+00,2.03059038E+01,0.00000000E+00,9.79295733E-01,2.07042675E-02
1.15484466E+01,5.31928031E-01,4.16640953E-01,3.40351783717899,2.61000267831559,3.68628884E+00,4856.11362548928,7.44218473E+00,4.65699958E+00,2.03121441E+01,0.00000000E+00,9.79295733E-01,2.07042675E-02
1.15515307E+01,5.35319183E-01,4.18611975E-01,3.43019794961128,2.62187495466873,3.68615112E+00,4854.57393763263,7.44242708E+00,4.66103695E+00,2.03183117E+01,0.00000000E+00,9.79295733E-01,2.07042675E-02
1.15545900E+01,5.38711055E-01,4.20565860E-01,3.4570929383198,2.63369730899229,3.68602215E+00,4853.13251603473,7.44265970E+00,4.66501198E+00,2.03243851E+01,0.00000000E+00,9.79295733E-01,2.07042675E-02
1.15576248E+01,5.42096467E-01,4.22520546E-01,3.48414697525221,2.64557785117676,3.68589116E+00,4851.66895618286,7.44289957E+00,4.66895317E+00,2.03304113E+01,0.00000000E+00,9.79295733E-01,2.07042675E-02
1.15606354E+01,5.45464642E-01,4.24464504E-01,3.51127336389386,2.6574463407842,3.68576122E+00,4850.21756412335,7.44312692E+00,4.67282898E+00,2.03363378E+01,0.00000000E+00,9.79295733E-01,2.07042675E-02
1.15636220E+01,5.48842683E-01,4.26408774E-01,3.53869133802831,2.66936999204544,3.68563360E+00,4848.79250842022,7.44336517E+00,4.67667855E+00,2.03422292E+01,0.00000000E+00,9.79295733E-01,2.07042675E-02
1.15665839E+01,5.52154176E-01,4.28262601E-01,3.56577697239996,2.68078880368495,3.68553456E+00,4847.68687692571,7.44360531E+00,4.68048654E+00,2.03480602E+01,0.00000000E+00,9.79295733E-01,2.07042675E-02
1.15695227E+01,5.55512027E-01,4.30193305E-01,3.59345348036925,2.69273307598506,3.68540867E+00,4846.28186976142,7.44384360E+00,4.68424925E+00,2.03538241E+01,0.00000000E+00,9.79295733E-01,2.07042675E-02
1.15724380E+01,5.58870772E-01,4.32122168E-01,3.62135225980722,2.70471910058108,3.68528392E+00,4844.88998737373,7.44407783E+00,4.68796311E+00,2.03595150E+01,0.00000000E+00,9.79295733E-01,2.07042675E-02
1.15753300E+01,5.62226522E-01,4.34050330E-01,3.64944247168257,2.71675409280413,3.68515878E+00,4843.49415524399,7.44431569E+00,4.69164149E+00,2.03651548E+01,0.00000000E+00,9.79295733E-01,2.07042675E-02
1.15781991E+01,5.65579803E-01,4.35973816E-01,3.67772966628445,2.72881325527378,3.68503535E+00,4842.11779067542,7.44455371E+00,4.69527928E+00,2.03707350E+01,0.00000000E+00,9.79295733E-01,2.07042675E-02
1.15810454E+01,5.68922430E-01,4.37889881E-01,3.70614519845715,2.74087911097848,3.68491298E+00,4840.75363223275,7.44478828E+00,4.69887137E+00,2.03762468E+01,0.00000000E+00,9.79295733E-01,2.07042675E-02
1.15838691E+01,5.72260846E-01,4.39804394E-01,3.73474406684444,2.75298847953732,3.68479033E+00,4839.38673804229,7.44502666E+00,4.70243033E+00,2.03817110E+01,0.00000000E+00,9.79295733E-01,2.07042675E-02
1.15866704E+01,5.75598830E-01,4.41712969E-01,3.76355987780033,2.76511354104847,3.68467053E+00,4838.05197879571,7.44526540E+00,4.70595109E+00,2.03871189E+01,0.00000000E+00,9.79295733E-01,2.07042675E-02
1.15894495E+01,5.78930200E-01,4.43611087E-01,3.79254026201383,2.77722513409618,3.68455432E+00,4836.75756952072,7.44550100E+00,4.70942861E+00,2.03924621E+01,0.00000000E+00,9.79295733E-01,2.07042675E-02
1.15922067E+01,5.82253734E-01,4.45508291E-01,3.82167484736093,2.78938390721511,3.68443660E+00,4835.44669415114,7.44574050E+00,4.71287511E+00,2.03977607E+01,0.00000000E+00,9.79295733E-01,2.07042675E-02
1.15949421E+01,5.85558180E-01,4.47397681E-01,3.85086399091976,2.8015455048189,3.68431802E+00,4834.12660140066,7.44597321E+00,4.71627369E+00,2.04029865E+01,0.00000000E+00,9.79295733E-01,2.07042675E-02
1.15976561E+01,5.88872325E-01,4.49289437E-01,3.8803627332704,2.81377545565299,3.68420067E+00,4832.82055643654,7.44621771E+00,4.71965551E+00,2.04081909E+01,0.00000000E+00,9.79295733E-01,2.07042675E-02
1.16003486E+01,5.92180810E-01,4.51174802E-01,3.91003648620177,2.82601720801122,3.68408511E+00,4831.53477807369,7.44645918E+00,4.72299660E+00,2.04133342E+01,0.00000000E+00,9.79295733E-01,2.07042675E-02
1.16030200E+01,5.95472446E-01,4.53047605E-01,3.93978430720973,2.83823012274661,3.68397162E+00,4830.27236451324,7.44669411E+00,4.72629202E+00,2.04184080E+01,0.00000000E+00,9.79295733E-01,2.07042675E-02
1.16056705E+01,5.98770277E-01,4.54922863E-01,3.96981507872551,2.85051193026957,3.68385845E+00,4829.01383895165,7.44694054E+00,4.72957197E+00,2.04234622E+01,0.00000000E+00,9.79295733E-01,2.07042675E-02
1.16083002E+01,6.02044836E-01,4.56788803E-01,3.99986041670651,2.86278546145624,3.68374412E+00,4827.74274638655,7.44717719E+00,4.73280198E+00,2.04284396E+01,0.00000000E+00,9.79295733E-01,2.07042675E-02
1.16109094E+01,6.05322865E-01,4.58659674E-01,4.03016535203072,2.87514448347961,3.68362819E+00,4826.45420705114,7.44742537E+00,4.73601774E+00,2.04333991E+01,0.00000000E+00,9.79295733E-01,2.07042675E-02
1.16134983E+01,6.08582275E-01,4.60519045E-01,4.06052580673218,2.88748040031984,3.68351336E+00,4825.17823303717,7.44766397E+00,4.73918501E+00,2.04382840E+01,0.00000000E+00,9.79295733E-01,2.07042675E-02
1.16160678E+01,6.11934002E-01,4.62489937E-01,4.09198470745531,2.90061398803783,3.68336584E+00,4823.53950760233,7.44790766E+00,4.74232952E+00,2.04431365E+01,0.00000000E+00,9.79295733E-01,2.07042675E-02
1.16186159E+01,6.15116844E-01,4.64236284E-01,4.12208406070286,2.91230116538413,3.68328838E+00,4822.67926629674,7.44815379E+00,4.74544476E+00,2.04479462E+01,0.00000000E+00,9.79295733E-01,2.07042675E-02
1.16211458E+01,6.18444367E-01,4.66191552E-01,4.15378837922259,2.92544240293918,3.68314263E+00,4821.06103811892,7.44839955E+00,4.74853008E+00,2.04527114E+01,0.00000000E+00,9.79295733E-01,2.07042675E-02
1.16236553E+01,6.21700455E-01,4.68043456E-01,4.18504811124235,2.93794361123487,3.68303070E+00,4819.81867411802,7.44864531E+00,4.75158391E+00,2.04574298E+01,0.00000000E+00,9.79295733E-01,2.07042675E-02
1.16261456E+01,6.24938570E-01,4.69886899E-01,4.21636859603294,2.95044075902626,3.68291851E+00,4818.57374552163,7.44889529E+00,4.75461476E+00,2.04621151E+01,0.00000000E+00,9.79295733E-01,2.07042675E-02
1.16286166E+01,6.28167270E-01,4.71720818E-01,4.2478313911743,2.96292608885821,3.68280872E+00,4817.3557601006,7.44914341E+00,4.75761296E+00,2.04667513E+01,0.00000000E+00,9.79295733E-01,2.07042675E-02
1.16310686E+01,6.31393007E-01,4.73551821E-01,4.27949976633656,2.97544427444142,3.68269965E+00,4816.14606704376,7.44939554E+00,4.76058868E+00,2.04713551E+01,0.00000000E+00,9.79295733E-01,2.07042675E-02
1.16335018E+01,6.34603140E-01,4.75378499E-01,4.31124933116264,2.9879855920682,3.68258885E+00,4814.91749762641,7.44964593E+00,4.76353289E+00,2.04759115E+01,0.00000000E+00,9.79295733E-01,2.07042675E-02
1.16359163E+01,6.37815488E-01,4.77202878E-01,4.34325659721783,3.00056388663369,3.68247975E+00,4813.70808432594,7.44990027E+00,4.76645548E+00,2.04804367E+01,0.00000000E+00,9.79295733E-01,2.07042675E-02
1.16383131E+01,6.41117870E-01,4.79143282E-01,4.37640867269245,3.01400023610814,3.68233514E+00,4812.10549789293,7.45015017E+00,4.76934384E+00,2.04849097E+01,0.00000000E+00,9.79295733E-01,2.07042675E-02
1.16406908E+01,6.44332231E-01,4.80971749E-01,4.4089201257822,3.02671653278362,3.68222450E+00,4810.87973159333,7.45040626E+00,4.77221439E+00,2.04893578E+01,0.00000000E+00,9.79295733E-01,2.07042675E-02
1.16430505E+01,6.47520047E-01,4.82783671E-01,4.44140162368279,3.0393706895907,3.68211549E+00,4809.67232922197,7.45066096E+00,4.77505594E+00,2.04937621E+01,0.00000000E+00,9.79295733E-01,2.07042675E-02
1.16453923E+01,6.50699874E-01,4.84594355E-01,4.47404011772165,3.05206905090727,3.68200510E+00,4808.44995067814,7.45091963E+00,4.77787761E+00,2.04981380E+01,0.00000000E+00,9.79295733E-01,2.07042675E-02
1.16477163E+01,6.53862064E-01,4.86403171E-01,4.50673543664437,3.06480728297053,3.68189124E+00,4807.18947334747,7.45117687E+00,4.78066532E+00,2.05024712E+01,0.00000000E+00,9.79295733E-01,2.07042675E-02
1.16500235E+01,6.57142081E-01,4.88335355E-01,4.54090149576135,3.07847304303522,3.68174515E+00,4805.57268051641,7.45143525E+00,4.78343045E+00,2.05067706E+01,0.00000000E+00,9.79295733E-01,2.07042675E-02
1.16523124E+01,6.60322862E-01,4.90142546E-01,4.57428123190467,3.09130990903105,3.68163675E+00,4804.37335818031,7.45169435E+00,4.78617108E+00,2.05110331E+01,0.00000000E+00,9.79295733E-01,2.07042675E-02
1.16545841E+01,6.63500845E-01,4.91933393E-01,4.60787665236773,3.10408348365834,3.68153583E+00,4803.25706255822,7.45196069E+00,4.78889924E+00,2.05152786E+01,0.00000000E+00,9.79295733E-01,2.07042675E-02
1.16568387E+01,6.66631111E-01,4.93722469E-01,4.64120884253129,3.11689712950882,3.68142386E+00,4802.01884427299,7.45221931E+00,4.79159045E+00,2.05194663E+01,0.00000000E+00,9.79295733E-01,2.07042675E-02
1.16590764E+01,6.69774651E-01,4.95516260E-01,4.67492503378416,3.12979764909927,3.68131284E+00,4800.79144669241,7.45248811E+00,4.79427485E+00,2.05236462E+01,0.00000000E+00,9.79295733E-01,2.07042675E-02
1.16612980E+01,6.73037718E-01,4.97415782E-01,4.71018232038092,3.14351677317039,3.68117885E+00,4799.31051876706,7.45274607E+00,4.79691859E+00,2.05277620E+01,0.00000000E+00,9.79295733E-01,2.07042675E-02
1.16635021E+01,6.76210487E-01,4.99193802E-01,4.7447188909472,3.15641284447664,3.68108303E+00,4798.25174591731,7.45301598E+00,4.79955801E+00,2.05318741E+01,0.00000000E+00,9.79295733E-01,2.07042675E-02
1.16656898E+01,6.79342856E-01,5.00955699E-01,4.77906410431862,3.16924416202856,3.68098518E+00,4797.17078342567,7.45328172E+00,4.80216772E+00,2.05359403E+01,0.00000000E+00,9.79295733E-01,2.07042675E-02
1.16678611E+01,6.82449762E-01,5.02729739E-01,4.81337570963466,3.18221661537424,3.68087488E+00,4795.95257602845,7.45355134E+00,4.80476149E+00,2.05399832E+01,0.00000000E+00,9.79295733E-01,2.07042675E-02
1.16700169E+01,6.85697166E-01,5.04619329E-01,4.84950225932634,3.19609241907116,3.68074194E+00,4794.48473245805,7.45381675E+00,4.80732699E+00,2.05439823E+01,0.00000000E+00,9.79295733E-01,2.07042675E-02
1.16721559E+01,6.88829323E-01,5.06386450E-01,4.88460357519211,3.20912364173896,3.68064142E+00,4793.37514931669,7.45408808E+00,4.80987982E+00,2.05479636E+01,0.00000000E+00,9.79295733E-01,2.07042675E-02
1.16742790E+01,6.91933117E-01,5.08135259E-01,4.91963765558402,3.22207213443853,3.68054296E+00,4792.28855429472,7.45435832E+00,4.81240955E+00,2.05519097E+01,0.00000000E+00,9.79295733E-01,2.07042675E-02
1.16763865E+01,6.95030528E-01,5.09878085E-01,4.95485018866542,3.23502830576723,3.68044590E+00,4791.2176506255,7.45462959E+00,4.81492007E+00,2.05558268E+01,0.00000000E+00,9.79295733E-01,2.07042675E-02
1.16784790E+01,6.98259599E-01,5.11754503E-01,4.99182784201898,3.24903584704315,3.68031496E+00,4789.77331389125,7.45490161E+00,4.81741179E+00,2.05597157E+01,0.00000000E+00,9.79295733E-01,2.07042675E-02
1.16805552E+01,7.01362112E-01,5.13502646E-01,5.02761614271174,3.26214037892959,3.68021652E+00,4788.68775588515,7.45517485E+00,4.81988430E+00,2.05635756E+01,0.00000000E+00,9.79295733E-01,2.07042675E-02
1.16826163E+01,7.04439044E-01,5.15237470E-01,5.06336277010879,3.2751973203932,3.68011834E+00,4787.60531011576,7.45544944E+00,4.82233914E+00,2.05674091E+01,0.00000000E+00,9.79295733E-01,2.07042675E-02
1.16846628E+01,7.07654380E-01,5.17105854E-01,5.10098891777916,3.28931794231998,3.67998798E+00,4786.16845426039,7.45572464E+00,4.82477588E+00,2.05712153E+01,0.00000000E+00,9.79295733E-01,2.07042675E-02
1.16866934E+01,7.10738021E-01,5.18844436E-01,5.13733659082952,3.30251224074607,3.67988960E+00,4785.08437434631,7.45600108E+00,4.82719435E+00,2.05749939E+01,0.00000000E+00,9.79295733E-01,2.07042675E-02
1.16887093E+01,7.13808386E-01,5.20576247E-01,5.17378510285875,3.31570776993745,3.67979128E+00,4784.00120091337,7.45628422E+00,4.82960484E+00,2.05787620E+01,0.00000000E+00,9.79295733E-01,2.07042675E-02
1.16907110E+01,7.17008196E-01,5.22434062E-01,5.21204547177926,3.32992200978641,3.67966233E+00,4782.58095404032,7.45656049E+00,4.83198554E+00,2.05824833E+01,0.00000000E+00,9.79295733E-01,2.07042675E-02
1.16926972E+01,7.20077209E-01,5.24166269E-01,5.24900768967513,3.34323010597965,3.67956348E+00,4781.49251209891,7.45684264E+00,4.83435656E+00,2.05861911E+01,0.00000000E+00,9.79295733E-01,2.07042675E-02
1.16946691E+01,7.23116754E-01,5.25883459E-01,5.2858733599125,3.35647532628759,3.67946477E+00,4780.4058588907,7.45712400E+00,4.83670798E+00,2.05898690E+01,0.00000000E+00,9.79295733E-01,2.07042675E-02
1.16966273E+01,7.26299902E-01,5.27731395E-01,5.32475833458032,3.3707876572178,3.67933659E+00,4778.99515248779,7.45740334E+00,4.83903860E+00,2.05935149E+01,0.00000000E+00,9.79295733E-01,2.07042675E-02
1.16985705E+01,7.29342580E-01,5.29451831E-01,5.36219471158944,3.3841673489445,3.67923704E+00,4777.89982554887,7.45768639E+00,4.84135679E+00,2.05971427E+01,0.00000000E+00,9.79295733E-01,2.07042675E-02
1.17004997E+01,7.32368981E-01,5.31162564E-01,5.39969190990787,3.39752424050062,3.67913828E+00,4776.81343887204,7.45797300E+00,4.84366341E+00,2.06007536E+01,0.00000000E+00,9.79295733E-01,2.07042675E-02
1.17024155E+01,7.35538947E-01,5.33003274E-01,5.4392490805632,3.41195483770205,3.67901041E+00,4775.40720128978,7.45825567E+00,4.84594672E+00,2.06043282E+01,0.00000000E+00,9.79295733E-01,2.07042675E-02
1.17043167E+01,7.38580095E-01,5.34719305E-01,5.47747110210982,3.42546319035135,3.67891268E+00,4774.3327044726,7.45854694E+00,4.84822642E+00,2.06078992E+01,0.00000000E+00,9.79295733E-01,2.07042675E-02
1.17062043E+01,7.41590900E-01,5.36416809E-01,5.51557634063407,3.43887831858757,3.67881663E+00,4773.27691406041,7.45883461E+00,4.85048328E+00,2.06114346E+01,0.00000000E+00,9.79295733E-01,2.07042675E-02
1.17080789E+01,7.44748010E-01,5.38253087E-01,5.55581799381542,3.45344931969761,3.67868777E+00,4771.8608398375,7.45912267E+00,4.85272476E+00,2.06149467E+01,0.00000000E+00,9.79295733E-01,2.07042675E-02
1.17099392E+01,7.47757180E-01,5.39958033E-01,5.59444720820649,3.46703345991948,3.67858759E+00,4770.76022744877,7.45941227E+00,4.85495161E+00,2.06184368E+01,0.00000000E+00,9.79295733E-01,2.07042675E-02
1.17117869E+01,7.50902718E-01,5.41788346E-01,5.63511415083754,3.48167593737231,3.67845882E+00,4769.34588820811,7.45970009E+00,4.85716004E+00,2.06218985E+01,0.00000000E+00,9.79295733E-01,2.07042675E-02
1.17136205E+01,7.53899723E-01,5.43485092E-01,5.67413576572295,3.49530511080284,3.67835970E+00,4768.25749394739,7.45999152E+00,4.85935784E+00,2.06253448E+01,0.00000000E+00,9.79295733E-01,2.07042675E-02
1.17154413E+01,7.56886753E-01,5.45177196E-01,5.71329636842016,3.50895013026677,3.67826040E+00,4767.16737223903,7.46028917E+00,4.86155036E+00,2.06287843E+01,0.00000000E+00,9.79295733E-01,2.07042675E-02
1.17172495E+01,7.60010460E-01,5.46996574E-01,5.75453796998012,3.52368091320679,3.67813164E+00,4765.75420787152,7.46057746E+00,4.86371231E+00,2.06321753E+01,0.00000000E+00,9.79295733E-01,2.07042675E-02
1.17190442E+01,7.63001123E-01,5.48694670E-01,5.79430194717314,3.5374855131816,3.67803026E+00,4764.64183874518,7.46087677E+00,4.86587663E+00,2.06355721E+01,0.00000000E+00,9.79295733E-01,2.07042675E-02
1.17208267E+01,7.66126710E-01,5.50514404E-01,5.83615355377495,3.55233900129241,3.67790179E+00,4763.23260368499,7.46116982E+00,4.86801597E+00,2.06389296E+01,0.00000000E+00,9.79295733E-01,2.07042675E-02
1.17225958E+01,7.69094982E-01,5.52200279E-01,5.87617852933069,3.56615552139972,3.67780092E+00,4762.12641537272,7.46146643E+00,4.87014569E+00,2.06422731E+01,0.00000000E+00,9.79295733E-01,2.07042675E-02
1.17243530E+01,7.72207206E-01,5.54015338E-01,5.918439411598,3.58109084235794,3.67767144E+00,4760.70685273285,7.46176123E+00,4.87225837E+00,2.06455903E+01,0.00000000E+00,9.79295733E-01,2.07042675E-02
1.17260971E+01,7.75178378E-01,5.55701499E-01,5.95906850404032,3.59502155776555,3.67757116E+00,4759.60771703046,7.46206441E+00,4.87436979E+00,2.06489072E+01,0.00000000E+00,9.79295733E-01,2.07042675E-02
1.17278290E+01,7.78119970E-01,5.57369370E-01,5.99956786109226,3.60885447720111,3.67747262E+00,4758.52790008739,7.46236427E+00,4.87646144E+00,2.06521933E+01,0.00000000E+00,9.79295733E-01,2.07042675E-02
1.17295492E+01,7.81218936E-01,5.59172727E-01,6.04253167971877,3.62387097854067,3.67734568E+00,4757.13723249471,7.46266217E+00,4.87853629E+00,2.06554533E+01,0.00000000E+00,9.79295733E-01,2.07042675E-02
1.17312566E+01,7.84168437E-01,5.60848847E-01,6.08370906420902,3.63788400214265,3.67724500E+00,4756.03454046231,7.46296552E+00,4.88060561E+00,2.06587060E+01,0.00000000E+00,9.79295733E-01,2.07042675E-02
1.17329526E+01,7.87257773E-01,5.62653165E-01,6.12713956674557,3.65302937915794,3.67711517E+00,4754.61296200863,7.46326538E+00,4.88265593E+00,2.06619289E+01,0.00000000E+00,9.79295733E-01,2.07042675E-02
1.17346360E+01,7.90203265E-01,5.64329770E-01,6.16883657423031,3.66715924970053,3.67701324E+00,4753.49717341122,7.46357312E+00,4.88470516E+00,2.06651518E+01,0.00000000E+00,9.79295733E-01,2.07042675E-02
1.17363082E+01,7.93288129E-01,5.66129685E-01,6.2128108120786,3.68238917324998,3.67688450E+00,4752.08828023696,7.46387488E+00,4.88673152E+00,2.06683385E+01,0.00000000E+00,9.79295733E-01,2.07042675E-02
1.17379680E+01,7.96213812E-01,5.67791892E-01,6.25480553775184,3.69651005607233,3.67678482E+00,4750.99769810245,7.46418004E+00,4.88874975E+00,2.06715134E+01,0.00000000E+00,9.79295733E-01,2.07042675E-02
1.17396168E+01,7.99289050E-01,5.69583310E-01,6.29925297848556,3.71178925310049,3.67665792E+00,4749.60966864721,7.46448338E+00,4.89075251E+00,2.06746643E+01,0.00000000E+00,9.79295733E-01,2.07042675E-02
1.17412534E+01,8.02213543E-01,5.71249207E-01,6.34181462220347,3.72605453504227,3.67655609E+00,4748.49614757897,7.46479471E+00,4.89275503E+00,2.06778165E+01,0.00000000E+00,9.79295733E-01,2.07042675E-02
1.17428792E+01,8.05281585E-01,5.73040011E-01,6.38677453460314,3.74145056193955,3.67642770E+00,4747.09256236619,7.46510000E+00,4.89473528E+00,2.06809334E+01,0.00000000E+00,9.79295733E-01,2.07042675E-02
1.17444930E+01,8.08183445E-01,5.74695052E-01,6.42959244487211,3.75573595649672,3.67632565E+00,4745.97722725609,7.46540869E+00,4.89670805E+00,2.06840395E+01,0.00000000E+00,9.79295733E-01,2.07042675E-02
1.17460963E+01,8.11237945E-01,5.76481753E-01,6.47497274964767,3.77121899800014,3.67619592E+00,4744.55974740789,7.46571570E+00,4.89866624E+00,2.06871229E+01,0.00000000E+00,9.79295733E-01,2.07042675E-02
1.17476877E+01,8.14143185E-01,5.78139505E-01,6.51843268525168,3.78564168378161,3.67609336E+00,4743.43943707424,7.46603048E+00,4.90062454E+00,2.06902081E+01,0.00000000E+00,9.79295733E-01,2.07042675E-02
1.17492687E+01,8.17195154E-01,5.79921504E-01,6.56440177136444,3.80120685684666,3.67596535E+00,4742.041495751,7.46633932E+00,4.90256131E+00,2.06932591E+01,0.00000000E+00,9.79295733E-01,2.07042675E-02
1.17508381E+01,8.20080230E-01,5.81565734E-01,6.60815513412628,3.81562542501337,3.67586450E+00,4740.94044707955,7.46665138E+00,4.90449098E+00,2.06962998E+01,0.00000000E+00,9.79295733E-01,2.07042675E-02
1.17523973E+01,8.23133604E-01,5.83348149E-01,6.65477848712546,3.83131755017143,3.67573664E+00,4739.54487921538,7.46696612E+00,4.90641385E+00,2.06993307E+01,0.00000000E+00,9.79295733E-01,2.07042675E-02
1.17539450E+01,8.26010969E-01,5.84990494E-01,6.69901528943211,3.8458336404876,3.67563481E+00,4738.43371778422,7.46728009E+00,4.90832312E+00,2.07023406E+01,0.00000000E+00,9.79295733E-01,2.07042675E-02
1.17554827E+01,8.29043052E-01,5.86761122E-01,6.74594897578328,3.86154519386445,3.67550751E+00,4737.04499598152,7.46759223E+00,4.91021844E+00,2.07053287E+01,0.00000000E+00,9.79295733E-01,2.07042675E-02
1.17570092E+01,8.31921161E-01,5.88406604E-01,6.7908034559107,3.87620380916354,3.67540430E+00,4735.91937190782,7.46791192E+00,4.91211439E+00,2.07083193E+01,0.00000000E+00,9.79295733E-01,2.07042675E-02
1.17585258E+01,8.34943369E-01,5.90177089E-01,6.83822472592295,3.89203815359636,3.67527461E+00,4734.50533210083,7.46822584E+00,4.91398995E+00,2.07112775E+01,0.00000000E+00,9.79295733E-01,2.07042675E-02
1.17600317E+01,8.37983208E-01,5.91956076E-01,6.88625670111877,3.90801368632579,3.67514508E+00,4733.09345823031,7.46854020E+00,4.91585497E+00,2.07142196E+01,0.00000000E+00,9.79295733E-01,2.07042675E-02
1.17615268E+01,8.40833216E-01,5.93586886E-01,6.93159557813892,3.92271617287342,3.67504217E+00,4731.97204185657,7.46885790E+00,4.91771419E+00,2.07171534E+01,0.00000000E+00,9.79295733E-01,2.07042675E-02
1.17630122E+01,8.43858376E-01,5.95355764E-01,6.98004746696375,3.93872594662007,3.67491402E+00,4730.57595513714,7.46917815E+00,4.91956735E+00,2.07200784E+01,0.00000000E+00,9.79295733E-01,2.07042675E-02
1.17644869E+01,8.46703612E-01,5.96981311E-01,7.02592665829988,3.95349606617377,3.67481256E+00,4729.47092572488,7.46949756E+00,4.92140780E+00,2.07229838E+01,0.00000000E+00,9.79295733E-01,2.07042675E-02
1.17659521E+01,8.49705624E-01,5.98738489E-01,7.07466083069359,3.96952452043203,3.67468447E+00,4728.07623012444,7.46981532E+00,4.92323549E+00,2.07258692E+01,0.00000000E+00,9.79295733E-01,2.07042675E-02
1.17674067E+01,8.52551694E-01,6.00368432E-01,7.12117558189321,3.98445046489132,3.67458102E+00,4726.95012501309,7.47014027E+00,4.92506420E+00,2.07287576E+01,0.00000000E+00,9.79295733E-01,2.07042675E-02
1.17688520E+01,8.55542453E-01,6.02118657E-01,7.17038463844078,4.00054036730393,3.67445360E+00,4725.56346305566,7.47045796E+00,4.92687092E+00,2.07316109E+01,0.00000000E+00,9.79295733E-01,2.07042675E-02
1.17702873E+01,8.58566303E-01,6.03888004E-01,7.22048388422537,4.01687210264885,3.67432489E+00,4724.1631755118,7.47078169E+00,4.92867739E+00,2.07344649E+01,0.00000000E+00,9.79295733E-01,2.07042675E-02
1.17717122E+01,8.61388981E-01,6.05504247E-01,7.26756594173539,4.03184889201026,3.67422243E+00,4723.04876884575,7.47110491E+00,4.93047238E+00,2.07373011E+01,0.00000000E+00,9.79295733E-01,2.07042675E-02
1.17731281E+01,8.64372563E-01,6.07249383E-01,7.31766566109626,4.04808276236985,3.67409576E+00,4721.67140539095,7.47142631E+00,4.93225493E+00,2.07401180E+01,0.00000000E+00,9.79295733E-01,2.07042675E-02
1.17745339E+01,8.67195623E-01,6.08868311E-01,7.36538788289288,4.06320104018,3.67399206E+00,4720.54410837829,7.47175498E+00,4.93403927E+00,2.07429389E+01,0.00000000E+00,9.79295733E-01,2.07042675E-02
1.17759307E+01,8.70172295E-01,6.10610863E-01,7.41604395134986,4.07953687426664,3.67386495E+00,4719.16269418457,7.47207805E+00,4.93580492E+00,2.07457300E+01,0.00000000E+00,9.79295733E-01,2.07042675E-02
1.17773178E+01,8.73164309E-01,6.12362343E-01,7.46731219869224,4.09602258854177,3.67373722E+00,4717.77494913286,7.47240152E+00,4.93756147E+00,2.07485072E+01,0.00000000E+00,9.79295733E-01,2.07042675E-02
1.17786951E+01,8.75974300E-01,6.13974520E-01,7.51578416969462,4.11125599712193,3.67363363E+00,4716.64977705093,7.47273214E+00,4.93932003E+00,2.07512889E+01,0.00000000E+00,9.79295733E-01,2.07042675E-02
1.17800637E+01,8.78947154E-01,6.15714778E-01,7.56740807371797,4.12776322958021,3.67350671E+00,4715.27156537873,7.47305967E+00,4.94106440E+00,2.07540481E+01,0.00000000E+00,9.79295733E-01,2.07042675E-02
1.17814225E+01,8.81737727E-01,6.17318369E-01,7.61618924952947,4.14303277538413,3.67340256E+00,4714.14091170282,7.47338793E+00,4.94280022E+00,2.07567943E+01,0.00000000E+00,9.79295733E-01,2.07042675E-02
1.17827728E+01,8.84690793E-01,6.19049719E-01,7.66815341281426,4.15958227593063,3.67327515E+00,4712.75811587356,7.47371465E+00,4.94452476E+00,2.07595229E+01,0.00000000E+00,9.79295733E-01,2.07042675E-02
1.17841138E+01,8.87673573E-01,6.20798345E-01,7.72100036526417,4.17636401428193,3.67314653E+00,4711.36259918153,7.47404548E+00,4.94624690E+00,2.07622486E+01,0.00000000E+00,9.79295733E-01,2.07042675E-02
1.17854454E+01,8.90453246E-01,6.22395879E-01,7.77057660098927,4.19175488377114,3.67304268E+00,4710.2361365337,7.47437570E+00,4.94795855E+00,2.07649579E+01,0.00000000E+00,9.79295733E-01,2.07042675E-02
1.17867686E+01,8.93404160E-01,6.24123576E-01,7.82355535986779,4.20846360763439,3.67291656E+00,4708.86847298454,7.47470656E+00,4.94966288E+00,2.07676561E+01,0.00000000E+00,9.79295733E-01,2.07042675E-02
1.17880827E+01,8.96364966E-01,6.25857631E-01,7.87707473632644,4.22530079127907,3.67278974E+00,4707.49361896063,7.47503555E+00,4.95135508E+00,2.07703354E+01,0.00000000E+00,9.79295733E-01,2.07042675E-02
1.17893877E+01,8.99142123E-01,6.27454629E-01,7.92760719219757,4.24086677011526,3.67268553E+00,4706.36418011508,7.47537145E+00,4.95304977E+00,2.07730196E+01,0.00000000E+00,9.79295733E-01,2.07042675E-02
1.17906844E+01,9.02076639E-01,6.29173203E-01,7.9813552007583,4.25768181865034,3.67255987E+00,4705.00262431174,7.47570211E+00,4.95472748E+00,2.07756768E+01,0.00000000E+00,9.79295733E-01,2.07042675E-02
1.17919723E+01,9.05031595E-01,6.30904771E-01,8.03584580978855,4.27469143485933,3.67243283E+00,4703.62651629367,7.47603518E+00,4.95640055E+00,2.07783273E+01,0.00000000E+00,9.79295733E-01,2.07042675E-02
1.17932513E+01,9.07784885E-01,6.32488618E-01,8.08695236554806,4.2903094503844,3.67232922E+00,4702.50450200291,7.47636923E+00,4.95806647E+00,2.07809669E+01,0.00000000E+00,9.79295733E-01,2.07042675E-02
1.17945223E+01,9.10704791E-01,6.34199574E-01,8.14150681975248,4.30724498483569,3.67220372E+00,4701.14579477405,7.47670170E+00,4.95972191E+00,2.07835901E+01,0.00000000E+00,9.79295733E-01,2.07042675E-02
1.17957846E+01,9.13653446E-01,6.35928293E-01,8.19697189459547,4.32442423936117,3.67207653E+00,4699.76919154929,7.47703817E+00,4.96137566E+00,2.07862114E+01,0.00000000E+00,9.79295733E-01,2.07042675E-02
1.17970382E+01,9.16403308E-01,6.37511589E-01,8.24903807163681,4.34021845215001,3.67197234E+00,4698.64182235668,7.47737622E+00,4.96302347E+00,2.07888238E+01,0.00000000E+00,9.79295733E-01,2.07042675E-02
1.17982840E+01,9.19312780E-01,6.39217652E-01,8.30448643436118,4.35730190497877,3.67184668E+00,4697.28250063905,7.47771057E+00,4.96465746E+00,2.07914143E+01,0.00000000E+00,9.79295733E-01,2.07042675E-02
1.17995214E+01,9.22237115E-01,6.40932646E-01,8.36059363214027,4.37454255853049,3.67172027E+00,4695.91546260883,7.47804530E+00,4.96628397E+00,2.07939933E+01,0.00000000E+00,9.79295733E-01,2.07042675E-02
1.18007502E+01,9.24979801E-01,6.42512575E-01,8.41356009337615,4.39048578111791,3.67161597E+00,4694.78782872285,7.47838643E+00,4.96791298E+00,2.07965772E+01,0.00000000E+00,9.79295733E-01,2.07042675E-02
1.18019714E+01,9.27884044E-01,6.44216473E-01,8.47001235839517,4.40774511715133,3.67149009E+00,4693.42724442536,7.47872467E+00,4.96952970E+00,2.07991417E+01,0.00000000E+00,9.79295733E-01,2.07042675E-02
1.18031844E+01,9.30798984E-01,6.45927026E-01,8.52705342499859,4.42514010997398,3.67136355E+00,4692.05992387748,7.47906125E+00,4.97113382E+00,2.08016895E+01,0.00000000E+00,9.79295733E-01,2.07042675E-02
1.18043893E+01,9.33711606E-01,6.47634622E-01,8.58443281449777,4.44257350300275,3.67123790E+00,4690.702614317,7.47939812E+00,4.97273072E+00,2.08042261E+01,0.00000000E+00,9.79295733E-01,2.07042675E-02
1.18055859E+01,9.36429117E-01,6.49202493E-01,8.63831659637327,4.45864087354247,3.67113334E+00,4689.57342467867,7.47973995E+00,4.97432811E+00,2.08067643E+01,0.00000000E+00,9.79295733E-01,2.07042675E-02
1.18067752E+01,9.39324706E-01,6.50902823E-01,8.6961036195246,4.47613135810517,3.67100708E+00,4688.21024945115,7.48008184E+00,4.97591855E+00,2.08092917E+01,0.00000000E+00,9.79295733E-01,2.07042675E-02
1.18079565E+01,9.42226304E-01,6.52604269E-01,8.75439834275004,4.49370200222704,3.67088175E+00,4686.85750691963,7.48042064E+00,4.97749622E+00,2.08117988E+01,0.00000000E+00,9.79295733E-01,2.07042675E-02
1.18091297E+01,9.44935444E-01,6.54168570E-01,8.8091791862944,4.50991721552742,3.67077689E+00,4685.7260061254,7.48076413E+00,4.97907419E+00,2.08143071E+01,0.00000000E+00,9.79295733E-01,2.07042675E-02
1.18102957E+01,9.47805232E-01,6.55854088E-01,8.8675823847722,4.52745443290028,3.67065158E+00,4684.37419612421,7.48110414E+00,4.98063951E+00,2.08167951E+01,0.00000000E+00,9.79295733E-01,2.07042675E-02
1.18114539E+01,9.50705945E-01,6.57555958E-01,8.92700843227493,4.54523097854569,3.67052582E+00,4683.01792374009,7.48144790E+00,4.98220385E+00,2.08192823E+01,0.00000000E+00,9.79295733E-01,2.07042675E-02
1.18126045E+01,9.53601347E-01,6.59254475E-01,8.98672282349087,4.56304209240602,3.67040041E+00,4681.66581701446,7.48179069E+00,4.98375930E+00,2.08217555E+01,0.00000000E+00,9.79295733E-01,2.07042675E-02
1.18137472E+01,9.56290189E-01,6.60806476E-01,9.04253480395992,4.57937781658867,3.67029662E+00,4680.54710135647,7.48213427E+00,4.98530881E+00,2.08242196E+01,0.00000000E+00,9.79295733E-01,2.07042675E-02
1.18148829E+01,9.59139207E-01,6.62478127E-01,9.10204979308121,4.5970383521988,3.67017305E+00,4679.21553267545,7.48247475E+00,4.98684660E+00,2.08266650E+01,0.00000000E+00,9.79295733E-01,2.07042675E-02
1.18160112E+01,9.62022252E-01,6.64172072E-01,9.16267435827067,4.6150038960555,3.67004684E+00,4677.85590686015,7.48282047E+00,4.98838626E+00,2.08291142E+01,0.00000000E+00,9.79295733E-01,2.07042675E-02
1.18171320E+01,9.64889054E-01,6.65856561E-01,9.22335774755482,4.63293877529272,3.66992129E+00,4676.50378301352,7.48316198E+00,4.98991192E+00,2.08315409E+01,0.00000000E+00,9.79295733E-01,2.07042675E-02
1.18182452E+01,9.67560335E-01,6.67402533E-01,9.28026408606515,4.6494601845313,3.66981613E+00,4675.37155218119,7.48350728E+00,4.99143703E+00,2.08339673E+01,0.00000000E+00,9.79295733E-01,2.07042675E-02
1.18193517E+01,9.70400754E-01,6.69071644E-01,9.34115877499567,4.66736369785437,3.66969168E+00,4674.03198500877,7.48385104E+00,4.99295321E+00,2.08363796E+01,0.00000000E+00,9.79295733E-01,2.07042675E-02
1.18204510E+01,9.73266096E-01,6.70755394E-01,9.40299263624251,4.68549408544089,3.66956614E+00,4672.6810740507,7.48419718E+00,4.99446667E+00,2.08387881E+01,0.00000000E+00,9.79295733E-01,2.07042675E-02
1.18215429E+01,9.76137336E-01,6.72443091E-01,9.46536435203389,4.7037376493701,3.66944010E+00,4671.32517547439,7.48454514E+00,4.99597652E+00,2.08411912E+01,0.00000000E+00,9.79295733E-01,2.07042675E-02
1.18226277E+01,9.79001270E-01,6.74125320E-01,9.52798950273416,4.72199279413207,3.66931497E+00,4669.97945558949,7.48489208E+00,4.99747804E+00,2.08435812E+01,0.00000000E+00,9.79295733E-01,2.07042675E-02
1.18237052E+01,9.81657906E-01,6.75661953E-01,9.58645208678354,4.73872987472614,3.66921081E+00,4668.8595547996,7.48523968E+00,4.99897398E+00,2.08459627E+01,0.00000000E+00,9.79295733E-01,2.07042675E-02
1.18247763E+01,9.84488471E-01,6.77326550E-01,9.6491369638073,4.75692769257471,3.66908615E+00,4667.51959647005,7.48558779E+00,5.00046484E+00,2.08483363E+01,0.00000000E+00,9.79295733E-01,2.07042675E-02
1.18258403E+01,9.87343234E-01,6.79006672E-01,9.71277289189765,4.77536609923567,3.66895978E+00,4666.16165003054,7.48593767E+00,5.00195224E+00,2.08507048E+01,0.00000000E+00,9.79295733E-01,2.07042675E-02
1.18268973E+01,9.90179779E-01,6.80674131E-01,9.77641838343352,4.79373619926349,3.66883519E+00,4664.82321787775,7.48628318E+00,5.00342593E+00,2.08530513E+01,0.00000000E+00,9.79295733E-01,2.07042675E-02
1.18279474E+01,9.93027949E-01,6.82348949E-01,9.8407443378511,4.81225850794496,3.66870982E+00,4663.47679394987,7.48663369E+00,5.00490184E+00,2.08554020E+01,0.00000000E+00,9.79295733E-01,2.07042675E-02
1.18289906E+01,9.95674412E-01,6.83883356E-01,9.90089402428727,4.82929078206842,3.66860424E+00,4662.34320820102,7.48698540E+00,5.00637338E+00,2.08577461E+01,0.00000000E+00,9.79295733E-01,2.07042675E-02
1.18300275E+01,9.98483359E-01,6.85535036E-01,9.96513895662848,4.84769219014132,3.66848063E+00,4661.01638904943,7.48733379E+00,5.00783363E+00,2.08600721E+01,0.00000000E+00,9.79295733E-01,2.07042675E-02
1.18310576E+01,1.00131332E+00,6.87200811E-01,10.0302860804873,4.86632164807557,3.66835524E+00,4659.67084931384,7.48768427E+00,5.00929133E+00,2.08623945E+01,0.00000000E+00,9.79295733E-01,2.07042675E-02
1.18320810E+01,1.00414845E+00,6.88870141E-01,10.0959792661106,4.88506268560423,3.66822935E+00,4658.32033491537,7.48803646E+00,5.01074585E+00,2.08647122E+01,0.00000000E+00,9.79295733E-01,2.07042675E-02
1.18330978E+01,1.00697568E+00,6.90533554E-01,10.1619178568619,4.9038090861839,3.66810445E+00,4656.98082778866,7.48838766E+00,5.01219270E+00,2.08670177E+01,0.00000000E+00,9.79295733E-01,2.07042675E-02
1.18341080E+01,1.00979252E+00,6.92190439E-01,10.2280424068073,4.9225534331575,3.66798022E+00,4655.64888825231,7.48873741E+00,5.01363120E+00,2.08693101E+01,0.00000000E+00,9.79295733E-01,2.07042675E-02
1.18351115E+01,1.01241589E+00,6.93713121E-01,10.2900122078404,4.93984271304799,3.66787472E+00,4654.51806268415,7.48909149E+00,5.01507103E+00,2.08716052E+01,0.00000000E+00,9.79295733E-01,2.07042675E-02
1.18361091E+01,1.01521078E+00,6.95358940E-01,10.3564468336085,4.95859844644174,3.66775054E+00,4653.18736323933,7.48944430E+00,5.01650332E+00,2.08738883E+01,0.00000000E+00,9.79295733E-01,2.07042675E-02
1.18371002E+01,1.01802713E+00,6.97018016E-01,10.4238254409383,4.97757733220382,3.66762509E+00,4651.84344090678,7.48979862E+00,5.01793236E+00,2.08761666E+01,0.00000000E+00,9.79295733E-01,2.07042675E-02
1.18380849E+01,1.02083698E+00,6.98673682E-01,10.4914853854813,4.9965896266256,3.66749972E+00,4650.50076337645,7.49015192E+00,5.01935393E+00,2.08784331E+01,0.00000000E+00,9.79295733E-01,2.07042675E-02
1.18390633E+01,1.02363471E+00,7.00322451E-01,10.5592898178313,5.01559488723743,3.66737476E+00,4649.16286247385,7.49050368E+00,5.02076729E+00,2.08806866E+01,0.00000000E+00,9.79295733E-01,2.07042675E-02
1.18400354E+01,1.02643539E+00,7.01971430E-01,10.6276046461571,5.03467487162269,3.66725044E+00,4647.83219576507,7.49085760E+00,5.02217871E+00,2.08829374E+01,0.00000000E+00,9.79295733E-01,2.07042675E-02
1.18410010E+01,1.02904124E+00,7.03485851E-01,10.6915640000724,5.05226184768468,3.66714470E+00,4646.70070095614,7.49121384E+00,5.02358839E+00,2.08851858E+01,0.00000000E+00,9.79295733E-01,2.07042675E-02
1.18419611E+01,1.03182148E+00,7.05124307E-01,10.7602281547195,5.07135843699731,3.66702053E+00,4645.37234341288,7.49157011E+00,5.02499300E+00,2.08874263E+01,0.00000000E+00,9.79295733E-01,2.07042675E-02
1.18429149E+01,1.03461089E+00,7.06769552E-01,10.8295619499842,5.09060678480406,3.66689526E+00,4644.03260298553,7.49192533E+00,5.02639036E+00,2.08896553E+01,0.00000000E+00,9.79295733E-01,2.07042675E-02
1.18438626E+01,1.03739813E+00,7.08412508E-01,10.8992880396433,5.10990125733612,3.66677059E+00,4642.69966306584,7.49228079E+00,5.02778270E+00,2.08918766E+01,0.00000000E+00,9.79295733E-01,2.07042675E-02
1.18448042E+01,1.04017484E+00,7.10049317E-01,10.9691970956396,5.12919626087601,3.66664636E+00,4641.37180807452,7.49263476E+00,5.02916722E+00,2.08940855E+01,0.00000000E+00,9.79295733E-01,2.07042675E-02
1.18457399E+01,1.04295406E+00,7.11687838E-01,11.0396183580434,5.14858441822314,3.66652191E+00,4640.04198236127,7.49299078E+00,5.03054993E+00,2.08962918E+01,0.00000000E+00,9.79295733E-01,2.07042675E-02
1.18466696E+01,1.04573143E+00,7.13323859E-01,11.1104443904649,5.1680161124542,3.66639824E+00,4638.72086887506,7.49334711E+00,5.03192793E+00,2.08984908E+01,0.00000000E+00,9.79295733E-01,2.07042675E-02
1.18475934E+01,1.04851035E+00,7.14961806E-01,11.1817647237522,5.18754415099459,3.66627400E+00,4637.39404507569,7.49370502E+00,5.03330337E+00,2.09006861E+01,0.00000000E+00,9.79295733E-01,2.07042675E-02
1.18485113E+01,1.05128101E+00,7.16595720E-01,11.253328844538,5.20709762380568,3.66614970E+00,4636.06696029436,7.49406205E+00,5.03467217E+00,2.09028708E+01,0.00000000E+00,9.79295733E-01,2.07042675E-02
1.18494232E+01,1.05385639E+00,7.18096364E-01,11.3202596950477,5.2251211442246,3.66604323E+00,4634.93053887994,7.49442134E+00,5.03603955E+00,2.09050537E+01,0.00000000E+00,9.79295733E-01,2.07042675E-02
1.18503298E+01,1.05659420E+00,7.19711308E-01,11.3918484827864,5.24458716767362,3.66592021E+00,4633.61781576409,7.49477762E+00,5.03739719E+00,2.09072210E+01,0.00000000E+00,9.79295733E-01,2.07042675E-02
1.18512307E+01,1.05935120E+00,7.21338642E-01,11.4643965562424,5.26427589371584,3.66579579E+00,4632.29053167836,7.49513577E+00,5.03875296E+00,2.09093856E+01,0.00000000E+00,9.79295733E-01,2.07042675E-02
1.18521259E+01,1.06210644E+00,7.22965506E-01,11.5373598904661,5.28403281482204,3.66567117E+00,4630.96149515157,7.49549418E+00,5.04010421E+00,2.09115432E+01,0.00000000E+00,9.79295733E-01,2.07042675E-02
1.18530154E+01,1.06485994E+00,7.24589040E-01,11.6107410697575,5.30382321620958,3.66554778E+00,4629.6459519052,7.49585286E+00,5.04145101E+00,2.09136939E+01,0.00000000E+00,9.79295733E-01,2.07042675E-02
1.18538993E+01,1.06761479E+00,7.26214271E-01,11.6846252975409,5.32370854129248,3.66542387E+00,4628.32524067067,7.49621304E+00,5.04279545E+00,2.09158411E+01,0.00000000E+00,9.79295733E-01,2.07042675E-02
1.18547776E+01,1.07036112E+00,7.27835667E-01,11.7587489973125,5.34362123470736,3.66529976E+00,4627.00277538488,7.49657233E+00,5.04413352E+00,2.09179782E+01,0.00000000E+00,9.79295733E-01,2.07042675E-02
1.18556504E+01,1.07310436E+00,7.29454389E-01,11.8332587214395,5.36357538492524,3.66517621E+00,4625.68665254802,7.49693190E+00,5.04546727E+00,2.09201086E+01,0.00000000E+00,9.79295733E-01,2.07042675E-02
1.18565177E+01,1.07584398E+00,7.31071131E-01,11.9081413200033,5.38357950349736,3.66505274E+00,4624.37175591498,7.49729175E+00,5.04679675E+00,2.09222324E+01,0.00000000E+00,9.79295733E-01,2.07042675E-02
1.18573795E+01,1.07858541E+00,7.32690014E-01,11.9835477301215,5.40368486911423,3.66492866E+00,4623.0507396193,7.49765307E+00,5.04812400E+00,2.09243529E+01,0.00000000E+00,9.79295733E-01,2.07042675E-02
1.18582360E+01,1.08131821E+00,7.34303730E-01,12.0591920050176,5.42380078984638,3.66480500E+00,4621.73457030177,7.49801336E+00,5.04944482E+00,2.09264633E+01,0.00000000E+00,9.79295733E-01,2.07042675E-02
1.18590870E+01,1.08404730E+00,7.35914596E-01,12.1352101060182,5.44395586935709,3.66468184E+00,4620.42409515065,7.49837394E+00,5.05076149E+00,2.09285672E+01,0.00000000E+00,9.79295733E-01,2.07042675E-02
1.18599328E+01,1.08677229E+00,7.37524088E-01,12.211592120643,5.46416855871831,3.66455834E+00,4619.11037537413,7.49873482E+00,5.05207409E+00,2.09306647E+01,0.00000000E+00,9.79295733E-01,2.07042675E-02
1.18607732E+01,1.08949394E+00,7.39132091E-01,12.2883603969162,5.48443749143036,3.66443475E+00,4617.79607216776,7.49909597E+00,5.05338262E+00,2.09327560E+01,0.00000000E+00,9.79295733E-01,2.07042675E-02
1.18616084E+01,1.09220638E+00,7.40733377E-01,12.3653490452297,5.50469647141389,3.66431222E+00,4616.49341057526,7.49945572E+00,5.05468427E+00,2.09348363E+01,0.00000000E+00,9.79295733E-01,2.07042675E-02
1.18624385E+01,1.09493328E+00,7.42344274E-01,12.4432343357205,5.52515255718002,3.66418849E+00,4615.17836423164,7.49982023E+00,5.05598952E+00,2.09369229E+01,0.00000000E+00,9.79295733E-01,2.07042675E-02
1.18632633E+01,1.09764748E+00,7.43948295E-01,12.5212440382166,5.54559685834189,3.66406503E+00,4613.86656092045,7.50018226E+00,5.05728608E+00,2.09389956E+01,0.00000000E+00,9.79295733E-01,2.07042675E-02
1.18640829E+01,1.10016918E+00,7.45423190E-01,12.5941592341641,5.56446211609329,3.66395801E+00,4612.72973974007,7.50049571E+00,5.05858657E+00,2.09410676E+01,0.00000000E+00,9.79295733E-01,2.07042675E-02
1.18648978E+01,1.10285858E+00,7.47012849E-01,12.6723914557402,5.58486717833447,3.66383553E+00,4611.42903824981,7.50083302E+00,5.05987943E+00,2.09431310E+01,0.00000000E+00,9.79295733E-01,2.07042675E-02
1.18657076E+01,1.10556098E+00,7.48610605E-01,12.7514913315396,5.60545157383919,3.66371225E+00,4610.1202113694,7.50116942E+00,5.06116881E+00,2.09451889E+01,0.00000000E+00,9.79295733E-01,2.07042675E-02
1.18665125E+01,1.10826054E+00,7.50207874E-01,12.8310010347515,5.6261055292866,3.66358851E+00,4608.80687436259,7.50150614E+00,5.06245475E+00,2.09472414E+01,0.00000000E+00,9.79295733E-01,2.07042675E-02
1.18673123E+01,1.11095834E+00,7.51802212E-01,12.9109541844789,5.64679747702863,3.66346579E+00,4607.50473284337,7.50184357E+00,5.06373721E+00,2.09492886E+01,0.00000000E+00,9.79295733E-01,2.07042675E-02
1.18681072E+01,1.11365739E+00,7.53397386E-01,12.9914429344365,5.66757643641452,3.66334297E+00,4606.20189860521,7.50218264E+00,5.06501783E+00,2.09513331E+01,0.00000000E+00,9.79295733E-01,2.07042675E-02
1.18688971E+01,1.11634828E+00,7.54988891E-01,13.0721878459883,5.68838380103158,3.66321994E+00,4604.8972060953,7.50252136E+00,5.06629330E+00,2.09533696E+01,0.00000000E+00,9.79295733E-01,2.07042675E-02
1.18696822E+01,1.11903529E+00,7.56579346E-01,13.153317093737,5.70925375233283,3.66309646E+00,4603.58811306404,7.50286076E+00,5.06756545E+00,2.09554010E+01,0.00000000E+00,9.79295733E-01,2.07042675E-02
1.18704625E+01,1.12172081E+00,7.58166319E-01,13.2349044426939,5.73015433053435,3.66297435E+00,4602.29391028999,7.50320073E+00,5.06883414E+00,2.09574270E+01,0.00000000E+00,9.79295733E-01,2.07042675E-02
1.18712379E+01,1.12440187E+00,7.59751963E-01,13.3168611027713,5.7511138228776,3.66285180E+00,4600.99540991098,7.50354114E+00,5.07009915E+00,2.09594473E+01,0.00000000E+00,9.79295733E-01,2.07042675E-02
1.18720086E+01,1.12707923E+00,7.61337168E-01,13.3992111205244,5.77214414519094,3.66272853E+00,4599.68965023982,7.50388225E+00,5.07136096E+00,2.09614628E+01,0.00000000E+00,9.79295733E-01,2.07042675E-02
1.18727746E+01,1.12975364E+00,7.62921834E-01,13.4819788034614,5.79324417994306,3.66260480E+00,4598.37939058635,7.50422395E+00,5.07261941E+00,2.09634730E+01,0.00000000E+00,9.79295733E-01,2.07042675E-02
1.18735358E+01,1.13243729E+00,7.64513619E-01,13.565546362996,5.81451665710906,3.66247983E+00,4597.05637861173,7.50456899E+00,5.07387923E+00,2.09654859E+01,0.00000000E+00,9.79295733E-01,2.07042675E-02
1.18742924E+01,1.13510699E+00,7.66097636E-01,13.6491934794034,5.83576286345775,3.66235524E+00,4595.737768472,7.50491176E+00,5.07513092E+00,2.09674858E+01,0.00000000E+00,9.79295733E-01,2.07042675E-02
1.18750443E+01,1.13777355E+00,7.67677308E-01,13.7332570825838,5.85702810501637,3.66223204E+00,4594.4342414515,7.50525510E+00,5.07637938E+00,2.09694806E+01,0.00000000E+00,9.79295733E-01,2.07042675E-02
1.18757917E+01,1.14043600E+00,7.69256221E-01,13.8177076563181,5.8783605627042,3.66210820E+00,4593.124315478,7.50559896E+00,5.07762453E+00,2.09714704E+01,0.00000000E+00,9.79295733E-01,2.07042675E-02
1.18765344E+01,1.14309421E+00,7.70833982E-01,13.902541815366,5.89975506785131,3.66198387E+00,4591.8095821907,7.50594314E+00,5.07886612E+00,2.09734546E+01,0.00000000E+00,9.79295733E-01,2.07042675E-02
1.18772727E+01,1.14575018E+00,7.72410260E-01,13.9878246693817,5.92120721969073,3.66185973E+00,4590.49723353347,7.50628786E+00,5.08010453E+00,2.09754340E+01,0.00000000E+00,9.79295733E-01,2.07042675E-02
1.18780064E+01,1.14841650E+00,7.73992009E-01,14.0739660803503,5.94281223765725,3.66173543E+00,4589.18356923016,7.50663572E+00,5.08134423E+00,2.09774157E+01,0.00000000E+00,9.79295733E-01,2.07042675E-02
1.18787357E+01,1.15106895E+00,7.75566757E-01,14.1601857381185,5.96439993770375,3.66161117E+00,4587.87070341715,7.50698131E+00,5.08257604E+00,2.09793849E+01,0.00000000E+00,9.79295733E-01,2.07042675E-02
1.18794605E+01,1.15371580E+00,7.77138734E-01,14.2467498875139,5.98602786289647,3.66148689E+00,4586.55800196775,7.50732733E+00,5.08380463E+00,2.09813490E+01,0.00000000E+00,9.79295733E-01,2.07042675E-02
1.18801810E+01,1.15636638E+00,7.78712298E-01,14.3339663302728,6.00775616812981,3.66136276E+00,4585.2472598022,7.50767518E+00,5.08503238E+00,2.09833121E+01,0.00000000E+00,9.79295733E-01,2.07042675E-02
1.18808970E+01,1.15900777E+00,7.80281157E-01,14.421411527657,6.02949802166612,3.66123868E+00,4583.93741996456,7.50802198E+00,5.08625443E+00,2.09852661E+01,0.00000000E+00,9.79295733E-01,2.07042675E-02
1.18816087E+01,1.16164570E+00,7.81848161E-01,14.5092745945218,6.05129271127495,3.66111466E+00,4582.62858741444,7.50836920E+00,5.08747333E+00,2.09872152E+01,0.00000000E+00,9.79295733E-01,2.07042675E-02
1.18823162E+01,1.16427991E+00,7.83413697E-01,14.5975479333478,6.07314565320274,3.66099044E+00,4581.31801879442,7.50871668E+00,5.08868884E+00,2.09891591E+01,0.00000000E+00,9.79295733E-01,2.07042675E-02
1.18830193E+01,1.16691186E+00,7.84977288E-01,14.6862818952551,6.09505021541528,3.66086663E+00,4580.01214878267,7.50906462E+00,5.08990133E+00,2.09910983E+01,0.00000000E+00,9.79295733E-01,2.07042675E-02
1.18837182E+01,1.16955231E+00,7.86546427E-01,14.7758444329709,6.1171119268162,3.66074218E+00,4578.69990357279,7.50941536E+00,5.09111478E+00,2.09930394E+01,0.00000000E+00,9.79295733E-01,2.07042675E-02
1.18844129E+01,1.17217894E+00,7.88108941E-01,14.8654801043749,6.13915984172942,3.66061758E+00,4577.38645336816,7.50976402E+00,5.09232094E+00,2.09949688E+01,0.00000000E+00,9.79295733E-01,2.07042675E-02
1.18851033E+01,1.17480137E+00,7.89667823E-01,14.9555149051631,6.16123569741044,3.66049374E+00,4576.08138791486,7.51011284E+00,5.09352368E+00,2.09968928E+01,0.00000000E+00,9.79295733E-01,2.07042675E-02
1.18857897E+01,1.17742763E+00,7.91228739E-01,15.046227704566,6.18341989556365,3.66036985E+00,4574.7761678601,7.51046362E+00,5.09472606E+00,2.09988166E+01,0.00000000E+00,9.79295733E-01,2.07042675E-02
1.18864719E+01,1.18004399E+00,7.92785484E-01,15.1371456590685,6.20562437071706,3.66024557E+00,4573.46721307596,7.51081309E+00,5.09592259E+00,2.10007310E+01,0.00000000E+00,9.79295733E-01,2.07042675E-02
1.18871500E+01,1.18265621E+00,7.94340405E-01,15.2284678229585,6.22788242484089,3.66012116E+00,4572.15726420389,7.51116295E+00,5.09711618E+00,2.10026408E+01,0.00000000E+00,9.79295733E-01,2.07042675E-02
1.18878240E+01,1.18527855E+00,7.95899452E-01,15.3206979332529,6.25027969343946,3.65999722E+00,4570.85263717464,7.51151550E+00,5.09831076E+00,2.10045526E+01,0.00000000E+00,9.79295733E-01,2.07042675E-02
1.18884940E+01,1.18788647E+00,7.97451705E-01,15.412974858747,6.27265938033641,3.65987308E+00,4569.54627805555,7.51186598E+00,5.09949825E+00,2.10064530E+01,0.00000000E+00,9.79295733E-01,2.07042675E-02
1.18891600E+01,1.19049464E+00,7.99006187E-01,15.5058164962056,6.29515150925313,3.65974788E+00,4568.22914242248,7.51221810E+00,5.10068501E+00,2.10083524E+01,0.00000000E+00,9.79295733E-01,2.07042675E-02
1.18898219E+01,1.19309563E+00,8.00553507E-01,15.5989594819248,6.31762010365276,3.65962447E+00,4566.93120959299,7.51256915E+00,5.10186649E+00,2.10102435E+01,0.00000000E+00,9.79295733E-01,2.07042675E-02
1.18904800E+01,1.19569120E+00,8.02099032E-01,15.692466131457,6.34014268799103,3.65950060E+00,4565.6288096673,7.51292027E+00,5.10304464E+00,2.10121293E+01,0.00000000E+00,9.79295733E-01,2.07042675E-02
1.18911341E+01,1.19828303E+00,8.03644372E-01,15.7863973509264,6.36274285590968,3.65937588E+00,4564.31784788129,7.51327177E+00,5.10422002E+00,2.10140108E+01,0.00000000E+00,9.79295733E-01,2.07042675E-02
1.18917844E+01,1.20087897E+00,8.05191043E-01,15.8810411109364,6.38544315442448,3.65925153E+00,4563.01115000643,7.51362488E+00,5.10539478E+00,2.10158916E+01,0.00000000E+00,9.79295733E-01,2.07042675E-02
1.18924307E+01,1.20346713E+00,8.06732513E-01,15.975966088305,6.40814769778048,3.65912784E+00,4561.71175867638,7.51397686E+00,5.10656423E+00,2.10177639E+01,0.00000000E+00,9.79295733E-01,2.07042675E-02
1.18930733E+01,1.20606139E+00,8.08279950E-01,16.0716841937197,6.43102132962533,3.65900269E+00,4560.39740631678,7.51433149E+00,5.10773487E+00,2.10196384E+01,0.00000000E+00,9.79295733E-01,2.07042675E-02
1.18937120E+01,1.20863648E+00,8.09816043E-01,16.1672621351133,6.45380802894428,3.65887841E+00,4559.09256564621,7.51468274E+00,5.10889643E+00,2.10214982E+01,0.00000000E+00,9.79295733E-01,2.07042675E-02
1.18943469E+01,1.21122513E+00,8.11358532E-01,16.2639162775629,6.47677085204218,3.65875433E+00,4557.79019726178,7.51503781E+00,5.11006125E+00,2.10233636E+01,0.00000000E+00,9.79295733E-01,2.07042675E-02
1.18949781E+01,1.21379887E+00,8.12893810E-01,16.3605865620025,6.49970745582846,3.65863013E+00,4556.48694191301,7.51539055E+00,5.11121884E+00,2.10252174E+01,0.00000000E+00,9.79295733E-01,2.07042675E-02
1.18956055E+01,1.21637365E+00,8.14430393E-01,16.4578708515728,6.52274488647411,3.65850553E+00,4555.17986373966,7.51574482E+00,5.11237583E+00,2.10270705E+01,0.00000000E+00,9.79295733E-01,2.07042675E-02
1.18962293E+01,1.21893971E+00,8.15961452E-01,16.5554012070963,6.54578071106274,3.65838151E+00,4553.87924221473,7.51609800E+00,5.11352777E+00,2.10289155E+01,0.00000000E+00,9.79295733E-01,2.07042675E-02
1.18968493E+01,1.22151336E+00,8.17497046E-01,16.6538005831243,6.5689664835756,3.65825713E+00,4552.57521828023,7.51645368E+00,5.11468080E+00,2.10307625E+01,0.00000000E+00,9.79295733E-01,2.07042675E-02
1.18974657E+01,1.22406765E+00,8.19021758E-01,16.752038020015,6.59206920450693,3.65813335E+00,4551.27785557726,7.51680609E+00,5.11582515E+00,2.10325955E+01,0.00000000E+00,9.79295733E-01,2.07042675E-02
1.18980785E+01,1.22663373E+00,8.20554825E-01,16.8513124043141,6.61538044264851,3.65800833E+00,4549.9678714762,7.51716220E+00,5.11697269E+00,2.10344339E+01,0.00000000E+00,9.79295733E-01,2.07042675E-02
1.18986877E+01,1.22918175E+00,8.22075518E-01,16.9504702046725,6.63858496476902,3.65788499E+00,4548.67586022912,7.51751502E+00,5.11811155E+00,2.10362583E+01,0.00000000E+00,9.79295733E-01,2.07042675E-02
1.18992934E+01,1.23174063E+00,8.23603613E-01,17.0506378412384,6.66198442465093,3.65776066E+00,4547.37384984233,7.51787130E+00,5.11925326E+00,2.10380876E+01,0.00000000E+00,9.79295733E-01,2.07042675E-02
1.18998954E+01,1.23429283E+00,8.25128356E-01,17.1511336033371,6.68541476215461,3.65763634E+00,4546.07231681943,7.51822694E+00,5.12039083E+00,2.10399104E+01,0.00000000E+00,9.79295733E-01,2.07042675E-02
1.19004940E+01,1.23683328E+00,8.26646935E-01,17.2517549243373,6.70883228460686,3.65751216E+00,4544.772621378,7.51858122E+00,5.12152309E+00,2.10417246E+01,0.00000000E+00,9.79295733E-01,2.07042675E-02
1.19010891E+01,1.23936948E+00,8.28161914E-01,17.3527967498641,6.73227602730741,3.65738872E+00,4543.48103920156,7.51893559E+00,5.12265254E+00,2.10435345E+01,0.00000000E+00,9.79295733E-01,2.07042675E-02
1.19016807E+01,1.24190921E+00,8.29679309E-01,17.4545722397634,6.75583927615463,3.65726496E+00,4542.18647727286,7.51929138E+00,5.12378148E+00,2.10453437E+01,0.00000000E+00,9.79295733E-01,2.07042675E-02
1.19022688E+01,1.24444460E+00,8.31196646E-01,17.5567692012308,6.77948409196274,3.65714014E+00,4540.88120107543,7.51964730E+00,5.12490770E+00,2.10471487E+01,0.00000000E+00,9.79295733E-01,2.07042675E-02
1.19028536E+01,1.24698313E+00,8.32714536E-01,17.6596922096723,6.80322032518643,3.65701583E+00,4539.58163088289,7.52000453E+00,5.12603324E+00,2.10489527E+01,0.00000000E+00,9.79295733E-01,2.07042675E-02
1.19034349E+01,1.24950716E+00,8.34222303E-01,17.7626255241607,6.82688053328882,3.65689295E+00,4538.29737583086,7.52035947E+00,5.12715200E+00,2.10507458E+01,0.00000000E+00,9.79295733E-01,2.07042675E-02
1.19040129E+01,1.25203022E+00,8.35732284E-01,17.8661189034568,6.85065795079367,3.65676873E+00,4536.9994853264,7.52071586E+00,5.12827037E+00,2.10525385E+01,0.00000000E+00,9.79295733E-01,2.07042675E-02
1.19045875E+01,1.25454992E+00,8.37241681E-01,17.9700762543007,6.87450893870316,3.65664395E+00,4535.69611745425,7.52107233E+00,5.12938605E+00,2.10543270E+01,0.00000000E+00,9.79295733E-01,2.07042675E-02
1.19051588E+01,1.25706189E+00,8.38742274E-01,18.0743167930971,6.89830312176057,3.65652165E+00,4534.41901732994,7.52142746E+00,5.13049666E+00,2.10561073E+01,0.00000000E+00,9.79295733E-01,2.07042675E-02
1.19057268E+01,1.25956129E+00,8.40237747E-01,18.1786358479261,6.92209805497736,3.65639876E+00,4533.1361184104,7.52178157E+00,5.13160276E+00,2.10578805E+01,0.00000000E+00,9.79295733E-01,2.07042675E-02
1.19062916E+01,1.26205459E+00,8.41732447E-01,18.2833001934611,6.94596270306496,3.65627474E+00,4531.84179094421,7.52213585E+00,5.13270646E+00,2.10596499E+01,0.00000000E+00,9.79295733E-01,2.07042675E-02
1.19068531E+01,1.26456343E+00,8.43233656E-01,18.3892251435084,6.97001408947918,3.65615134E+00,4530.55430086915,7.52249358E+00,5.13381331E+00,2.10614246E+01,0.00000000E+00,9.79295733E-01,2.07042675E-02
1.19074114E+01,1.26706447E+00,8.44730553E-01,18.4954315895593,6.99407931446059,3.65602815E+00,4529.26936666365,7.52285038E+00,5.13491584E+00,2.10631925E+01,0.00000000E+00,9.79295733E-01,2.07042675E-02
1.19079665E+01,1.26956100E+00,8.46227580E-01,18.6020582508839,7.01822972976066,3.65590377E+00,4527.9723898784,7.52320730E+00,5.13601590E+00,2.10649565E+01,0.00000000E+00,9.79295733E-01,2.07042675E-02
1.19085184E+01,1.27204642E+00,8.47718031E-01,18.7088210078338,7.04235690119534,3.65577990E+00,4526.6811002501,7.52356288E+00,5.13711102E+00,2.10667125E+01,0.00000000E+00,9.79295733E-01,2.07042675E-02
1.19090672E+01,1.27453470E+00,8.49206951E-01,18.8163204205319,7.06654210525413,3.65565751E+00,4525.40560064079,7.52391995E+00,5.13820604E+00,2.10684686E+01,0.00000000E+00,9.79295733E-01,2.07042675E-02
1.19096128E+01,1.27701767E+00,8.50695678E-01,18.9242061338789,7.09080721616739,3.65553389E+00,4524.11764730155,7.52427713E+00,5.13929863E+00,2.10702209E+01,0.00000000E+00,9.79295733E-01,2.07042675E-02
1.19101554E+01,1.27949676E+00,8.52183626E-01,19.032540385332,7.11514288614114,3.65540969E+00,4522.82402028777,7.52463441E+00,5.14038877E+00,2.10719693E+01,0.00000000E+00,9.79295733E-01,2.07042675E-02
1.19106948E+01,1.28197405E+00,8.53667875E-01,19.1414154765904,7.13950126693788,3.65528689E+00,4521.54533889048,7.52499174E+00,5.14147645E+00,2.10737139E+01,0.00000000E+00,9.79295733E-01,2.07042675E-02
1.19112312E+01,1.28445191E+00,8.55153167E-01,19.2509386509579,7.16396024250643,3.65516370E+00,4520.26295976381,7.52535015E+00,5.14256337E+00,2.10754574E+01,0.00000000E+00,9.79295733E-01,2.07042675E-02
1.19117645E+01,1.28691859E+00,8.56634456E-01,19.3605900898377,7.18843675334036,3.65503973E+00,4518.97282818291,7.52570767E+00,5.14364625E+00,2.10771944E+01,0.00000000E+00,9.79295733E-01,2.07042675E-02
1.19122948E+01,1.28938049E+00,8.58112168E-01,19.4706517903284,7.21293748254603,3.65491635E+00,4517.68920220991,7.52606527E+00,5.14472675E+00,2.10789277E+01,0.00000000E+00,9.79295733E-01,2.07042675E-02
1.19128221E+01,1.29184094E+00,8.59586873E-01,19.5812737960316,7.23747160737252,3.65479411E+00,4516.417796196,7.52642293E+00,5.14580485E+00,2.10806573E+01,0.00000000E+00,9.79295733E-01,2.07042675E-02
1.19133465E+01,1.29428789E+00,8.61056126E-01,19.6919121671956,7.26199801723215,3.65467122E+00,4515.13999026567,7.52677928E+00,5.14687825E+00,2.10823793E+01,0.00000000E+00,9.79295733E-01,2.07042675E-02
1.19138679E+01,1.29673633E+00,8.62525820E-01,19.8032436106192,7.28661494153013,3.65454848E+00,4513.8641048913,7.52713705E+00,5.14795164E+00,2.10841014E+01,0.00000000E+00,9.79295733E-01,2.07042675E-02
1.19143864E+01,1.29918023E+00,8.63993494E-01,19.9149962973432,7.31128130649694,3.65442562E+00,4512.58733318167,7.52749491E+00,5.14902276E+00,2.10858200E+01,0.00000000E+00,9.79295733E-01,2.07042675E-02
1.19149019E+01,1.30162195E+00,8.65459127E-01,20.0272790914186,7.33599669492497,3.65430324E+00,4511.3159087019,7.52785282E+00,5.15009154E+00,2.10875349E+01,0.00000000E+00,9.79295733E-01,2.07042675E-02
1.19154146E+01,1.30406393E+00,8.66925595E-01,20.1402070047935,7.36080978468835,3.65418050E+00,4510.04110393405,7.52821172E+00,5.15115962E+00,2.10892488E+01,0.00000000E+00,9.79295733E-01,2.07042675E-02
1.19159244E+01,1.30649334E+00,8.68385683E-01,20.2531854788797,7.38559830274293,3.65405781E+00,4508.7671784907,7.52856943E+00,5.15222327E+00,2.10909556E+01,0.00000000E+00,9.79295733E-01,2.07042675E-02
1.19164314E+01,1.30891731E+00,8.69841949E-01,20.3665426026478,7.41040508405936,3.65393567E+00,4507.49932127755,7.52892727E+00,5.15328482E+00,2.10926591E+01,0.00000000E+00,9.79295733E-01,2.07042675E-02
1.19169356E+01,1.31133871E+00,8.71296750E-01,20.4804129903423,7.43527010516272,3.65381362E+00,4506.23275442207,7.52928522E+00,5.15434423E+00,2.10943593E+01,0.00000000E+00,9.79295733E-01,2.07042675E-02
1.19174369E+01,1.31375514E+00,8.72748190E-01,20.5946843494497,7.46016082453188,3.65369200E+00,4504.97100388229,7.52964327E+00,5.15540148E+00,2.10960561E+01,0.00000000E+00,9.79295733E-01,2.07042675E-02
1.19179355E+01,1.31616230E+00,8.74197607E-01,20.7091512497964,7.48510000279554,3.65356908E+00,4503.69612542737,7.53000105E+00,5.15645599E+00,2.10977485E+01,0.00000000E+00,9.79295733E-01,2.07042675E-02
1.19184313E+01,1.31856671E+00,8.75642679E-01,20.8241225052856,7.51004741587692,3.65344765E+00,4502.43705492275,7.53035900E+00,5.15750854E+00,2.10994378E+01,0.00000000E+00,9.79295733E-01,2.07042675E-02
1.19189244E+01,1.32096841E+00,8.77084559E-01,20.9396013845025,7.53502259576732,3.65332714E+00,4501.18787161724,7.53071706E+00,5.15855902E+00,2.11011240E+01,0.00000000E+00,9.79295733E-01,2.07042675E-02
1.19194147E+01,1.32336762E+00,8.78528369E-01,21.0555999233794,7.5601144293309,3.65320503E+00,4499.92245653516,7.53107617E+00,5.15960906E+00,2.11028095E+01,0.00000000E+00,9.79295733E-01,2.07042675E-02
1.19199024E+01,1.32575475E+00,8.79966406E-01,21.171652153679,7.58518899014352,3.65308280E+00,4498.65615417333,7.53143420E+00,5.16065505E+00,2.11044885E+01,0.00000000E+00,9.79295733E-01,2.07042675E-02
1.19203874E+01,1.32814016E+00,8.81399248E-01,21.2882597183208,7.61025568163058,3.65296273E+00,4497.41257635851,7.53179232E+00,5.16169898E+00,2.11061643E+01,0.00000000E+00,9.79295733E-01,2.07042675E-02
1.19208698E+01,1.33052945E+00,8.82835960E-01,21.4057007632803,7.63547325017203,3.65284170E+00,4496.15940362083,7.53215242E+00,5.16274414E+00,2.11078423E+01,0.00000000E+00,9.79295733E-01,2.07042675E-02
1.19213495E+01,1.33290065E+00,8.84265440E-01,21.5228931676269,7.66064681197945,3.65271976E+00,4494.89716166744,7.53251054E+00,5.16378372E+00,2.11095112E+01,0.00000000E+00,9.79295733E-01,2.07042675E-02
1.19218266E+01,1.33526484E+00,8.85688897E-01,21.640377876755,7.68579677808214,3.65259907E+00,4493.6482078137,7.53286842E+00,5.16482076E+00,2.11111761E+01,0.00000000E+00,9.79295733E-01,2.07042675E-02
1.19223011E+01,1.33762655E+00,8.87107528E-01,21.7583796374217,7.71094362512189,3.65248019E+00,4492.41832391333,7.53322651E+00,5.16585607E+00,2.11128383E+01,0.00000000E+00,9.79295733E-01,2.07042675E-02
1.19227730E+01,1.33998432E+00,8.88527671E-01,21.8768263726095,7.7361996827108,3.65235956E+00,4491.17067930852,7.53358566E+00,5.16689107E+00,2.11145002E+01,0.00000000E+00,9.79295733E-01,2.07042675E-02
1.19232424E+01,1.34232947E+00,8.89944017E-01,21.9952787379768,7.7614706046091,3.65223767E+00,4489.91035479868,7.53394378E+00,5.16792224E+00,2.11161559E+01,0.00000000E+00,9.79295733E-01,2.07042675E-02
1.19237093E+01,1.34468412E+00,8.91359016E-01,22.1148562126634,7.7867999245806,3.65211883E+00,4488.68190734858,7.53430381E+00,5.16895460E+00,2.11178136E+01,0.00000000E+00,9.79295733E-01,2.07042675E-02
1.19241736E+01,1.34702026E+00,8.92765088E-01,22.2341361130857,7.81205132625763,3.65199983E+00,4487.45214276511,7.53466200E+00,5.16998176E+00,2.11194630E+01,0.00000000E+00,9.79295733E-01,2.07042675E-02
1.19246354E+01,1.34935087E+00,8.94171810E-01,22.3537747290829,7.83739634443778,3.65187912E+00,4486.2050509898,7.53502120E+00,5.17100863E+00,2.11211120E+01,0.00000000E+00,9.79295733E-01,2.07042675E-02
1.19250948E+01,1.35167056E+00,8.95572318E-01,22.4734920171363,7.86271108814443,3.65175879E+00,4484.96223005032,7.53537902E+00,5.17203113E+00,2.11227540E+01,0.00000000E+00,9.79295733E-01,2.07042675E-02
1.19255518E+01,1.35399262E+00,8.96968348E-01,22.5939737577895,7.88802626465392,3.65164129E+00,4483.74897084074,7.53573839E+00,5.17305428E+00,2.11243972E+01,0.00000000E+00,9.79295733E-01,2.07042675E-02
1.19260063E+01,1.35629724E+00,8.98357715E-01,22.7141892543705,7.9133015393789,3.65152276E+00,4482.52540878791,7.53609634E+00,5.17407306E+00,2.11260333E+01,0.00000000E+00,9.79295733E-01,2.07042675E-02
1.19264584E+01,1.35860032E+00,8.99750117E-01,22.834963407672,7.93871328089564,3.65140233E+00,4481.28257537234,7.53645537E+00,5.17509174E+00,2.11276694E+01,0.00000000E+00,9.79295733E-01,2.07042675E-02
1.19269081E+01,1.36089105E+00,9.01130823E-01,22.9557269324952,7.96399214491401,3.65128466E+00,4480.06855789648,7.53681304E+00,5.17610618E+00,2.11292986E+01,0.00000000E+00,9.79295733E-01,2.07042675E-02
1.19273554E+01,1.36318091E+00,9.02509727E-01,23.0770828903701,7.98931835339233,3.65116768E+00,4478.86198524558,7.53717241E+00,5.17712159E+00,2.11309296E+01,0.00000000E+00,9.79295733E-01,2.07042675E-02
1.19278004E+01,1.36545683E+00,9.03884180E-01,23.1983357662274,8.01464296053869,3.65104943E+00,4477.64264363528,7.53753031E+00,5.17813262E+00,2.11325535E+01,0.00000000E+00,9.79295733E-01,2.07042675E-02
1.19282431E+01,1.36772828E+00,9.05257299E-01,23.3199857121224,8.04002314567037,3.65093073E+00,4476.4189956795,7.53788937E+00,5.17914374E+00,2.11341777E+01,0.00000000E+00,9.79295733E-01,2.07042675E-02
1.19286835E+01,1.36999860E+00,9.06626740E-01,23.4422125843125,8.06541539736601,3.65081359E+00,4475.21175719993,7.53824922E+00,5.18015438E+00,2.11358011E+01,0.00000000E+00,9.79295733E-01,2.07042675E-02
1.19291216E+01,1.37225631E+00,9.07988493E-01,23.5643958670631,8.09074461781503,3.65069714E+00,4474.01195253032,7.53860818E+00,5.18116161E+00,2.11374191E+01,0.00000000E+00,9.79295733E-01,2.07042675E-02
1.19295574E+01,1.37450114E+00,9.09346644E-01,23.6865134936025,8.11608606962184,3.65057928E+00,4472.79794791785,7.53896714E+00,5.18216704E+00,2.11390343E+01,0.00000000E+00,9.79295733E-01,2.07042675E-02
1.19299910E+01,1.37673224E+00,9.10694483E-01,23.8085112636626,8.14131358299758,3.65046313E+00,4471.6018792628,7.53932483E+00,5.18316852E+00,2.11406431E+01,0.00000000E+00,9.79295733E-01,2.07042675E-02
1.19304223E+01,1.37896064E+00,9.12039621E-01,23.9309886062724,8.16656872157841,3.65034766E+00,4470.41313002689,7.53968373E+00,5.18417029E+00,2.11422525E+01,0.00000000E+00,9.79295733E-01,2.07042675E-02
1.19308514E+01,1.38117823E+00,9.13379122E-01,24.0534972833278,8.19179587651569,3.65023231E+00,4469.22593170562,7.54004266E+00,5.18517036E+00,2.11438592E+01,0.00000000E+00,9.79295733E-01,2.07042675E-02
1.19312784E+01,1.38338701E+00,9.14715397E-01,24.1761426759849,8.21703992251703,3.65011637E+00,4468.0329787266,7.54040160E+00,5.18616870E+00,2.11454631E+01,0.00000000E+00,9.79295733E-01,2.07042675E-02
1.19317032E+01,1.38558515E+00,9.16044780E-01,24.2988181038965,8.24223096077744,3.65000121E+00,4466.84836670343,7.54076057E+00,5.18716537E+00,2.11470644E+01,0.00000000E+00,9.79295733E-01,2.07042675E-02
1.19321259E+01,1.38777837E+00,9.17370130E-01,24.4218393460367,8.26742245305072,3.64988684E+00,4465.67219199599,7.54112039E+00,5.18816179E+00,2.11486654E+01,0.00000000E+00,9.79295733E-01,2.07042675E-02
1.19325464E+01,1.38995655E+00,9.18687523E-01,24.5446334091577,8.29253900585862,3.64977269E+00,4464.4985885642,7.54147938E+00,5.18915510E+00,2.11502614E+01,0.00000000E+00,9.79295733E-01,2.07042675E-02
1.19329648E+01,1.39212167E+00,9.19996728E-01,24.6673030857278,8.3175750456943,3.64965937E+00,4463.33382363469,7.54183840E+00,5.19014680E+00,2.11518549E+01,0.00000000E+00,9.79295733E-01,2.07042675E-02
1.19333812E+01,1.39427532E+00,9.21300865E-01,24.7899311164798,8.34258931751998,3.64954571E+00,4462.16586924938,7.54219743E+00,5.19113688E+00,2.11534458E+01,0.00000000E+00,9.79295733E-01,2.07042675E-02
1.19337955E+01,1.39641727E+00,9.22596748E-01,24.9124976074666,8.3675197865355,3.64943326E+00,4461.01064942075,7.54255648E+00,5.19212538E+00,2.11550342E+01,0.00000000E+00,9.79295733E-01,2.07042675E-02
1.19342078E+01,1.39854245E+00,9.23883440E-01,25.0347033747466,8.39234714657391,3.64932121E+00,4459.85983635032,7.54291504E+00,5.19311144E+00,2.11566187E+01,0.00000000E+00,9.79295733E-01,2.07042675E-02
1.19346180E+01,1.40065858E+00,9.25162199E-01,25.1569843735631,8.41709442066425,3.64921086E+00,4458.72677333882,7.54327382E+00,5.19409631E+00,2.11582014E+01,0.00000000E+00,9.79295733E-01,2.07042675E-02
1.19350263E+01,1.40275809E+00,9.26434710E-01,25.2788952333371,8.44179322011507,3.64909948E+00,4457.58342629439,7.54363279E+00,5.19507995E+00,2.11597821E+01,0.00000000E+00,9.79295733E-01,2.07042675E-02
1.19354326E+01,1.40484366E+00,9.27698271E-01,25.4005815518165,8.46639001645725,3.64898909E+00,4456.45053116877,7.54399130E+00,5.19606127E+00,2.11613591E+01,0.00000000E+00,9.79295733E-01,2.07042675E-02
1.19358369E+01,1.40692726E+00,9.28959994E-01,25.5227378642217,8.49102254495114,3.64887913E+00,4455.32233523261,7.54435214E+00,5.19704506E+00,2.11629402E+01,0.00000000E+00,9.79295733E-01,2.07042675E-02
1.19362394E+01,1.40897885E+00,9.30199759E-01,25.6435915002031,8.51529619487436,3.64877214E+00,4454.22488581513,7.54470982E+00,5.19802195E+00,2.11645101E+01,0.00000000E+00,9.79295733E-01,2.07042675E-02
1.19366399E+01,1.41102990E+00,9.31443622E-01,25.7649853584939,8.53971981728287,3.64866298E+00,4453.10545623965,7.54507067E+00,5.19900279E+00,2.11660866E+01,0.00000000E+00,9.79295733E-01,2.07042675E-02
1.19370385E+01,1.41305177E+00,9.32670990E-01,25.8852146102404,8.56388821924422,3.64855476E+00,4451.99594402075,7.54542923E+00,5.19997827E+00,2.11676543E+01,0.00000000E+00,9.79295733E-01,2.07042675E-02
1.19374353E+01,1.41505983E+00,9.33886445E-01,26.005177953543,8.58788944558128,3.64844905E+00,4450.9124321653,7.54578817E+00,5.20095298E+00,2.11692209E+01,0.00000000E+00,9.79295733E-01,2.07042675E-02
1.19378303E+01,1.41705359E+00,9.35091187E-01,26.1248370333519,8.61174550429775,3.64834512E+00,4449.84742212512,7.54614796E+00,5.20192776E+00,2.11707876E+01,0.00000000E+00,9.79295733E-01,2.07042675E-02
1.19382235E+01,1.41902189E+00,9.36284421E-01,26.243508167474,8.63543900591143,3.64824057E+00,4448.77631582965,7.54650645E+00,5.20289893E+00,2.11723486E+01,0.00000000E+00,9.79295733E-01,2.07042675E-02
1.19386149E+01,1.42097222E+00,9.37470845E-01,26.3616275613594,8.65906191508354,3.64813494E+00,4447.69440685202,7.54686602E+00,5.20387061E+00,2.11739104E+01,0.00000000E+00,9.79295733E-01,2.07042675E-02
1.19390045E+01,1.42290726E+00,9.38642509E-01,26.4793463365628,8.68245435828249,3.64803287E+00,4446.64921092309,7.54722564E+00,5.20484105E+00,2.11754702E+01,0.00000000E+00,9.79295733E-01,2.07042675E-02
1.19393924E+01,1.42482050E+00,9.39797623E-01,26.5962557204958,8.70557823952262,3.64793363E+00,4445.63322966805,7.54758529E+00,5.20581024E+00,2.11770281E+01,0.00000000E+00,9.79295733E-01,2.07042675E-02
1.19397787E+01,1.42671600E+00,9.40945945E-01,26.7125900984982,8.72862719688391,3.64783334E+00,4444.60673474442,7.54794579E+00,5.20677962E+00,2.11785863E+01,0.00000000E+00,9.79295733E-01,2.07042675E-02
1.19401632E+01,1.42858096E+00,9.42079485E-01,26.8275467285015,8.75143930267483,3.64773281E+00,4443.57802122541,7.54830561E+00,5.20774658E+00,2.11801407E+01,0.00000000E+00,9.79295733E-01,2.07042675E-02
1.19405461E+01,1.43042241E+00,9.43199050E-01,26.9415395833195,8.77402868674627,3.64763339E+00,4442.56090039549,7.54866552E+00,5.20871247E+00,2.11816933E+01,0.00000000E+00,9.79295733E-01,2.07042675E-02
1.19409274E+01,1.43224175E+00,9.44296579E-01,27.0546394138772,8.79623004900217,3.64753946E+00,4441.60015914751,7.54902548E+00,5.20967725E+00,2.11832442E+01,0.00000000E+00,9.79295733E-01,2.07042675E-02
1.19413071E+01,1.43403291E+00,9.45379400E-01,27.1664512317837,8.81818894291091,3.64744584E+00,4440.64279540374,7.54938554E+00,5.21064107E+00,2.11847936E+01,0.00000000E+00,9.79295733E-01,2.07042675E-02
1.19416852E+01,1.43578750E+00,9.46443524E-01,27.276428224254,8.83982207976113,3.64735243E+00,4439.68778479359,7.54974457E+00,5.21160201E+00,2.11863383E+01,0.00000000E+00,9.79295733E-01,2.07042675E-02
1.19420618E+01,1.43751816E+00,9.47496570E-01,27.3853414352563,8.86128225109112,3.64725857E+00,4438.7283803195,7.55010486E+00,5.21256400E+00,2.11878847E+01,0.00000000E+00,9.79295733E-01,2.07042675E-02
1.19424369E+01,1.43922032E+00,9.48528788E-01,27.4928852870806,8.88236852763932,3.64716800E+00,4437.8028016399,7.55046530E+00,5.21352519E+00,2.11894300E+01,0.00000000E+00,9.79295733E-01,2.07042675E-02
1.19428106E+01,1.44089391E+00,9.49536955E-01,27.5990358116369,8.90301192324767,3.64708231E+00,4436.92727172966,7.55082586E+00,5.21448555E+00,2.11909738E+01,0.00000000E+00,9.79295733E-01,2.07042675E-02
1.19431828E+01,1.44253034E+00,9.50525831E-01,27.7032256833427,8.92330692121795,3.64699698E+00,4436.05559173273,7.55118657E+00,5.21544518E+00,2.11925166E+01,0.00000000E+00,9.79295733E-01,2.07042675E-02
1.19435537E+01,1.44414074E+00,9.51502241E-01,27.8061422381206,8.94339146793996,3.64691138E+00,4435.1813256422,7.55154872E+00,5.21640630E+00,2.11940618E+01,0.00000000E+00,9.79295733E-01,2.07042675E-02
1.19439231E+01,1.44570178E+00,9.52451198E-01,27.9062692404224,8.96295462890597,3.64682716E+00,4434.32132218626,7.55190958E+00,5.21736428E+00,2.11956019E+01,0.00000000E+00,9.79295733E-01,2.07042675E-02
1.19442913E+01,1.44722331E+00,9.53375350E-01,28.0042089869181,8.98204755328089,3.64674547E+00,4433.48731287294,7.55227009E+00,5.21832079E+00,2.11971396E+01,0.00000000E+00,9.79295733E-01,2.07042675E-02
1.19446582E+01,1.44871486E+00,9.54271697E-01,28.1005525721296,9.00060488190488,3.64667018E+00,4432.71878289721,7.55263231E+00,5.21927939E+00,2.11986808E+01,0.00000000E+00,9.79295733E-01,2.07042675E-02
1.19450238E+01,1.45015454E+00,9.55138821E-01,28.1938600733252,9.01859368327926,3.64659654E+00,4431.96722433129,7.55299320E+00,5.22023490E+00,2.12002169E+01,0.00000000E+00,9.79295733E-01,2.07042675E-02
1.19453882E+01,1.45154925E+00,9.55980739E-01,28.2845484619085,9.03609397674174,3.64652425E+00,4431.22956760146,7.55335477E+00,5.22119082E+00,2.12017538E+01,0.00000000E+00,9.79295733E-01,2.07042675E-02
1.19457515E+01,1.45290108E+00,9.56798606E-01,28.3727270436058,9.05312685767885,3.64645328E+00,4430.50549975978,7.55371723E+00,5.22214754E+00,2.12032919E+01,0.00000000E+00,9.79295733E-01,2.07042675E-02
1.19461136E+01,1.45420893E+00,9.57591400E-01,28.4582984745708,9.06966821360736,3.64638384E+00,4429.79715618099,7.55408052E+00,5.22310501E+00,2.12048313E+01,0.00000000E+00,9.79295733E-01,2.07042675E-02
1.19464746E+01,1.45545909E+00,9.58346759E-01,28.5403365470339,9.08545661761864,3.64631871E+00,4429.13288097571,7.55444328E+00,5.22406095E+00,2.12063683E+01,0.00000000E+00,9.79295733E-01,2.07042675E-02
1.19468347E+01,1.45665785E+00,9.59064791E-01,28.6192237466741,9.10049029799602,3.64625938E+00,4428.52784794843,7.55480630E+00,5.22501674E+00,2.12079049E+01,0.00000000E+00,9.79295733E-01,2.07042675E-02
1.19471937E+01,1.45779921E+00,9.59747092E-01,28.6945362341296,9.11479891577429,3.64620357E+00,4427.95878647174,7.55516961E+00,5.22597252E+00,2.12094416E+01,0.00000000E+00,9.79295733E-01,2.07042675E-02
1.19475518E+01,1.45887974E+00,9.60393445E-01,28.7660174786104,9.12837441365169,3.64615052E+00,4427.41793486751,7.55553323E+00,5.22692838E+00,2.12109784E+01,0.00000000E+00,9.79295733E-01,2.07042675E-02
1.19479090E+01,1.45989312E+00,9.60999564E-01,28.8332182945268,9.14112323767655,3.64610081E+00,4426.91119494921,7.55589610E+00,5.22788253E+00,2.12125124E+01,0.00000000E+00,9.79295733E-01,2.07042675E-02
1.19482654E+01,1.46084644E+00,9.61569700E-01,28.8965796209348,9.153131462665,3.64605407E+00,4426.43478388725,7.55626044E+00,5.22883885E+00,2.12140499E+01,0.00000000E+00,9.79295733E-01,2.07042675E-02
1.19486211E+01,1.46173135E+00,9.62098342E-01,28.9555187564712,9.1642798333561,3.64601098E+00,4425.99562193405,7.55662516E+00,5.22979554E+00,2.12155880E+01,0.00000000E+00,9.79295733E-01,2.07042675E-02
1.19489760E+01,1.46254718E+00,9.62584807E-01,29.0099633411063,9.17455074244547,3.64597170E+00,4425.59532846178,7.55699031E+00,5.23075275E+00,2.12171269E+01,0.00000000E+00,9.79295733E-01,2.07042675E-02
1.19493303E+01,1.46329003E+00,9.63023396E-01,29.0596266297159,9.18382069569364,3.64593812E+00,4425.25315108654,7.55735588E+00,5.23171051E+00,2.12186668E+01,0.00000000E+00,9.79295733E-01,2.07042675E-02
1.19496839E+01,1.46395499E+00,9.63413373E-01,29.1041546885343,9.19207105916356,3.64590937E+00,4424.96021202711,7.55772192E+00,5.23266898E+00,2.12202077E+01,0.00000000E+00,9.79295733E-01,2.07042675E-02
1.19500371E+01,1.46453922E+00,9.63753578E-01,29.1433330871432,9.19927449790847,3.64588533E+00,4424.71527891419,7.55808844E+00,5.23362827E+00,2.12217500E+01,0.00000000E+00,9.79295733E-01,2.07042675E-02
1.19503898E+01,1.46505061E+00,9.64048093E-01,29.1776701275969,9.2055150634876,3.64586592E+00,4424.51752875166,7.55845659E+00,5.23459039E+00,2.12232968E+01,0.00000000E+00,9.79295733E-01,2.07042675E-02
1.19507421E+01,1.46546568E+00,9.64281157E-01,29.2055695489086,9.21045652611078,3.64585315E+00,4424.38743209945,7.55882390E+00,5.23555121E+00,2.12248414E+01,0.00000000E+00,9.79295733E-01,2.07042675E-02
1.19510940E+01,1.46579253E+00,9.64459797E-01,29.22755793192,9.21424587749345,3.64584555E+00,4424.31000755994,7.55919227E+00,5.23651406E+00,2.12263894E+01,0.00000000E+00,9.79295733E-01,2.07042675E-02
1.19514457E+01,1.46602144E+00,9.64577878E-01,29.2429673927811,9.21675149370303,3.64584373E+00,4424.2914666213,7.55956062E+00,5.23747719E+00,2.12279377E+01,0.00000000E+00,9.79295733E-01,2.07042675E-02
1.19517973E+01,1.46614989E+00,9.64633709E-01,29.2516177783185,9.21793643514625,3.64584793E+00,4424.33425352002,7.55992906E+00,5.23844088E+00,2.12294869E+01,0.00000000E+00,9.79295733E-01,2.07042675E-02
1.19521487E+01,1.46618346E+00,9.64630683E-01,29.2538789508709,9.21787220826878,3.64585783E+00,4424.43510998993,7.56029899E+00,5.23940761E+00,2.12310409E+01,0.00000000E+00,9.79295733E-01,2.07042675E-02
1.19525002E+01,1.46611358E+00,9.64563503E-01,29.249172244501,9.21644642740455,3.64587395E+00,4424.59933776766,7.56066948E+00,5.24037589E+00,2.12325974E+01,0.00000000E+00,9.79295733E-01,2.07042675E-02
1.19528517E+01,1.46593492E+00,9.64428927E-01,29.2371421989599,9.21359094478515,3.64589658E+00,4424.82989858747,7.56104043E+00,5.24134566E+00,2.12341563E+01,0.00000000E+00,9.79295733E-01,2.07042675E-02
1.19532034E+01,1.46564608E+00,9.64225537E-01,29.2177036638642,9.20927702047445,3.64592606E+00,4425.13026715817,7.56141218E+00,5.24231759E+00,2.12357186E+01,0.00000000E+00,9.79295733E-01,2.07042675E-02
1.19535553E+01,1.46524458E+00,9.63949927E-01,29.1907047319438,9.20343452480603,3.64596349E+00,4425.51166680885,7.56178460E+00,5.24329158E+00,2.12372841E+01,0.00000000E+00,9.79295733E-01,2.07042675E-02
1.19539076E+01,1.46471244E+00,9.63593043E-01,29.1549593344249,9.1958746559132,3.64600890E+00,4425.97442422321,7.56215590E+00,5.24426471E+00,2.12388481E+01,0.00000000E+00,9.79295733E-01,2.07042675E-02
1.19542603E+01,1.46406519E+00,9.63164896E-01,29.1115406557292,9.18681341700633,3.64606116E+00,4426.5070474782,7.56252871E+00,5.24524160E+00,2.12404182E+01,0.00000000E+00,9.79295733E-01,2.07042675E-02
1.19546136E+01,1.46330209E+00,9.62665376E-01,29.0604336028131,9.17625293526494,3.64612015E+00,4427.10833852906,7.56290322E+00,5.24622204E+00,2.12419949E+01,0.00000000E+00,9.79295733E-01,2.07042675E-02
1.19549676E+01,1.46241503E+00,9.62088368E-01,29.0011373402989,9.16406936907143,3.64618688E+00,4427.78862264236,7.56327847E+00,5.24720515E+00,2.12435759E+01,0.00000000E+00,9.79295733E-01,2.07042675E-02
1.19553222E+01,1.46140362E+00,9.61431907E-01,28.9336764054621,9.15022781678746,3.64626226E+00,4428.55721558496,7.56365448E+00,5.24819109E+00,2.12451614E+01,0.00000000E+00,9.79295733E-01,2.07042675E-02
1.19556778E+01,1.46026721E+00,9.60699252E-01,28.8580651804534,9.13480439137739,3.64634449E+00,4429.39580495814,7.56403155E+00,5.24918053E+00,2.12467524E+01,0.00000000E+00,9.79295733E-01,2.07042675E-02
1.19560343E+01,1.45899377E+00,9.59883544E-01,28.7735713844897,9.11766316572351,3.64643398E+00,4430.3086129474,7.56440879E+00,5.25017212E+00,2.12483467E+01,0.00000000E+00,9.79295733E-01,2.07042675E-02
1.19563918E+01,1.45759539E+00,9.58986715E-01,28.6810726778549,9.0988543895385,3.64653280E+00,4431.3168065311,7.56478798E+00,5.25116903E+00,2.12499496E+01,0.00000000E+00,9.79295733E-01,2.07042675E-02
1.19567506E+01,1.45604494E+00,9.57994889E-01,28.5788625692633,9.07809846543875,3.64664110E+00,4432.42198164359,7.56516692E+00,5.25216764E+00,2.12515550E+01,0.00000000E+00,9.79295733E-01,2.07042675E-02
1.19571106E+01,1.45434145E+00,9.56910015E-01,28.4669835242621,9.05544954247128,3.64675767E+00,4433.61185810018,7.56554641E+00,5.25316953E+00,2.12531656E+01,0.00000000E+00,9.79295733E-01,2.07042675E-02
1.19574721E+01,1.45248446E+00,9.55727322E-01,28.3455220523949,9.0308228255803,3.64688477E+00,4434.90958247158,7.56592645E+00,5.25417488E+00,2.12547816E+01,0.00000000E+00,9.79295733E-01,2.07042675E-02
1.19578352E+01,1.45046975E+00,9.54449364E-01,28.2143305440828,9.00428772309114,3.64702007E+00,4436.2914483941,7.56630706E+00,5.25518393E+00,2.12564034E+01,0.00000000E+00,9.79295733E-01,2.07042675E-02
1.19582000E+01,1.44831701E+00,9.53081023E-01,28.0748219076783,8.97596236546099,3.64716605E+00,4437.78287576841,7.56669001E+00,5.25619987E+00,2.12580362E+01,0.00000000E+00,9.79295733E-01,2.07042675E-02
1.19585666E+01,1.44599842E+00,9.51613366E-01,27.925336817455,8.94568014895643,3.64732023E+00,4439.35862415933,7.56707174E+00,5.25721686E+00,2.12596705E+01,0.00000000E+00,9.79295733E-01,2.07042675E-02
1.19589353E+01,1.44353105E+00,9.50053343E-01,27.7671336087249,8.91360414354626,3.64748340E+00,4441.02686143037,7.56745400E+00,5.25823810E+00,2.12613114E+01,0.00000000E+00,9.79295733E-01,2.07042675E-02
1.19593061E+01,1.44092602E+00,9.48403250E-01,27.6010764495885,8.87980134412819,3.64765719E+00,4442.80436617977,7.56783675E+00,5.25926377E+00,2.12629593E+01,0.00000000E+00,9.79295733E-01,2.07042675E-02
1.19596791E+01,1.43817924E+00,9.46670041E-01,27.4270589520119,8.84443390962549,3.64783710E+00,4444.64521507139,7.56821990E+00,5.26029391E+00,2.12646141E+01,0.00000000E+00,9.79295733E-01,2.07042675E-02
1.19600546E+01,1.43530110E+00,9.44855038E-01,27.2458963420842,8.80754839123186,3.64802507E+00,4446.5693490924,7.56860414E+00,5.26132993E+00,2.12662783E+01,0.00000000E+00,9.79295733E-01,2.07042675E-02
1.19604326E+01,1.43226385E+00,9.42935843E-01,27.0560161818747,8.76871274054625,3.64822535E+00,4448.62040966023,7.56898624E+00,5.26236658E+00,2.12679431E+01,0.00000000E+00,9.79295733E-01,2.07042675E-02
1.19608133E+01,1.42909399E+00,9.40939780E-01,26.8592567072273,8.72850329108503,3.64843092E+00,4450.72662884189,7.56936977E+00,5.26341022E+00,2.12696189E+01,0.00000000E+00,9.79295733E-01,2.07042675E-02
1.19611968E+01,1.42580067E+00,9.38863962E-01,26.6563492582229,8.6868827955499,3.64864550E+00,4452.92622597048,7.56975262E+00,5.26445752E+00,2.12713004E+01,0.00000000E+00,9.79295733E-01,2.07042675E-02
1.19615832E+01,1.42238603E+00,9.36716409E-01,26.4475855123689,8.64403285661244,3.64886561E+00,4455.18363897261,7.57013321E+00,5.26550604E+00,2.12729834E+01,0.00000000E+00,9.79295733E-01,2.07042675E-02
1.19619728E+01,1.41889909E+00,9.34522040E-01,26.2360886690494,8.60046712270854,3.64909106E+00,4457.49700454561,7.57051533E+00,5.26656254E+00,2.12746791E+01,0.00000000E+00,9.79295733E-01,2.07042675E-02
1.19623655E+01,1.41533727E+00,9.32281267E-01,26.0217961283067,8.55620668680787,3.64932100E+00,4459.85767981742,7.57089441E+00,5.26761946E+00,2.12763750E+01,0.00000000E+00,9.79295733E-01,2.07042675E-02
1.19627615E+01,1.41173757E+00,9.30019792E-01,25.8070028631484,8.51176827799327,3.64955181E+00,4462.22854424088,7.57127175E+00,5.26867932E+00,2.12780752E+01,0.00000000E+00,9.79295733E-01,2.07042675E-02
1.19631608E+01,1.40814433E+00,9.27756567E-01,25.5943632844972,8.4675265489712,3.64978511E+00,4464.62626659756,7.57164697E+00,5.26974166E+00,2.12797791E+01,0.00000000E+00,9.79295733E-01,2.07042675E-02
1.19635635E+01,1.40461811E+00,9.25541203E-01,25.3873932338287,8.42444313214867,3.65001124E+00,4466.95152943827,7.57201963E+00,5.27080599E+00,2.12814857E+01,0.00000000E+00,9.79295733E-01,2.07042675E-02
1.19639694E+01,1.40130397E+00,9.23452077E-01,25.1943970894231,8.38401558600382,3.65022727E+00,4469.17406651061,7.57239069E+00,5.27187408E+00,2.12831979E+01,0.00000000E+00,9.79295733E-01,2.07042675E-02
1.19643785E+01,1.39841008E+00,9.21629374E-01,25.0270741304053,8.34890220561298,3.65041515E+00,4471.10789277172,7.57275542E+00,5.27293783E+00,2.12849026E+01,0.00000000E+00,9.79295733E-01,2.07042675E-02
1.19647901E+01,1.39636667E+00,9.20333272E-01,24.9095952013823,8.32402300891834,3.65055234E+00,4472.52050152031,7.57311178E+00,5.27399356E+00,2.12865938E+01,0.00000000E+00,9.79295733E-01,2.07042675E-02
1.19652036E+01,1.39578271E+00,9.19938531E-01,24.8761238296329,8.31646053583104,3.65060372E+00,4473.04966250859,7.57345207E+00,5.27502740E+00,2.12882488E+01,0.00000000E+00,9.79295733E-01,2.07042675E-02
1.19656173E+01,1.39736534E+00,9.20889874E-01,24.9669412889145,8.3346981114239,3.65052371E+00,4472.22566921937,7.57376368E+00,5.27601647E+00,2.12898306E+01,0.00000000E+00,9.79295733E-01,2.07042675E-02
1.19660289E+01,1.40142760E+00,9.23376607E-01,25.2015701639717,8.38255877108184,3.65029591E+00,4469.88047279468,7.57403077E+00,5.27693161E+00,2.12912916E+01,0.00000000E+00,9.79295733E-01,2.07042675E-02
1.19666397E+01,1.40622719E+00,9.26342701E-01,25.4816290993901,8.44000494346622,3.65001276E+00,4466.96716348035,7.57431333E+00,5.27521237E+00,2.12933776E+01,0.00000000E+00,9.79295733E-01,2.07042670E-02
1.19675558E+01,1.40503780E+00,9.25547369E-01,25.4119387563625,8.42456274104833,3.65011308E+00,4467.99913124883,7.57449781E+00,5.27673367E+00,2.12957781E+01,0.00000000E+00,9.79295733E-01,2.07042670E-02
1.19689044E+01,1.40752483E+00,9.27024090E-01,25.5578801943564,8.45325733465329,3.64999647E+00,4466.79961465477,7.57476080E+00,5.27885195E+00,2.12991209E+01,0.00000000E+00,9.79295733E-01,2.07042670E-02
1.19702438E+01,1.41502730E+00,9.31599146E-01,26.0032301582271,8.54277850044681,3.64958456E+00,4462.56505207407,7.57505861E+00,5.28104547E+00,2.13025848E+01,0.00000000E+00,9.79295733E-01,2.07042670E-02
1.19715590E+01,1.42244148E+00,9.36114994E-01,26.4509625118545,8.63207080476049,3.64918019E+00,4458.4119079023,7.57545749E+00,5.28343308E+00,2.13063623E+01,0.00000000E+00,9.79295733E-01,2.07042670E-02
1.19728519E+01,1.42935966E+00,9.40338885E-01,26.8756922872876,8.7164347813209,3.64879779E+00,4454.48796593024,7.57582739E+00,5.28581720E+00,2.13101311E+01,0.00000000E+00,9.79295733E-01,2.07042670E-02
1.19741244E+01,1.43604641E+00,9.44416584E-01,27.2926942507295,8.79866097429802,3.64843062E+00,4450.72355438991,7.57612494E+00,5.28812739E+00,2.13137766E+01,0.00000000E+00,9.79295733E-01,2.07042670E-02
1.19753775E+01,1.44268124E+00,9.48467437E-01,27.712853121125,8.88111384049688,3.64806390E+00,4446.96693187085,7.57640806E+00,5.29045049E+00,2.13174406E+01,0.00000000E+00,9.79295733E-01,2.07042670E-02
1.19766115E+01,1.44917195E+00,9.52435021E-01,28.1301436533385,8.96262077475245,3.64770279E+00,4443.27087571137,7.57661551E+00,5.29268329E+00,2.13209553E+01,0.00000000E+00,9.79295733E-01,2.07042670E-02
1.19778273E+01,1.45565090E+00,9.56407450E-01,28.5529444231424,9.04497664901665,3.64733631E+00,4439.52299697823,7.57682648E+00,5.29494548E+00,2.13245162E+01,0.00000000E+00,9.79295733E-01,2.07042670E-02
1.19790250E+01,1.46203228E+00,9.60312970E-01,28.9755894785619,9.12668307769346,3.64697890E+00,4435.87091930656,7.57700108E+00,5.29716834E+00,2.13280117E+01,0.00000000E+00,9.79295733E-01,2.07042670E-02
1.19802052E+01,1.46830691E+00,9.64147763E-01,29.3972638270403,9.20762795926857,3.64663016E+00,4432.31032909501,7.57712614E+00,5.29932528E+00,2.13313990E+01,0.00000000E+00,9.79295733E-01,2.07042670E-02
1.19813686E+01,1.47453701E+00,9.67962325E-01,29.8220167637053,9.28885802540319,3.64628040E+00,4428.74219538322,7.57725610E+00,5.30149714E+00,2.13348100E+01,0.00000000E+00,9.79295733E-01,2.07042670E-02
1.19825153E+01,1.48075387E+00,9.71781808E-01,30.251984555192,9.37091088785425,3.64592488E+00,4425.1182438725,7.57737533E+00,5.30365440E+00,2.13381971E+01,0.00000000E+00,9.79295733E-01,2.07042670E-02
1.19836457E+01,1.48688827E+00,9.75540424E-01,30.6823252931206,9.45236370663794,3.64557917E+00,4421.59713326786,7.57747542E+00,5.30577917E+00,2.13415314E+01,0.00000000E+00,9.79295733E-01,2.07042670E-02
1.19847603E+01,1.49296940E+00,9.79271760E-01,31.1149709608534,9.53392563302506,3.64523378E+00,4418.08207980793,7.57757140E+00,5.30789119E+00,2.13448453E+01,0.00000000E+00,9.79295733E-01,2.07042670E-02
1.19858593E+01,1.49899045E+00,9.82966489E-01,31.5493524657125,9.61538081387894,3.64489168E+00,4414.60326344531,7.57765437E+00,5.30997273E+00,2.13481103E+01,0.00000000E+00,9.79295733E-01,2.07042670E-02
1.19869432E+01,1.50497248E+00,9.86646071E-01,31.9869241127379,9.69719370749361,3.64454740E+00,4411.10504412222,7.57770149E+00,5.31198430E+00,2.13512623E+01,0.00000000E+00,9.79295733E-01,2.07042670E-02
1.19880123E+01,1.51090378E+00,9.90298516E-01,32.4267766330279,9.77909164164442,3.64420400E+00,4407.61852789529,7.57777350E+00,5.31401886E+00,2.13544528E+01,0.00000000E+00,9.79295733E-01,2.07042670E-02
1.19890669E+01,1.51678630E+00,9.93910981E-01,32.868985514709,9.86077344872582,3.64386840E+00,4404.21386708583,7.57785157E+00,5.31604446E+00,2.13576299E+01,0.00000000E+00,9.79295733E-01,2.07042670E-02
1.19901073E+01,1.52263840E+00,9.97521523E-01,33.3148912548805,9.94309349250561,3.64352615E+00,4400.74445064853,7.57792503E+00,5.31804253E+00,2.13607637E+01,0.00000000E+00,9.79295733E-01,2.07042670E-02
1.19911338E+01,1.52849499E+00,1.00113278E+00,33.7671953252351,10.0261172697384,3.64318467E+00,4397.28556358035,7.57800796E+00,5.32003366E+00,2.13638877E+01,0.00000000E+00,9.79295733E-01,2.07042670E-02
1.19921465E+01,1.53431516E+00,1.00474298E+00,34.2227701152628,10.1098096811024,3.64283461E+00,4393.74259069294,7.57812069E+00,5.32204845E+00,2.13670517E+01,0.00000000E+00,9.79295733E-01,2.07042670E-02
1.19931457E+01,1.54001461E+00,1.00827048E+00,34.6748515142751,10.1922596763493,3.64249572E+00,4390.31538935623,7.57817181E+00,5.32394165E+00,2.13700196E+01,0.00000000E+00,9.79295733E-01,2.07042670E-02
1.19941319E+01,1.54575898E+00,1.01183411E+00,35.1365389490048,10.2762369572345,3.64215000E+00,4386.82187071882,7.57829770E+00,5.32592783E+00,2.13731405E+01,0.00000000E+00,9.79295733E-01,2.07042670E-02
1.19951051E+01,1.55146193E+00,1.01536682E+00,35.6009781059136,10.3601685256407,3.64180939E+00,4383.38270748657,7.57839813E+00,5.32784778E+00,2.13761555E+01,0.00000000E+00,9.79295733E-01,2.07042670E-02
1.19960657E+01,1.55709694E+00,1.01887166E+00,36.0659137701044,10.4441153562172,3.64146572E+00,4379.9153798759,7.57849199E+00,5.32973106E+00,2.13791126E+01,0.00000000E+00,9.79295733E-01,2.07042670E-02
1.19970138E+01,1.56270776E+00,1.02236081E+00,36.5348862900655,10.5283620239732,3.64112385E+00,4376.46893388649,7.57860436E+00,5.33161687E+00,2.13820757E+01,0.00000000E+00,9.79295733E-01,2.07042670E-02
1.19979498E+01,1.56828591E+00,1.02581347E+00,37.0071729703527,10.6123965559779,3.64079206E+00,4373.12669916459,7.57871305E+00,5.33346998E+00,2.13849875E+01,0.00000000E+00,9.79295733E-01,2.07042670E-02
1.19988738E+01,1.57385032E+00,1.02928450E+00,37.4843789716904,10.6975543096444,3.64044764E+00,4369.65993808282,7.57887070E+00,5.33537333E+00,2.13879829E+01,0.00000000E+00,9.79295733E-01,2.07042670E-02
1.19997861E+01,1.57938188E+00,1.03273290E+00,37.9648667570441,10.782833519147,3.64010633E+00,4366.22719186211,7.57900285E+00,5.33720957E+00,2.13908711E+01,0.00000000E+00,9.79295733E-01,2.07042670E-02
1.20006868E+01,1.58487590E+00,1.03613100E+00,38.4481900332241,10.867533810021,3.63978079E+00,4362.95556611001,7.57913277E+00,5.33901574E+00,2.13937122E+01,0.00000000E+00,9.79295733E-01,2.07042670E-02
1.20015762E+01,1.59034711E+00,1.03955437E+00,38.9356213741993,10.9535367580952,3.63943691E+00,4359.50228869644,7.57928078E+00,5.34082388E+00,2.13965585E+01,0.00000000E+00,9.79295733E-01,2.07042670E-02
1.20024545E+01,1.59582270E+00,1.04297787E+00,39.429629840467,11.0402236167552,3.63909405E+00,4356.06197534584,7.57946971E+00,5.34267006E+00,2.13994685E+01,0.00000000E+00,9.79295733E-01,2.07042670E-02
1.20033218E+01,1.60121594E+00,1.04631113E+00,39.9223354947098,11.1252846091694,3.63877573E+00,4352.87033082454,7.57963264E+00,5.34444911E+00,2.14022713E+01,0.00000000E+00,9.79295733E-01,2.07042670E-02
1.20041783E+01,1.60657380E+00,1.04967380E+00,40.4179051139553,11.211760190037,3.63843386E+00,4349.44516590856,7.57979482E+00,5.34620157E+00,2.14050326E+01,0.00000000E+00,9.79295733E-01,2.07042670E-02
1.20050244E+01,1.61195485E+00,1.05304572E+00,40.9218114500722,11.2991485928388,3.63809316E+00,4346.03440447692,7.57997094E+00,5.34795080E+00,2.14077905E+01,0.00000000E+00,9.79295733E-01,2.07042670E-02
1.20058600E+01,1.61733442E+00,1.05637077E+00,41.4318589970586,11.3859892646894,3.63777553E+00,4342.85700691492,7.58019007E+00,5.34974258E+00,2.14106196E+01,0.00000000E+00,9.79295733E-01,2.07042670E-02
1.20066854E+01,1.62261668E+00,1.05969602E+00,41.9388656867114,11.4735026424532,3.63743347E+00,4339.43782276722,7.58036987E+00,5.35144768E+00,2.14133095E+01,0.00000000E+00,9.79295733E-01,2.07042670E-02
1.20075007E+01,1.62794083E+00,1.06304114E+00,42.4561716036251,11.5622176398538,3.63709195E+00,4336.02672197951,7.58061640E+00,5.35323390E+00,2.14161333E+01,0.00000000E+00,9.79295733E-01,2.07042670E-02
1.20083062E+01,1.63316149E+00,1.06626413E+00,42.969617720773,11.6483424501529,3.63678562E+00,4332.96938004162,7.58081107E+00,5.35491464E+00,2.14187871E+01,0.00000000E+00,9.79295733E-01,2.07042670E-02
1.20091020E+01,1.63838230E+00,1.06956053E+00,43.4892882482995,11.7370925737792,3.63644262E+00,4329.54860952785,7.58102370E+00,5.35660085E+00,2.14214517E+01,0.00000000E+00,9.79295733E-01,2.07042670E-02
1.20098883E+01,1.64363056E+00,1.07286329E+00,44.0180257361425,11.8266920893118,3.63610331E+00,4326.16729691947,7.58127699E+00,5.35832819E+00,2.14241850E+01,0.00000000E+00,9.79295733E-01,2.07042670E-02
1.20106651E+01,1.64884543E+00,1.07608484E+00,44.5497662847437,11.9147474145689,3.63579625E+00,4323.10964021837,7.58150669E+00,5.35999581E+00,2.14268228E+01,0.00000000E+00,9.79295733E-01,2.07042670E-02
1.20114327E+01,1.65403359E+00,1.07937123E+00,45.0851573781936,12.0052505989644,3.63545010E+00,4319.66532245748,7.58177374E+00,5.36170028E+00,2.14295225E+01,0.00000000E+00,9.79295733E-01,2.07042670E-02
1.20121912E+01,1.65913471E+00,1.08258214E+00,45.6178391986875,12.0943390679594,3.63511992E+00,4316.38246918475,7.58200290E+00,5.36332361E+00,2.14320917E+01,0.00000000E+00,9.79295733E-01,2.07042670E-02
1.20129408E+01,1.66422938E+00,1.08573176E+00,46.1561291621296,12.1823692804134,3.63481878E+00,4313.39052495839,7.58225110E+00,5.36495622E+00,2.14346777E+01,0.00000000E+00,9.79295733E-01,2.07042670E-02
1.20136817E+01,1.66936949E+00,1.08899563E+00,46.7056574731666,12.2742688036263,3.63447187E+00,4309.94640837261,7.58253216E+00,5.36661986E+00,2.14373161E+01,0.00000000E+00,9.79295733E-01,2.07042670E-02
1.20144138E+01,1.67441561E+00,1.09217065E+00,47.2515011148958,12.3643317729272,3.63414589E+00,4306.71259066864,7.58279506E+00,5.36823446E+00,2.14398762E+01,0.00000000E+00,9.79295733E-01,2.07042670E-02
1.20151375E+01,1.67953714E+00,1.09535249E+00,47.8120252293529,12.4552511742197,3.63383535E+00,4303.63419905929,7.58309305E+00,5.36988456E+00,2.14424959E+01,0.00000000E+00,9.79295733E-01,2.07042670E-02
1.20158527E+01,1.68450124E+00,1.09864789E+00,48.3616645124985,12.5501203348158,3.63342868E+00,4299.60619541043,7.58336201E+00,5.37146945E+00,2.14450109E+01,0.00000000E+00,9.79295733E-01,2.07042670E-02
1.20165598E+01,1.68958726E+00,1.10170512E+00,48.9313569890079,12.6387790029786,3.63317157E+00,4297.06150596554,7.58367317E+00,5.37310202E+00,2.14476053E+01,0.00000000E+00,9.79295733E-01,2.07042670E-02
1.20172586E+01,1.69455795E+00,1.10489138E+00,49.4946149557777,12.731846090731,3.63282111E+00,4293.59533087339,7.58398870E+00,5.37472264E+00,2.14501820E+01,0.00000000E+00,9.79295733E-01,2.07042670E-02
1.20179495E+01,1.69949330E+00,1.10806331E+00,50.0602829509143,12.8251753015421,3.63246898E+00,4290.11545484533,7.58427125E+00,5.37627371E+00,2.14526464E+01,0.00000000E+00,9.79295733E-01,2.07042670E-02
1.20186326E+01,1.70450272E+00,1.11110063E+00,50.6410521178941,12.9151849558317,3.63220268E+00,4287.48565502151,7.58459537E+00,5.37787326E+00,2.14551906E+01,0.00000000E+00,9.79295733E-01,2.07042670E-02
1.20193079E+01,1.70940138E+00,1.11422723E+00,51.2154956428821,13.0085002608846,3.63186405E+00,4284.14390087726,7.58489370E+00,5.37941542E+00,2.14576418E+01,0.00000000E+00,9.79295733E-01,2.07042670E-02
1.20199756E+01,1.71436798E+00,1.11734983E+00,51.8045588797439,13.1023691135346,3.63154439E+00,4280.99174116788,7.58522795E+00,5.38099780E+00,2.14601592E+01,0.00000000E+00,9.79295733E-01,2.07042670E-02
1.20206357E+01,1.71923398E+00,1.12038871E+00,52.3882606964162,13.1943715641594,3.63124145E+00,4278.00659749276,7.58552083E+00,5.38249901E+00,2.14625448E+01,0.00000000E+00,9.79295733E-01,2.07042670E-02
1.20212884E+01,1.72417249E+00,1.12339020E+00,52.9873853640877,13.2858761603436,3.63097533E+00,4275.38599228176,7.58587735E+00,5.38408473E+00,2.14650687E+01,0.00000000E+00,9.79295733E-01,2.07042670E-02
1.20219338E+01,1.72890934E+00,1.12655016E+00,53.5684820367718,13.3828977557671,3.63057957E+00,4271.49173131971,7.58617974E+00,5.38556971E+00,2.14674290E+01,0.00000000E+00,9.79295733E-01,2.07042670E-02
1.20225721E+01,1.73376688E+00,1.12960338E+00,54.1710033972229,13.477315028512,3.63026734E+00,4268.42190516376,7.58653478E+00,5.38712286E+00,2.14699009E+01,0.00000000E+00,9.79295733E-01,2.07042670E-02
1.20232034E+01,1.73859496E+00,1.13259457E+00,54.7765858780168,13.5704600232146,3.62997877E+00,4265.58666448611,7.58685604E+00,5.38860804E+00,2.14722626E+01,0.00000000E+00,9.79295733E-01,2.07042670E-02
1.20238277E+01,1.74341312E+00,1.13562662E+00,55.3876730594353,13.6655344081399,3.62966728E+00,4262.52834514156,7.58721332E+00,5.39013554E+00,2.14746937E+01,0.00000000E+00,9.79295733E-01,2.07042670E-02
1.20244450E+01,1.74818059E+00,1.13858100E+00,55.9990410451924,13.7588140115058,3.62938196E+00,4259.72889632284,7.58754537E+00,5.39160916E+00,2.14770376E+01,0.00000000E+00,9.79295733E-01,2.07042670E-02
1.20250557E+01,1.75291852E+00,1.14171395E+00,56.6133064226613,13.8584273669129,3.62899997E+00,4255.98383734447,7.58791317E+00,5.39312537E+00,2.14794513E+01,0.00000000E+00,9.79295733E-01,2.07042670E-02
1.20256597E+01,1.75767146E+00,1.14472686E+00,57.2362879626294,13.9549042187572,3.62868175E+00,4252.86649836653,7.58828521E+00,5.39463465E+00,2.14818541E+01,0.00000000E+00,9.79295733E-01,2.07042670E-02
1.20262572E+01,1.76236402E+00,1.14765600E+00,57.858080314178,14.0493424993462,3.62839032E+00,4250.01360205085,7.58862780E+00,5.39608440E+00,2.14841605E+01,0.00000000E+00,9.79295733E-01,2.07042670E-02
1.20268482E+01,1.76707118E+00,1.15064417E+00,58.4885937928646,14.1463425434362,3.62807302E+00,4246.90963258455,7.58900713E+00,5.39757936E+00,2.14865409E+01,0.00000000E+00,9.79295733E-01,2.07042670E-02
1.20274329E+01,1.77171436E+00,1.15363995E+00,59.1172685854608,14.2442618945411,3.62773593E+00,4243.61455197342,7.58935093E+00,5.39900579E+00,2.14888102E+01,0.00000000E+00,9.79295733E-01,2.07042670E-02
1.20280113E+01,1.77639096E+00,1.15658160E+00,59.757299088366,14.3410714648821,3.62743425E+00,4240.66777473349,7.58973823E+00,5.40048865E+00,2.14911716E+01,0.00000000E+00,9.79295733E-01,2.07042670E-02
1.20285835E+01,1.78109239E+00,1.15957306E+00,60.407712456068,14.4401950673616,3.62711388E+00,4237.54067591996,7.59012978E+00,5.40196595E+00,2.14935244E+01,0.00000000E+00,9.79295733E-01,2.07042670E-02
1.20291496E+01,1.78569938E+00,1.16247052E+00,61.0519275254479,14.5368570576963,3.62681690E+00,4234.64394409944,7.59048445E+00,5.40337322E+00,2.14957637E+01,0.00000000E+00,9.79295733E-01,2.07042670E-02
1.20297097E+01,1.79033051E+00,1.16541846E+00,61.7064426151755,14.6358671926475,3.62650071E+00,4231.56201506796,7.59088070E+00,5.40483474E+00,2.14980915E+01,0.00000000E+00,9.79295733E-01,2.07042670E-02
1.20302639E+01,1.79492432E+00,1.16836105E+00,62.3626153144381,14.7353701592721,3.62617787E+00,4228.41758219899,7.59127565E+00,5.40628277E+00,2.15003977E+01,0.00000000E+00,9.79295733E-01,2.07042670E-02
1.20308123E+01,1.79946604E+00,1.17119668E+00,63.0182066479772,14.8318962877304,3.62589548E+00,4225.66904458465,7.59163116E+00,5.40765763E+00,2.15025854E+01,0.00000000E+00,9.79295733E-01,2.07042670E-02
1.20313549E+01,1.80402721E+00,1.17413121E+00,63.6835419524318,14.9324548403169,3.62556851E+00,4222.48883603164,7.59204900E+00,5.40912025E+00,2.15049159E+01,0.00000000E+00,9.79295733E-01,2.07042670E-02
1.20318919E+01,1.80859567E+00,1.17701389E+00,64.3569820290047,15.0319004170844,3.62526929E+00,4219.5806296983,7.59244604E+00,5.41053923E+00,2.15071758E+01,0.00000000E+00,9.79295733E-01,2.07042670E-02
1.20324232E+01,1.81305637E+00,1.17985647E+00,65.0214080522238,15.1306111417034,3.62496317E+00,4216.60743306507,7.59282050E+00,5.41191227E+00,2.15093614E+01,0.00000000E+00,9.79295733E-01,2.07042670E-02
1.20329491E+01,1.81760536E+00,1.18273028E+00,65.7060500259654,15.231065297376,3.62466351E+00,4213.69900844387,7.59323079E+00,5.41333201E+00,2.15116231E+01,0.00000000E+00,9.79295733E-01,2.07042670E-02
1.20334696E+01,1.82213098E+00,1.18561556E+00,66.3943280586681,15.3325913200254,3.62435228E+00,4210.68041207195,7.59364328E+00,5.41474510E+00,2.15138742E+01,0.00000000E+00,9.79295733E-01,2.07042670E-02
1.20339846E+01,1.82657156E+00,1.18846008E+00,67.0766801848106,15.4333455473157,3.62404016E+00,4207.65535539252,7.59402521E+00,5.41610015E+00,2.15160313E+01,0.00000000E+00,9.79295733E-01,2.07042670E-02
1.20344944E+01,1.83105435E+00,1.19128498E+00,67.7726316702461,15.5340600616786,3.62374841E+00,4204.82968925843,7.59444235E+00,5.41750154E+00,2.15182639E+01,0.00000000E+00,9.79295733E-01,2.07042670E-02
1.20349990E+01,1.83549797E+00,1.19414217E+00,68.4696282643603,15.6365943610937,3.62343072E+00,4201.75494635346,7.59486184E+00,5.41889717E+00,2.15204873E+01,0.00000000E+00,9.79295733E-01,2.07042670E-02
1.20354984E+01,1.83988080E+00,1.19692003E+00,69.1641111413405,15.7369306151732,3.62313750E+00,4198.91903013479,7.59525210E+00,5.42023749E+00,2.15226212E+01,0.00000000E+00,9.79295733E-01,2.07042670E-02
1.20359929E+01,1.84430878E+00,1.19969116E+00,69.8729018411268,15.8376652741306,3.62285892E+00,4196.22647974168,7.59567595E+00,5.42162218E+00,2.15248272E+01,0.00000000E+00,9.79295733E-01,2.07042670E-02
1.20364823E+01,1.84868240E+00,1.20243936E+00,70.5801212334879,15.9382032201949,3.62257823E+00,4193.5152818895,7.59606232E+00,5.42293882E+00,2.15269231E+01,0.00000000E+00,9.79295733E-01,2.07042670E-02
1.20369668E+01,1.85305189E+00,1.20517810E+00,71.2938207708006,16.0390300107236,3.62230123E+00,4190.84144324901,7.59649187E+00,5.42431535E+00,2.15291162E+01,0.00000000E+00,9.79295733E-01,2.07042670E-02
1.20374464E+01,1.85746751E+00,1.20795882E+00,72.0223868562466,16.1420548987205,3.62201478E+00,4188.07817830024,7.59691815E+00,5.42567815E+00,2.15312872E+01,0.00000000E+00,9.79295733E-01,2.07042670E-02
1.20379212E+01,1.86177311E+00,1.21065353E+00,72.7399687264854,16.2425244804882,3.62174382E+00,4185.46601586691,7.59731853E+00,5.42699162E+00,2.15333784E+01,0.00000000E+00,9.79295733E-01,2.07042670E-02
1.20383914E+01,1.86613515E+00,1.21339472E+00,73.4742480311042,16.3453686495081,3.62146374E+00,4182.76764540599,7.59774847E+00,5.42834397E+00,2.15355327E+01,0.00000000E+00,9.79295733E-01,2.07042670E-02
1.20388568E+01,1.87047631E+00,1.21611144E+00,74.2123715091613,16.4479372327551,3.62119067E+00,4180.13848616351,7.59818518E+00,5.42969895E+00,2.15376913E+01,0.00000000E+00,9.79295733E-01,2.07042670E-02
1.20393176E+01,1.87476939E+00,1.21881139E+00,74.94961218474,16.5505103430442,3.62091396E+00,4177.47596624528,7.59862208E+00,5.43104634E+00,2.15398377E+01,0.00000000E+00,9.79295733E-01,2.07042670E-02
1.20397738E+01,1.87901166E+00,1.22146201E+00,75.6853214850923,16.6518315917124,3.62064922E+00,4174.93020981189,7.59902881E+00,5.43233839E+00,2.15418947E+01,0.00000000E+00,9.79295733E-01,2.07042670E-02
1.20402256E+01,1.88331202E+00,1.22416118E+00,76.4384760566281,16.7556461405623,3.62037473E+00,4172.2923348958,7.59946061E+00,5.43366300E+00,2.15440043E+01,0.00000000E+00,9.79295733E-01,2.07042670E-02
1.20406730E+01,1.88760208E+00,1.22684437E+00,77.1972944870859,16.8594875516616,3.62010565E+00,4169.7080683552,7.59991911E+00,5.43502252E+00,2.15461705E+01,0.00000000E+00,9.79295733E-01,2.07042670E-02
1.20411160E+01,1.89180510E+00,1.22947699E+00,77.9480221690552,16.9619973100591,3.61984009E+00,4167.1591775805,7.60031718E+00,5.43627903E+00,2.15481701E+01,0.00000000E+00,9.79295733E-01,2.07042670E-02
1.20415547E+01,1.89606364E+00,1.23214998E+00,78.7161129093027,17.0667167216275,3.61956823E+00,4164.55143229842,7.60075485E+00,5.43759169E+00,2.15502605E+01,0.00000000E+00,9.79295733E-01,2.07042670E-02
1.20419891E+01,1.90029489E+00,1.23478699E+00,79.4867774152688,17.1706600495946,3.61930754E+00,4162.05236499594,7.60120139E+00,5.43891151E+00,2.15523625E+01,0.00000000E+00,9.79295733E-01,2.07042670E-02
1.20424193E+01,1.90444945E+00,1.23737644E+00,80.2508146957622,17.273344711285,3.61905145E+00,4159.59885512187,7.60161188E+00,5.44016738E+00,2.15543611E+01,0.00000000E+00,9.79295733E-01,2.07042670E-02
1.20428455E+01,1.90865886E+00,1.24000520E+00,81.0324294920102,17.3782163633221,3.61878943E+00,4157.09002891512,7.60206149E+00,5.44147899E+00,2.15564498E+01,0.00000000E+00,9.79295733E-01,2.07042670E-02
1.20432675E+01,1.91283962E+00,1.24261014E+00,81.8162594223127,17.4827658089465,3.61853215E+00,4154.62806030101,7.60252367E+00,5.44280379E+00,2.15585599E+01,0.00000000E+00,9.79295733E-01,2.07042670E-02
1.20436855E+01,1.91701731E+00,1.24521086E+00,82.6070874245726,17.5877733370204,3.61827621E+00,4152.18036113093,7.60297624E+00,5.44410653E+00,2.15606348E+01,0.00000000E+00,9.79295733E-01,2.07042670E-02
1.20440994E+01,1.92119551E+00,1.24781238E+00,83.4056574380893,17.6934441690646,3.61802000E+00,4149.73152414235,7.60342279E+00,5.44539315E+00,2.15626840E+01,0.00000000E+00,9.79295733E-01,2.07042670E-02
1.20445094E+01,1.92528261E+00,1.25034790E+00,84.1942843896927,17.7970450590099,3.61777402E+00,4147.38182368359,7.60383872E+00,5.44662487E+00,2.15646450E+01,0.00000000E+00,9.79295733E-01,2.07042670E-02
1.20449156E+01,1.92930590E+00,1.25283709E+00,84.9778815156945,17.8993429842763,3.61753524E+00,4145.10217316833,7.60422916E+00,5.44781051E+00,2.15665318E+01,0.00000000E+00,9.79295733E-01,2.07042670E-02
1.20453180E+01,1.93306596E+00,1.25516951E+00,85.7168020748842,17.995731716331,3.61730905E+00,4142.94387600868,7.60446196E+00,5.44874093E+00,2.15680066E+01,0.00000000E+00,9.79295733E-01,2.07042670E-02
1.20457170E+01,1.93684624E+00,1.25749923E+00,86.4661734995024,18.0925270246308,3.61708926E+00,4140.84772398192,7.60471858E+00,5.44970533E+00,2.15695366E+01,0.00000000E+00,9.79295733E-01,2.07042670E-02
1.20461125E+01,1.94075021E+00,1.25991650E+00,87.2469412159422,18.193510258996,3.61685661E+00,4138.63008071743,7.60506258E+00,5.45080401E+00,2.15712837E+01,0.00000000E+00,9.79295733E-01,2.07042670E-02
1.20465045E+01,1.94482199E+00,1.26245033E+00,88.0687819900754,18.2999679870335,3.61660764E+00,4136.25818910705,7.60551355E+00,5.45206655E+00,2.15732960E+01,0.00000000E+00,9.79295733E-01,2.07042670E-02
1.20468928E+01,1.94888354E+00,1.26493102E+00,88.8962702490144,18.4047965059989,3.61638269E+00,4134.11630062194,7.60596533E+00,5.45332342E+00,2.15752996E+01,0.00000000E+00,9.79295733E-01,2.07042670E-02
1.20472775E+01,1.95285344E+00,1.26739135E+00,89.712599310891,18.5093577680836,3.61614499E+00,4131.85421668491,7.60638952E+00,5.45452962E+00,2.15772217E+01,0.00000000E+00,9.79295733E-01,2.07042670E-02
1.20476586E+01,1.95687943E+00,1.26983766E+00,90.5481183883101,18.6139121546903,3.61592834E+00,4129.79353433373,7.60684445E+00,5.45577805E+00,2.15792126E+01,0.00000000E+00,9.79295733E-01,2.07042670E-02
1.20480363E+01,1.96089298E+00,1.27232105E+00,91.388801100889,18.7206554395415,3.61569003E+00,4127.52801827053,7.60730058E+00,5.45702174E+00,2.15811963E+01,0.00000000E+00,9.79295733E-01,2.07042670E-02
1.20484105E+01,1.96494714E+00,1.27477034E+00,92.2459143531657,18.8265325715389,3.61547892E+00,4125.52211967762,7.60776545E+00,5.45827283E+00,2.15831923E+01,0.00000000E+00,9.79295733E-01,2.07042670E-02
1.20487812E+01,1.96893689E+00,1.27722436E+00,93.0972580291109,18.933214710424,3.61524935E+00,4123.34192656683,7.60822506E+00,5.45950929E+00,2.15851652E+01,0.00000000E+00,9.79295733E-01,2.07042670E-02
1.20491485E+01,1.97295387E+00,1.27964633E+00,93.9623500099726,19.0390962764111,3.61504261E+00,4121.379532669,7.60868851E+00,5.46074587E+00,2.15871387E+01,0.00000000E+00,9.79295733E-01,2.07042670E-02
1.20495125E+01,1.97688408E+00,1.28205261E+00,94.8165349338578,19.1448783011902,3.61482203E+00,4119.28679811226,7.60911276E+00,5.46191462E+00,2.15890029E+01,0.00000000E+00,9.79295733E-01,2.07042670E-02
1.20498732E+01,1.98084165E+00,1.28442206E+00,95.6845128219909,19.2496155377363,3.61462669E+00,4117.43441319679,7.60957437E+00,5.46313740E+00,2.15909550E+01,0.00000000E+00,9.79295733E-01,2.07042670E-02
1.20502305E+01,1.98479970E+00,1.28682757E+00,96.5605431524718,19.3565328974621,3.61441345E+00,4115.41323578083,7.61003146E+00,5.46434772E+00,2.15928873E+01,0.00000000E+00,9.79295733E-01,2.07042670E-02
1.20505847E+01,1.98874828E+00,1.28918616E+00,97.4424690911116,19.4619413749089,3.61422130E+00,4113.59280799346,7.61049419E+00,5.46556184E+00,2.15948262E+01,0.00000000E+00,9.79295733E-01,2.07042670E-02
1.20509356E+01,1.99267211E+00,1.29155805E+00,98.3268463045127,19.5685231324577,3.61401631E+00,4111.65162189205,7.61096659E+00,5.46678622E+00,2.15967820E+01,0.00000000E+00,9.79295733E-01,2.07042670E-02
1.20512834E+01,1.99660326E+00,1.29390006E+00,99.2209223758719,19.6743349111793,3.61382810E+00,4109.87014336573,7.61143011E+00,5.46799154E+00,2.15987075E+01,0.00000000E+00,9.79295733E-01,2.07042670E-02
1.20516281E+01,2.00039562E+00,1.29617230E+00,100.091136375429,19.7775412958269,3.61364007E+00,4108.09113937162,7.61184945E+00,5.46912217E+00,2.16005126E+01,0.00000000E+00,9.79295733E-01,2.07042670E-02
1.20519697E+01,2.00432388E+00,1.29853271E+00,101.000582850333,19.885325761751,3.61344193E+00,4106.21731513856,7.61231875E+00,5.47032768E+00,2.16024392E+01,0.00000000E+00,9.79295733E-01,2.07042670E-02
1.20523083E+01,2.00818517E+00,1.30078662E+00,101.902577713858,19.988795276301,3.61328030E+00,4104.68940159993,7.61278207E+00,5.47151905E+00,2.16043433E+01,0.00000000E+00,9.79295733E-01,2.07042670E-02
1.20526439E+01,2.01207930E+00,1.30312007E+00,102.82040258988,20.0964834608654,3.61308710E+00,4102.86379787013,7.61324703E+00,5.47270853E+00,2.16062448E+01,0.00000000E+00,9.79295733E-01,2.07042670E-02
1.20529765E+01,2.01599221E+00,1.30540145E+00,103.750980569468,20.20232949197,3.61292464E+00,4101.32929392213,7.61371780E+00,5.47390272E+00,2.16081543E+01,0.00000000E+00,9.79295733E-01,2.07042670E-02
1.20533061E+01,2.01974226E+00,1.30762859E+00,104.650729483587,20.3061967585352,3.61274858E+00,4099.66698016452,7.61413876E+00,5.47501365E+00,2.16099294E+01,0.00000000E+00,9.79295733E-01,2.07042670E-02
1.20536329E+01,2.02357820E+00,1.30986317E+00,105.579159421024,20.410947704881,3.61259027E+00,4098.17283269031,7.61459617E+00,5.47617843E+00,2.16117921E+01,0.00000000E+00,9.79295733E-01,2.07042670E-02
1.20539568E+01,2.02739184E+00,1.31210477E+00,106.510356914191,20.516570646553,3.61242289E+00,4096.59367378082,7.61505857E+00,5.47734693E+00,2.16136613E+01,0.00000000E+00,9.79295733E-01,2.07042670E-02
1.20542779E+01,2.03120293E+00,1.31433560E+00,107.449136575596,20.6222287540132,3.61226024E+00,4095.05972335664,7.61553123E+00,5.47852752E+00,2.16155504E+01,0.00000000E+00,9.79295733E-01,2.07042670E-02
1.20545961E+01,2.03500626E+00,1.31653535E+00,108.394253805436,20.7269476257339,3.61211121E+00,4093.65472726131,7.61599402E+00,5.47968829E+00,2.16174079E+01,0.00000000E+00,9.79295733E-01,2.07042670E-02
1.20549116E+01,2.03873819E+00,1.31869945E+00,109.329708457214,20.8304882700163,3.61196213E+00,4092.24974207596,7.61645329E+00,5.48083948E+00,2.16192503E+01,0.00000000E+00,9.79295733E-01,2.07042670E-02
1.20552244E+01,2.04245449E+00,1.32087768E+00,110.269267591537,20.9352272750574,3.61180209E+00,4090.74200246775,7.61688328E+00,5.48194050E+00,2.16210117E+01,0.00000000E+00,9.79295733E-01,2.07042670E-02
1.20555345E+01,2.04626474E+00,1.32304092E+00,111.240963039726,21.0397667085871,3.61167304E+00,4089.52662476603,7.61734664E+00,5.48309066E+00,2.16228533E+01,0.00000000E+00,9.79295733E-01,2.07042670E-02
1.20558420E+01,2.05000837E+00,1.32521252E+00,112.204007876498,21.1452351903051,3.61152315E+00,4088.11543166233,7.61780797E+00,5.48423370E+00,2.16246836E+01,0.00000000E+00,9.79295733E-01,2.07042670E-02
1.20561467E+01,2.05380165E+00,1.32737161E+00,113.188329397229,21.2506202259816,3.61139192E+00,4086.88031962547,7.61827730E+00,5.48538561E+00,2.16265288E+01,0.00000000E+00,9.79295733E-01,2.07042670E-02
1.20564489E+01,2.05750371E+00,1.32949759E+00,114.157305656856,21.3549023568792,3.61125444E+00,4085.58678400064,7.61873973E+00,5.48652275E+00,2.16283505E+01,0.00000000E+00,9.79295733E-01,2.07042670E-02
1.20567484E+01,2.06123846E+00,1.33164101E+00,115.143243753,21.4605580025129,3.61111642E+00,4084.28857940082,7.61920396E+00,5.48765905E+00,2.16301712E+01,0.00000000E+00,9.79295733E-01,2.07042670E-02
1.20570454E+01,2.06491728E+00,1.33371727E+00,116.12274139766,21.5634015335838,3.61099799E+00,4083.174965549,7.61963080E+00,5.48873263E+00,2.16318906E+01,0.00000000E+00,9.79295733E-01,2.07042670E-02
1.20573399E+01,2.06860855E+00,1.33581522E+00,117.113928686672,21.6678200430434,3.61087184E+00,4081.98909342568,7.62009580E+00,5.48986319E+00,2.16337028E+01,0.00000000E+00,9.79295733E-01,2.07042670E-02
1.20576319E+01,2.07228355E+00,1.33790522E+00,118.109151626361,21.7723456297374,3.61074559E+00,4080.8026260743,7.62055011E+00,5.49097330E+00,2.16354823E+01,0.00000000E+00,9.79295733E-01,2.07042670E-02
1.20579215E+01,2.07598385E+00,1.33998409E+00,119.119771043317,21.8768147867641,3.61063123E+00,4079.7281957761,7.62101470E+00,5.49209623E+00,2.16372830E+01,0.00000000E+00,9.79295733E-01,2.07042670E-02
1.20582085E+01,2.07957944E+00,1.34201236E+00,120.110075510119,21.9792242466086,3.61051599E+00,4078.64578389767,7.62147245E+00,5.49320486E+00,2.16390609E+01,0.00000000E+00,9.79295733E-01,2.07042670E-02
1.20584933E+01,2.08324455E+00,1.34409499E+00,121.128000991435,22.0848772628098,3.61039096E+00,4077.47174253889,7.62194235E+00,5.49432937E+00,2.16408650E+01,0.00000000E+00,9.79295733E-01,2.07042670E-02
1.20587756E+01,2.08691457E+00,1.34612844E+00,122.155934378079,22.1885253516361,3.61029173E+00,4076.54020571788,7.62239713E+00,5.49542658E+00,2.16426252E+01,0.00000000E+00,9.79295733E-01,2.07042670E-02
1.20590555E+01,2.09051263E+00,1.34815153E+00,123.172180571761,22.2921280983996,3.61017970E+00,4075.48876270131,7.62282286E+00,5.49647465E+00,2.16443060E+01,0.00000000E+00,9.79295733E-01,2.07042670E-02
1.20593332E+01,2.09414934E+00,1.35019401E+00,124.207934557802,22.3972145364149,3.61006764E+00,4074.43730942636,7.62329032E+00,5.49758563E+00,2.16460894E+01,0.00000000E+00,9.79295733E-01,2.07042670E-02
1.20596085E+01,2.09773193E+00,1.35217356E+00,125.236790723215,22.4995359014785,3.60997352E+00,4073.55439586396,7.62374712E+00,5.49867649E+00,2.16478405E+01,0.00000000E+00,9.79295733E-01,2.07042670E-02
1.20598816E+01,2.10136291E+00,1.35419510E+00,126.288239766904,22.604510144085,3.60987049E+00,4072.58811941516,7.62421618E+00,5.49978358E+00,2.16496184E+01,0.00000000E+00,9.79295733E-01,2.07042670E-02
1.20601524E+01,2.10484366E+00,1.35614233E+00,127.304472004788,22.7060886964818,3.60976706E+00,4071.6183220733,7.62463082E+00,5.50080169E+00,2.16512520E+01,0.00000000E+00,9.79295733E-01,2.07042670E-02
1.20604210E+01,2.10842272E+00,1.35810932E+00,128.357934519419,22.8091614876957,3.60967833E+00,4070.78654132185,7.62508764E+00,5.50188395E+00,2.16529898E+01,0.00000000E+00,9.79295733E-01,2.07042670E-02
1.20606874E+01,2.11200315E+00,1.36009213E+00,129.420522847159,22.9135368248681,3.60958204E+00,4069.88408319276,7.62554393E+00,5.50296267E+00,2.16547217E+01,0.00000000E+00,9.79295733E-01,2.07042670E-02
1.20609517E+01,2.11559573E+00,1.36208873E+00,130.495558369381,23.0191206928364,3.60948188E+00,4068.9455665778,7.62601476E+00,5.50406163E+00,2.16564864E+01,0.00000000E+00,9.79295733E-01,2.07042670E-02
1.20612137E+01,2.11914484E+00,1.36403031E+00,131.566354127601,23.122261579392,3.60939837E+00,4068.16322880732,7.62647042E+00,5.50513388E+00,2.16582077E+01,0.00000000E+00,9.79295733E-01,2.07042670E-02
1.20614736E+01,2.12267608E+00,1.36597283E+00,132.640478523015,23.2259148761535,3.60930992E+00,4067.33477619505,7.62692925E+00,5.50620851E+00,2.16599327E+01,0.00000000E+00,9.79295733E-01,2.07042670E-02
1.20617315E+01,2.12612423E+00,1.36786976E+00,133.69779045777,23.3275838953422,3.60922349E+00,4066.52540655927,7.62738146E+00,5.50727012E+00,2.16616365E+01,0.00000000E+00,9.79295733E-01,2.07042670E-02
1.20619872E+01,2.12959289E+00,1.36976069E+00,134.769894997909,23.4293742690517,3.60914519E+00,4065.79230897004,7.62779859E+00,5.50827385E+00,2.16632463E+01,0.00000000E+00,9.79295733E-01,2.07042670E-02
1.20622410E+01,2.13309738E+00,1.37168671E+00,135.861804956856,23.5335101840082,3.60905830E+00,4064.97894069003,7.62825367E+00,5.50933533E+00,2.16649497E+01,0.00000000E+00,9.79295733E-01,2.07042670E-02
1.20624927E+01,2.13662741E+00,1.37361933E+00,136.970616339232,23.6384681816163,3.60897450E+00,4064.1946517187,7.62871587E+00,5.51040560E+00,2.16666673E+01,0.00000000E+00,9.79295733E-01,2.07042670E-02
1.20627424E+01,2.14004991E+00,1.37548371E+00,138.054291026946,23.7401637382082,3.60889794E+00,4063.47825459414,7.62917188E+00,5.51146361E+00,2.16683649E+01,0.00000000E+00,9.79295733E-01,2.07042670E-02
1.20629901E+01,2.14358457E+00,1.37741036E+00,139.182479797349,23.8457156020818,3.60881828E+00,4062.73298380162,7.62963264E+00,5.51252680E+00,2.16700708E+01,0.00000000E+00,9.79295733E-01,2.07042670E-02
1.20632358E+01,2.14701485E+00,1.37927615E+00,140.286167233622,23.9483805139712,3.60874295E+00,4062.0283487036,7.63008744E+00,5.51357814E+00,2.16717573E+01,0.00000000E+00,9.79295733E-01,2.07042670E-02
1.20634796E+01,2.15040030E+00,1.38111715E+00,141.384011574038,24.0501145917085,3.60866881E+00,4061.33496416886,7.63050696E+00,5.51457142E+00,2.16733497E+01,0.00000000E+00,9.79295733E-01,2.07042670E-02
1.20637214E+01,2.15386846E+00,1.38298543E+00,142.517586804579,24.1537980031836,3.60860171E+00,4060.70752233795,7.63096440E+00,5.51562265E+00,2.16750358E+01,0.00000000E+00,9.79295733E-01,2.07042670E-02
1.20639614E+01,2.15730154E+00,1.38485272E+00,143.648647063525,24.2578731110413,3.60852634E+00,4060.00286459323,7.63142075E+00,5.51666987E+00,2.16767153E+01,0.00000000E+00,9.79295733E-01,2.07042670E-02
1.20641995E+01,2.16070558E+00,1.38670073E+00,144.779002468087,24.3613151466462,3.60845334E+00,4059.32048129393,7.63186988E+00,5.51770347E+00,2.16783727E+01,0.00000000E+00,9.79295733E-01,2.07042670E-02
1.20644357E+01,2.16412490E+00,1.38854609E+00,145.92338652019,24.4650490041311,3.60838549E+00,4058.6863415745,7.63232338E+00,5.51874187E+00,2.16800377E+01,0.00000000E+00,9.79295733E-01,2.07042670E-02
1.20646700E+01,2.16746553E+00,1.39034975E+00,147.050169689392,24.5668656051652,3.60831882E+00,4058.06332686687,7.63277166E+00,5.51976986E+00,2.16816857E+01,0.00000000E+00,9.79295733E-01,2.07042670E-02
1.20649026E+01,2.17082517E+00,1.39215447E+00,148.192140136338,24.669166148992,3.60825637E+00,4057.47983376412,7.63319587E+00,5.52075774E+00,2.16832686E+01,0.00000000E+00,9.79295733E-01,2.07042670E-02
1.20651333E+01,2.17415526E+00,1.39394654E+00,149.332817803258,24.7711711516351,3.60819286E+00,4056.88652274146,7.63364174E+00,5.52177802E+00,2.16849039E+01,0.00000000E+00,9.79295733E-01,2.07042670E-02
1.20653623E+01,2.17755886E+00,1.39576665E+00,150.507748837085,24.8752039396076,3.60813370E+00,4056.33392750817,7.63408979E+00,5.52279980E+00,2.16865414E+01,0.00000000E+00,9.79295733E-01,2.07042670E-02
1.20655896E+01,2.18092415E+00,1.39758507E+00,151.678543611125,24.9795764346078,3.60806582E+00,4055.69997418494,7.63454446E+00,5.52383006E+00,2.16881926E+01,0.00000000E+00,9.79295733E-01,2.07042670E-02
1.20658150E+01,2.18430395E+00,1.39940282E+00,152.863553122692,25.0843481619412,3.60800189E+00,4055.10300179072,7.63500691E+00,5.52487067E+00,2.16898603E+01,0.00000000E+00,9.79295733E-01,2.07042670E-02
1.20660387E+01,2.18756676E+00,1.40114702E+00,154.016326265466,25.1852937128953,3.60794549E+00,4054.5764167918,7.63541376E+00,5.52582119E+00,2.16913821E+01,0.00000000E+00,9.79295733E-01,2.07042670E-02
1.20662608E+01,2.19087420E+00,1.40292008E+00,155.193740257802,25.2883259127491,3.60788582E+00,4054.01937550953,7.63585659E+00,5.52682709E+00,2.16929934E+01,0.00000000E+00,9.79295733E-01,2.07042670E-02
1.20664811E+01,2.19421234E+00,1.40469670E+00,156.391210072222,25.3919877563329,3.60783205E+00,4053.5174784394,7.63631733E+00,5.52785955E+00,2.16946475E+01,0.00000000E+00,9.79295733E-01,2.07042670E-02
1.20666998E+01,2.19751126E+00,1.40645585E+00,157.583687910747,25.495048941706,3.60777720E+00,4053.00556451136,7.63676353E+00,5.52886706E+00,2.16962611E+01,0.00000000E+00,9.79295733E-01,2.07042670E-02
1.20669168E+01,2.20081109E+00,1.40821840E+00,158.785591065037,25.5987288388415,3.60772088E+00,4052.47999837446,7.63720964E+00,5.52987264E+00,2.16978714E+01,0.00000000E+00,9.79295733E-01,2.07042670E-02
1.20671322E+01,2.20408545E+00,1.40996710E+00,159.987278205189,25.702010696843,3.60766512E+00,4051.95972517598,7.63765593E+00,5.53087672E+00,2.16994791E+01,0.00000000E+00,9.79295733E-01,2.07042670E-02
1.20673459E+01,2.20736130E+00,1.41171701E+00,161.198612744469,25.805781158886,3.60760913E+00,4051.43737315239,7.63810305E+00,5.53188040E+00,2.17010860E+01,0.00000000E+00,9.79295733E-01,2.07042670E-02
1.20675581E+01,2.21056113E+00,1.41341139E+00,162.390691070478,25.9066578853668,3.60756190E+00,4050.99679886293,7.63851699E+00,5.53282973E+00,2.17026049E+01,0.00000000E+00,9.79295733E-01,2.07042670E-02
1.20677687E+01,2.21381045E+00,1.41514254E+00,163.610228054413,26.0101310284405,3.60750866E+00,4050.50021910119,7.63896013E+00,5.53382388E+00,2.17041961E+01,0.00000000E+00,9.79295733E-01,2.07042670E-02
1.20679777E+01,2.21705418E+00,1.41685603E+00,164.836801930213,26.1129555812946,3.60746284E+00,4050.07289585021,7.63940337E+00,5.53481656E+00,2.17057847E+01,0.00000000E+00,9.79295733E-01,2.07042670E-02
1.20681851E+01,2.22027292E+00,1.41855687E+00,166.063015533583,26.2154230191861,3.60741711E+00,4049.64645690026,7.63986113E+00,5.53583067E+00,2.17074078E+01,0.00000000E+00,9.79295733E-01,2.07042670E-02
1.20683911E+01,2.22352862E+00,1.42029464E+00,167.312589173747,26.3205305972353,3.60736215E+00,4049.13400625651,7.64030351E+00,5.53681871E+00,2.17089885E+01,0.00000000E+00,9.79295733E-01,2.07042670E-02
1.20685955E+01,2.22672139E+00,1.42198549E+00,168.547140941766,26.4232047457332,3.60731491E+00,4048.69358922247,7.64074794E+00,5.53780843E+00,2.17105718E+01,0.00000000E+00,9.79295733E-01,2.07042670E-02
1.20687984E+01,2.22987792E+00,1.42366100E+00,169.776634395921,26.5253424817896,3.60726629E+00,4048.24035651467,7.64116087E+00,5.53874658E+00,2.17120717E+01,0.00000000E+00,9.79295733E-01,2.07042670E-02
1.20689998E+01,2.23308998E+00,1.42535100E+00,171.036964406561,26.6287634662123,3.60722431E+00,4047.84906230337,7.64159359E+00,5.53971483E+00,2.17136199E+01,0.00000000E+00,9.79295733E-01,2.07042670E-02
1.20691997E+01,2.23626810E+00,1.42702444E+00,172.293185232859,26.7315683681187,3.60718212E+00,4047.45584879484,7.64204721E+00,5.54071481E+00,2.17152192E+01,0.00000000E+00,9.79295733E-01,2.07042670E-02
1.20693982E+01,2.23947444E+00,1.42872381E+00,173.569910689996,26.8363724114188,3.60713402E+00,4047.00760030479,7.64248577E+00,5.54168937E+00,2.17167772E+01,0.00000000E+00,9.79295733E-01,2.07042670E-02
1.20695952E+01,2.24261549E+00,1.43036082E+00,174.829811774973,26.937719107035,3.60710077E+00,4046.6977694013,7.64292712E+00,5.54266693E+00,2.17183399E+01,0.00000000E+00,9.79295733E-01,2.07042670E-02
1.20697909E+01,2.24581378E+00,1.43206655E+00,176.122069524495,27.0437274242751,3.60704748E+00,4046.20125078753,7.64336908E+00,5.54364407E+00,2.17199017E+01,0.00000000E+00,9.79295733E-01,2.07042670E-02
1.20699850E+01,2.24899221E+00,1.43373419E+00,177.415765729424,27.1477718048719,3.60700827E+00,4045.83595858146,7.64381992E+00,5.54463392E+00,2.17214837E+01,0.00000000E+00,9.79295733E-01,2.07042670E-02
1.20701778E+01,2.25211919E+00,1.43537505E+00,178.697793492936,27.2505360639027,3.60696958E+00,4045.47554317803,7.64425984E+00,5.54560499E+00,2.17230353E+01,0.00000000E+00,9.79295733E-01,2.07042670E-02
1.20703691E+01,2.25523824E+00,1.43703188E+00,179.985798863335,27.3546951994154,3.60692093E+00,4045.0223912955,7.64470027E+00,5.54657554E+00,2.17245858E+01,0.00000000E+00,9.79295733E-01,2.07042670E-02
1.20705591E+01,2.25840450E+00,1.43867821E+00,181.302795284981,27.4585885818813,3.60688933E+00,4044.72807934196,7.64514690E+00,5.54755465E+00,2.17261499E+01,0.00000000E+00,9.79295733E-01,2.07042670E-02
1.20707478E+01,2.26149044E+00,1.44029113E+00,182.59565543741,27.5607562392497,3.60685436E+00,4044.40240528359,7.64558995E+00,5.54852673E+00,2.17277023E+01,0.00000000E+00,9.79295733E-01,2.07042670E-02
1.20709351E+01,2.26464269E+00,1.44196054E+00,183.925815365906,27.6669025249307,3.60680772E+00,4043.96808984183,7.64602181E+00,5.54947972E+00,2.17292239E+01,0.00000000E+00,9.79295733E-01,2.07042670E-02
1.20711210E+01,2.26774530E+00,1.44358874E+00,185.244490434066,27.7708223323986,3.60676927E+00,4043.61007541474,7.64646236E+00,5.55044534E+00,2.17307655E+01,0.00000000E+00,9.79295733E-01,2.07042670E-02
1.20713056E+01,2.27076593E+00,1.44517810E+00,186.537404649362,27.8726396449716,3.60672974E+00,4043.24203796879,7.64687375E+00,5.55136325E+00,2.17322301E+01,0.00000000E+00,9.79295733E-01,2.07042670E-02
1.20714889E+01,2.27386943E+00,1.44678823E+00,187.875188788116,27.9761681742056,3.60670055E+00,4042.97029086213,7.64731126E+00,5.55232174E+00,2.17337598E+01,0.00000000E+00,9.79295733E-01,2.07042670E-02
1.20716709E+01,2.27693961E+00,1.44838830E+00,189.20805006666,28.0794308042147,3.60666806E+00,4042.66784356679,7.64774541E+00,5.55327373E+00,2.17352788E+01,0.00000000E+00,9.79295733E-01,2.07042670E-02
1.20718517E+01,2.27997657E+00,1.44999077E+00,190.535792195221,28.1832303320194,3.60662607E+00,4042.27699490574,7.64818118E+00,5.55422718E+00,2.17367998E+01,0.00000000E+00,9.79295733E-01,2.07042670E-02
1.20720312E+01,2.28306947E+00,1.45158023E+00,191.897567659535,28.2865661862915,3.60660457E+00,4042.07688459394,7.64862619E+00,5.55519429E+00,2.17383426E+01,0.00000000E+00,9.79295733E-01,2.07042670E-02
1.20722094E+01,2.28613152E+00,1.45320703E+00,193.255347515662,28.3927219884379,3.60655667E+00,4041.63109305402,7.64906475E+00,5.55614997E+00,2.17398667E+01,0.00000000E+00,9.79295733E-01,2.07042670E-02
1.20723863E+01,2.28915407E+00,1.45477349E+00,194.605033860512,28.4953168225628,3.60652908E+00,4041.37434316517,7.64949682E+00,5.55709423E+00,2.17413722E+01,0.00000000E+00,9.79295733E-01,2.07042670E-02
1.20725621E+01,2.29215384E+00,1.45633177E+00,195.953867735996,28.5977437271771,3.60649989E+00,4041.10272158665,7.64992941E+00,5.55803830E+00,2.17428772E+01,0.00000000E+00,9.79295733E-01,2.07042670E-02
1.20727366E+01,2.29521268E+00,1.45794930E+00,197.338889529482,28.7044546360584,3.60645583E+00,4040.6927648365,7.65037906E+00,5.55900861E+00,2.17444239E+01,0.00000000E+00,9.79295733E-01,2.07042670E-02
1.20729099E+01,2.29825180E+00,1.45951113E+00,198.724677105435,28.8078687697853,3.60643470E+00,4040.49617527643,7.65081180E+00,5.55995087E+00,2.17459254E+01,0.00000000E+00,9.79295733E-01,2.07042670E-02
1.20730820E+01,2.30126907E+00,1.46107253E+00,200.110128109822,28.9116268500045,3.60640832E+00,4040.25075412464,7.65124214E+00,5.56088830E+00,2.17474188E+01,0.00000000E+00,9.79295733E-01,2.07042670E-02
1.20732528E+01,2.30421201E+00,1.46262554E+00,201.470753176056,29.0151980975072,3.60636755E+00,4039.87148775437,7.65167592E+00,5.56183028E+00,2.17489193E+01,0.00000000E+00,9.79295733E-01,2.07042670E-02
1.20734226E+01,2.30721346E+00,1.46418623E+00,202.867959044336,29.1196553154917,3.60633756E+00,4039.59252597179,7.65210803E+00,5.56276868E+00,2.17504137E+01,0.00000000E+00,9.79295733E-01,2.07042670E-02
1.20735912E+01,2.31025387E+00,1.46577603E+00,204.293180635022,29.2264475205171,3.60630276E+00,4039.26884654766,7.65255335E+00,5.56372730E+00,2.17519402E+01,0.00000000E+00,9.79295733E-01,2.07042670E-02
1.20737585E+01,2.31316596E+00,1.46721547E+00,205.667637802276,29.3234773357614,3.60631107E+00,4039.34613660464,7.65294293E+00,5.56459566E+00,2.17533217E+01,0.00000000E+00,9.79295733E-01,2.07042670E-02
1.20739248E+01,2.31575254E+00,1.46851000E+00,206.896212298909,29.4110141433038,3.60631045E+00,4039.34037002707,7.65317591E+00,5.56521257E+00,2.17543000E+01,0.00000000E+00,9.79295733E-01,2.07042670E-02
1.20740901E+01,2.31828749E+00,1.46977867E+00,208.107384007826,29.4970558167355,3.60630985E+00,4039.33478947597,7.65343170E+00,5.56586590E+00,2.17553367E+01,0.00000000E+00,9.79295733E-01,2.07042670E-02
1.20742545E+01,2.32130574E+00,1.46888423E+00,209.558721408241,29.4363684311613,3.60751163E+00,4050.52791926153,7.65370391E+00,5.56654543E+00,2.17564153E+01,0.00000000E+00,9.79295733E-01,2.07042670E-02
1.20744177E+01,2.32340081E+00,1.47309153E+00,210.572091127537,29.7229239303811,3.60593175E+00,4035.81964499907,7.65398759E+00,5.56724264E+00,2.17575224E+01,0.00000000E+00,9.79295733E-01,2.07042670E-02
1.20745801E+01,2.32608774E+00,1.47481183E+00,211.878914847469,29.8408940017001,3.60574333E+00,4034.06907197597,7.65429684E+00,5.56798059E+00,2.17586949E+01,0.00000000E+00,9.79295733E-01,2.07042670E-02
1.20747415E+01,2.32889706E+00,1.47662473E+00,213.253938145837,29.9657208866908,3.60553921E+00,4032.17349021049,7.65472081E+00,5.56890156E+00,2.17601609E+01,0.00000000E+00,9.79295733E-01,2.07042670E-02
1.20749018E+01,2.33179206E+00,1.47849413E+00,214.680234003313,30.0949849169154,3.60532826E+00,4030.21541685546,7.65515286E+00,5.56983443E+00,2.17616462E+01,0.00000000E+00,9.79295733E-01,2.07042670E-02
1.20750611E+01,2.33467310E+00,1.48035780E+00,216.109122543155,30.2244077794673,3.60511669E+00,4028.25254361654,7.65557486E+00,5.57075009E+00,2.17631041E+01,0.00000000E+00,9.79295733E-01,2.07042670E-02
1.20752193E+01,2.33753012E+00,1.48220514E+00,217.535489805354,30.353245882004,3.60490727E+00,4026.3105588084,7.65600105E+00,5.57167135E+00,2.17645711E+01,0.00000000E+00,9.79295733E-01,2.07042670E-02
1.20753765E+01,2.34036345E+00,1.48403799E+00,218.959327230163,30.4816161653665,3.60469918E+00,4024.3818346156,7.65642007E+00,5.57257999E+00,2.17660181E+01,0.00000000E+00,9.79295733E-01,2.07042670E-02
1.20755327E+01,2.34317454E+00,1.48585664E+00,220.381198215389,30.6095285065643,3.60449263E+00,4022.4682979109,7.65684427E+00,5.57349578E+00,2.17674768E+01,0.00000000E+00,9.79295733E-01,2.07042670E-02
1.20756879E+01,2.34598419E+00,1.48767382E+00,221.811567033521,30.7378735743861,3.60428645E+00,4020.55909640579,7.65724562E+00,5.57437385E+00,2.17688751E+01,0.00000000E+00,9.79295733E-01,2.07042670E-02
1.20758421E+01,2.34879253E+00,1.48949139E+00,223.250546149904,30.8667845088169,3.60407975E+00,4018.64598936771,7.65766205E+00,5.57527490E+00,2.17703105E+01,0.00000000E+00,9.79295733E-01,2.07042670E-02
1.20759952E+01,2.35153763E+00,1.49126780E+00,224.666143240753,30.9932985696091,3.60387782E+00,4016.77791000407,7.65808177E+00,5.57618001E+00,2.17717526E+01,0.00000000E+00,9.79295733E-01,2.07042670E-02
1.20761475E+01,2.35438070E+00,1.49310786E+00,226.141724673641,31.1248924908055,3.60366856E+00,4014.84293613752,7.65850783E+00,5.57709406E+00,2.17732093E+01,0.00000000E+00,9.79295733E-01,2.07042670E-02
1.20762987E+01,2.35720287E+00,1.49493436E+00,227.61604349143,31.2560692192337,3.60346085E+00,4012.92321651723,7.65891779E+00,5.57798110E+00,2.17746228E+01,0.00000000E+00,9.79295733E-01,2.07042670E-02
1.20764489E+01,2.35999446E+00,1.49673921E+00,229.083842991006,31.3862341225167,3.60325632E+00,4011.03378438828,7.65934327E+00,5.57889170E+00,2.17760743E+01,0.00000000E+00,9.79295733E-01,2.07042670E-02
1.20765982E+01,2.36272982E+00,1.49850901E+00,230.531257888763,31.5143976021481,3.60305526E+00,4009.17727495289,7.65975404E+00,5.57977753E+00,2.17774862E+01,0.00000000E+00,9.79295733E-01,2.07042670E-02
1.20767465E+01,2.36557492E+00,1.50035018E+00,232.046445361271,31.6482849376778,3.60284595E+00,4007.245501135,7.66017426E+00,5.58067726E+00,2.17789207E+01,0.00000000E+00,9.79295733E-01,2.07042670E-02
1.20768939E+01,2.36826413E+00,1.50208878E+00,233.487766065016,31.775235647645,3.60264895E+00,4005.42818966111,7.66058521E+00,5.58156091E+00,2.17803295E+01,0.00000000E+00,9.79295733E-01,2.07042670E-02
1.20770404E+01,2.37111508E+00,1.50393563E+00,235.025551255725,31.9106484870486,3.60243827E+00,4003.48559311318,7.66100571E+00,5.58245863E+00,2.17817611E+01,0.00000000E+00,9.79295733E-01,2.07042670E-02
1.20771859E+01,2.37386371E+00,1.50571649E+00,236.517734265836,32.0417693601044,3.60223500E+00,4001.61221425459,7.66141929E+00,5.58334405E+00,2.17831732E+01,0.00000000E+00,9.79295733E-01,2.07042670E-02
1.20773305E+01,2.37657741E+00,1.50747589E+00,238.000248220069,32.1718392472162,3.60203372E+00,3999.75803944585,7.66183139E+00,5.58422590E+00,2.17845797E+01,0.00000000E+00,9.79295733E-01,2.07042670E-02
1.20774741E+01,2.37932385E+00,1.50925777E+00,239.510109883009,32.3041092237867,3.60182939E+00,3997.87664705723,7.66224321E+00,5.58510617E+00,2.17859838E+01,0.00000000E+00,9.79295733E-01,2.07042670E-02
1.20776169E+01,2.38201703E+00,1.51100326E+00,240.999993021916,32.4342051990279,3.60162994E+00,3996.04104135491,7.66265954E+00,5.58599246E+00,2.17873979E+01,0.00000000E+00,9.79295733E-01,2.07042670E-02
1.20777588E+01,2.38480271E+00,1.51281059E+00,242.550799224566,32.5694623965058,3.60142269E+00,3994.13454250755,7.66306818E+00,5.58686537E+00,2.17887906E+01,0.00000000E+00,9.79295733E-01,2.07042670E-02
1.20778998E+01,2.38750990E+00,1.51456724E+00,244.067470403363,32.7014673230543,3.60122117E+00,3992.28162631298,7.66347816E+00,5.58773925E+00,2.17901851E+01,0.00000000E+00,9.79295733E-01,2.07042670E-02
1.20780399E+01,2.39017422E+00,1.51629286E+00,245.569383535528,32.8316613889471,3.60102444E+00,3990.47358192064,7.66388651E+00,5.58860946E+00,2.17915738E+01,0.00000000E+00,9.79295733E-01,2.07042670E-02
1.20781792E+01,2.39291697E+00,1.51807135E+00,247.125163696568,32.966386802309,3.60082088E+00,3988.60362847327,7.66429474E+00,5.58947843E+00,2.17929608E+01,0.00000000E+00,9.79295733E-01,2.07042670E-02
1.20783175E+01,2.39555149E+00,1.51977937E+00,248.628832136268,33.096294318833,3.60062550E+00,3986.80964272906,7.66468085E+00,5.59031104E+00,2.17942894E+01,0.00000000E+00,9.79295733E-01,2.07042670E-02
1.20784551E+01,2.39825931E+00,1.52153440E+00,250.183872204323,33.2303105541154,3.60042494E+00,3984.9689333148,7.66511215E+00,5.59121477E+00,2.17957326E+01,0.00000000E+00,9.79295733E-01,2.07042670E-02
1.20785918E+01,2.40095514E+00,1.52328314E+00,251.741688035158,33.3643862303654,3.60022453E+00,3983.13044948009,7.66551518E+00,5.59207233E+00,2.17971018E+01,0.00000000E+00,9.79295733E-01,2.07042670E-02
1.20787276E+01,2.40350895E+00,1.52493822E+00,253.226381998178,33.4917792471415,3.60003544E+00,3981.39658863613,7.66589658E+00,5.59289442E+00,2.17984140E+01,0.00000000E+00,9.79295733E-01,2.07042670E-02
1.20788627E+01,2.40625328E+00,1.52671918E+00,254.831599400997,33.629404730859,3.59983104E+00,3979.52319161999,7.66630561E+00,5.59375971E+00,2.17997959E+01,0.00000000E+00,9.79295733E-01,2.07042670E-02
1.20789969E+01,2.40889357E+00,1.52843278E+00,256.385565046528,33.7623587296466,3.59963431E+00,3977.72092533111,7.66670880E+00,5.59461467E+00,2.18011614E+01,0.00000000E+00,9.79295733E-01,2.07042670E-02
1.20791302E+01,2.41147835E+00,1.53010956E+00,257.916038758262,33.8929647551865,3.59944212E+00,3975.96103869265,7.66710986E+00,5.59546531E+00,2.18025201E+01,0.00000000E+00,9.79295733E-01,2.07042670E-02
1.20792628E+01,2.41421110E+00,1.53188445E+00,259.544063621477,34.0317631483649,3.59923786E+00,3974.09148040296,7.66752030E+00,5.59633003E+00,2.18039017E+01,0.00000000E+00,9.79295733E-01,2.07042670E-02
1.20793946E+01,2.41683193E+00,1.53358621E+00,261.115065535155,34.1653764229727,3.59904219E+00,3972.30136939832,7.66792123E+00,5.59717861E+00,2.18052574E+01,0.00000000E+00,9.79295733E-01,2.07042670E-02
1.20795255E+01,2.41939814E+00,1.53525324E+00,262.66254020358,34.2967715005974,3.59885023E+00,3970.54598334514,7.66831885E+00,5.59802106E+00,2.18066034E+01,0.00000000E+00,9.79295733E-01,2.07042670E-02
1.20796557E+01,2.42206900E+00,1.53699121E+00,264.282861227398,34.4342961286666,3.59864896E+00,3968.70629467307,7.66871646E+00,5.59886266E+00,2.18079483E+01,0.00000000E+00,9.79295733E-01,2.07042670E-02
1.20797851E+01,2.42467720E+00,1.53868835E+00,265.874814558139,34.5691220555287,3.59845244E+00,3966.91084536537,7.66911534E+00,5.59970541E+00,2.18092951E+01,0.00000000E+00,9.79295733E-01,2.07042670E-02
1.20799138E+01,2.42727439E+00,1.54037733E+00,267.46957646322,34.7038238276544,3.59825725E+00,3965.12835126373,7.66951188E+00,5.60054360E+00,2.18106348E+01,0.00000000E+00,9.79295733E-01,2.07042670E-02
1.20800416E+01,2.42988829E+00,1.54207687E+00,269.084257158417,34.8398976098714,3.59806095E+00,3963.33652832536,7.66991812E+00,5.60139641E+00,2.18119982E+01,0.00000000E+00,9.79295733E-01,2.07042670E-02
1.20801687E+01,2.43243658E+00,1.54373394E+00,270.667791902837,34.973084724962,3.59786949E+00,3961.58966484033,7.67031278E+00,5.60222996E+00,2.18133307E+01,0.00000000E+00,9.79295733E-01,2.07042670E-02
1.20802950E+01,2.43504343E+00,1.54542991E+00,272.297359528246,35.1099256670401,3.59767322E+00,3959.79971455105,7.67070435E+00,5.60305783E+00,2.18146543E+01,0.00000000E+00,9.79295733E-01,2.07042670E-02
1.20804206E+01,2.43762125E+00,1.54710759E+00,273.918427611165,35.2458176499956,3.59747883E+00,3958.02770671897,7.67110198E+00,5.60389454E+00,2.18159922E+01,0.00000000E+00,9.79295733E-01,2.07042670E-02
1.20805455E+01,2.44016691E+00,1.54876454E+00,275.528742427967,35.3805467536591,3.59728677E+00,3956.27771732433,7.67149534E+00,5.60472371E+00,2.18173181E+01,0.00000000E+00,9.79295733E-01,2.07042670E-02
1.20806696E+01,2.44271322E+00,1.55042250E+00,277.148938785167,35.5158734628432,3.59709437E+00,3954.52540574842,7.67188839E+00,5.60555164E+00,2.18186422E+01,0.00000000E+00,9.79295733E-01,2.07042670E-02
1.20807930E+01,2.44519640E+00,1.55203907E+00,278.738141476959,35.6483201925412,3.59690688E+00,3952.81855940478,7.67226432E+00,5.60635159E+00,2.18199214E+01,0.00000000E+00,9.79295733E-01,2.07042670E-02
1.20809156E+01,2.44779189E+00,1.55373081E+00,280.408962149303,35.7874545931111,3.59670988E+00,3951.02593089719,7.67265022E+00,5.60716675E+00,2.18212252E+01,0.00000000E+00,9.79295733E-01,2.07042670E-02
1.20810376E+01,2.45030864E+00,1.55537055E+00,282.038658295949,35.9228305744019,3.59651920E+00,3949.29158636512,7.67304057E+00,5.60798825E+00,2.18225394E+01,0.00000000E+00,9.79295733E-01,2.07042670E-02
1.20811588E+01,2.45283055E+00,1.55701436E+00,283.68119649228,36.0590565795554,3.59632777E+00,3947.55118595662,7.67343358E+00,5.60881329E+00,2.18238595E+01,0.00000000E+00,9.79295733E-01,2.07042670E-02
1.20812794E+01,2.45533684E+00,1.55864838E+00,285.323038289928,36.1949832512097,3.59613733E+00,3945.82054724093,7.67382261E+00,5.60963133E+00,2.18251684E+01,0.00000000E+00,9.79295733E-01,2.07042670E-02
1.20813992E+01,2.45792482E+00,1.56033690E+00,287.028366895384,36.3359818547268,3.59594006E+00,3944.02864038126,7.67421471E+00,5.61045356E+00,2.18264842E+01,0.00000000E+00,9.79295733E-01,2.07042670E-02
1.20815184E+01,2.46040304E+00,1.56195298E+00,288.670922443418,36.4714458046751,3.59575158E+00,3942.31733787963,7.67460231E+00,5.61126794E+00,2.18277875E+01,0.00000000E+00,9.79295733E-01,2.07042670E-02
1.20816368E+01,2.46288127E+00,1.56356972E+00,290.32288440491,36.6074704094961,3.59556277E+00,3940.60378362609,7.67499253E+00,5.61208584E+00,2.18290966E+01,0.00000000E+00,9.79295733E-01,2.07042670E-02
1.20817546E+01,2.46543117E+00,1.56523416E+00,292.032489019655,36.748038271292,3.59536802E+00,3938.8371009367,7.67537588E+00,5.61289218E+00,2.18303872E+01,0.00000000E+00,9.79295733E-01,2.07042670E-02
1.20818717E+01,2.46794553E+00,1.56687549E+00,293.728122972957,36.8871829747935,3.59517595E+00,3937.0955057586,7.67576737E+00,5.61371079E+00,2.18316978E+01,0.00000000E+00,9.79295733E-01,2.07042670E-02
1.20819882E+01,2.47044501E+00,1.56850701E+00,295.423480208445,37.0260181766483,3.59498506E+00,3935.36537321535,7.67615426E+00,5.61452146E+00,2.18329957E+01,0.00000000E+00,9.79295733E-01,2.07042670E-02
1.20821039E+01,2.47291998E+00,1.57012205E+00,297.111854421488,37.1639656505268,3.59479628E+00,3933.6551124064,7.67653631E+00,5.61532379E+00,2.18342803E+01,0.00000000E+00,9.79295733E-01,2.07042670E-02
1.20822190E+01,2.47536758E+00,1.57171912E+00,298.791046929804,37.3008836264272,3.59460965E+00,3931.96506022821,7.67691819E+00,5.61612526E+00,2.18355636E+01,0.00000000E+00,9.79295733E-01,2.07042670E-02
1.20823335E+01,2.47785433E+00,1.57334437E+00,300.50681808984,37.4407353624695,3.59441871E+00,3930.23672974262,7.67730784E+00,5.61693849E+00,2.18368660E+01,0.00000000E+00,9.79295733E-01,2.07042670E-02
1.20824473E+01,2.48027528E+00,1.57492621E+00,302.186654058107,37.5773552023859,3.59423303E+00,3928.55673977038,7.67766632E+00,5.61770159E+00,2.18380876E+01,0.00000000E+00,9.79295733E-01,2.07042670E-02
1.20825604E+01,2.48271491E+00,1.57652069E+00,303.888951003842,37.7155712464684,3.59404570E+00,3926.86254869289,7.67804585E+00,5.61849759E+00,2.18393625E+01,0.00000000E+00,9.79295733E-01,2.07042670E-02
1.20826729E+01,2.48517014E+00,1.57812672E+00,305.611814915556,37.8553024161841,3.59385649E+00,3925.15209676513,7.67844939E+00,5.61933119E+00,2.18406982E+01,0.00000000E+00,9.79295733E-01,2.07042670E-02
1.20827848E+01,2.48754089E+00,1.57967656E+00,307.28466684721,37.9906356391276,3.59367426E+00,3923.50544811656,7.67880705E+00,5.62009130E+00,2.18419154E+01,0.00000000E+00,9.79295733E-01,2.07042670E-02
1.20828961E+01,2.49000284E+00,1.58128716E+00,309.031564107734,38.1317871373814,3.59348444E+00,3921.79095000452,7.67918309E+00,5.62088013E+00,2.18431791E+01,0.00000000E+00,9.79295733E-01,2.07042670E-02
1.20830068E+01,2.49248536E+00,1.58291286E+00,310.803112972354,38.2747938284718,3.59329222E+00,3920.0555380086,7.67956789E+00,5.62168231E+00,2.18444645E+01,0.00000000E+00,9.79295733E-01,2.07042670E-02
1.20831168E+01,2.49485806E+00,1.58446532E+00,312.50578408965,38.4118584682627,3.59310917E+00,3918.40362900553,7.67994572E+00,5.62247284E+00,2.18457311E+01,0.00000000E+00,9.79295733E-01,2.07042670E-02
1.20832262E+01,2.49731601E+00,1.58607461E+00,314.279468494434,38.5544586945849,3.59291901E+00,3916.68829399857,7.68032082E+00,5.62325855E+00,2.18469901E+01,0.00000000E+00,9.79295733E-01,2.07042670E-02
1.20833350E+01,2.49968165E+00,1.58762428E+00,315.996047159819,38.6922762650817,3.59273558E+00,3915.03437836264,7.68069736E+00,5.62404601E+00,2.18482521E+01,0.00000000E+00,9.79295733E-01,2.07042670E-02
1.20834433E+01,2.50215095E+00,1.58924252E+00,317.79784652721,38.8367178588856,3.59254379E+00,3913.3058307908,7.68108152E+00,5.62484508E+00,2.18495329E+01,0.00000000E+00,9.79295733E-01,2.07042670E-02
1.20835509E+01,2.50450949E+00,1.59078817E+00,319.528418590171,38.9751836276154,3.59236060E+00,3911.65550514126,7.68145686E+00,5.62562965E+00,2.18507904E+01,0.00000000E+00,9.79295733E-01,2.07042670E-02
1.20836579E+01,2.50691877E+00,1.59236703E+00,321.305951503745,39.1171342006338,3.59217349E+00,3909.97058339373,7.68182587E+00,5.62640385E+00,2.18520309E+01,0.00000000E+00,9.79295733E-01,2.07042670E-02
1.20837643E+01,2.50926935E+00,1.59390750E+00,323.049705899511,39.2561315205316,3.59199090E+00,3908.32706383975,7.68220091E+00,5.62718731E+00,2.18532862E+01,0.00000000E+00,9.79295733E-01,2.07042670E-02
1.20838702E+01,2.51168719E+00,1.59549367E+00,324.853230529627,39.3997684943364,3.59180227E+00,3906.62990284545,7.68257867E+00,5.62797480E+00,2.18545479E+01,0.00000000E+00,9.79295733E-01,2.07042670E-02
1.20839754E+01,2.51399803E+00,1.59700830E+00,326.586350743036,39.5374176172202,3.59162267E+00,3905.01467239218,7.68294096E+00,5.62873737E+00,2.18557692E+01,0.00000000E+00,9.79295733E-01,2.07042670E-02
1.20840801E+01,2.51641106E+00,1.59859167E+00,328.405982524868,39.6818279691482,3.59143424E+00,3903.32074732363,7.68332011E+00,5.62952648E+00,2.18570332E+01,0.00000000E+00,9.79295733E-01,2.07042670E-02
1.20841843E+01,2.51870346E+00,1.60009534E+00,330.144038874643,39.8194576002306,3.59125551E+00,3901.71470116814,7.68366657E+00,5.63026334E+00,2.18582127E+01,0.00000000E+00,9.79295733E-01,2.07042670E-02
1.20842879E+01,2.52108399E+00,1.60165721E+00,331.958650196852,39.9629196662583,3.59106970E+00,3900.04573558713,7.68405984E+00,5.63107437E+00,2.18595117E+01,0.00000000E+00,9.79295733E-01,2.07042670E-02
1.20843909E+01,2.52338689E+00,1.60316708E+00,333.723577075993,40.1020967103517,3.59089050E+00,3898.436818007,7.68440580E+00,5.63180988E+00,2.18606887E+01,0.00000000E+00,9.79295733E-01,2.07042670E-02
1.20844933E+01,2.52573497E+00,1.60470701E+00,335.532791481532,40.2445439182076,3.59070755E+00,3896.79491638938,7.68477299E+00,5.63257894E+00,2.18619196E+01,0.00000000E+00,9.79295733E-01,2.07042670E-02
1.20845953E+01,2.52809181E+00,1.60625529E+00,337.358618846949,40.3882736358771,3.59052262E+00,3895.13594786342,7.68514828E+00,5.63336062E+00,2.18631708E+01,0.00000000E+00,9.79295733E-01,2.07042670E-02
1.20846966E+01,2.53034326E+00,1.60773163E+00,339.112079466595,40.5258030980131,3.59034731E+00,3893.56393047196,7.68551461E+00,5.63412780E+00,2.18643983E+01,0.00000000E+00,9.79295733E-01,2.07042670E-02
1.20847975E+01,2.53270901E+00,1.60928478E+00,340.964378966284,40.6709933724512,3.59016218E+00,3891.90454517336,7.68587953E+00,5.63489253E+00,2.18656218E+01,0.00000000E+00,9.79295733E-01,2.07042670E-02
1.20848978E+01,2.53506334E+00,1.61083320E+00,342.817781413536,40.816259273053,3.58997655E+00,3890.24138827427,7.68624549E+00,5.63565869E+00,2.18668473E+01,0.00000000E+00,9.79295733E-01,2.07042670E-02
1.20849975E+01,2.53732087E+00,1.61231508E+00,344.604440995936,40.9557685462132,3.58979999E+00,3888.66015377259,7.68661327E+00,5.63642751E+00,2.18680770E+01,0.00000000E+00,9.79295733E-01,2.07042670E-02
1.20850967E+01,2.53968861E+00,1.61387107E+00,346.488328552948,41.1027680258971,3.58961393E+00,3886.99453476348,7.68698545E+00,5.63720315E+00,2.18693174E+01,0.00000000E+00,9.79295733E-01,2.07042670E-02
1.20851954E+01,2.54197641E+00,1.61537651E+00,348.31839456975,41.2454940432426,3.58943316E+00,3885.3769554106,7.68735037E+00,5.63796699E+00,2.18705386E+01,0.00000000E+00,9.79295733E-01,2.07042670E-02
1.20852936E+01,2.54429358E+00,1.61689967E+00,350.181807462336,41.3904044339452,3.58925087E+00,3883.74645635414,7.68771714E+00,5.63873360E+00,2.18717642E+01,0.00000000E+00,9.79295733E-01,2.07042670E-02
1.20853913E+01,2.54659431E+00,1.61841193E+00,352.041862509105,41.5347814870451,3.58906992E+00,3882.12861968658,7.68807958E+00,5.63949312E+00,2.18729780E+01,0.00000000E+00,9.79295733E-01,2.07042670E-02
1.20854884E+01,2.54879312E+00,1.61985939E+00,353.82875149116,41.6734436980046,3.58889590E+00,3880.57337843907,7.68844141E+00,5.64025148E+00,2.18741899E+01,0.00000000E+00,9.79295733E-01,2.07042670E-02
1.20855850E+01,2.55112854E+00,1.62139759E+00,355.736591873564,41.8213059147098,3.58871065E+00,3878.9184577565,7.68881066E+00,5.64102155E+00,2.18754203E+01,0.00000000E+00,9.79295733E-01,2.07042670E-02
1.20856812E+01,2.55344822E+00,1.62292500E+00,357.64175717442,41.9686500441481,3.58852687E+00,3877.2773666228,7.68917286E+00,5.64178018E+00,2.18766321E+01,0.00000000E+00,9.79295733E-01,2.07042670E-02
1.20857768E+01,2.55560500E+00,1.62434605E+00,359.422284292864,42.1062000985201,3.58835554E+00,3875.74807499346,7.68951013E+00,5.64249889E+00,2.18777795E+01,0.00000000E+00,9.79295733E-01,2.07042670E-02
1.20858719E+01,2.55787978E+00,1.62584529E+00,361.309832170915,42.2518072598151,3.58817461E+00,3874.13374858996,7.68987548E+00,5.64326228E+00,2.18789986E+01,0.00000000E+00,9.79295733E-01,2.07042670E-02
1.20859666E+01,2.56011257E+00,1.62731648E+00,363.172177527353,42.3951796566367,3.58799722E+00,3872.5516602112,7.69023449E+00,5.64401543E+00,2.18802010E+01,0.00000000E+00,9.79295733E-01,2.07042670E-02
1.20860607E+01,2.56240780E+00,1.62883181E+00,365.096609620499,42.5433622787219,3.58781336E+00,3870.91254969093,7.69059928E+00,5.64477766E+00,2.18814177E+01,0.00000000E+00,9.79295733E-01,2.07042670E-02
1.20861544E+01,2.56469588E+00,1.63034040E+00,367.025196624786,42.6914002880959,3.58763108E+00,3869.28820971828,7.69095863E+00,5.64553109E+00,2.18826201E+01,0.00000000E+00,9.79295733E-01,2.07042670E-02
1.20862476E+01,2.56693071E+00,1.63181364E+00,368.918734321434,42.8364665495378,3.58745317E+00,3867.70346914742,7.69131741E+00,5.64628345E+00,2.18838206E+01,0.00000000E+00,9.79295733E-01,2.07042670E-02
1.20863403E+01,2.56919022E+00,1.63330608E+00,370.8431146609,42.9839260107597,3.58727183E+00,3866.08884366165,7.69167798E+00,5.64703858E+00,2.18850253E+01,0.00000000E+00,9.79295733E-01,2.07042670E-02
1.20864325E+01,2.57137724E+00,1.63474732E+00,372.715316347772,43.1268084629048,3.58709796E+00,3864.54136296354,7.69203431E+00,5.64778683E+00,2.18862186E+01,0.00000000E+00,9.79295733E-01,2.07042670E-02
1.20865242E+01,2.57365788E+00,1.63625264E+00,374.67772967603,43.2765508382125,3.58691546E+00,3862.91773967999,7.69239844E+00,5.64854745E+00,2.18874317E+01,0.00000000E+00,9.79295733E-01,2.07042670E-02
1.20866155E+01,2.57582257E+00,1.63768220E+00,376.549928957166,43.4192382605977,3.58674185E+00,3861.37383997694,7.69275593E+00,5.64929736E+00,2.18886272E+01,0.00000000E+00,9.79295733E-01,2.07042670E-02
1.20867063E+01,2.57804720E+00,1.63914946E+00,378.483716855409,43.5661778437053,3.58656438E+00,3859.79625138885,7.69311529E+00,5.65005020E+00,2.18898273E+01,0.00000000E+00,9.79295733E-01,2.07042670E-02
1.20867966E+01,2.58025035E+00,1.64060318E+00,380.408620506194,43.7122518622015,3.58638831E+00,3858.23174478411,7.69347105E+00,5.65079722E+00,2.18910177E+01,0.00000000E+00,9.79295733E-01,2.07042670E-02
1.20868865E+01,2.58244126E+00,1.64205105E+00,382.332538213687,43.8582248759093,3.58621210E+00,3856.66662908445,7.69382664E+00,5.65154390E+00,2.18922074E+01,0.00000000E+00,9.79295733E-01,2.07042670E-02
1.20869760E+01,2.58463478E+00,1.64349986E+00,384.268495490131,44.0047805981308,3.58603608E+00,3855.10383485721,7.69416037E+00,5.65225558E+00,2.18933406E+01,0.00000000E+00,9.79295733E-01,2.07042670E-02
1.20870650E+01,2.58686913E+00,1.64497508E+00,386.250567035703,44.154511058228,3.58585705E+00,3853.51496594237,7.69451515E+00,5.65300085E+00,2.18945275E+01,0.00000000E+00,9.79295733E-01,2.07042670E-02
1.20871535E+01,2.58902813E+00,1.64640062E+00,388.17550797119,44.2996831523411,3.58568403E+00,3851.98005727229,7.69486953E+00,5.65374544E+00,2.18957131E+01,0.00000000E+00,9.79295733E-01,2.07042670E-02
1.20872416E+01,2.59123732E+00,1.64786335E+00,390.155128508276,44.4491387025312,3.58550497E+00,3850.39220983688,7.69522539E+00,5.65449236E+00,2.18969021E+01,0.00000000E+00,9.79295733E-01,2.07042670E-02
1.20873292E+01,2.59342742E+00,1.64931038E+00,392.127607852911,44.5974862222761,3.58532898E+00,3848.83222399083,7.69557704E+00,5.65523252E+00,2.18980800E+01,0.00000000E+00,9.79295733E-01,2.07042670E-02
1.20874164E+01,2.59535655E+00,1.65058234E+00,393.873307505831,44.7282946296239,3.58517528E+00,3847.47033506492,7.69585702E+00,5.65585789E+00,2.18990739E+01,0.00000000E+00,9.79295733E-01,2.07042670E-02
1.20875033E+01,2.59735722E+00,1.65190550E+00,395.691954535711,44.8647756120706,3.58501387E+00,3846.0406489356,7.69612531E+00,5.65646460E+00,2.19000376E+01,0.00000000E+00,9.79295733E-01,2.07042670E-02
1.20875897E+01,2.59941035E+00,1.65326252E+00,397.567019534243,45.0051817597528,3.58484864E+00,3844.57767749146,7.69641260E+00,5.65710175E+00,2.19010499E+01,0.00000000E+00,9.79295733E-01,2.07042670E-02
1.20876757E+01,2.60146527E+00,1.65460919E+00,399.452616292496,45.1449514179346,3.58468904E+00,3843.16508329335,7.69671471E+00,5.65776244E+00,2.19020997E+01,0.00000000E+00,9.79295733E-01,2.07042670E-02
1.20877613E+01,2.60346861E+00,1.65594490E+00,401.299492031193,45.2840123328116,3.58452202E+00,3841.68737163146,7.69701416E+00,5.65841919E+00,2.19031430E+01,0.00000000E+00,9.79295733E-01,2.07042670E-02
1.20878465E+01,2.60548731E+00,1.65728199E+00,403.169165747015,45.4236459363303,3.58435814E+00,3840.23799342572,7.69730615E+00,5.65906400E+00,2.19041670E+01,0.00000000E+00,9.79295733E-01,2.07042670E-02
1.20879313E+01,2.60752032E+00,1.65862277E+00,405.060896896685,45.5640972366335,3.58419601E+00,3838.80463056015,7.69762019E+00,5.65974416E+00,2.19052473E+01,0.00000000E+00,9.79295733E-01,2.07042670E-02
1.20880158E+01,2.60959167E+00,1.65999154E+00,406.997432937338,45.7079285683139,3.58402946E+00,3837.33274832579,7.69793918E+00,5.66043233E+00,2.19063402E+01,0.00000000E+00,9.79295733E-01,2.07042670E-02
1.20880998E+01,2.61159320E+00,1.66131704E+00,408.877488186155,45.8476457701637,3.58386709E+00,3835.89835004209,7.69824192E+00,5.66109445E+00,2.19073912E+01,0.00000000E+00,9.79295733E-01,2.07042670E-02
1.20881834E+01,2.61367379E+00,1.66269408E+00,410.841011697065,45.9932479866928,3.58369872E+00,3834.41151321901,7.69857027E+00,5.66179776E+00,2.19085078E+01,0.00000000E+00,9.79295733E-01,2.07042670E-02
1.20882666E+01,2.61578910E+00,1.66409502E+00,412.846968541465,46.141851802941,3.58352708E+00,3832.89639298755,7.69891616E+00,5.66252927E+00,2.19096692E+01,0.00000000E+00,9.79295733E-01,2.07042670E-02
1.20883495E+01,2.61788737E+00,1.66548702E+00,414.8464423401,46.2899828626998,3.58335565E+00,3831.38372407491,7.69925874E+00,5.66325547E+00,2.19108220E+01,0.00000000E+00,9.79295733E-01,2.07042670E-02
1.20884319E+01,2.62001678E+00,1.66689847E+00,416.885490521388,46.4406692854196,3.58318227E+00,3829.85445590164,7.69960309E+00,5.66398438E+00,2.19119791E+01,0.00000000E+00,9.79295733E-01,2.07042670E-02
1.20885139E+01,2.62210930E+00,1.66828531E+00,418.898977226764,46.5892061056279,3.58301198E+00,3828.35303671311,7.69994445E+00,5.66470834E+00,2.19131284E+01,0.00000000E+00,9.79295733E-01,2.07042670E-02
1.20885956E+01,2.62422297E+00,1.66968658E+00,420.942688006628,46.7397709731355,3.58283976E+00,3826.83519967427,7.70029115E+00,5.66544074E+00,2.19142911E+01,0.00000000E+00,9.79295733E-01,2.07042670E-02
1.20886768E+01,2.62629634E+00,1.67106305E+00,422.957119796701,46.888144847057,3.58266987E+00,3825.33848739114,7.70061861E+00,5.66614209E+00,2.19154043E+01,0.00000000E+00,9.79295733E-01,2.07042670E-02
1.20887576E+01,2.62833358E+00,1.67241365E+00,424.945837966184,47.0341879188489,3.58250388E+00,3823.87669905828,7.70095745E+00,5.66686160E+00,2.19165466E+01,0.00000000E+00,9.79295733E-01,2.07042670E-02
1.20888381E+01,2.63049019E+00,1.67384494E+00,427.061272718126,47.1894526505745,3.58232739E+00,3822.32305535301,7.70130751E+00,5.66759898E+00,2.19177175E+01,0.00000000E+00,9.79295733E-01,2.07042670E-02
1.20889182E+01,2.63254370E+00,1.67521095E+00,429.085362909701,47.3381138701705,3.58215776E+00,3820.83039523716,7.70164561E+00,5.66831701E+00,2.19188574E+01,0.00000000E+00,9.79295733E-01,2.07042670E-02
1.20889979E+01,2.63459689E+00,1.67657256E+00,431.118728774382,47.4867623095048,3.58199025E+00,3819.3569620925,7.70197011E+00,5.66901307E+00,2.19199623E+01,0.00000000E+00,9.79295733E-01,2.07042670E-02
1.20890772E+01,2.63670046E+00,1.67796935E+00,433.211981940407,47.6397364240354,3.58181775E+00,3817.8402302973,7.70231205E+00,5.66973698E+00,2.19211117E+01,0.00000000E+00,9.79295733E-01,2.07042670E-02
1.20891561E+01,2.63874474E+00,1.67932948E+00,435.255973365047,47.7891691438251,3.58164876E+00,3816.35494475936,7.70264656E+00,5.67044881E+00,2.19222419E+01,0.00000000E+00,9.79295733E-01,2.07042670E-02
1.20892347E+01,2.64081380E+00,1.68070506E+00,437.334561549441,47.9407760527415,3.58147823E+00,3814.85670962062,7.70297941E+00,5.67115785E+00,2.19233676E+01,0.00000000E+00,9.79295733E-01,2.07042670E-02
1.20893129E+01,2.64287045E+00,1.68207057E+00,439.410519772306,48.0917488033156,3.58130964E+00,3813.37609703364,7.70331399E+00,5.67186951E+00,2.19244976E+01,0.00000000E+00,9.79295733E-01,2.07042670E-02
1.20893907E+01,2.64487506E+00,1.68340207E+00,441.443432438344,48.2394191687343,3.58114504E+00,3811.93108034718,7.70364577E+00,5.67257654E+00,2.19256202E+01,0.00000000E+00,9.79295733E-01,2.07042670E-02
1.20894682E+01,2.64693219E+00,1.68477261E+00,443.539385041176,48.3918928634273,3.58097405E+00,3810.43054597251,7.70397928E+00,5.67328621E+00,2.19267471E+01,0.00000000E+00,9.79295733E-01,2.07042670E-02
1.20895453E+01,2.64898255E+00,1.68613580E+00,445.638342240215,48.5440269262705,3.58080505E+00,3808.94805538026,7.70431002E+00,5.67399129E+00,2.19278666E+01,0.00000000E+00,9.79295733E-01,2.07042670E-02
1.20896220E+01,2.65100540E+00,1.68747879E+00,447.718871060064,48.6943743309472,3.58063927E+00,3807.49437145978,7.70463131E+00,5.67468105E+00,2.19289617E+01,0.00000000E+00,9.79295733E-01,2.07042670E-02
1.20896984E+01,2.65307608E+00,1.68885888E+00,449.858654533249,48.8493602044959,3.58046689E+00,3805.98340213359,7.70497360E+00,5.67540435E+00,2.19301104E+01,0.00000000E+00,9.79295733E-01,2.07042670E-02
1.20897744E+01,2.65502707E+00,1.69015575E+00,451.884109875844,48.9954499084713,3.58030620E+00,3804.5754396366,7.70530139E+00,5.67610423E+00,2.19312218E+01,0.00000000E+00,9.79295733E-01,2.07042670E-02
1.20898501E+01,2.65701581E+00,1.69147862E+00,453.958142182743,49.1449185919424,3.58014196E+00,3803.13691035114,7.70561773E+00,5.67678564E+00,2.19323036E+01,0.00000000E+00,9.79295733E-01,2.07042670E-02
1.20899254E+01,2.65907414E+00,1.69285001E+00,456.114774327319,49.3003508522008,3.57997084E+00,3801.63869975926,7.70594664E+00,5.67748706E+00,2.19334174E+01,0.00000000E+00,9.79295733E-01,2.07042670E-02
1.20900003E+01,2.66111457E+00,1.69420918E+00,458.262763774423,49.4548831424172,3.57980137E+00,3800.15551714553,7.70627267E+00,5.67818370E+00,2.19345237E+01,0.00000000E+00,9.79295733E-01,2.07042670E-02
1.20900750E+01,2.66306294E+00,1.69550610E+00,460.32328096351,49.6027894440302,3.57964000E+00,3798.74376266352,7.70659914E+00,5.67888088E+00,2.19356308E+01,0.00000000E+00,9.79295733E-01,2.07042670E-02
1.20901493E+01,2.66510673E+00,1.69686810E+00,462.494667768166,49.7585939717577,3.57946995E+00,3797.25663825198,7.70692250E+00,5.67957296E+00,2.19367298E+01,0.00000000E+00,9.79295733E-01,2.07042670E-02
1.20902232E+01,2.66707835E+00,1.69818310E+00,464.599084841507,49.9094863165907,3.57930535E+00,3795.81772977157,7.70724677E+00,5.68026632E+00,2.19378309E+01,0.00000000E+00,9.79295733E-01,2.07042670E-02
1.20902968E+01,2.66908483E+00,1.69952208E+00,466.750540997503,50.0636004756401,3.57913748E+00,3794.35079704754,7.70757129E+00,5.68095996E+00,2.19389325E+01,0.00000000E+00,9.79295733E-01,2.07042670E-02
1.20903701E+01,2.67108220E+00,1.70085443E+00,468.902124021559,50.2174238876185,3.57897064E+00,3792.89342668772,7.70789301E+00,5.68164895E+00,2.19400266E+01,0.00000000E+00,9.79295733E-01,2.07042670E-02
1.20904430E+01,2.67302753E+00,1.70215473E+00,471.007182674901,50.3680027436642,3.57880683E+00,3791.46306840032,7.70821894E+00,5.68234453E+00,2.19411313E+01,0.00000000E+00,9.79295733E-01,2.07042670E-02
1.20905156E+01,2.67504213E+00,1.70349861E+00,473.197160602586,50.524102786653,3.57863854E+00,3789.99415332881,7.70853850E+00,5.68302978E+00,2.19422195E+01,0.00000000E+00,9.79295733E-01,2.07042670E-02
1.20905878E+01,2.67693154E+00,1.70475882E+00,475.260302391567,50.6709235499498,3.57848079E+00,3788.61775313848,7.70885959E+00,5.68371732E+00,2.19433114E+01,0.00000000E+00,9.79295733E-01,2.07042670E-02
1.20906598E+01,2.67891532E+00,1.70608325E+00,477.436172689212,50.8256861087097,3.57831452E+00,3787.16755533452,7.70917073E+00,5.68438880E+00,2.19443777E+01,0.00000000E+00,9.79295733E-01,2.07042670E-02
1.20907314E+01,2.68091573E+00,1.70742345E+00,479.640370742686,50.9827725946786,3.57814452E+00,3785.68539859598,7.70948944E+00,5.68507226E+00,2.19454631E+01,0.00000000E+00,9.79295733E-01,2.07042670E-02
1.20908027E+01,2.68280118E+00,1.70868108E+00,481.727212434505,51.1306224807108,3.57798707E+00,3784.31317731251,7.70980817E+00,5.68575560E+00,2.19465484E+01,0.00000000E+00,9.79295733E-01,2.07042670E-02
1.20908737E+01,2.68475729E+00,1.70998835E+00,483.901858403043,51.2847626609599,3.57782246E+00,3782.87908644154,7.71012589E+00,5.68643721E+00,2.19476309E+01,0.00000000E+00,9.79295733E-01,2.07042670E-02
1.20909444E+01,2.68673235E+00,1.71131183E+00,486.107531654537,51.4412875229446,3.57765449E+00,3781.41628328566,7.71043961E+00,5.68711227E+00,2.19487030E+01,0.00000000E+00,9.79295733E-01,2.07042670E-02
1.20910147E+01,2.68870159E+00,1.71262999E+00,488.316714587915,51.5976580478812,3.57748771E+00,3779.96440315831,7.71075526E+00,5.68779029E+00,2.19497798E+01,0.00000000E+00,9.79295733E-01,2.07042670E-02
1.20910847E+01,2.69060711E+00,1.71390316E+00,490.463970951434,51.749142763481,3.57732751E+00,3778.57032920521,7.71107141E+00,5.68846895E+00,2.19508576E+01,0.00000000E+00,9.79295733E-01,2.07042670E-02
1.20911544E+01,2.69258329E+00,1.71522529E+00,492.700825592927,51.9069235952453,3.57716049E+00,3777.11745447313,7.71139053E+00,5.68915227E+00,2.19519430E+01,0.00000000E+00,9.79295733E-01,2.07042670E-02
1.20912238E+01,2.69450069E+00,1.71651138E+00,494.880897178371,52.0608650349086,3.57699679E+00,3775.69400187094,7.71170535E+00,5.68982853E+00,2.19530171E+01,0.00000000E+00,9.79295733E-01,2.07042670E-02
1.20912929E+01,2.69641273E+00,1.71779136E+00,497.064480271133,52.2145284212321,3.57683481E+00,3774.28603354194,7.71201726E+00,5.69050002E+00,2.19540835E+01,0.00000000E+00,9.79295733E-01,2.07042670E-02
1.20913617E+01,2.69831301E+00,1.71906130E+00,499.244179159346,52.3674347200338,3.57667491E+00,3772.89666003001,7.71231802E+00,5.69115352E+00,2.19551212E+01,0.00000000E+00,9.79295733E-01,2.07042670E-02
1.20914302E+01,2.70025506E+00,1.72035918E+00,501.481666014567,52.524167786437,3.57651149E+00,3771.47722964593,7.71263832E+00,5.69183809E+00,2.19562086E+01,0.00000000E+00,9.79295733E-01,2.07042670E-02
1.20914984E+01,2.70210465E+00,1.72160377E+00,503.621949697849,52.6749060886758,3.57635159E+00,3770.08889009848,7.71295108E+00,5.69251062E+00,2.19572768E+01,0.00000000E+00,9.79295733E-01,2.07042670E-02
1.20915663E+01,2.70404379E+00,1.72290342E+00,505.875666976945,52.8327747247633,3.57618655E+00,3768.65645822431,7.71325333E+00,5.69316617E+00,2.19583178E+01,0.00000000E+00,9.79295733E-01,2.07042670E-02
1.20916339E+01,2.70590374E+00,1.72414824E+00,508.046823106701,52.9844267535708,3.57602913E+00,3767.29066976356,7.71356362E+00,5.69383445E+00,2.19593792E+01,0.00000000E+00,9.79295733E-01,2.07042670E-02
1.20917012E+01,2.70777753E+00,1.72540677E+00,510.243557640643,53.138191550171,3.57586831E+00,3765.89589375352,7.71386850E+00,5.69449398E+00,2.19604266E+01,0.00000000E+00,9.79295733E-01,2.07042670E-02
1.20917682E+01,2.70966386E+00,1.72667169E+00,512.464587498188,53.2931867083237,3.57570743E+00,3764.50111405076,7.71418314E+00,5.69516903E+00,2.19614989E+01,0.00000000E+00,9.79295733E-01,2.07042670E-02
1.20918350E+01,2.71159130E+00,1.72796486E+00,514.744008223621,53.452110802622,3.57554271E+00,3763.07357796629,7.71448775E+00,5.69582792E+00,2.19625453E+01,0.00000000E+00,9.79295733E-01,2.07042670E-02
1.20919014E+01,2.71350499E+00,1.72925289E+00,517.017198410236,53.6108743160768,3.57537711E+00,3761.63896109537,7.71479504E+00,5.69649097E+00,2.19635984E+01,0.00000000E+00,9.79295733E-01,2.07042670E-02
1.20919675E+01,2.71537221E+00,1.73050514E+00,519.244864601394,53.7656796407295,3.57521779E+00,3760.25926498838,7.71510229E+00,5.69715382E+00,2.19646513E+01,0.00000000E+00,9.79295733E-01,2.07042670E-02
1.20920334E+01,2.71722645E+00,1.73174945E+00,521.46654352018,53.9199461752812,3.57505920E+00,3758.88639318553,7.71541196E+00,5.69782046E+00,2.19657101E+01,0.00000000E+00,9.79295733E-01,2.07042670E-02
1.20920990E+01,2.71907921E+00,1.73299375E+00,523.695943608637,54.0746540921309,3.57490024E+00,3757.51082138151,7.71571415E+00,5.69847502E+00,2.19667497E+01,0.00000000E+00,9.79295733E-01,2.07042670E-02
1.20921643E+01,2.72090466E+00,1.73422251E+00,525.901803303008,54.2278654737074,3.57474222E+00,3756.14388287235,7.71601098E+00,5.69912091E+00,2.19677754E+01,0.00000000E+00,9.79295733E-01,2.07042670E-02
1.20922293E+01,2.72277443E+00,1.73547819E+00,528.170851686034,54.3848819283611,3.57458183E+00,3754.75695139922,7.71631351E+00,5.69977584E+00,2.19688155E+01,0.00000000E+00,9.79295733E-01,2.07042670E-02
1.20922940E+01,2.72471575E+00,1.73678362E+00,530.537088838995,54.5486014044329,3.57441444E+00,3753.31003534373,7.71662792E+00,5.70044969E+00,2.19698860E+01,0.00000000E+00,9.79295733E-01,2.07042670E-02
1.20923585E+01,2.72647283E+00,1.73796443E+00,532.687897666694,54.6971162506619,3.57426330E+00,3752.00406300394,7.71691675E+00,5.70108245E+00,2.19708907E+01,0.00000000E+00,9.79295733E-01,2.07042670E-02
1.20924227E+01,2.72836825E+00,1.73924305E+00,535.017823154328,54.8583890330938,3.57409785E+00,3750.57496162649,7.71722016E+00,5.70173850E+00,2.19719327E+01,0.00000000E+00,9.79295733E-01,2.07042670E-02
1.20924866E+01,2.73017757E+00,1.74045856E+00,537.251417474796,55.0121425900467,3.57394242E+00,3749.23290551834,7.71752050E+00,5.70238953E+00,2.19729667E+01,0.00000000E+00,9.79295733E-01,2.07042670E-02
1.20925502E+01,2.73201982E+00,1.74169872E+00,539.535244850868,55.1694583366736,3.57378291E+00,3747.85612005726,7.71782035E+00,5.70303970E+00,2.19739993E+01,0.00000000E+00,9.79295733E-01,2.07042670E-02
1.20926136E+01,2.73385723E+00,1.74293843E+00,541.822742272772,55.3271666240475,3.57362240E+00,3746.47121359775,7.71812007E+00,5.70368956E+00,2.19750314E+01,0.00000000E+00,9.79295733E-01,2.07042670E-02
1.20926767E+01,2.73569379E+00,1.74417653E+00,544.118873174981,55.4851200461195,3.57346249E+00,3745.09199292061,7.71841932E+00,5.70433860E+00,2.19760622E+01,0.00000000E+00,9.79295733E-01,2.07042670E-02
1.20927395E+01,2.73748482E+00,1.74538379E+00,546.367452234473,55.6395732067937,3.57330662E+00,3743.74810583212,7.71871596E+00,5.70498338E+00,2.19770862E+01,0.00000000E+00,9.79295733E-01,2.07042670E-02
1.20928021E+01,2.73931543E+00,1.74661704E+00,548.675325549633,55.7977953903577,3.57314765E+00,3742.37798774244,7.71901630E+00,5.70563402E+00,2.19781196E+01,0.00000000E+00,9.79295733E-01,2.07042670E-02
1.20928645E+01,2.74113274E+00,1.74784593E+00,550.976073834334,55.9559057508219,3.57298753E+00,3740.99846500617,7.71931112E+00,5.70627574E+00,2.19791387E+01,0.00000000E+00,9.79295733E-01,2.07042670E-02
1.20929265E+01,2.74292046E+00,1.74905186E+00,553.248773741108,56.1114975928905,3.57283150E+00,3739.65466909741,7.71959840E+00,5.70690530E+00,2.19801383E+01,0.00000000E+00,9.79295733E-01,2.07042670E-02
1.20929883E+01,2.74471835E+00,1.75026488E+00,555.543857399383,56.2684406692695,3.57267446E+00,3738.30266204296,7.71989478E+00,5.70754937E+00,2.19811612E+01,0.00000000E+00,9.79295733E-01,2.07042670E-02
1.20930499E+01,2.74646669E+00,1.75144175E+00,557.784818901631,56.421126110631,3.57252311E+00,3737.00010455096,7.72018899E+00,5.70818991E+00,2.19821784E+01,0.00000000E+00,9.79295733E-01,2.07042670E-02
1.20931112E+01,2.74826337E+00,1.75265803E+00,560.097159273985,56.5793599209205,3.57236414E+00,3735.63245606083,7.72048667E+00,5.70883595E+00,2.19832044E+01,0.00000000E+00,9.79295733E-01,2.07042670E-02
1.20931722E+01,2.75012626E+00,1.75391706E+00,562.504835298284,56.7436228127727,3.57220034E+00,3734.2237777474,7.72078181E+00,5.70947785E+00,2.19842239E+01,0.00000000E+00,9.79295733E-01,2.07042670E-02
1.20932330E+01,2.75184410E+00,1.75507638E+00,564.734214077599,56.895298463133,3.57205015E+00,3732.93261212851,7.72107605E+00,5.71011824E+00,2.19852409E+01,0.00000000E+00,9.79295733E-01,2.07042670E-02
1.20932936E+01,2.75370493E+00,1.75633278E+00,567.159133069864,57.0601330514898,3.57188715E+00,3731.53182563481,7.72136902E+00,5.71075656E+00,2.19862546E+01,0.00000000E+00,9.79295733E-01,2.07042670E-02
1.20933539E+01,2.75544463E+00,1.75751337E+00,569.435619797021,57.2154568481538,3.57173178E+00,3730.19709901616,7.72166222E+00,5.71139516E+00,2.19872687E+01,0.00000000E+00,9.79295733E-01,2.07042670E-02
1.20934139E+01,2.75726054E+00,1.75874211E+00,571.821578433186,57.377564520502,3.57157139E+00,3728.81974822265,7.72195440E+00,5.71203209E+00,2.19882801E+01,0.00000000E+00,9.79295733E-01,2.07042670E-02
1.20934737E+01,2.75903679E+00,1.75994366E+00,574.165098881713,57.5365291711648,3.57141468E+00,3727.47449067716,7.72224658E+00,5.71266895E+00,2.19892915E+01,0.00000000E+00,9.79295733E-01,2.07042670E-02
1.20935333E+01,2.76077598E+00,1.76112378E+00,576.469029484901,57.6930873327586,3.57125942E+00,3726.14215909462,7.72253816E+00,5.71330480E+00,2.19903012E+01,0.00000000E+00,9.79295733E-01,2.07042670E-02
1.20935926E+01,2.76254800E+00,1.76232212E+00,578.82595902309,57.8524985333219,3.57110325E+00,3724.80249895249,7.72282150E+00,5.71392743E+00,2.19912898E+01,0.00000000E+00,9.79295733E-01,2.07042670E-02
1.20936516E+01,2.76433687E+00,1.76353376E+00,581.215074884336,58.014126820963,3.57094465E+00,3723.44248669028,7.72311940E+00,5.71457330E+00,2.19923156E+01,0.00000000E+00,9.79295733E-01,2.07042670E-02
1.20937105E+01,2.76608820E+00,1.76471966E+00,583.563607008951,58.1727587489791,3.57078953E+00,3722.11279615618,7.72340330E+00,5.71519672E+00,2.19933054E+01,0.00000000E+00,9.79295733E-01,2.07042670E-02
1.20937691E+01,2.76782352E+00,1.76589903E+00,585.900029669721,58.3309473711859,3.57063367E+00,3720.77724058615,7.72369262E+00,5.71582875E+00,2.19943090E+01,0.00000000E+00,9.79295733E-01,2.07042670E-02
1.20938274E+01,2.76954631E+00,1.76706530E+00,588.228835237048,58.487801909436,3.57048124E+00,3719.47154001058,7.72397899E+00,5.71645606E+00,2.19953051E+01,0.00000000E+00,9.79295733E-01,2.07042670E-02
1.20938856E+01,2.77127782E+00,1.76823884E+00,590.578755063315,58.6460599513104,3.57032735E+00,3718.15379801869,7.72427181E+00,5.71709365E+00,2.19963176E+01,0.00000000E+00,9.79295733E-01,2.07042670E-02
1.20939435E+01,2.77306386E+00,1.76945033E+00,593.012516558662,58.8098849783106,3.57016811E+00,3716.79073608298,7.72455659E+00,5.71771834E+00,2.19973094E+01,0.00000000E+00,9.79295733E-01,2.07042670E-02
1.20940011E+01,2.77483399E+00,1.77065574E+00,595.434493905757,58.973342026966,3.57000794E+00,3715.42021761617,7.72484952E+00,5.71835601E+00,2.19983220E+01,0.00000000E+00,9.79295733E-01,2.07042670E-02
1.20940586E+01,2.77655433E+00,1.77182357E+00,597.797824189048,59.1321363974965,3.56985411E+00,3714.10442405754,7.72513161E+00,5.71897631E+00,2.19993068E+01,0.00000000E+00,9.79295733E-01,2.07042670E-02
1.20941157E+01,2.77830786E+00,1.77301215E+00,600.21640319673,59.2941912733353,3.56969820E+00,3712.77131457512,7.72542441E+00,5.71961372E+00,2.20003190E+01,0.00000000E+00,9.79295733E-01,2.07042670E-02
1.20941727E+01,2.78003684E+00,1.77418492E+00,602.610701705831,59.4545258552392,3.56954406E+00,3711.45380986765,7.72571039E+00,5.72024018E+00,2.20013137E+01,0.00000000E+00,9.79295733E-01,2.07042670E-02
1.20942295E+01,2.78175906E+00,1.77535823E+00,605.005133946687,59.6153681156657,3.56938796E+00,3710.12002862935,7.72599592E+00,5.72086589E+00,2.20023071E+01,0.00000000E+00,9.79295733E-01,2.07042670E-02
1.20942860E+01,2.78344693E+00,1.77650056E+00,607.361039908429,59.7723815421773,3.56923877E+00,3708.84573717755,7.72627810E+00,5.72148612E+00,2.20032918E+01,0.00000000E+00,9.79295733E-01,2.07042670E-02
1.20943423E+01,2.78518548E+00,1.77768577E+00,609.797275979061,59.9357259593272,3.56908080E+00,3707.49692929842,7.72656246E+00,5.72210996E+00,2.20042822E+01,0.00000000E+00,9.79295733E-01,2.07042670E-02
1.20943984E+01,2.78691765E+00,1.77886455E+00,612.234290148018,60.0986269557229,3.56892445E+00,3706.1624366009,7.72683965E+00,5.72272224E+00,2.20052541E+01,0.00000000E+00,9.79295733E-01,2.07042670E-02
1.20944542E+01,2.78863476E+00,1.78003225E+00,614.659728798792,60.2604332827985,3.56876988E+00,3704.84360889287,7.72712438E+00,5.72334650E+00,2.20062452E+01,0.00000000E+00,9.79295733E-01,2.07042670E-02
1.20945098E+01,2.79034732E+00,1.78119694E+00,617.088310990699,60.4222564736839,3.56861567E+00,3703.52832045285,7.72740712E+00,5.72396752E+00,2.20072311E+01,0.00000000E+00,9.79295733E-01,2.07042670E-02
1.20945652E+01,2.79204967E+00,1.78235554E+00,619.511924233256,60.5836646689625,3.56846196E+00,3702.21776129798,7.72768940E+00,5.72458772E+00,2.20082157E+01,0.00000000E+00,9.79295733E-01,2.07042670E-02
1.20946204E+01,2.79372846E+00,1.78349903E+00,621.911317289526,60.7433906153858,3.56830991E+00,3700.92181188173,7.72797125E+00,5.72520710E+00,2.20091990E+01,0.00000000E+00,9.79295733E-01,2.07042670E-02
1.20946754E+01,2.79540356E+00,1.78463854E+00,624.314698748913,60.9029795366168,3.56815893E+00,3699.63543113335,7.72825262E+00,5.72582553E+00,2.20101807E+01,0.00000000E+00,9.79295733E-01,2.07042670E-02
1.20947302E+01,2.79710221E+00,1.78579459E+00,626.761353859779,61.065313353431,3.56800557E+00,3698.32923004638,7.72853612E+00,5.72644706E+00,2.20111674E+01,0.00000000E+00,9.79295733E-01,2.07042670E-02
1.20947847E+01,2.79884606E+00,1.78698229E+00,629.283087669081,61.2325421330778,3.56784768E+00,3696.98492774901,7.72881912E+00,5.72706729E+00,2.20121520E+01,0.00000000E+00,9.79295733E-01,2.07042670E-02
1.20948391E+01,2.80050380E+00,1.78811486E+00,631.68970643668,61.3924351291624,3.56769583E+00,3695.69251199822,7.72908971E+00,5.72766678E+00,2.20131035E+01,0.00000000E+00,9.79295733E-01,2.07042670E-02
1.20948932E+01,2.80218591E+00,1.78925934E+00,634.141112228407,61.5544336772022,3.56754412E+00,3694.40173899265,7.72937136E+00,5.72828237E+00,2.20140808E+01,0.00000000E+00,9.79295733E-01,2.07042670E-02
1.20949471E+01,2.80384949E+00,1.79039253E+00,636.574869962995,61.7152553148661,3.56739342E+00,3693.12000555817,7.72965472E+00,5.72889705E+00,2.20150568E+01,0.00000000E+00,9.79295733E-01,2.07042670E-02
1.20950008E+01,2.80548027E+00,1.79150303E+00,638.969708292557,61.8732644332403,3.56724586E+00,3691.86540933056,7.72994689E+00,5.72951064E+00,2.20160318E+01,0.00000000E+00,9.79295733E-01,2.07042670E-02
1.20950544E+01,2.80720222E+00,1.79268137E+00,641.508211724767,62.0413686635184,3.56708718E+00,3690.51674334956,7.73025103E+00,5.73012423E+00,2.20170077E+01,0.00000000E+00,9.79295733E-01,2.07042670E-02
1.20951077E+01,2.80884113E+00,1.79379939E+00,643.933663960643,62.2012897608921,3.56693790E+00,3689.24842038128,7.73055249E+00,5.73074219E+00,2.20179901E+01,0.00000000E+00,9.79295733E-01,2.07042670E-02
1.20951608E+01,2.81053634E+00,1.79495441E+00,646.452084223763,62.3669362445458,3.56678419E+00,3687.9429144222,7.73084809E+00,5.73135507E+00,2.20189642E+01,0.00000000E+00,9.79295733E-01,2.07042670E-02
1.20952137E+01,2.81220097E+00,1.79608997E+00,648.934658933005,62.5302219205466,3.56663257E+00,3686.65561206882,7.73114010E+00,5.73196534E+00,2.20199339E+01,0.00000000E+00,9.79295733E-01,2.07042670E-02
1.20952663E+01,2.81382006E+00,1.79719874E+00,651.358462641712,62.6900678673408,3.56648296E+00,3685.38581570591,7.73143285E+00,5.73257943E+00,2.20209096E+01,0.00000000E+00,9.79295733E-01,2.07042670E-02
1.20953188E+01,2.81555086E+00,1.79838215E+00,653.959510377293,62.8611251240584,3.56632395E+00,3684.0367174411,7.73171945E+00,5.73318597E+00,2.20218730E+01,0.00000000E+00,9.79295733E-01,2.07042670E-02
1.20953711E+01,2.81720151E+00,1.79950945E+00,656.449784360278,63.0245059614359,3.56617297E+00,3682.7562056793,7.73200806E+00,5.73379771E+00,2.20228447E+01,0.00000000E+00,9.79295733E-01,2.07042670E-02
1.20954232E+01,2.81884480E+00,1.80062984E+00,658.938374151425,63.1873060654478,3.56602359E+00,3681.48970208704,7.73229365E+00,5.73440639E+00,2.20238114E+01,0.00000000E+00,9.79295733E-01,2.07042670E-02
1.20954751E+01,2.82046615E+00,1.80174176E+00,661.402984069329,63.3492911956207,3.56587297E+00,3680.21312626683,7.73257793E+00,5.73501458E+00,2.20247772E+01,0.00000000E+00,9.79295733E-01,2.07042670E-02
1.20955268E+01,2.82206933E+00,1.80283766E+00,663.849037625175,63.5093488473359,3.56572581E+00,3678.96630310928,7.73285290E+00,5.73560934E+00,2.20257214E+01,0.00000000E+00,9.79295733E-01,2.07042670E-02
1.20955783E+01,2.82372671E+00,1.80397068E+00,666.387297392517,63.6752531150472,3.56557365E+00,3677.67756129284,7.73313521E+00,5.73621718E+00,2.20266864E+01,0.00000000E+00,9.79295733E-01,2.07042670E-02
1.20956296E+01,2.82535092E+00,1.80508164E+00,668.884173173539,63.8383480183531,3.56542422E+00,3676.4123809889,7.73341529E+00,5.73682265E+00,2.20276476E+01,0.00000000E+00,9.79295733E-01,2.07042670E-02
1.20956807E+01,2.82697679E+00,1.80619905E+00,671.392970712595,64.0028112073609,3.56527198E+00,3675.12385682842,7.73369657E+00,5.73743117E+00,2.20286135E+01,0.00000000E+00,9.79295733E-01,2.07042670E-02
1.20957317E+01,2.82864140E+00,1.80734154E+00,673.971295054733,64.1714038104979,3.56511689E+00,3673.81167529371,7.73397264E+00,5.73803235E+00,2.20295677E+01,0.00000000E+00,9.79295733E-01,2.07042670E-02
1.20957824E+01,2.83025156E+00,1.80844512E+00,676.474701989932,64.3346762782163,3.56496764E+00,3672.54934706081,7.73425134E+00,5.73863869E+00,2.20305300E+01,0.00000000E+00,9.79295733E-01,2.07042670E-02
1.20958330E+01,2.83182620E+00,1.80952395E+00,678.931876978726,64.4946885717205,3.56482188E+00,3671.31695523133,7.73452798E+00,5.73924258E+00,2.20314883E+01,0.00000000E+00,9.79295733E-01,2.07042670E-02
1.20958833E+01,2.83352868E+00,1.81069889E+00,681.598584743581,64.6694086962033,3.56466004E+00,3669.94909248736,7.73480583E+00,5.73984924E+00,2.20324510E+01,0.00000000E+00,9.79295733E-01,2.07042670E-02
1.20959335E+01,2.83513677E+00,1.81180019E+00,684.127061776073,64.8336078763303,3.56451141E+00,3668.69332887777,7.73507970E+00,5.74045024E+00,2.20334046E+01,0.00000000E+00,9.79295733E-01,2.07042670E-02
1.20959835E+01,2.83671452E+00,1.81288242E+00,686.616949485093,64.9953699384881,3.56436473E+00,3667.45446194235,7.73534116E+00,5.74103207E+00,2.20343275E+01,0.00000000E+00,9.79295733E-01,2.07042670E-02
1.20960333E+01,2.83828842E+00,1.81396271E+00,689.109790214172,65.1572445434623,3.56421806E+00,3666.21609777288,7.73560209E+00,5.74161368E+00,2.20352500E+01,0.00000000E+00,9.79295733E-01,2.07042670E-02
1.20960829E+01,2.83985344E+00,1.81504137E+00,691.597540275531,65.3192771485301,3.56406999E+00,3664.96633727871,7.73586236E+00,5.74219483E+00,2.20361717E+01,0.00000000E+00,9.79295733E-01,2.07042670E-02
1.20961323E+01,2.84139983E+00,1.81610268E+00,694.064497310048,65.4790967627734,3.56392593E+00,3663.75083140696,7.73612213E+00,5.74277573E+00,2.20370930E+01,0.00000000E+00,9.79295733E-01,2.07042670E-02
1.20961816E+01,2.84291828E+00,1.81714204E+00,696.495444144609,65.6359899737005,3.56378586E+00,3662.56937768656,7.73637449E+00,5.74334529E+00,2.20379960E+01,0.00000000E+00,9.79295733E-01,2.07042670E-02
1.20962307E+01,2.84454857E+00,1.81826128E+00,699.114918996244,65.8053616132867,3.56363382E+00,3661.28739136369,7.73663371E+00,5.74392633E+00,2.20389174E+01,0.00000000E+00,9.79295733E-01,2.07042670E-02
1.20962796E+01,2.84610377E+00,1.81933263E+00,701.622923651788,65.9678955774294,3.56348694E+00,3660.04933979542,7.73689195E+00,5.74450621E+00,2.20398369E+01,0.00000000E+00,9.79295733E-01,2.07042670E-02
1.20963283E+01,2.84765919E+00,1.82040106E+00,704.140282217851,66.130386355072,3.56334158E+00,3658.82451247483,7.73714952E+00,5.74508543E+00,2.20407553E+01,0.00000000E+00,9.79295733E-01,2.07042670E-02
1.20963769E+01,2.84920804E+00,1.82146453E+00,706.655982473785,66.2925202572894,3.56319706E+00,3657.60716947258,7.73740661E+00,5.74566428E+00,2.20416730E+01,0.00000000E+00,9.79295733E-01,2.07042670E-02
1.20964253E+01,2.85074431E+00,1.82251730E+00,709.160128438402,66.4534143913498,3.56305474E+00,3656.40875367381,7.73766332E+00,5.74624289E+00,2.20425903E+01,0.00000000E+00,9.79295733E-01,2.07042670E-02
1.20964735E+01,2.85223338E+00,1.82354319E+00,711.595806365937,66.610576132346,3.56291406E+00,3655.22453351363,7.73791984E+00,5.74682155E+00,2.20435077E+01,0.00000000E+00,9.79295733E-01,2.07042670E-02
1.20965215E+01,2.85386239E+00,1.82466455E+00,714.269967537457,66.7827886594127,3.56276064E+00,3653.93350742223,7.73817620E+00,5.74740028E+00,2.20444251E+01,0.00000000E+00,9.79295733E-01,2.07042670E-02
1.20965694E+01,2.85537416E+00,1.82570339E+00,716.760658849091,66.9427254680142,3.56261916E+00,3652.74336032483,7.73842971E+00,5.74797471E+00,2.20453356E+01,0.00000000E+00,9.79295733E-01,2.07042670E-02
1.20966171E+01,2.85689351E+00,1.82674810E+00,719.2725890956,67.1039522887835,3.56247664E+00,3651.54485655526,7.73868604E+00,5.74855396E+00,2.20462538E+01,0.00000000E+00,9.79295733E-01,2.07042670E-02
1.20966646E+01,2.85843875E+00,1.82781288E+00,721.836352768454,67.2686760205631,3.56233056E+00,3650.31682351706,7.73893884E+00,5.74912780E+00,2.20471633E+01,0.00000000E+00,9.79295733E-01,2.07042670E-02
1.20967120E+01,2.85999331E+00,1.82888563E+00,724.424800736231,67.4350416384416,3.56218283E+00,3649.07533964057,7.73919341E+00,5.74970474E+00,2.20480777E+01,0.00000000E+00,9.79295733E-01,2.07042670E-02
1.20967592E+01,2.86149021E+00,1.82991572E+00,726.926012439313,67.5951786194217,3.56204201E+00,3647.89231864968,7.73944629E+00,5.75027918E+00,2.20489881E+01,0.00000000E+00,9.79295733E-01,2.07042670E-02
1.20968063E+01,2.86304412E+00,1.83098661E+00,729.531619646972,67.762061515109,3.56189504E+00,3646.65804087184,7.73969974E+00,5.75085487E+00,2.20499003E+01,0.00000000E+00,9.79295733E-01,2.07042670E-02
1.20968531E+01,2.86458279E+00,1.83205092E+00,732.120874846974,67.9283272304081,3.56174755E+00,3645.41981589136,7.73995761E+00,5.75143793E+00,2.20508240E+01,0.00000000E+00,9.79295733E-01,2.07042670E-02
1.20968998E+01,2.86607355E+00,1.83307628E+00,734.63827238533,68.088894033605,3.56160756E+00,3644.24494468815,7.74021005E+00,5.75201257E+00,2.20517342E+01,0.00000000E+00,9.79295733E-01,2.07042670E-02
1.20969464E+01,2.86766511E+00,1.83417489E+00,737.335442117803,68.2613526658103,3.56145615E+00,3642.97465695174,7.74046168E+00,5.75258618E+00,2.20526425E+01,0.00000000E+00,9.79295733E-01,2.07042670E-02
1.20969927E+01,2.86914755E+00,1.83519634E+00,739.856596000676,68.4220906496348,3.56131603E+00,3641.79948366925,7.74071157E+00,5.75315716E+00,2.20535466E+01,0.00000000E+00,9.79295733E-01,2.07042670E-02
1.20970390E+01,2.87066297E+00,1.83624157E+00,742.442748815773,68.5869625389941,3.56117227E+00,3640.59417604207,7.74096168E+00,5.75372863E+00,2.20544514E+01,0.00000000E+00,9.79295733E-01,2.07042670E-02
1.20970850E+01,2.87214498E+00,1.83726865E+00,744.980628379017,68.7493584808353,3.56102923E+00,3639.39530093685,7.74121206E+00,5.75430068E+00,2.20553572E+01,0.00000000E+00,9.79295733E-01,2.07042670E-02
1.20971309E+01,2.87369878E+00,1.83834016E+00,747.650761521779,68.9191892718304,3.56088193E+00,3638.16113368719,7.74146650E+00,5.75487938E+00,2.20562736E+01,0.00000000E+00,9.79295733E-01,2.07042670E-02
1.20971766E+01,2.87521527E+00,1.83938739E+00,750.266007152423,69.085577134811,3.56073743E+00,3636.95083317301,7.74171420E+00,5.75544738E+00,2.20571728E+01,0.00000000E+00,9.79295733E-01,2.07042670E-02
1.20972222E+01,2.87670207E+00,1.84041335E+00,752.838932130907,69.2489750791773,3.56059616E+00,3635.76797566516,7.74196289E+00,5.75601705E+00,2.20580748E+01,0.00000000E+00,9.79295733E-01,2.07042670E-02
1.20972676E+01,2.87816475E+00,1.84142787E+00,755.378726915542,69.4109310674233,3.56045457E+00,3634.58282480139,7.74221052E+00,5.75658513E+00,2.20589741E+01,0.00000000E+00,9.79295733E-01,2.07042670E-02
1.20973129E+01,2.87973383E+00,1.84251363E+00,758.112801146931,69.5846792977062,3.56030396E+00,3633.3225978467,7.74246229E+00,5.75715999E+00,2.20598843E+01,0.00000000E+00,9.79295733E-01,2.07042670E-02
1.20973580E+01,2.88120170E+00,1.84352860E+00,760.679478360086,69.7474926836944,3.56016344E+00,3632.14719285237,7.74270940E+00,5.75772743E+00,2.20607826E+01,0.00000000E+00,9.79295733E-01,2.07042670E-02
1.20974029E+01,2.88266409E+00,1.84453656E+00,763.245214535396,69.9095585906759,3.56002505E+00,3630.98997627904,7.74295611E+00,5.75829432E+00,2.20616801E+01,0.00000000E+00,9.79295733E-01,2.07042670E-02
1.20974477E+01,2.88422697E+00,1.84562248E+00,765.996825850256,70.0845807967747,3.55987282E+00,3629.71745552747,7.74320540E+00,5.75886545E+00,2.20625843E+01,0.00000000E+00,9.79295733E-01,2.07042670E-02
1.20974924E+01,2.88567951E+00,1.84662711E+00,768.563065625084,70.2468913370386,3.55973364E+00,3628.55441257844,7.74345061E+00,5.75943008E+00,2.20634781E+01,0.00000000E+00,9.79295733E-01,2.07042670E-02
1.20975369E+01,2.88713492E+00,1.84763453E+00,771.142998826428,70.4100301036624,3.55959378E+00,3627.38606268179,7.74369577E+00,5.75999472E+00,2.20643718E+01,0.00000000E+00,9.79295733E-01,2.07042670E-02
1.20975812E+01,2.88867648E+00,1.84870118E+00,773.885091001978,70.5831733637619,3.55944584E+00,3626.15062422723,7.74394399E+00,5.76056435E+00,2.20652736E+01,0.00000000E+00,9.79295733E-01,2.07042670E-02
1.20976254E+01,2.89015694E+00,1.84972959E+00,776.527677957196,70.7505124781114,3.55930175E+00,3624.94774139375,7.74418786E+00,5.76112705E+00,2.20661642E+01,0.00000000E+00,9.79295733E-01,2.07042670E-02
1.20976694E+01,2.89162300E+00,1.85074444E+00,779.153453564393,70.9160340715634,3.55916084E+00,3623.77179154522,7.74443049E+00,5.76168781E+00,2.20670518E+01,0.00000000E+00,9.79295733E-01,2.07042670E-02
1.20977133E+01,2.89310105E+00,1.85176790E+00,781.809691953811,71.0833521363852,3.55901862E+00,3622.5852960465,7.74467712E+00,5.76225507E+00,2.20679497E+01,0.00000000E+00,9.79295733E-01,2.07042670E-02
1.20977570E+01,2.89455659E+00,1.85277566E+00,784.434326596685,71.2484892473648,3.55887863E+00,3621.41778411086,7.74491986E+00,5.76281614E+00,2.20688377E+01,0.00000000E+00,9.79295733E-01,2.07042670E-02
1.20978006E+01,2.89599573E+00,1.85377631E+00,787.038051468755,71.4128408598835,3.55873809E+00,3620.24606368763,7.74516153E+00,5.76337556E+00,2.20697231E+01,0.00000000E+00,9.79295733E-01,2.07042671E-02
1.20978441E+01,2.89751707E+00,1.85483315E+00,789.799891975299,71.5868330553864,3.55859000E+00,3619.01180705721,7.74540633E+00,5.76394008E+00,2.20706165E+01,0.00000000E+00,9.79295733E-01,2.07042671E-02
1.20978874E+01,2.89898199E+00,1.85584671E+00,792.468466482391,71.7540980959161,3.55844945E+00,3617.84078179109,7.74564413E+00,5.76449339E+00,2.20714921E+01,0.00000000E+00,9.79295733E-01,2.07042671E-02
1.20979305E+01,2.90044671E+00,1.85686284E+00,795.1456913862,71.9221795654053,3.55830757E+00,3616.65905962889,7.74588681E+00,5.76505458E+00,2.20723802E+01,0.00000000E+00,9.79295733E-01,2.07042671E-02
1.20979735E+01,2.90190938E+00,1.85787880E+00,797.828194858932,72.0906265407463,3.55816525E+00,3615.47406048737,7.74612758E+00,5.76561276E+00,2.20732635E+01,0.00000000E+00,9.79295733E-01,2.07042671E-02
1.20980164E+01,2.90336523E+00,1.85889537E+00,800.50717705778,72.2595695252058,3.55802094E+00,3614.2728884531,7.74636652E+00,5.76616806E+00,2.20741422E+01,0.00000000E+00,9.79295733E-01,2.07042671E-02
1.20980591E+01,2.90482340E+00,1.85990901E+00,803.199445537429,72.4284197789059,3.55787866E+00,3613.08900391888,7.74660863E+00,5.76672848E+00,2.20750290E+01,0.00000000E+00,9.79295733E-01,2.07042671E-02
1.20981017E+01,2.90622790E+00,1.86088211E+00,805.801181808213,72.5908881447043,3.55774324E+00,3611.96256032395,7.74684685E+00,5.76728273E+00,2.20759060E+01,0.00000000E+00,9.79295733E-01,2.07042671E-02
1.20981441E+01,2.90772129E+00,1.86192058E+00,808.576825636757,72.7646726660404,3.55759734E+00,3610.7493355426,7.74708790E+00,5.76784157E+00,2.20767903E+01,0.00000000E+00,9.79295733E-01,2.07042671E-02
1.20981864E+01,2.90916298E+00,1.86292739E+00,811.265448634684,72.9335561934778,3.55745436E+00,3609.56078724755,7.74732509E+00,5.76839427E+00,2.20776647E+01,0.00000000E+00,9.79295733E-01,2.07042671E-02
1.20982285E+01,2.91058136E+00,1.86391409E+00,813.919324778663,73.0994467447312,3.55731561E+00,3608.40777567209,7.74756173E+00,5.76894612E+00,2.20785378E+01,0.00000000E+00,9.79295733E-01,2.07042671E-02
1.20982705E+01,2.91200475E+00,1.86490458E+00,816.591302596813,73.2663539991164,3.55717621E+00,3607.24973350248,7.74780141E+00,5.76950291E+00,2.20794187E+01,0.00000000E+00,9.79295733E-01,2.07042671E-02
1.20983124E+01,2.91343486E+00,1.86590002E+00,819.284729125579,73.4344793376694,3.55703602E+00,3606.08550335426,7.74803700E+00,5.77005321E+00,2.20802893E+01,0.00000000E+00,9.79295733E-01,2.07042671E-02
1.20983541E+01,2.91486396E+00,1.86689682E+00,821.985127972466,73.6032209650973,3.55689489E+00,3604.91384636612,7.74827303E+00,5.77060425E+00,2.20811610E+01,0.00000000E+00,9.79295733E-01,2.07042671E-02
1.20983957E+01,2.91628899E+00,1.86788967E+00,824.686698848661,73.7716793639046,3.55675472E+00,3603.75053607803,7.74850788E+00,5.77115345E+00,2.20820297E+01,0.00000000E+00,9.79295733E-01,2.07042671E-02
1.20984372E+01,2.91772466E+00,1.86889031E+00,827.417419890487,73.941849612901,3.55661332E+00,3602.57739803076,7.74874503E+00,5.77170641E+00,2.20829044E+01,0.00000000E+00,9.79295733E-01,2.07042671E-02
1.20984785E+01,2.91916084E+00,1.86989396E+00,830.158157826326,74.1129260548749,3.55647054E+00,3601.39319819018,7.74898204E+00,5.77225918E+00,2.20837788E+01,0.00000000E+00,9.79295733E-01,2.07042671E-02
1.20985197E+01,2.92058882E+00,1.87089221E+00,832.89224803236,74.2834746664406,3.55632841E+00,3600.21477597337,7.74921637E+00,5.77280774E+00,2.20846464E+01,0.00000000E+00,9.79295733E-01,2.07042671E-02
1.20985607E+01,2.92202217E+00,1.87189343E+00,835.645675443203,74.4549249158429,3.55618614E+00,3599.03557915929,7.74945147E+00,5.77335753E+00,2.20855160E+01,0.00000000E+00,9.79295733E-01,2.07042671E-02
1.20986017E+01,2.92345230E+00,1.87289209E+00,838.40198909997,74.6263309866312,3.55604434E+00,3597.86066223024,7.74968688E+00,5.77390789E+00,2.20863865E+01,0.00000000E+00,9.79295733E-01,2.07042671E-02
1.20986424E+01,2.92483583E+00,1.87385753E+00,841.077141436887,74.7924104284808,3.55590750E+00,3596.72720620351,7.74991913E+00,5.77445323E+00,2.20872489E+01,0.00000000E+00,9.79295733E-01,2.07042671E-02
1.20986831E+01,2.92625268E+00,1.87484704E+00,843.825567199636,74.9630140536118,3.55576696E+00,3595.56347448971,7.75015094E+00,5.77499793E+00,2.20881102E+01,0.00000000E+00,9.79295733E-01,2.07042671E-02
1.20987236E+01,2.92767829E+00,1.87584795E+00,846.600050414587,75.1359790842341,3.55562291E+00,3594.37106921554,7.75038491E+00,5.77554614E+00,2.20889772E+01,0.00000000E+00,9.79295733E-01,2.07042671E-02
1.20987640E+01,2.92906587E+00,1.87681815E+00,849.309281093821,75.3040180884555,3.55548470E+00,3593.22737753359,7.75061852E+00,5.77609383E+00,2.20898433E+01,0.00000000E+00,9.79295733E-01,2.07042671E-02
1.20988043E+01,2.93046911E+00,1.87779725E+00,852.057905026083,75.4739795790345,3.55534596E+00,3592.0796660932,7.75084908E+00,5.77663669E+00,2.20907016E+01,0.00000000E+00,9.79295733E-01,2.07042671E-02
1.20988444E+01,2.93188852E+00,1.87878993E+00,854.847252108973,75.6466900407787,3.55520448E+00,3590.90966582376,7.75108157E+00,5.77718270E+00,2.20915650E+01,0.00000000E+00,9.79295733E-01,2.07042671E-02
1.20988844E+01,2.93328824E+00,1.87977281E+00,857.606847587883,75.8180848438439,3.55506296E+00,3589.73971601565,7.75131367E+00,5.77772815E+00,2.20924274E+01,0.00000000E+00,9.79295733E-01,2.07042671E-02
1.20989243E+01,2.93463733E+00,1.88071580E+00,860.2750549089,75.9828886229549,3.55492874E+00,3588.63046770772,7.75154556E+00,5.77827332E+00,2.20932893E+01,0.00000000E+00,9.79295733E-01,2.07042671E-02
1.20989640E+01,2.93605920E+00,1.88171015E+00,863.09619101209,76.1570564913506,3.55478704E+00,3587.45977360436,7.75177686E+00,5.77881762E+00,2.20941498E+01,0.00000000E+00,9.79295733E-01,2.07042671E-02
1.20990036E+01,2.93746914E+00,1.88269710E+00,865.902792047343,76.3303229737316,3.55464605E+00,3586.29532440626,7.75200759E+00,5.77936106E+00,2.20950089E+01,0.00000000E+00,9.79295733E-01,2.07042671E-02
1.20990431E+01,2.93887542E+00,1.88367884E+00,868.711198477573,76.5030658861307,3.55450675E+00,3585.14520427037,7.75223780E+00,5.77990372E+00,2.20958668E+01,0.00000000E+00,9.79295733E-01,2.07042671E-02
1.20990825E+01,2.94025265E+00,1.88464737E+00,871.470418799458,76.6738674965404,3.55436679E+00,3583.99000636065,7.75246762E+00,5.78044582E+00,2.20967237E+01,0.00000000E+00,9.79295733E-01,2.07042671E-02
1.20991217E+01,2.94162614E+00,1.88560848E+00,874.230874401182,76.8437375401477,3.55422961E+00,3582.85811514617,7.75269705E+00,5.78098736E+00,2.20975797E+01,0.00000000E+00,9.79295733E-01,2.07042671E-02
1.20991608E+01,2.94303334E+00,1.88659475E+00,877.068149490976,77.0184457123459,3.55408827E+00,3581.69227309068,7.75292585E+00,5.78152795E+00,2.20984341E+01,0.00000000E+00,9.79295733E-01,2.07042671E-02
1.20991998E+01,2.94439251E+00,1.88754696E+00,879.817325662624,77.1874973447448,3.55395196E+00,3580.56828030617,7.75315438E+00,5.78206816E+00,2.20992879E+01,0.00000000E+00,9.79295733E-01,2.07042671E-02
1.20992386E+01,2.94578461E+00,1.88852676E+00,882.642042171145,77.3618345484972,3.55381008E+00,3579.39873273752,7.75338236E+00,5.78260758E+00,2.21001404E+01,0.00000000E+00,9.79295733E-01,2.07042671E-02
1.20992774E+01,2.94716347E+00,1.88949477E+00,885.448833228956,77.5344606200421,3.55367080E+00,3578.25098911395,7.75360995E+00,5.78314642E+00,2.21009919E+01,0.00000000E+00,9.79295733E-01,2.07042671E-02
1.20993160E+01,2.94848386E+00,1.89042096E+00,888.144968931948,77.6999894798785,3.55353780E+00,3577.15533964804,7.75383734E+00,5.78368501E+00,2.21018430E+01,0.00000000E+00,9.79295733E-01,2.07042671E-02
1.20993545E+01,2.94988413E+00,1.89140350E+00,891.013183624803,77.8759755329299,3.55339660E+00,3575.99250600751,7.75406404E+00,5.78422258E+00,2.21026925E+01,0.00000000E+00,9.79295733E-01,2.07042671E-02
1.20993929E+01,2.95127544E+00,1.89238094E+00,893.872219244014,78.0514436065299,3.55325570E+00,3574.8325197778,7.75429026E+00,5.78475944E+00,2.21035407E+01,0.00000000E+00,9.79295733E-01,2.07042671E-02
1.20994311E+01,2.95262162E+00,1.89333175E+00,896.647248247687,78.2225104576018,3.55311684E+00,3573.6896963851,7.75451616E+00,5.78529585E+00,2.21043882E+01,0.00000000E+00,9.79295733E-01,2.07042671E-02
1.20994693E+01,2.95399489E+00,1.89429478E+00,899.486997915019,78.3961580870906,3.55297864E+00,3572.55266756305,7.75474165E+00,5.78583169E+00,2.21052348E+01,0.00000000E+00,9.79295733E-01,2.07042671E-02
1.20995073E+01,2.95535593E+00,1.89525154E+00,902.310331312127,78.5690568741877,3.55284052E+00,3571.41665838483,7.75496659E+00,5.78636670E+00,2.21060800E+01,0.00000000E+00,9.79295733E-01,2.07042671E-02
1.20995452E+01,2.95668158E+00,1.89618267E+00,905.068770972853,78.7376901188207,3.55270637E+00,3570.31364746386,7.75519133E+00,5.78690146E+00,2.21069248E+01,0.00000000E+00,9.79295733E-01,2.07042671E-02
1.20995829E+01,2.95806791E+00,1.89716039E+00,907.962495860672,78.9151506632327,3.55256410E+00,3569.14424431979,7.75541550E+00,5.78743541E+00,2.21077682E+01,0.00000000E+00,9.79295733E-01,2.07042671E-02
1.20996206E+01,2.95941124E+00,1.89810595E+00,910.775291308851,79.087154461164,3.55242715E+00,3568.01893127815,7.75563928E+00,5.78796878E+00,2.21086107E+01,0.00000000E+00,9.79295733E-01,2.07042671E-02
1.20996581E+01,2.96075607E+00,1.89905433E+00,913.599956030159,79.2600478161066,3.55228916E+00,3566.88543144594,7.75586267E+00,5.78850161E+00,2.21094522E+01,0.00000000E+00,9.79295733E-01,2.07042671E-02
1.20996956E+01,2.96211705E+00,1.90001163E+00,916.467460935942,79.4349506376234,3.55215076E+00,3565.74892542552,7.75608562E+00,5.78903381E+00,2.21102928E+01,0.00000000E+00,9.79295733E-01,2.07042671E-02
1.20997329E+01,2.96340648E+00,1.90091919E+00,919.192516635205,79.6011221314956,3.55201934E+00,3564.67007260029,7.75630842E+00,5.78956584E+00,2.21111330E+01,0.00000000E+00,9.79295733E-01,2.07042671E-02
1.20997701E+01,2.96479008E+00,1.90190054E+00,922.12560201887,79.7811955349204,3.55187456E+00,3563.48192276264,7.75653051E+00,5.79009683E+00,2.21119715E+01,0.00000000E+00,9.79295733E-01,2.07042671E-02
1.20998071E+01,2.96613745E+00,1.90285189E+00,924.990878276752,79.9561529336781,3.55173573E+00,3562.34297407318,7.75675224E+00,5.79062730E+00,2.21128091E+01,0.00000000E+00,9.79295733E-01,2.07042671E-02
1.20998441E+01,2.96744769E+00,1.90377613E+00,927.785733251131,80.1264921092598,3.55160117E+00,3561.23940348111,7.75697372E+00,5.79115745E+00,2.21136462E+01,0.00000000E+00,9.79295733E-01,2.07042671E-02
1.20998810E+01,2.96881142E+00,1.90473944E+00,930.703656179132,80.3044181977603,3.55146045E+00,3560.08567841838,7.75719468E+00,5.79168686E+00,2.21144821E+01,0.00000000E+00,9.79295733E-01,2.07042671E-02
1.20999177E+01,2.97007360E+00,1.90563156E+00,933.412473051016,80.4695476501865,3.55132993E+00,3559.01591450054,7.75741558E+00,5.79221625E+00,2.21153179E+01,0.00000000E+00,9.79295733E-01,2.07042671E-02
1.20999543E+01,2.97145724E+00,1.90661310E+00,936.391019664113,80.6516208874011,3.55118507E+00,3557.82899388926,7.75763572E+00,5.79274452E+00,2.21161518E+01,0.00000000E+00,9.79295733E-01,2.07042671E-02
1.20999908E+01,2.97279203E+00,1.90755709E+00,939.273414287246,80.8271173079231,3.55104677E+00,3556.69619245388,7.75785561E+00,5.79327245E+00,2.21169852E+01,0.00000000E+00,9.79295733E-01,2.07042671E-02
1.21000272E+01,2.97408562E+00,1.90847159E+00,942.075305852732,80.997495426723,3.55091292E+00,3555.60018398253,7.75807521E+00,5.79379999E+00,2.21178179E+01,0.00000000E+00,9.79295733E-01,2.07042671E-02
1.21000635E+01,2.97544050E+00,1.90943027E+00,945.018912376917,81.1764902100974,3.55077230E+00,3554.44910428449,7.75829419E+00,5.79432664E+00,2.21186492E+01,0.00000000E+00,9.79295733E-01,2.07042672E-02
1.21000997E+01,2.97668329E+00,1.91031230E+00,947.727079627709,81.3415230621684,3.55064198E+00,3553.38267048377,7.75851326E+00,5.79485351E+00,2.21194807E+01,0.00000000E+00,9.79295733E-01,2.07042672E-02
1.21001358E+01,2.97805035E+00,1.91127845E+00,950.715008563359,81.5226803088626,3.55050068E+00,3552.2267467458,7.75873171E+00,5.79537949E+00,2.21203108E+01,0.00000000E+00,9.79295733E-01,2.07042672E-02
1.21001717E+01,2.97938806E+00,1.91222510E+00,953.647907101039,81.7005725427867,3.55036178E+00,3551.09082303143,7.75894963E+00,5.79590469E+00,2.21211396E+01,0.00000000E+00,9.79295733E-01,2.07042672E-02
1.21002076E+01,2.98066982E+00,1.91313130E+00,956.466624269433,81.8712271530566,3.55022912E+00,3550.00626914901,7.75916738E+00,5.79642971E+00,2.21219681E+01,0.00000000E+00,9.79295733E-01,2.07042672E-02
1.21002433E+01,2.98200803E+00,1.91408331E+00,959.418370765716,82.0508926119215,3.55008767E+00,3548.85021803268,7.75938465E+00,5.79695405E+00,2.21227954E+01,0.00000000E+00,9.79295733E-01,2.07042672E-02
1.21002790E+01,2.98326869E+00,1.91497586E+00,962.207394270346,82.2196947349499,3.54995656E+00,3547.7790104882,7.75960178E+00,5.79747824E+00,2.21236225E+01,0.00000000E+00,9.79295733E-01,2.07042672E-02
1.21003145E+01,2.98461888E+00,1.91593381E+00,965.203482067311,82.4012519253884,3.54981513E+00,3546.62384800143,7.75981824E+00,5.79800148E+00,2.21244479E+01,0.00000000E+00,9.79295733E-01,2.07042672E-02
1.21003499E+01,2.98584365E+00,1.91679817E+00,967.929330084968,82.5654153529726,3.54968914E+00,3545.59511208865,7.76003483E+00,5.79852499E+00,2.21252738E+01,0.00000000E+00,9.79295733E-01,2.07042672E-02
1.21003853E+01,2.98720410E+00,1.91776322E+00,970.966172987722,82.7490887626038,3.54954673E+00,3544.43266254299,7.76025075E+00,5.79904754E+00,2.21260981E+01,0.00000000E+00,9.79295733E-01,2.07042672E-02
1.21004205E+01,2.98850873E+00,1.91869293E+00,973.887361794767,82.9264224925542,3.54940803E+00,3543.3008629547,7.76046629E+00,5.79956956E+00,2.21269215E+01,0.00000000E+00,9.79295733E-01,2.07042672E-02
1.21004556E+01,2.98980234E+00,1.91961075E+00,976.792553184766,83.1018610818803,3.54927252E+00,3542.19544297283,7.76068151E+00,5.80009116E+00,2.21277442E+01,0.00000000E+00,9.79295733E-01,2.07042672E-02
1.21004906E+01,2.99106227E+00,1.92050394E+00,979.630436684916,83.2729480627097,3.54914091E+00,3541.12216727812,7.76089660E+00,5.80061266E+00,2.21285667E+01,0.00000000E+00,9.79295733E-01,2.07042672E-02
1.21005255E+01,2.99234266E+00,1.92141204E+00,982.522851548179,83.4472520947776,3.54900696E+00,3540.03014287538,7.76111133E+00,5.80113367E+00,2.21293883E+01,0.00000000E+00,9.79295733E-01,2.07042672E-02
1.21005603E+01,2.99368180E+00,1.92236079E+00,985.557120500927,83.6297483591155,3.54886737E+00,3538.8924968265,7.76132546E+00,5.80165383E+00,2.21302085E+01,0.00000000E+00,9.79295733E-01,2.07042672E-02
1.21005950E+01,2.99489432E+00,1.92322787E+00,988.31257218734,83.796884072641,3.54873696E+00,3537.82999728762,7.76153978E+00,5.80217437E+00,2.21310293E+01,0.00000000E+00,9.79295733E-01,2.07042672E-02
1.21006296E+01,2.99624738E+00,1.92419051E+00,991.396496918074,83.9828309421784,3.54859390E+00,3536.66480033168,7.76175324E+00,5.80269364E+00,2.21318481E+01,0.00000000E+00,9.79295733E-01,2.07042672E-02
1.21006641E+01,2.99747933E+00,1.92506512E+00,994.212753833711,84.152131354459,3.54846459E+00,3535.61192476605,7.76196672E+00,5.80321304E+00,2.21326669E+01,0.00000000E+00,9.79295733E-01,2.07042672E-02
1.21006984E+01,2.99877675E+00,1.92598733E+00,997.187325785944,84.3310154883129,3.54832784E+00,3534.49881180292,7.76217983E+00,5.80373196E+00,2.21334850E+01,0.00000000E+00,9.79295733E-01,2.07042672E-02
1.21007327E+01,3.00008031E+00,1.92691969E+00,1000.18493770769,84.5122550133153,3.54818755E+00,3533.35724823332,7.76239241E+00,5.80425012E+00,2.21343018E+01,0.00000000E+00,9.79295733E-01,2.07042672E-02
1.21007669E+01,3.00135353E+00,1.92782690E+00,1003.12147970418,84.6889795661253,3.54805225E+00,3532.25663840409,7.76260473E+00,5.80476795E+00,2.21351180E+01,0.00000000E+00,9.79295733E-01,2.07042672E-02
1.21008010E+01,3.00255395E+00,1.92867661E+00,1005.8980123839,84.8548382605047,3.54792749E+00,3531.24207095085,7.76281715E+00,5.80528605E+00,2.21359346E+01,0.00000000E+00,9.79295733E-01,2.07042672E-02
1.21008350E+01,3.00389834E+00,1.92963259E+00,1009.0166670014,85.041828605509,3.54778560E+00,3530.08855388444,7.76302875E+00,5.80580297E+00,2.21367492E+01,0.00000000E+00,9.79295733E-01,2.07042672E-02
1.21008689E+01,3.00509274E+00,1.93048061E+00,1011.79549176394,85.2080467586857,3.54766019E+00,3529.06932727599,7.76324060E+00,5.80632037E+00,2.21375646E+01,0.00000000E+00,9.79295733E-01,2.07042672E-02
1.21009027E+01,3.00642927E+00,1.93143699E+00,1014.91406233686,85.3958941040054,3.54751613E+00,3527.89889238127,7.76345165E+00,5.80683661E+00,2.21383781E+01,0.00000000E+00,9.79295733E-01,2.07042672E-02
1.21009363E+01,3.00763068E+00,1.93229170E+00,1017.72555558371,85.5641223392006,3.54738913E+00,3526.8673857098,7.76366268E+00,5.80735290E+00,2.21391916E+01,0.00000000E+00,9.79295733E-01,2.07042672E-02
1.21009699E+01,3.00894616E+00,1.93323013E+00,1020.81292447875,85.7492104707047,3.54724879E+00,3525.72788100463,7.76387316E+00,5.80786845E+00,2.21400039E+01,0.00000000E+00,9.79295733E-01,2.07042672E-02
1.21010034E+01,3.01017329E+00,1.93410306E+00,1023.70138297574,85.9217393399511,3.54711910E+00,3524.67517736235,7.76408341E+00,5.80838371E+00,2.21408156E+01,0.00000000E+00,9.79295733E-01,2.07042672E-02
1.21010368E+01,3.01143601E+00,1.93500452E+00,1026.68214669085,86.1002713182665,3.54698406E+00,3523.57938139025,7.76429327E+00,5.80889846E+00,2.21416265E+01,0.00000000E+00,9.79295733E-01,2.07042672E-02
1.21010701E+01,3.01271788E+00,1.93592672E+00,1029.71699350783,86.2832946715972,3.54684342E+00,3522.43850579974,7.76450271E+00,5.80941266E+00,2.21424364E+01,0.00000000E+00,9.79295733E-01,2.07042672E-02
1.21011033E+01,3.01397295E+00,1.93682384E+00,1032.69708229609,86.4617138703364,3.54670863E+00,3521.34543224142,7.76471173E+00,5.80992626E+00,2.21432454E+01,0.00000000E+00,9.79295733E-01,2.07042672E-02
1.21011364E+01,3.01519934E+00,1.93769889E+00,1035.61740320964,86.6360992199237,3.54657770E+00,3520.28398595191,7.76492055E+00,5.81043967E+00,2.21440540E+01,0.00000000E+00,9.79295733E-01,2.07042672E-02
1.21011695E+01,3.01644638E+00,1.93858947E+00,1038.59536473193,86.8139406256883,3.54644417E+00,3519.20179107312,7.76512889E+00,5.81095243E+00,2.21448615E+01,0.00000000E+00,9.79295733E-01,2.07042672E-02
1.21012024E+01,3.01770338E+00,1.93949325E+00,1041.60577715818,86.994791183881,3.54630653E+00,3518.08663487013,7.76533691E+00,5.81146479E+00,2.21456683E+01,0.00000000E+00,9.79295733E-01,2.07042672E-02
1.21012352E+01,3.01895418E+00,1.94038809E+00,1044.61000240404,87.1742239799269,3.54617182E+00,3516.99555962705,7.76554450E+00,5.81197656E+00,2.21464741E+01,0.00000000E+00,9.79295733E-01,2.07042673E-02
1.21012679E+01,3.02018319E+00,1.94126639E+00,1047.57033110131,87.350700074997,3.54603992E+00,3515.92757166895,7.76575168E+00,5.81248779E+00,2.21472789E+01,0.00000000E+00,9.79295733E-01,2.07042673E-02
1.21013006E+01,3.02136460E+00,1.94210977E+00,1050.42391312328,87.520495949801,3.54591357E+00,3514.90482592362,7.76595885E+00,5.81299912E+00,2.21480839E+01,0.00000000E+00,9.79295733E-01,2.07042673E-02
1.21013331E+01,3.02266865E+00,1.94304254E+00,1053.58274651554,87.7086729308999,3.54577321E+00,3513.76902441778,7.76616526E+00,5.81350938E+00,2.21488872E+01,0.00000000E+00,9.79295733E-01,2.07042673E-02
1.21013656E+01,3.02384885E+00,1.94389096E+00,1056.4497629513,87.8801844941892,3.54564404E+00,3512.7240973606,7.76637153E+00,5.81401949E+00,2.21496901E+01,0.00000000E+00,9.79295733E-01,2.07042673E-02
1.21013979E+01,3.02513194E+00,1.94481038E+00,1059.57557860606,88.0664276776568,3.54550511E+00,3511.60056314888,7.76657717E+00,5.81452873E+00,2.21504916E+01,0.00000000E+00,9.79295733E-01,2.07042673E-02
1.21014302E+01,3.02635628E+00,1.94568428E+00,1062.56689245009,88.2438159203256,3.54537424E+00,3510.54253927435,7.76678243E+00,5.81503747E+00,2.21512922E+01,0.00000000E+00,9.79295733E-01,2.07042673E-02
1.21014624E+01,3.02754763E+00,1.94653610E+00,1065.48571134527,88.4170661348458,3.54524617E+00,3509.50746073381,7.76698753E+00,5.81554606E+00,2.21520926E+01,0.00000000E+00,9.79295733E-01,2.07042673E-02
1.21014945E+01,3.02879549E+00,1.94742976E+00,1068.55157799883,88.5991917429159,3.54511130E+00,3508.41775362781,7.76719199E+00,5.81605377E+00,2.21528914E+01,0.00000000E+00,9.79295733E-01,2.07042673E-02
1.21015265E+01,3.03001949E+00,1.94831217E+00,1071.56739329938,88.7793927233495,3.54497610E+00,3507.32571982416,7.76739619E+00,5.81656116E+00,2.21536897E+01,0.00000000E+00,9.79295733E-01,2.07042673E-02
1.21015584E+01,3.03124348E+00,1.94919015E+00,1074.59169551112,88.9590527855223,3.54484311E+00,3506.25186819237,7.76759984E+00,5.81706778E+00,2.21544868E+01,0.00000000E+00,9.79295733E-01,2.07042673E-02
1.21015902E+01,3.03246434E+00,1.95006594E+00,1077.61676675008,89.1386269230646,3.54471043E+00,3505.18084734796,7.76780316E+00,5.81757402E+00,2.21552831E+01,0.00000000E+00,9.79295733E-01,2.07042673E-02
1.21016219E+01,3.03367519E+00,1.95093220E+00,1080.62544634395,89.3166035992375,3.54458001E+00,3504.12838854204,7.76800612E+00,5.81807977E+00,2.21560786E+01,0.00000000E+00,9.79295733E-01,2.07042673E-02
1.21016535E+01,3.03485423E+00,1.95177686E+00,1083.56315735619,89.4904846336877,3.54445244E+00,3503.09923429457,7.76820884E+00,5.81858528E+00,2.21568737E+01,0.00000000E+00,9.79295733E-01,2.07042673E-02
1.21016851E+01,3.03608348E+00,1.95266514E+00,1086.63447620918,89.6737104428476,3.54431561E+00,3501.99571217589,7.76841103E+00,5.81909007E+00,2.21576676E+01,0.00000000E+00,9.79295733E-01,2.07042673E-02
1.21017166E+01,3.03728607E+00,1.95352888E+00,1089.64760843733,89.852234111347,3.54418439E+00,3500.93776076087,7.76861280E+00,5.81959429E+00,2.21584605E+01,0.00000000E+00,9.79295733E-01,2.07042673E-02
1.21017479E+01,3.03848494E+00,1.95438996E+00,1092.65973644511,90.0305617594987,3.54405357E+00,3499.88335246274,7.76881423E+00,5.82009811E+00,2.21592527E+01,0.00000000E+00,9.79295733E-01,2.07042673E-02
1.21017792E+01,3.03970223E+00,1.95526767E+00,1095.72666366611,90.2126976879928,3.54391903E+00,3498.79929222858,7.76901519E+00,5.82060129E+00,2.21600438E+01,0.00000000E+00,9.79295733E-01,2.07042673E-02
1.21018104E+01,3.04085322E+00,1.95609942E+00,1098.63446740892,90.385636355978,3.54379091E+00,3497.76727347259,7.76921593E+00,5.82110425E+00,2.21608346E+01,0.00000000E+00,9.79295733E-01,2.07042673E-02
1.21018416E+01,3.04212346E+00,1.95701162E+00,1101.85249651693,90.5756835038998,3.54365237E+00,3496.6516631763,7.76941597E+00,5.82160622E+00,2.21616237E+01,0.00000000E+00,9.79295733E-01,2.07042673E-02
1.21018726E+01,3.04331173E+00,1.95786613E+00,1104.87139529684,90.7540740287363,3.54352218E+00,3495.6036165789,7.76961560E+00,5.82210764E+00,2.21624118E+01,0.00000000E+00,9.79295733E-01,2.07042673E-02
1.21019035E+01,3.04448769E+00,1.95871071E+00,1107.86716263117,90.9307367720357,3.54339388E+00,3494.57109205238,7.76981498E+00,5.82260878E+00,2.21631994E+01,0.00000000E+00,9.79295733E-01,2.07042673E-02
1.21019344E+01,3.04563789E+00,1.95953617E+00,1110.8051638315,91.1037324396991,3.54326870E+00,3493.56397041313,7.77001413E+00,5.82310970E+00,2.21639867E+01,0.00000000E+00,9.79295733E-01,2.07042673E-02
1.21019652E+01,3.04689531E+00,1.96044552E+00,1114.02595676112,91.2946903635142,3.54312838E+00,3492.43538662713,7.77021242E+00,5.82360938E+00,2.21647719E+01,0.00000000E+00,9.79295733E-01,2.07042673E-02
1.21019959E+01,3.04807677E+00,1.96129513E+00,1117.06069254166,91.473464915522,3.54299894E+00,3491.39463318823,7.77041048E+00,5.82410879E+00,2.21655566E+01,0.00000000E+00,9.79295733E-01,2.07042673E-02
1.21020265E+01,3.04925562E+00,1.96214202E+00,1120.09696377438,91.6520155251287,3.54287021E+00,3490.35989605546,7.77060813E+00,5.82460767E+00,2.21663404E+01,0.00000000E+00,9.79295733E-01,2.07042674E-02
1.21020570E+01,3.05041837E+00,1.96297472E+00,1123.09985196218,91.8279142494775,3.54274454E+00,3489.35005114665,7.77080538E+00,5.82510603E+00,2.21671233E+01,0.00000000E+00,9.79295733E-01,2.07042674E-02
1.21020874E+01,3.05157467E+00,1.96380633E+00,1126.09406614119,92.0039196456356,3.54261781E+00,3488.33198428773,7.77100239E+00,5.82560416E+00,2.21679058E+01,0.00000000E+00,9.79295733E-01,2.07042674E-02
1.21021178E+01,3.05280976E+00,1.96470201E+00,1129.30112296869,92.1938624354373,3.54247875E+00,3487.21520797041,7.77119870E+00,5.82610130E+00,2.21686867E+01,0.00000000E+00,9.79295733E-01,2.07042674E-02
1.21021481E+01,3.05398035E+00,1.96554581E+00,1132.34912803761,92.3731619806769,3.54234949E+00,3486.17745505559,7.77139457E+00,5.82659785E+00,2.21694665E+01,0.00000000E+00,9.79295733E-01,2.07042674E-02
1.21021783E+01,3.05515015E+00,1.96638919E+00,1135.40329438139,92.5527207230046,3.54222025E+00,3485.14017146008,7.77159011E+00,5.82709401E+00,2.21702457E+01,0.00000000E+00,9.79295733E-01,2.07042674E-02
1.21022084E+01,3.05630927E+00,1.96722476E+00,1138.43770204835,92.7309608855394,3.54209225E+00,3484.11314434468,7.77178529E+00,5.82758971E+00,2.21710241E+01,0.00000000E+00,9.79295733E-01,2.07042674E-02
1.21022384E+01,3.05744799E+00,1.96804303E+00,1141.42660209342,92.905843354922,3.54196780E+00,3483.11489136284,7.77198019E+00,5.82808510E+00,2.21718019E+01,0.00000000E+00,9.79295733E-01,2.07042674E-02
1.21022683E+01,3.05864353E+00,1.96891088E+00,1144.57308732021,93.0916825791046,3.54183276E+00,3482.03201618251,7.77217440E+00,5.82857954E+00,2.21725782E+01,0.00000000E+00,9.79295733E-01,2.07042674E-02
1.21022982E+01,3.05982430E+00,1.96976370E+00,1147.6892135923,93.2746654449616,3.54170154E+00,3480.98009579156,7.77236826E+00,5.82907352E+00,2.21733536E+01,0.00000000E+00,9.79295733E-01,2.07042674E-02
1.21023280E+01,3.06097275E+00,1.97059560E+00,1150.72818372862,93.4535062142765,3.54157270E+00,3479.94756377647,7.77256168E+00,5.82956694E+00,2.21741281E+01,0.00000000E+00,9.79295733E-01,2.07042674E-02
1.21023577E+01,3.06210178E+00,1.97141078E+00,1153.72360947218,93.6290851686755,3.54144737E+00,3478.94345499583,7.77275489E+00,5.83006016E+00,2.21749022E+01,0.00000000E+00,9.79295733E-01,2.07042674E-02
1.21023874E+01,3.06329045E+00,1.97227080E+00,1156.88569229684,93.8146796681133,3.54131452E+00,3477.87941440873,7.77294748E+00,5.83055254E+00,2.21756750E+01,0.00000000E+00,9.79295733E-01,2.07042674E-02
1.21024169E+01,3.06446758E+00,1.97312699E+00,1160.02561722537,93.9998130800773,3.54118071E+00,3476.80801383125,7.77313961E+00,5.83104428E+00,2.21764466E+01,0.00000000E+00,9.79295733E-01,2.07042674E-02
1.21024464E+01,3.06561446E+00,1.97395420E+00,1163.09304830932,94.1790271593013,3.54105383E+00,3475.7924057914,7.77333126E+00,5.83153541E+00,2.21772172E+01,0.00000000E+00,9.79295733E-01,2.07042674E-02
1.21024758E+01,3.06675690E+00,1.97477987E+00,1166.15666829832,94.3582483235643,3.54092660E+00,3474.77429408178,7.77352260E+00,5.83202616E+00,2.21779872E+01,0.00000000E+00,9.79295733E-01,2.07042674E-02
1.21025051E+01,3.06788394E+00,1.97559425E+00,1169.18689806819,94.5353529522676,3.54080118E+00,3473.77095812451,7.77371361E+00,5.83251653E+00,2.21787565E+01,0.00000000E+00,9.79295733E-01,2.07042674E-02
1.21025343E+01,3.06902526E+00,1.97641970E+00,1172.26354628098,94.7152042189749,3.54067378E+00,3472.75207915473,7.77390410E+00,5.83300621E+00,2.21795246E+01,0.00000000E+00,9.79295733E-01,2.07042674E-02
1.21025635E+01,3.07022120E+00,1.97729121E+00,1175.49612007372,94.9054625099394,3.54053701E+00,3471.65859641454,7.77409402E+00,5.83349511E+00,2.21802914E+01,0.00000000E+00,9.79295733E-01,2.07042674E-02
1.21025926E+01,3.07134739E+00,1.97810704E+00,1178.54831152825,95.0839116867413,3.54041064E+00,3470.6485682116,7.77428364E+00,5.83398364E+00,2.21810576E+01,0.00000000E+00,9.79295733E-01,2.07042675E-02
1.21026216E+01,3.07244670E+00,1.97890291E+00,1181.53529643584,95.2583182639239,3.54028753E+00,3469.66487855134,7.77447298E+00,5.83447188E+00,2.21818233E+01,0.00000000E+00,9.79295733E-01,2.07042675E-02
1.21026505E+01,3.07363878E+00,1.97976550E+00,1184.78290715921,95.4477071039828,3.54015426E+00,3468.60032139661,7.77466159E+00,5.83495910E+00,2.21825872E+01,0.00000000E+00,9.79295733E-01,2.07042675E-02
1.21026794E+01,3.07473674E+00,1.98055917E+00,1187.78200119314,95.6222965748763,3.54003191E+00,3467.62328048608,7.77484995E+00,5.83544603E+00,2.21833507E+01,0.00000000E+00,9.79295733E-01,2.07042675E-02
1.21027082E+01,3.07591662E+00,1.98141975E+00,1191.01332396938,95.8119656247051,3.53989659E+00,3466.54298657173,7.77503777E+00,5.83593224E+00,2.21841129E+01,0.00000000E+00,9.79295733E-01,2.07042675E-02
1.21027369E+01,3.07702558E+00,1.98222206E+00,1194.05843258603,95.989131004976,3.53977268E+00,3465.5540767685,7.77522516E+00,5.83641790E+00,2.21848742E+01,0.00000000E+00,9.79295733E-01,2.07042675E-02
1.21027655E+01,3.07818328E+00,1.98306072E+00,1197.24568369261,96.1746733648338,3.53964277E+00,3464.51758466425,7.77541204E+00,5.83690287E+00,2.21856344E+01,0.00000000E+00,9.79295733E-01,2.07042675E-02
1.21027941E+01,3.07930815E+00,1.98387518E+00,1200.35069981478,96.3552050609053,3.53951676E+00,3463.51250504448,7.77559855E+00,5.83738739E+00,2.21863937E+01,0.00000000E+00,9.79295733E-01,2.07042675E-02
1.21028225E+01,3.08042073E+00,1.98468305E+00,1203.4297126276,96.5346108064341,3.53939097E+00,3462.50947100354,7.77578467E+00,5.83787141E+00,2.21871523E+01,0.00000000E+00,9.79295732E-01,2.07042675E-02
1.21028509E+01,3.08148970E+00,1.98545901E+00,1206.39547622684,96.7072447179509,3.53927023E+00,3461.54697826516,7.77597060E+00,5.83835528E+00,2.21879105E+01,0.00000000E+00,9.79295732E-01,2.07042675E-02
1.21028793E+01,3.08266018E+00,1.98630639E+00,1209.65125402611,96.8961206702731,3.53913916E+00,3460.50244161045,7.77615578E+00,5.83883812E+00,2.21886670E+01,0.00000000E+00,9.79295732E-01,2.07042675E-02
1.21029075E+01,3.08380632E+00,1.98713668E+00,1212.84784253776,97.0815451619707,3.53901055E+00,3459.47781581909,7.77634051E+00,5.83932034E+00,2.21894225E+01,0.00000000E+00,9.79295732E-01,2.07042675E-02
1.21029357E+01,3.08490742E+00,1.98793373E+00,1215.92676986078,97.2598801351391,3.53888730E+00,3458.49617740959,7.77652482E+00,5.83980201E+00,2.21901770E+01,0.00000000E+00,9.79295732E-01,2.07042675E-02
1.21029639E+01,3.08597475E+00,1.98870508E+00,1218.9187285963,97.4327768074576,3.53876846E+00,3457.54992671089,7.77670896E+00,5.84028358E+00,2.21909313E+01,0.00000000E+00,9.79295732E-01,2.07042675E-02
1.21029919E+01,3.08711561E+00,1.98954004E+00,1222.12494880443,97.6202779791811,3.53863620E+00,3456.49712510494,7.77689256E+00,5.84076443E+00,2.21916844E+01,0.00000000E+00,9.79295732E-01,2.07042675E-02
1.21030199E+01,3.08825973E+00,1.99037319E+00,1225.34880054937,97.807732349032,3.53850565E+00,3455.45824963567,7.77707547E+00,5.84124429E+00,2.21924359E+01,0.00000000E+00,9.79295732E-01,2.07042676E-02
1.21030478E+01,3.08931238E+00,1.99113776E+00,1228.32242312199,97.9800732952526,3.53838653E+00,3454.51060291339,7.77725834E+00,5.84172421E+00,2.21931874E+01,0.00000000E+00,9.79295732E-01,2.07042676E-02
1.21030756E+01,3.09045916E+00,1.99197061E+00,1231.57016641862,98.1681507463085,3.53825679E+00,3453.47876556415,7.77744049E+00,5.84220316E+00,2.21939373E+01,0.00000000E+00,9.79295732E-01,2.07042676E-02
1.21031034E+01,3.09158985E+00,1.99279323E+00,1234.78074916575,98.3542724150639,3.53812816E+00,3452.45606043296,7.77762216E+00,5.84268145E+00,2.21946861E+01,0.00000000E+00,9.79295732E-01,2.07042676E-02
1.21031311E+01,3.09265491E+00,1.99357193E+00,1237.81263086725,98.5307820844849,3.53800508E+00,3451.4777655144,7.77780360E+00,5.84315950E+00,2.21954345E+01,0.00000000E+00,9.79295732E-01,2.07042676E-02
1.21031587E+01,3.09378915E+00,1.99439905E+00,1241.04963162551,98.7186141639945,3.53787507E+00,3450.44468891662,7.77798439E+00,5.84363666E+00,2.21961814E+01,0.00000000E+00,9.79295732E-01,2.07042676E-02
1.21031862E+01,3.09483619E+00,1.99516049E+00,1244.04528622266,98.891847393489,3.53775611E+00,3449.49968798736,7.77816505E+00,5.84411375E+00,2.21969281E+01,0.00000000E+00,9.79295732E-01,2.07042676E-02
1.21032137E+01,3.09593005E+00,1.99595736E+00,1247.18261956439,99.0734667580012,3.53763114E+00,3448.5072232501,7.77834520E+00,5.84459013E+00,2.21976737E+01,0.00000000E+00,9.79295732E-01,2.07042676E-02
1.21032411E+01,3.09703840E+00,1.99676500E+00,1250.36958209283,99.2578811246527,3.53750441E+00,3447.50107285955,7.77852488E+00,5.84506584E+00,2.21984182E+01,0.00000000E+00,9.79295732E-01,2.07042676E-02
1.21032685E+01,3.09815508E+00,1.99757672E+00,1253.58873263111,99.4435729813238,3.53737772E+00,3446.49553346145,7.77870396E+00,5.84554066E+00,2.21991614E+01,0.00000000E+00,9.79295732E-01,2.07042676E-02
1.21032957E+01,3.09926881E+00,1.99839380E+00,1256.80763400986,99.6308418526434,3.53724761E+00,3445.46315476959,7.77888262E+00,5.84601486E+00,2.21999036E+01,0.00000000E+00,9.79295732E-01,2.07042676E-02
1.21033229E+01,3.10031556E+00,1.99915748E+00,1259.84048412903,99.8061906540738,3.53712746E+00,3444.51007993976,7.77906107E+00,5.84648881E+00,2.22006455E+01,0.00000000E+00,9.79295732E-01,2.07042676E-02
1.21033501E+01,3.10141185E+00,1.99995613E+00,1263.02471802915,99.9898990693754,3.53700221E+00,3443.51683065785,7.77923898E+00,5.84696196E+00,2.22013861E+01,0.00000000E+00,9.79295732E-01,2.07042676E-02
1.21033771E+01,3.10250279E+00,2.00075086E+00,1266.20140183157,100.173041448516,3.53687758E+00,3442.5287823466,7.77941647E+00,5.84743452E+00,2.22021259E+01,0.00000000E+00,9.79295732E-01,2.07042677E-02
1.21034041E+01,3.10359488E+00,2.00154663E+00,1269.38943674235,100.356759595741,3.53675272E+00,3441.53919491511,7.77959351E+00,5.84790643E+00,2.22028646E+01,0.00000000E+00,9.79295732E-01,2.07042677E-02
1.21034311E+01,3.10468773E+00,2.00234912E+00,1272.58772545147,100.54237040094,3.53662468E+00,3440.52469957682,7.77977009E+00,5.84837765E+00,2.22036023E+01,0.00000000E+00,9.79295732E-01,2.07042677E-02
1.21034579E+01,3.10577931E+00,2.00314396E+00,1275.79034162772,100.72655020389,3.53650016E+00,3439.53838097893,7.77994620E+00,5.84884820E+00,2.22043390E+01,0.00000000E+00,9.79295732E-01,2.07042677E-02
1.21034847E+01,3.10686637E+00,2.00393713E+00,1278.98770619301,100.910679364617,3.53637534E+00,3438.54996986871,7.78012185E+00,5.84931807E+00,2.22050746E+01,0.00000000E+00,9.79295732E-01,2.07042677E-02
1.21035115E+01,3.10792343E+00,2.00470779E+00,1282.10451623888,101.089905369399,3.53625428E+00,3437.59160437217,7.78029718E+00,5.84978749E+00,2.22058096E+01,0.00000000E+00,9.79295732E-01,2.07042677E-02
1.21035381E+01,3.10899155E+00,2.00548584E+00,1285.26165256481,101.271172921041,3.53613228E+00,3436.62606763913,7.78047211E+00,5.85025635E+00,2.22065436E+01,0.00000000E+00,9.79295732E-01,2.07042677E-02
1.21035647E+01,3.11007986E+00,2.00628416E+00,1288.48646252909,101.457500765337,3.53600520E+00,3435.6206149583,7.78064660E+00,5.85072457E+00,2.22072768E+01,0.00000000E+00,9.79295732E-01,2.07042677E-02
1.21035913E+01,3.11115843E+00,2.00707014E+00,1291.69039446727,101.641283366122,3.53588185E+00,3434.64495525308,7.78082059E+00,5.85119205E+00,2.22080088E+01,0.00000000E+00,9.79295732E-01,2.07042677E-02
1.21036177E+01,3.11218834E+00,2.00781958E+00,1294.75721562286,101.816832007079,3.53576461E+00,3433.71788055201,7.78099436E+00,5.85165924E+00,2.22087403E+01,0.00000000E+00,9.79295732E-01,2.07042677E-02
1.21036441E+01,3.11326399E+00,2.00860311E+00,1297.96801334547,102.000690087742,3.53564175E+00,3432.74663424355,7.78116764E+00,5.85212571E+00,2.22094708E+01,0.00000000E+00,9.79295732E-01,2.07042677E-02
1.21036705E+01,3.11433500E+00,2.00938097E+00,1301.17287155153,102.183546092266,3.53552057E+00,3431.78893796843,7.78134050E+00,5.85259160E+00,2.22102004E+01,0.00000000E+00,9.79295732E-01,2.07042677E-02
1.21036967E+01,3.11540362E+00,2.01016470E+00,1304.37846473794,102.368113517549,3.53539587E+00,3430.80370176126,7.78151294E+00,5.85305685E+00,2.22109290E+01,0.00000000E+00,9.79295732E-01,2.07042678E-02
1.21037230E+01,3.11646443E+00,2.01093754E+00,1307.56844081953,102.5504428147,3.53527465E+00,3429.84623164112,7.78168498E+00,5.85352155E+00,2.22116567E+01,0.00000000E+00,9.79295732E-01,2.07042678E-02
1.21037491E+01,3.11754017E+00,2.01172412E+00,1310.81128004285,102.736347132881,3.53515030E+00,3428.86431650476,7.78185648E+00,5.85398543E+00,2.22123832E+01,0.00000000E+00,9.79295732E-01,2.07042678E-02
1.21037752E+01,3.11857279E+00,2.01247969E+00,1313.93169825018,102.915239723926,3.53503067E+00,3427.91993759907,7.78202773E+00,5.85444897E+00,2.22131092E+01,0.00000000E+00,9.79295732E-01,2.07042678E-02
1.21038012E+01,3.11963287E+00,2.01325936E+00,1317.14282366228,103.10016492341,3.53490585E+00,3426.93486525041,7.78219853E+00,5.85491186E+00,2.22138343E+01,0.00000000E+00,9.79295732E-01,2.07042678E-02
1.21038272E+01,3.12069339E+00,2.01404150E+00,1320.36313447133,103.286009834895,3.53477991E+00,3425.94124082423,7.78236894E+00,5.85537417E+00,2.22145584E+01,0.00000000E+00,9.79295732E-01,2.07042678E-02
1.21038531E+01,3.12175342E+00,2.01481731E+00,1323.58982532435,103.470681610405,3.53465701E+00,3424.97187873023,7.78253893E+00,5.85583588E+00,2.22152816E+01,0.00000000E+00,9.79295732E-01,2.07042678E-02
1.21038789E+01,3.12273722E+00,2.01553747E+00,1326.5915297102,103.64240210238,3.53454288E+00,3424.07193479989,7.78270878E+00,5.85629744E+00,2.22160047E+01,0.00000000E+00,9.79295732E-01,2.07042678E-02
1.21039047E+01,3.12382500E+00,2.01633520E+00,1329.91841618774,103.832951688364,3.53441596E+00,3423.07141618391,7.78287797E+00,5.85675802E+00,2.22167262E+01,0.00000000E+00,9.79295732E-01,2.07042678E-02
1.21039304E+01,3.12489459E+00,2.01711901E+00,1333.19780512552,104.020517487887,3.53429145E+00,3422.09017983393,7.78304672E+00,5.85721793E+00,2.22174467E+01,0.00000000E+00,9.79295732E-01,2.07042679E-02
1.21039560E+01,3.12592822E+00,2.01787587E+00,1336.37462288538,104.201955691377,3.53417143E+00,3421.14459444589,7.78321513E+00,5.85767734E+00,2.22181664E+01,0.00000000E+00,9.79295732E-01,2.07042679E-02
1.21039816E+01,3.12696566E+00,2.01864130E+00,1339.57076234375,104.385770209359,3.53404807E+00,3420.17296693983,7.78338325E+00,5.85813636E+00,2.22188856E+01,0.00000000E+00,9.79295732E-01,2.07042679E-02
1.21040071E+01,3.12802259E+00,2.01941734E+00,1342.83480740726,104.572463698974,3.53392429E+00,3419.19830872283,7.78355077E+00,5.85859448E+00,2.22196034E+01,0.00000000E+00,9.79295732E-01,2.07042679E-02
1.21040326E+01,3.12899731E+00,2.02013092E+00,1345.85201788478,104.744425718492,3.53381118E+00,3418.30791020721,7.78371825E+00,5.85905258E+00,2.22203212E+01,0.00000000E+00,9.79295732E-01,2.07042679E-02
1.21040580E+01,3.13008107E+00,2.02092504E+00,1349.21471777094,104.936129139521,3.53368506E+00,3417.31537076904,7.78388513E+00,5.85950982E+00,2.22210377E+01,0.00000000E+00,9.79295732E-01,2.07042679E-02
1.21040833E+01,3.13113257E+00,2.02169595E+00,1352.48535135403,105.122565201088,3.53356248E+00,3416.35096660438,7.78405153E+00,5.85996631E+00,2.22217530E+01,0.00000000E+00,9.79295732E-01,2.07042679E-02
1.21041086E+01,3.13209689E+00,2.02240604E+00,1355.49178540792,105.294585670611,3.53344851E+00,3415.45454620041,7.78421785E+00,5.86042273E+00,2.22224683E+01,0.00000000E+00,9.79295732E-01,2.07042679E-02
1.21041338E+01,3.13317212E+00,2.02319608E+00,1358.85188134699,105.486304994569,3.53332230E+00,3414.4621276765,7.78438356E+00,5.86087827E+00,2.22231822E+01,0.00000000E+00,9.79295732E-01,2.07042679E-02
1.21041590E+01,3.13422534E+00,2.02396909E+00,1362.15127111027,105.674229511787,3.53319910E+00,3413.49365561214,7.78454875E+00,5.86133299E+00,2.22238948E+01,0.00000000E+00,9.79295732E-01,2.07042680E-02
1.21041841E+01,3.13519913E+00,2.02468261E+00,1365.20896021018,105.847988683809,3.53308579E+00,3412.60317109152,7.78471394E+00,5.86178777E+00,2.22246076E+01,0.00000000E+00,9.79295732E-01,2.07042680E-02
1.21042091E+01,3.13624027E+00,2.02544682E+00,1368.48572014498,106.034408972436,3.53296397E+00,3411.64606701655,7.78487854E+00,5.86224169E+00,2.22253191E+01,0.00000000E+00,9.79295732E-01,2.07042680E-02
1.21042341E+01,3.13729973E+00,2.02622964E+00,1371.82821202519,106.225709377785,3.53283743E+00,3410.65216351563,7.78504262E+00,5.86269482E+00,2.22260293E+01,0.00000000E+00,9.79295732E-01,2.07042680E-02
1.21042590E+01,3.13829125E+00,2.02695358E+00,1374.96375495931,106.402928231215,3.53272334E+00,3409.75629627678,7.78520649E+00,5.86314764E+00,2.22267392E+01,0.00000000E+00,9.79295732E-01,2.07042680E-02
1.21042839E+01,3.13927519E+00,2.02767374E+00,1378.08241199929,106.579515095233,3.53260924E+00,3408.86058586116,7.78537011E+00,5.86360015E+00,2.22274485E+01,0.00000000E+00,9.79295732E-01,2.07042680E-02
1.21043087E+01,3.14034975E+00,2.02846110E+00,1381.49637601818,106.772915115771,3.53248420E+00,3407.87926422286,7.78553318E+00,5.86405184E+00,2.22281566E+01,0.00000000E+00,9.79295732E-01,2.07042680E-02
1.21043334E+01,3.14137422E+00,2.02921285E+00,1384.75907509214,106.95789570338,3.53236444E+00,3406.93964520693,7.78569579E+00,5.86450282E+00,2.22288637E+01,0.00000000E+00,9.79295732E-01,2.07042680E-02
1.21043581E+01,3.14237273E+00,2.02994378E+00,1387.94651259382,107.13806046119,3.53224860E+00,3406.03102841459,7.78585810E+00,5.86495337E+00,2.22295701E+01,0.00000000E+00,9.79295732E-01,2.07042681E-02
1.21043827E+01,3.14340239E+00,2.03070458E+00,1391.24107085552,107.325910127598,3.53212562E+00,3405.06667263231,7.78602002E+00,5.86540336E+00,2.22302756E+01,0.00000000E+00,9.79295732E-01,2.07042681E-02
1.21044073E+01,3.14439701E+00,2.03143420E+00,1394.4309385587,107.506370504438,3.53200946E+00,3404.15604707826,7.78618158E+00,5.86585283E+00,2.22309804E+01,0.00000000E+00,9.79295732E-01,2.07042681E-02
1.21044318E+01,3.14542133E+00,2.03218531E+00,1397.72370261093,107.692463077954,3.53188999E+00,3403.21972712428,7.78634268E+00,5.86630160E+00,2.22316841E+01,0.00000000E+00,9.79295732E-01,2.07042681E-02
1.21044563E+01,3.14641776E+00,2.03291965E+00,1400.93427246501,107.874712183528,3.53177192E+00,3402.29463239138,7.78650358E+00,5.86675010E+00,2.22323875E+01,0.00000000E+00,9.79295732E-01,2.07042681E-02
1.21044807E+01,3.14742622E+00,2.03366293E+00,1404.19111268828,108.059494104968,3.53165240E+00,3401.35843282736,7.78666397E+00,5.86719784E+00,2.22330896E+01,0.00000000E+00,9.79295732E-01,2.07042681E-02
1.21045050E+01,3.14844141E+00,2.03441050E+00,1407.47733495285,108.245661800173,3.53153241E+00,3400.41881088846,7.78682407E+00,5.86764518E+00,2.22337912E+01,0.00000000E+00,9.79295732E-01,2.07042681E-02
1.21045293E+01,3.14938215E+00,2.03510796E+00,1410.52942374521,108.419639774859,3.53141887E+00,3399.52993685414,7.78698396E+00,5.86809222E+00,2.22344924E+01,0.00000000E+00,9.79295732E-01,2.07042682E-02
1.21045536E+01,3.15043790E+00,2.03588813E+00,1413.96252735709,108.614580707007,3.53129272E+00,3398.54261502285,7.78714331E+00,5.86853848E+00,2.22351923E+01,0.00000000E+00,9.79295732E-01,2.07042682E-02
1.21045777E+01,3.15142507E+00,2.03661570E+00,1417.18018042426,108.796694331489,3.53117573E+00,3397.62724084731,7.78730229E+00,5.86898418E+00,2.22358914E+01,0.00000000E+00,9.79295732E-01,2.07042682E-02
1.21046019E+01,3.15237519E+00,2.03731555E+00,1420.28398497382,108.972157645468,3.53106334E+00,3396.74809101798,7.78746113E+00,5.86942969E+00,2.22365903E+01,0.00000000E+00,9.79295732E-01,2.07042682E-02
1.21046259E+01,3.15343556E+00,2.03809724E+00,1423.75597607779,109.168474098357,3.53093758E+00,3395.76462653824,7.78761933E+00,5.86987426E+00,2.22372878E+01,0.00000000E+00,9.79295732E-01,2.07042682E-02
1.21046499E+01,3.15439313E+00,2.03880739E+00,1426.89865963398,109.347130319385,3.53082190E+00,3394.86024078993,7.78777737E+00,5.87031859E+00,2.22379849E+01,0.00000000E+00,9.79295732E-01,2.07042682E-02
1.21046739E+01,3.15539736E+00,2.03954915E+00,1430.20193076339,109.53405102915,3.53070208E+00,3393.92374248566,7.78793493E+00,5.87076222E+00,2.22386809E+01,0.00000000E+00,9.79295732E-01,2.07042683E-02
1.21046978E+01,3.15641013E+00,2.04030067E+00,1433.54103795093,109.723757085413,3.53057951E+00,3392.96601782294,7.78809204E+00,5.87120517E+00,2.22393759E+01,0.00000000E+00,9.79295732E-01,2.07042683E-02
1.21047217E+01,3.15739354E+00,2.04102749E+00,1436.79080504357,109.907540657642,3.53046195E+00,3392.04769369002,7.78824892E+00,5.87164780E+00,2.22400704E+01,0.00000000E+00,9.79295732E-01,2.07042683E-02
1.21047455E+01,3.15833669E+00,2.04172347E+00,1439.91444995271,110.083814542073,3.53034975E+00,3391.17147119839,7.78840551E+00,5.87209002E+00,2.22407644E+01,0.00000000E+00,9.79295732E-01,2.07042683E-02
1.21047692E+01,3.15936512E+00,2.04248383E+00,1443.32827634806,110.276717397448,3.53022667E+00,3390.21054200474,7.78856165E+00,5.87253157E+00,2.22414573E+01,0.00000000E+00,9.79295732E-01,2.07042683E-02
1.21047929E+01,3.16032064E+00,2.04319456E+00,1446.5073342498,110.457334794673,3.53011019E+00,3389.30139213264,7.78871749E+00,5.87297267E+00,2.22421496E+01,0.00000000E+00,9.79295732E-01,2.07042683E-02
1.21048165E+01,3.16131900E+00,2.04393121E+00,1449.83640309677,110.64485143744,3.52999146E+00,3388.3749314724,7.78887290E+00,5.87341315E+00,2.22428409E+01,0.00000000E+00,9.79295732E-01,2.07042684E-02
1.21048401E+01,3.16230280E+00,2.04465804E+00,1453.12441589852,110.830180363433,3.52987399E+00,3387.45855193316,7.78902804E+00,5.87385323E+00,2.22435317E+01,0.00000000E+00,9.79295732E-01,2.07042684E-02
1.21048636E+01,3.16329671E+00,2.04538889E+00,1456.45379001327,111.016847324075,3.52975705E+00,3386.54655306465,7.78918267E+00,5.87429255E+00,2.22442213E+01,0.00000000E+00,9.79295732E-01,2.07042684E-02
1.21048871E+01,3.16426072E+00,2.04609740E+00,1459.69029314708,111.198108530485,3.52964379E+00,3385.66348807433,7.78933708E+00,5.87473156E+00,2.22449104E+01,0.00000000E+00,9.79295732E-01,2.07042684E-02
1.21049105E+01,3.16520592E+00,2.04679778E+00,1462.87062769782,111.377580678899,3.52952990E+00,3384.77574329311,7.78949127E+00,5.87517026E+00,2.22455992E+01,0.00000000E+00,9.79295732E-01,2.07042684E-02
1.21049339E+01,3.16621354E+00,2.04754063E+00,1466.26861925311,111.568252306741,3.52941038E+00,3383.84436435109,7.78964488E+00,5.87560815E+00,2.22462866E+01,0.00000000E+00,9.79295732E-01,2.07042685E-02
1.21049572E+01,3.16714880E+00,2.04823053E+00,1469.4296542427,111.745625285413,3.52929925E+00,3382.97859577379,7.78979833E+00,5.87604585E+00,2.22469736E+01,0.00000000E+00,9.79295732E-01,2.07042685E-02
1.21049805E+01,3.16815942E+00,2.04897555E+00,1472.85305533808,111.937486289711,3.52917939E+00,3382.04506361479,7.78995132E+00,5.87648295E+00,2.22476597E+01,0.00000000E+00,9.79295732E-01,2.07042685E-02
1.21050037E+01,3.16907290E+00,2.04964836E+00,1475.95426388332,112.111034494214,3.52907136E+00,3381.20389038881,7.79010414E+00,5.87691986E+00,2.22483455E+01,0.00000000E+00,9.79295731E-01,2.07042685E-02
1.21050268E+01,3.17010433E+00,2.05040687E+00,1479.46375514049,112.307011297669,3.52894996E+00,3380.25886160425,7.79025635E+00,5.87735592E+00,2.22490298E+01,0.00000000E+00,9.79295731E-01,2.07042685E-02
1.21050499E+01,3.17102828E+00,2.05109214E+00,1482.61462557707,112.484359568453,3.52883831E+00,3379.38996409498,7.79040845E+00,5.87779188E+00,2.22497139E+01,0.00000000E+00,9.79295731E-01,2.07042686E-02
1.21050730E+01,3.17202204E+00,2.05183123E+00,1486.01105391195,112.675950413231,3.52871721E+00,3378.44777604157,7.79056007E+00,5.87822719E+00,2.22503970E+01,0.00000000E+00,9.79295731E-01,2.07042686E-02
1.21050960E+01,3.17299000E+00,2.05255006E+00,1489.32678429958,112.862602382861,3.52859978E+00,3377.53439236498,7.79071128E+00,5.87866194E+00,2.22510792E+01,0.00000000E+00,9.79295731E-01,2.07042686E-02
1.21051190E+01,3.17394683E+00,2.05326247E+00,1492.61166026125,113.047892394825,3.52848278E+00,3376.62459886066,7.79086224E+00,5.87909637E+00,2.22517608E+01,0.00000000E+00,9.79295731E-01,2.07042686E-02
1.21051419E+01,3.17486819E+00,2.05394639E+00,1495.78161188078,113.226058656509,3.52837116E+00,3375.75686872976,7.79101302E+00,5.87953063E+00,2.22524421E+01,0.00000000E+00,9.79295731E-01,2.07042686E-02
1.21051647E+01,3.17586032E+00,2.05468466E+00,1499.2025767959,113.418698664229,3.52825006E+00,3374.81569359853,7.79116320E+00,5.87996404E+00,2.22531220E+01,0.00000000E+00,9.79295731E-01,2.07042687E-02
1.21051875E+01,3.17681984E+00,2.05540315E+00,1502.51854141871,113.60649208424,3.52813070E+00,3373.8882983207,7.79131317E+00,5.88039720E+00,2.22538015E+01,0.00000000E+00,9.79295731E-01,2.07042687E-02
1.21052103E+01,3.17777391E+00,2.05611080E+00,1505.82294353046,113.791756163654,3.52801539E+00,3372.99261248347,7.79146278E+00,5.88082988E+00,2.22544802E+01,0.00000000E+00,9.79295731E-01,2.07042687E-02
1.21052330E+01,3.17870779E+00,2.05680413E+00,1509.06445600309,113.973564248539,3.52790219E+00,3372.11354764979,7.79161206E+00,5.88126213E+00,2.22551582E+01,0.00000000E+00,9.79295731E-01,2.07042687E-02
1.21052556E+01,3.17963700E+00,2.05749452E+00,1512.29668440024,114.154890027409,3.52778930E+00,3371.23711830966,7.79176117E+00,5.88169424E+00,2.22558359E+01,0.00000000E+00,9.79295731E-01,2.07042688E-02
1.21052782E+01,3.18062878E+00,2.05823306E+00,1515.75419897284,114.349181416417,3.52766798E+00,3370.29549601703,7.79190977E+00,5.88212562E+00,2.22565124E+01,0.00000000E+00,9.79295731E-01,2.07042688E-02
1.21053008E+01,3.18155207E+00,2.05892333E+00,1518.98005014791,114.531073135785,3.52755366E+00,3369.40844473943,7.79205809E+00,5.88255664E+00,2.22571883E+01,0.00000000E+00,9.79295731E-01,2.07042688E-02
1.21053233E+01,3.18248100E+00,2.05961486E+00,1522.23253509471,114.713586997845,3.52744013E+00,3368.5277544196,7.79220622E+00,5.88298745E+00,2.22578638E+01,0.00000000E+00,9.79295731E-01,2.07042688E-02
1.21053458E+01,3.18346672E+00,2.06035025E+00,1525.69147654131,114.907995840799,3.52731887E+00,3367.58735413041,7.79235374E+00,5.88341742E+00,2.22585380E+01,0.00000000E+00,9.79295731E-01,2.07042688E-02
1.21053682E+01,3.18439056E+00,2.06103699E+00,1528.94041266412,115.089840980593,3.52720646E+00,3366.71582220061,7.79250116E+00,5.88384729E+00,2.22592120E+01,0.00000000E+00,9.79295731E-01,2.07042689E-02
1.21053905E+01,3.18528453E+00,2.06169900E+00,1532.09088924251,115.265410158458,3.52709894E+00,3365.88241423798,7.79264833E+00,5.88427687E+00,2.22598854E+01,0.00000000E+00,9.79295731E-01,2.07042689E-02
1.21054128E+01,3.18629255E+00,2.06244609E+00,1535.65108169501,115.463864777024,3.52697740E+00,3364.94058299693,7.79279498E+00,5.88470575E+00,2.22605578E+01,0.00000000E+00,9.79295731E-01,2.07042689E-02
1.21054351E+01,3.18722641E+00,2.06314182E+00,1538.95673289142,115.648983532002,3.52686300E+00,3364.05432143399,7.79294131E+00,5.88513417E+00,2.22612293E+01,0.00000000E+00,9.79295731E-01,2.07042690E-02
1.21054573E+01,3.18816049E+00,2.06383300E+00,1542.27028111697,115.833185517636,3.52675094E+00,3363.18641426032,7.79308735E+00,5.88556224E+00,2.22619003E+01,0.00000000E+00,9.79295731E-01,2.07042690E-02
1.21054795E+01,3.18908197E+00,2.06451367E+00,1545.5461228684,116.014873280725,3.52664097E+00,3362.334911873,7.79323305E+00,5.88598985E+00,2.22625705E+01,0.00000000E+00,9.79295731E-01,2.07042690E-02
1.21055016E+01,3.18997236E+00,2.06517316E+00,1548.71805001305,116.191179389401,3.52653382E+00,3361.50545223054,7.79337870E+00,5.88641750E+00,2.22632407E+01,0.00000000E+00,9.79295731E-01,2.07042690E-02
1.21055237E+01,3.19095999E+00,2.06590534E+00,1552.24400067311,116.387232100276,3.52641464E+00,3360.58310743583,7.79352375E+00,5.88684430E+00,2.22639096E+01,0.00000000E+00,9.79295731E-01,2.07042691E-02
1.21055457E+01,3.19188168E+00,2.06658852E+00,1555.54177916174,116.570462617459,3.52630347E+00,3359.72298089164,7.79366849E+00,5.88727068E+00,2.22645777E+01,0.00000000E+00,9.79295731E-01,2.07042691E-02
1.21055677E+01,3.19280503E+00,2.06727853E+00,1558.85252223445,116.755817761913,3.52618930E+00,3358.83987236908,7.79381300E+00,5.88769679E+00,2.22652454E+01,0.00000000E+00,9.79295731E-01,2.07042691E-02
1.21055896E+01,3.19374589E+00,2.06797503E+00,1562.23329700567,116.943215194242,3.52607627E+00,3357.96581044373,7.79395714E+00,5.88812240E+00,2.22659123E+01,0.00000000E+00,9.79295731E-01,2.07042692E-02
1.21056115E+01,3.19465317E+00,2.06864885E+00,1565.50035343,117.124796681799,3.52596618E+00,3357.11470222053,7.79410109E+00,5.88854781E+00,2.22665788E+01,0.00000000E+00,9.79295731E-01,2.07042692E-02
1.21056333E+01,3.19554058E+00,2.06931127E+00,1568.70246867039,117.303580919516,3.52585682E+00,3356.2694512241,7.79424476E+00,5.88897288E+00,2.22672447E+01,0.00000000E+00,9.79295731E-01,2.07042692E-02
1.21056551E+01,3.19652129E+00,2.07004627E+00,1572.24886541526,117.502273591268,3.52573450E+00,3355.32428363111,7.79438798E+00,5.88939733E+00,2.22679097E+01,0.00000000E+00,9.79295731E-01,2.07042692E-02
1.21056768E+01,3.19742951E+00,2.07072419E+00,1575.54027727103,117.68583416627,3.52562259E+00,3354.45978734746,7.79453091E+00,5.88982139E+00,2.22685739E+01,0.00000000E+00,9.79295731E-01,2.07042693E-02
1.21056985E+01,3.19833411E+00,2.07140585E+00,1578.82541937672,117.870696556259,3.52550791E+00,3353.57412409758,7.79467361E+00,5.89024519E+00,2.22692377E+01,0.00000000E+00,9.79295731E-01,2.07042693E-02
1.21057202E+01,3.19928655E+00,2.07211994E+00,1582.291700101,118.064665224474,3.52538898E+00,3352.65588547921,7.79481584E+00,5.89066834E+00,2.22699005E+01,0.00000000E+00,9.79295731E-01,2.07042693E-02
1.21057418E+01,3.20019973E+00,2.07280305E+00,1585.6222450551,118.250517495125,3.52527572E+00,3351.78165771041,7.79495775E+00,5.89109105E+00,2.22705625E+01,0.00000000E+00,9.79295731E-01,2.07042694E-02
1.21057634E+01,3.20111506E+00,2.07348798E+00,1588.96766668645,118.437158660489,3.52516209E+00,3350.90480307613,7.79509943E+00,5.89151349E+00,2.22712240E+01,0.00000000E+00,9.79295731E-01,2.07042694E-02
1.21057849E+01,3.20202872E+00,2.07416932E+00,1592.31402368419,118.623113835681,3.52504983E+00,3350.03874565434,7.79524080E+00,5.89193554E+00,2.22718849E+01,0.00000000E+00,9.79295731E-01,2.07042694E-02
1.21058063E+01,3.20294062E+00,2.07485562E+00,1595.66096158246,118.81071788269,3.52493466E+00,3349.15047093557,7.79538187E+00,5.89235720E+00,2.22725452E+01,0.00000000E+00,9.79295731E-01,2.07042695E-02
1.21058278E+01,3.20385128E+00,2.07553758E+00,1599.01036901126,118.997429454667,3.52482134E+00,3348.27669464583,7.79552264E+00,5.89277847E+00,2.22732048E+01,0.00000000E+00,9.79295730E-01,2.07042695E-02
1.21058491E+01,3.20476039E+00,2.07621838E+00,1602.36108823982,119.184116103666,3.52470822E+00,3347.40468785635,7.79566311E+00,5.89319936E+00,2.22738638E+01,0.00000000E+00,9.79295730E-01,2.07042695E-02
1.21058705E+01,3.20566755E+00,2.07689774E+00,1605.71161915877,119.370699831366,3.52459533E+00,3346.53468047366,7.79580328E+00,5.89361987E+00,2.22745221E+01,0.00000000E+00,9.79295730E-01,2.07042696E-02
1.21058918E+01,3.20657146E+00,2.07757721E+00,1609.05711475952,119.557605939516,3.52448157E+00,3345.65819701703,7.79594316E+00,5.89404000E+00,2.22751798E+01,0.00000000E+00,9.79295730E-01,2.07042696E-02
1.21059130E+01,3.20746916E+00,2.07824717E+00,1612.38652492496,119.742182604912,3.52437102E+00,3344.80666549018,7.79608277E+00,5.89445980E+00,2.22758369E+01,0.00000000E+00,9.79295730E-01,2.07042697E-02
1.21059342E+01,3.20834850E+00,2.07890586E+00,1615.65452021521,119.923932142886,3.52426151E+00,3343.96335843476,7.79622218E+00,5.89487938E+00,2.22764937E+01,0.00000000E+00,9.79295730E-01,2.07042697E-02
1.21059554E+01,3.20928563E+00,2.07959950E+00,1619.144578493,120.115623505456,3.52414897E+00,3343.09693968769,7.79636112E+00,5.89529831E+00,2.22771494E+01,0.00000000E+00,9.79295730E-01,2.07042697E-02
1.21059765E+01,3.21016986E+00,2.08025736E+00,1622.4445390897,120.297709960503,3.52404110E+00,3342.26668487152,7.79649980E+00,5.89571690E+00,2.22778045E+01,0.00000000E+00,9.79295730E-01,2.07042698E-02
1.21059976E+01,3.21102931E+00,2.08089516E+00,1625.65846573714,120.474507616436,3.52393706E+00,3341.46610417683,7.79663850E+00,5.89613562E+00,2.22784598E+01,0.00000000E+00,9.79295730E-01,2.07042698E-02
1.21060186E+01,3.21196607E+00,2.08159355E+00,1629.16874606979,120.668398818316,3.52382205E+00,3340.58133323993,7.79677656E+00,5.89655344E+00,2.22791136E+01,0.00000000E+00,9.79295730E-01,2.07042698E-02
1.21060396E+01,3.21288194E+00,2.08227402E+00,1632.60807416822,120.857615098876,3.52371079E+00,3339.72563396204,7.79691432E+00,5.89697085E+00,2.22797668E+01,0.00000000E+00,9.79295730E-01,2.07042699E-02
1.21060605E+01,3.21376778E+00,2.08293801E+00,1635.9415392551,121.042534843388,3.52360025E+00,3338.87568926202,7.79705189E+00,5.89738804E+00,2.22804195E+01,0.00000000E+00,9.79295730E-01,2.07042699E-02
1.21060814E+01,3.21463435E+00,2.08358337E+00,1639.20907596721,121.222537312577,3.52349422E+00,3338.06062530955,7.79718926E+00,5.89780499E+00,2.22810719E+01,0.00000000E+00,9.79295730E-01,2.07042700E-02
1.21061023E+01,3.21555569E+00,2.08427149E+00,1642.69028992884,121.414761195077,3.52338049E+00,3337.18659179854,7.79732618E+00,5.89822135E+00,2.22817233E+01,0.00000000E+00,9.79295730E-01,2.07042700E-02
1.21061231E+01,3.21640896E+00,2.08490940E+00,1645.92090013046,121.593231342763,3.52327485E+00,3336.37493626787,7.79746303E+00,5.89863766E+00,2.22823746E+01,0.00000000E+00,9.79295730E-01,2.07042701E-02
1.21061438E+01,3.21732960E+00,2.08560114E+00,1649.41370955514,121.78705817328,3.52315914E+00,3335.48613722435,7.79759940E+00,5.89905333E+00,2.22830248E+01,0.00000000E+00,9.79295730E-01,2.07042701E-02
1.21061646E+01,3.21822976E+00,2.08627756E+00,1652.83598654243,121.976891090919,3.52304597E+00,3334.61707762538,7.79773548E+00,5.89946861E+00,2.22836744E+01,0.00000000E+00,9.79295730E-01,2.07042701E-02
1.21061853E+01,3.21910437E+00,2.08693873E+00,1656.16792725953,122.162730157417,3.52293404E+00,3333.75776300951,7.79787135E+00,5.89988363E+00,2.22843235E+01,0.00000000E+00,9.79295730E-01,2.07042702E-02
1.21062059E+01,3.21994567E+00,2.08757099E+00,1659.37930701698,122.340708145902,3.52282823E+00,3332.94563677646,7.79800708E+00,5.90029853E+00,2.22849724E+01,0.00000000E+00,9.79295730E-01,2.07042702E-02
1.21062265E+01,3.22085580E+00,2.08825761E+00,1662.86043454148,122.534281904782,3.52271246E+00,3332.05729094601,7.79814237E+00,5.90071284E+00,2.22856204E+01,0.00000000E+00,9.79295730E-01,2.07042703E-02
1.21062471E+01,3.22175629E+00,2.08893555E+00,1666.31187754408,122.725709071656,3.52259861E+00,3331.18390890011,7.79827735E+00,5.90112673E+00,2.22862676E+01,0.00000000E+00,9.79295730E-01,2.07042703E-02
1.21062676E+01,3.22258318E+00,2.08955848E+00,1669.4875319161,122.901866916221,3.52249387E+00,3330.38061494414,7.79841220E+00,5.90154050E+00,2.22869146E+01,0.00000000E+00,9.79295730E-01,2.07042704E-02
1.21062880E+01,3.22347967E+00,2.09023457E+00,1672.93732176829,123.093343984754,3.52237995E+00,3329.5071357269,7.79854680E+00,5.90195398E+00,2.22875612E+01,0.00000000E+00,9.79295730E-01,2.07042704E-02
1.21063085E+01,3.22437336E+00,2.09091255E+00,1676.38343210702,123.285655892196,3.52226438E+00,3328.62123926285,7.79868092E+00,5.90236679E+00,2.22882066E+01,0.00000000E+00,9.79295730E-01,2.07042705E-02
1.21063289E+01,3.22526755E+00,2.09158563E+00,1679.83857512806,123.476875097175,3.52215138E+00,3327.75527092483,7.79881480E+00,5.90277928E+00,2.22888516E+01,0.00000000E+00,9.79295729E-01,2.07042705E-02
1.21063492E+01,3.22615495E+00,2.09225456E+00,1683.27452198944,123.667209152156,3.52203877E+00,3326.89251545101,7.79894837E+00,5.90319137E+00,2.22894958E+01,0.00000000E+00,9.79295729E-01,2.07042706E-02
1.21063695E+01,3.22699573E+00,2.09288625E+00,1686.53644321624,123.847216458792,3.52193312E+00,3326.08328701344,7.79908181E+00,5.90360334E+00,2.22901398E+01,0.00000000E+00,9.79295729E-01,2.07042706E-02
1.21063898E+01,3.22788752E+00,2.09355510E+00,1690.00317297189,124.038098529677,3.52182164E+00,3325.22961699303,7.79921485E+00,5.90401477E+00,2.22907830E+01,0.00000000E+00,9.79295729E-01,2.07042707E-02
1.21064100E+01,3.22877020E+00,2.09421437E+00,1693.44150576844,124.226534487303,3.52171267E+00,3324.39537932453,7.79934761E+00,5.90442582E+00,2.22914255E+01,0.00000000E+00,9.79295729E-01,2.07042707E-02
1.21064302E+01,3.22958433E+00,2.09482476E+00,1696.61901466881,124.401254518841,3.52161101E+00,3323.61729326384,7.79948034E+00,5.90483692E+00,2.22920680E+01,0.00000000E+00,9.79295729E-01,2.07042708E-02
1.21064504E+01,3.23045522E+00,2.09547482E+00,1700.02465547003,124.587600041661,3.52150371E+00,3322.79623727773,7.79961266E+00,5.90524748E+00,2.22927097E+01,0.00000000E+00,9.79295729E-01,2.07042709E-02
1.21064705E+01,3.23133078E+00,2.09612938E+00,1703.45544973032,124.775517570166,3.52139532E+00,3321.96704658039,7.79974478E+00,5.90565782E+00,2.22933510E+01,0.00000000E+00,9.79295729E-01,2.07042709E-02
1.21064905E+01,3.23220803E+00,2.09678549E+00,1706.89980978882,124.964164534943,3.52128657E+00,3321.13530981239,7.79987655E+00,5.90606768E+00,2.22939915E+01,0.00000000E+00,9.79295729E-01,2.07042710E-02
1.21065106E+01,3.23308650E+00,2.09744274E+00,1710.35593893519,125.15342523402,3.52117757E+00,3320.30186997034,7.80000801E+00,5.90647712E+00,2.22946313E+01,0.00000000E+00,9.79295729E-01,2.07042710E-02
1.21065305E+01,3.23396507E+00,2.09809840E+00,1713.81946067012,125.342513678562,3.52106938E+00,3319.47483040683,7.80013915E+00,5.90688613E+00,2.22952704E+01,0.00000000E+00,9.79295729E-01,2.07042711E-02
1.21065505E+01,3.23483693E+00,2.09874942E+00,1717.26346362014,125.530546633097,3.52096183E+00,3318.65288739103,7.80026999E+00,5.90729475E+00,2.22959089E+01,0.00000000E+00,9.79295729E-01,2.07042711E-02
1.21065704E+01,3.23569212E+00,2.09939473E+00,1720.64834066602,125.717208755177,3.52085297E+00,3317.82114005259,7.80040059E+00,5.90770305E+00,2.22965468E+01,0.00000000E+00,9.79295729E-01,2.07042712E-02
1.21065903E+01,3.23650495E+00,2.10000350E+00,1723.87173925376,125.893555757515,3.52075180E+00,3317.04833522805,7.80053111E+00,5.90811134E+00,2.22971846E+01,0.00000000E+00,9.79295729E-01,2.07042713E-02
1.21066101E+01,3.23738801E+00,2.10067160E+00,1727.38048950285,126.087374045585,3.52063852E+00,3316.18323965367,7.80066121E+00,5.90851906E+00,2.22978216E+01,0.00000000E+00,9.79295729E-01,2.07042713E-02
1.21066299E+01,3.23826001E+00,2.10133210E+00,1730.85230195581,126.279280862714,3.52052627E+00,3315.32623252472,7.80079102E+00,5.90892640E+00,2.22984579E+01,0.00000000E+00,9.79295729E-01,2.07042714E-02
1.21066496E+01,3.23912785E+00,2.10199089E+00,1734.31447965364,126.470981794392,3.52041383E+00,3314.46799682285,7.80092052E+00,5.90933331E+00,2.22990935E+01,0.00000000E+00,9.79295729E-01,2.07042715E-02
1.21066693E+01,3.23995744E+00,2.10261788E+00,1737.63053605061,126.653699538914,3.52030773E+00,3313.65835701398,7.80104988E+00,5.90974008E+00,2.22997288E+01,0.00000000E+00,9.79295728E-01,2.07042715E-02
1.21066890E+01,3.24081020E+00,2.10326863E+00,1741.04581671509,126.843620614474,3.52019555E+00,3312.80253635558,7.80117903E+00,5.91014663E+00,2.23003638E+01,0.00000000E+00,9.79295728E-01,2.07042716E-02
1.21067087E+01,3.24165721E+00,2.10390857E+00,1744.44471368636,127.030664529846,3.52008733E+00,3311.9771359852,7.80130787E+00,5.91055277E+00,2.23009981E+01,0.00000000E+00,9.79295728E-01,2.07042717E-02
1.21067283E+01,3.24249948E+00,2.10454616E+00,1747.83116966137,127.217295876448,3.51997910E+00,3311.15186502513,7.80143648E+00,5.91095862E+00,2.23016319E+01,0.00000000E+00,9.79295728E-01,2.07042717E-02
1.21067478E+01,3.24333298E+00,2.10517772E+00,1751.18883640755,127.402432476152,3.51987170E+00,3310.33312622684,7.80156480E+00,5.91136410E+00,2.23022651E+01,0.00000000E+00,9.79295728E-01,2.07042718E-02
1.21067673E+01,3.24419166E+00,2.10582770E+00,1754.65468372844,127.593250077705,3.51976137E+00,3309.49226206485,7.80169292E+00,5.91176937E+00,2.23028980E+01,0.00000000E+00,9.79295728E-01,2.07042719E-02
1.21067868E+01,3.24506639E+00,2.10648903E+00,1758.19236586457,127.787693080714,3.51964939E+00,3308.63904107069,7.80182068E+00,5.91217413E+00,2.23035300E+01,0.00000000E+00,9.79295728E-01,2.07042720E-02
1.21068063E+01,3.24592149E+00,2.10713969E+00,1761.65755229691,127.979288092597,3.51953784E+00,3307.78931512455,7.80194810E+00,5.91257843E+00,2.23041612E+01,0.00000000E+00,9.79295728E-01,2.07042720E-02
1.21068257E+01,3.24670544E+00,2.10772883E+00,1764.84041259573,128.153015561541,3.51943925E+00,3307.03849293135,7.80207553E+00,5.91298282E+00,2.23047926E+01,0.00000000E+00,9.79295728E-01,2.07042721E-02
1.21068450E+01,3.24758266E+00,2.10839046E+00,1768.40876992383,128.348400267084,3.51932775E+00,3306.18955867771,7.80220255E+00,5.91338668E+00,2.23054230E+01,0.00000000E+00,9.79295728E-01,2.07042722E-02
1.21068644E+01,3.24844689E+00,2.10904096E+00,1771.93134187978,128.540788603894,3.51921855E+00,3305.35834730201,7.80232917E+00,5.91378996E+00,2.23060526E+01,0.00000000E+00,9.79295728E-01,2.07042723E-02
1.21068837E+01,3.24927347E+00,2.10965759E+00,1775.30701843214,128.723425976226,3.51911688E+00,3304.58464083262,7.80245563E+00,5.91419308E+00,2.23066819E+01,0.00000000E+00,9.79295728E-01,2.07042723E-02
1.21069029E+01,3.25011425E+00,2.11028806E+00,1778.74728415937,128.910430872638,3.51901185E+00,3303.78555501964,7.80258194E+00,5.91459603E+00,2.23073108E+01,0.00000000E+00,9.79295728E-01,2.07042724E-02
1.21069221E+01,3.25096297E+00,2.11092740E+00,1782.22679988969,129.100344152667,3.51890435E+00,3302.96787713065,7.80270781E+00,5.91499838E+00,2.23079388E+01,0.00000000E+00,9.79295728E-01,2.07042725E-02
1.21069413E+01,3.25175316E+00,2.11152029E+00,1785.4724772256,129.276709676565,3.51880546E+00,3302.21586824615,7.80283367E+00,5.91540080E+00,2.23085669E+01,0.00000000E+00,9.79295727E-01,2.07042726E-02
1.21069605E+01,3.25263065E+00,2.11217827E+00,1789.0836631043,129.472719439407,3.51869584E+00,3301.38246317723,7.80295915E+00,5.91580270E+00,2.23091941E+01,0.00000000E+00,9.79295727E-01,2.07042727E-02
1.21069796E+01,3.25345844E+00,2.11280133E+00,1792.497010374,129.658600609103,3.51859126E+00,3300.58757163281,7.80308434E+00,5.91620421E+00,2.23098207E+01,0.00000000E+00,9.79295727E-01,2.07042728E-02
1.21069986E+01,3.25428611E+00,2.11342442E+00,1795.91637365213,129.844757613712,3.51848663E+00,3299.79249157602,7.80320932E+00,5.91660547E+00,2.23104469E+01,0.00000000E+00,9.79295727E-01,2.07042728E-02
1.21070177E+01,3.25512968E+00,2.11406022E+00,1799.40813681066,130.034987422365,3.51837962E+00,3298.97952408593,7.80333405E+00,5.91700644E+00,2.23110726E+01,0.00000000E+00,9.79295727E-01,2.07042729E-02
1.21070367E+01,3.25592625E+00,2.11466821E+00,1802.71158622451,130.217157219786,3.51827477E+00,3298.1831606356,7.80345861E+00,5.91740719E+00,2.23116979E+01,0.00000000E+00,9.79295727E-01,2.07042730E-02
1.21070556E+01,3.25679112E+00,2.11532681E+00,1806.30514935115,130.414779072583,3.51816169E+00,3297.32450362574,7.80358273E+00,5.91780736E+00,2.23123222E+01,0.00000000E+00,9.79295727E-01,2.07042731E-02
1.21070745E+01,3.25756874E+00,2.11591403E+00,1809.54230139959,130.591235296174,3.51806248E+00,3296.57135060157,7.80370693E+00,5.91820772E+00,2.23129469E+01,0.00000000E+00,9.79295727E-01,2.07042732E-02
1.21070934E+01,3.25841807E+00,2.11656218E+00,1813.0846037508,130.786277843059,3.51795074E+00,3295.72328203418,7.80383068E+00,5.91860747E+00,2.23135705E+01,0.00000000E+00,9.79295727E-01,2.07042733E-02
1.21071123E+01,3.25926799E+00,2.11720863E+00,1816.63630834476,130.981098980046,3.51783999E+00,3294.88294251131,7.80395410E+00,5.91900676E+00,2.23141934E+01,0.00000000E+00,9.79295727E-01,2.07042734E-02
1.21071311E+01,3.26003442E+00,2.11779062E+00,1819.84508467838,131.1567419891,3.51774061E+00,3294.12905771999,7.80407760E+00,5.91940626E+00,2.23148166E+01,0.00000000E+00,9.79295727E-01,2.07042735E-02
1.21071499E+01,3.26091126E+00,2.11845928E+00,1823.52306122766,131.358832548282,3.51762549E+00,3293.25598680441,7.80420051E+00,5.91980492E+00,2.23154385E+01,0.00000000E+00,9.79295726E-01,2.07042736E-02
1.21071686E+01,3.26170726E+00,2.11906693E+00,1826.8683843878,131.542753976768,3.51752066E+00,3292.46115662172,7.80432331E+00,5.92020348E+00,2.23160601E+01,0.00000000E+00,9.79295726E-01,2.07042737E-02
1.21071874E+01,3.26250121E+00,2.11967002E+00,1830.21120550657,131.725549824333,3.51741760E+00,3291.6799337351,7.80444606E+00,5.92060205E+00,2.23166818E+01,0.00000000E+00,9.79295726E-01,2.07042738E-02
1.21072060E+01,3.26337158E+00,2.12033249E+00,1833.88281149636,131.926636457086,3.51730396E+00,3290.8187264499,7.80456826E+00,5.92099983E+00,2.23173021E+01,0.00000000E+00,9.79295726E-01,2.07042739E-02
1.21072247E+01,3.26415230E+00,2.12092347E+00,1837.18250036862,132.106282016243,3.51720365E+00,3290.05872621751,7.80469039E+00,5.92139755E+00,2.23179224E+01,0.00000000E+00,9.79295726E-01,2.07042740E-02
1.21072433E+01,3.26497955E+00,2.12154941E+00,1840.68532548589,132.296821450695,3.51709749E+00,3289.25459454216,7.80481222E+00,5.92179491E+00,2.23185421E+01,0.00000000E+00,9.79295726E-01,2.07042741E-02
1.21072618E+01,3.26581991E+00,2.12218297E+00,1844.25050053827,132.489960312335,3.51699080E+00,3288.44664628229,7.80493380E+00,5.92219196E+00,2.23191612E+01,0.00000000E+00,9.79295726E-01,2.07042742E-02
1.21072804E+01,3.26660827E+00,2.12278136E+00,1847.6013461556,132.672636615955,3.51688870E+00,3287.67364327805,7.80505518E+00,5.92258874E+00,2.23197799E+01,0.00000000E+00,9.79295726E-01,2.07042743E-02
1.21072989E+01,3.26744388E+00,2.12341054E+00,1851.15966990588,132.864984133554,3.51678301E+00,3286.87365164895,7.80517620E+00,5.92298505E+00,2.23203979E+01,0.00000000E+00,9.79295726E-01,2.07042744E-02
1.21073173E+01,3.26824172E+00,2.12400966E+00,1854.56355080478,133.048401156758,3.51668291E+00,3286.11615149203,7.80529715E+00,5.92338132E+00,2.23210157E+01,0.00000000E+00,9.79295725E-01,2.07042746E-02
1.21073358E+01,3.26905092E+00,2.12462150E+00,1858.02229103664,133.235973658515,3.51657929E+00,3285.33219785792,7.80541775E+00,5.92377712E+00,2.23216328E+01,0.00000000E+00,9.79295725E-01,2.07042747E-02
1.21073542E+01,3.26982871E+00,2.12520791E+00,1861.35285605989,133.415998233539,3.51648054E+00,3284.58526303201,7.80553836E+00,5.92417302E+00,2.23222500E+01,0.00000000E+00,9.79295725E-01,2.07042748E-02
1.21073725E+01,3.27068825E+00,2.12585583E+00,1865.04042655649,133.615188900111,3.51637146E+00,3283.76039054343,7.80565842E+00,5.92456815E+00,2.23228660E+01,0.00000000E+00,9.79295725E-01,2.07042749E-02
1.21073909E+01,3.27144709E+00,2.12642632E+00,1868.30204856771,133.790821379021,3.51627592E+00,3283.03807889847,7.80577846E+00,5.92496331E+00,2.23234820E+01,0.00000000E+00,9.79295725E-01,2.07042750E-02
1.21074092E+01,3.27229982E+00,2.12707611E+00,1871.97403236063,133.9911486006,3.51616421E+00,3282.19371859617,7.80589814E+00,5.92535797E+00,2.23240972E+01,0.00000000E+00,9.79295725E-01,2.07042752E-02
1.21074274E+01,3.27307732E+00,2.12766226E+00,1875.32835408092,134.172113220928,3.51606551E+00,3281.44787510805,7.80601764E+00,5.92575243E+00,2.23247120E+01,0.00000000E+00,9.79295725E-01,2.07042753E-02
1.21074457E+01,3.27389404E+00,2.12828605E+00,1878.85835341534,134.364967060304,3.51595780E+00,3280.63413940611,7.80613691E+00,5.92614662E+00,2.23253264E+01,0.00000000E+00,9.79295725E-01,2.07042754E-02
1.21074639E+01,3.27470481E+00,2.12890385E+00,1882.36920804441,134.556242222666,3.51585159E+00,3279.83193361352,7.80625585E+00,5.92654034E+00,2.23259400E+01,0.00000000E+00,9.79295724E-01,2.07042755E-02
1.21074820E+01,3.27546957E+00,2.12948683E+00,1885.68683918885,134.736986567215,3.51575129E+00,3279.0745462365,7.80637477E+00,5.92693412E+00,2.23265538E+01,0.00000000E+00,9.79295724E-01,2.07042757E-02
1.21075001E+01,3.27630392E+00,2.13012579E+00,1889.31303098287,134.935365572961,3.51564040E+00,3278.23739500904,7.80649323E+00,5.92732727E+00,2.23271664E+01,0.00000000E+00,9.79295724E-01,2.07042758E-02
1.21075182E+01,3.27709723E+00,2.13073459E+00,1892.76732462192,135.12465247265,3.51553432E+00,3277.43675634162,7.80661160E+00,5.92772033E+00,2.23277790E+01,0.00000000E+00,9.79295724E-01,2.07042759E-02
1.21075363E+01,3.27783723E+00,2.13129855E+00,1895.9951846286,135.300234715002,3.51543735E+00,3276.70504645989,7.80672994E+00,5.92811344E+00,2.23283915E+01,0.00000000E+00,9.79295724E-01,2.07042761E-02
1.21075543E+01,3.27870137E+00,2.13196106E+00,1899.7715079348,135.506790790604,3.51532212E+00,3275.83576385948,7.80684768E+00,5.92850568E+00,2.23290027E+01,0.00000000E+00,9.79295724E-01,2.07042762E-02
1.21075723E+01,3.27946400E+00,2.13254062E+00,1903.11047638051,135.687743447714,3.51522300E+00,3275.08819785609,7.80696546E+00,5.92889805E+00,2.23296141E+01,0.00000000E+00,9.79295724E-01,2.07042764E-02
1.21075903E+01,3.28027201E+00,2.13315769E+00,1906.65453169836,135.880673247286,3.51511647E+00,3274.28493561643,7.80708283E+00,5.92928987E+00,2.23302246E+01,0.00000000E+00,9.79295723E-01,2.07042765E-02
1.21076082E+01,3.28107621E+00,2.13376909E+00,1910.18842904203,136.072100844858,3.51501182E+00,3273.49604086364,7.80720004E+00,5.92968150E+00,2.23308347E+01,0.00000000E+00,9.79295723E-01,2.07042767E-02
1.21076261E+01,3.28185857E+00,2.13436601E+00,1913.63264024824,136.259254969645,3.51490895E+00,3272.72074973497,7.80731696E+00,5.93007273E+00,2.23314442E+01,0.00000000E+00,9.79295723E-01,2.07042768E-02
1.21076440E+01,3.28259781E+00,2.13492618E+00,1916.89272874587,136.43512087827,3.51481367E+00,3272.00282527851,7.80743394E+00,5.93046417E+00,2.23320540E+01,0.00000000E+00,9.79295723E-01,2.07042770E-02
1.21076618E+01,3.28345328E+00,2.13557592E+00,1920.67233090164,136.639391722266,3.51470267E+00,3271.16665093349,7.80755038E+00,5.93085484E+00,2.23326626E+01,0.00000000E+00,9.79295723E-01,2.07042771E-02
1.21076796E+01,3.28422131E+00,2.13615940E+00,1924.07195754822,136.823091806584,3.51460294E+00,3270.41555689718,7.80766673E+00,5.93124541E+00,2.23332710E+01,0.00000000E+00,9.79295723E-01,2.07042773E-02
1.21076974E+01,3.28497870E+00,2.13673209E+00,1927.43037992935,137.003634977143,3.51450594E+00,3269.68518868377,7.80778300E+00,5.93163594E+00,2.23338793E+01,0.00000000E+00,9.79295723E-01,2.07042774E-02
1.21077151E+01,3.28581169E+00,2.13736121E+00,1931.13079753052,137.202242579484,3.51439963E+00,3268.88490752384,7.80789875E+00,5.93202574E+00,2.23344865E+01,0.00000000E+00,9.79295722E-01,2.07042776E-02
1.21077328E+01,3.28656792E+00,2.13793168E+00,1934.49637390672,137.382583787929,3.51430345E+00,3268.16105181763,7.80801452E+00,5.93241563E+00,2.23350937E+01,0.00000000E+00,9.79295722E-01,2.07042777E-02
1.21077505E+01,3.28735345E+00,2.13853042E+00,1937.99855991505,137.572116879255,3.51420047E+00,3267.38619664385,7.80812995E+00,5.93280508E+00,2.23357003E+01,0.00000000E+00,9.79295722E-01,2.07042779E-02
1.21077681E+01,3.28815286E+00,2.13913552E+00,1941.56913756063,137.763928911526,3.51409777E+00,3266.61363124507,7.80824518E+00,5.93319430E+00,2.23363064E+01,0.00000000E+00,9.79295722E-01,2.07042781E-02
1.21077857E+01,3.28888887E+00,2.13969139E+00,1944.86235434893,137.940371089248,3.51400384E+00,3265.90719850794,7.80836040E+00,5.93358355E+00,2.23369126E+01,0.00000000E+00,9.79295722E-01,2.07042783E-02
1.21078033E+01,3.28972075E+00,2.14032188E+00,1948.59125874021,138.140772403151,3.51389656E+00,3265.10054940597,7.80847507E+00,5.93397203E+00,2.23375176E+01,0.00000000E+00,9.79295722E-01,2.07042784E-02
1.21078208E+01,3.29049945E+00,2.14091627E+00,1952.08826187461,138.329965938136,3.51379404E+00,3264.32987739408,7.80858965E+00,5.93436043E+00,2.23381224E+01,0.00000000E+00,9.79295721E-01,2.07042786E-02
1.21078383E+01,3.29127285E+00,2.14150833E+00,1955.56767553197,138.518675429106,3.51369136E+00,3263.55818494684,7.80870392E+00,5.93474842E+00,2.23387265E+01,0.00000000E+00,9.79295721E-01,2.07042788E-02
1.21078558E+01,3.29202093E+00,2.14208063E+00,1958.93907858979,138.701331430481,3.51359223E+00,3262.81334563392,7.80881819E+00,5.93513648E+00,2.23393307E+01,0.00000000E+00,9.79295721E-01,2.07042790E-02
1.21078733E+01,3.29281208E+00,2.14269264E+00,1962.51091110281,138.896927839853,3.51348401E+00,3262.00040030609,7.80893217E+00,5.93552418E+00,2.23399344E+01,0.00000000E+00,9.79295721E-01,2.07042792E-02
1.21078907E+01,3.29359997E+00,2.14329512E+00,1966.07449806748,139.089747910709,3.51337974E+00,3261.21731885254,7.80904581E+00,5.93591140E+00,2.23405373E+01,0.00000000E+00,9.79295721E-01,2.07042793E-02
1.21079081E+01,3.29434430E+00,2.14386445E+00,1969.44700926503,139.27220450903,3.51328116E+00,3260.47714293036,7.80915945E+00,5.93629870E+00,2.23411402E+01,0.00000000E+00,9.79295720E-01,2.07042795E-02
1.21079254E+01,3.29512953E+00,2.14446721E+00,1973.01110652151,139.465635464814,3.51317609E+00,3259.68842257911,7.80927280E+00,5.93668564E+00,2.23417426E+01,0.00000000E+00,9.79295720E-01,2.07042797E-02
1.21079428E+01,3.29592058E+00,2.14507388E+00,1976.60814214254,139.660592444704,3.51307052E+00,3258.89614107696,7.80938579E+00,5.93707206E+00,2.23423442E+01,0.00000000E+00,9.79295720E-01,2.07042799E-02
1.21079600E+01,3.29667469E+00,2.14564964E+00,1980.04331090694,139.845868361172,3.51297117E+00,3258.15071530097,7.80949873E+00,5.93745848E+00,2.23429457E+01,0.00000000E+00,9.79295720E-01,2.07042801E-02
1.21079773E+01,3.29740200E+00,2.14620696E+00,1983.3620540667,140.025444507292,3.51287433E+00,3257.42428622252,7.80961152E+00,5.93784475E+00,2.23435470E+01,0.00000000E+00,9.79295720E-01,2.07042803E-02
1.21079945E+01,3.29822846E+00,2.14683875E+00,1987.13997464029,140.229294795398,3.51276505E+00,3256.60473506846,7.80972392E+00,5.93823049E+00,2.23441474E+01,0.00000000E+00,9.79295719E-01,2.07042805E-02
1.21080117E+01,3.29899185E+00,2.14742313E+00,1990.63598222545,140.418112192099,3.51266371E+00,3255.84491463324,7.80983617E+00,5.93861605E+00,2.23447475E+01,0.00000000E+00,9.79295719E-01,2.07042808E-02
1.21080289E+01,3.29976080E+00,2.14800829E+00,1994.16367025739,140.607436362641,3.51256337E+00,3255.09276659631,7.80994819E+00,5.93900131E+00,2.23453472E+01,0.00000000E+00,9.79295719E-01,2.07042810E-02
1.21080461E+01,3.30052663E+00,2.14859050E+00,1997.68325831172,140.796059418619,3.51246372E+00,3254.34596276439,7.81006000E+00,5.93938632E+00,2.23459464E+01,0.00000000E+00,9.79295719E-01,2.07042812E-02
1.21080632E+01,3.30128914E+00,2.14916948E+00,2001.19375989407,140.983886959595,3.51236486E+00,3253.60524870884,7.81017152E+00,5.93977094E+00,2.23465450E+01,0.00000000E+00,9.79295719E-01,2.07042814E-02
1.21080803E+01,3.30204554E+00,2.14974189E+00,2004.68222677152,141.169829438895,3.51226775E+00,3252.87781076799,7.81028295E+00,5.94015550E+00,2.23471434E+01,0.00000000E+00,9.79295718E-01,2.07042816E-02
1.21080973E+01,3.30279278E+00,2.15031110E+00,2008.13441934575,141.354975610401,3.51216996E+00,3252.14544339073,7.81039423E+00,5.94053991E+00,2.23477416E+01,0.00000000E+00,9.79295718E-01,2.07042819E-02
1.21081143E+01,3.30351986E+00,2.15086151E+00,2011.49918062758,141.534237652079,3.51207652E+00,3251.44580801715,7.81050544E+00,5.94092428E+00,2.23483398E+01,0.00000000E+00,9.79295718E-01,2.07042821E-02
1.21081313E+01,3.30432514E+00,2.15147527E+00,2015.23241421072,141.734400142556,3.51197096E+00,3250.65560476756,7.81061622E+00,5.94130807E+00,2.23489370E+01,0.00000000E+00,9.79295718E-01,2.07042823E-02
1.21081483E+01,3.30509315E+00,2.15205764E+00,2018.79932103856,141.924587292799,3.51187178E+00,3249.91333604022,7.81072672E+00,5.94169145E+00,2.23495335E+01,0.00000000E+00,9.79295717E-01,2.07042826E-02
1.21081652E+01,3.30584403E+00,2.15262768E+00,2022.29277375634,142.110994934151,3.51177448E+00,3249.18530204348,7.81083714E+00,5.94207479E+00,2.23501300E+01,0.00000000E+00,9.79295717E-01,2.07042828E-02
1.21081821E+01,3.30659003E+00,2.15319904E+00,2025.76950883602,142.298079910286,3.51167530E+00,3248.44336905141,7.81094738E+00,5.94245792E+00,2.23507261E+01,0.00000000E+00,9.79295717E-01,2.07042831E-02
1.21081990E+01,3.30732105E+00,2.15375983E+00,2029.18222790365,142.481943364367,3.51157766E+00,3247.71312178426,7.81105743E+00,5.94284083E+00,2.23513219E+01,0.00000000E+00,9.79295717E-01,2.07042833E-02
1.21082158E+01,3.30808474E+00,2.15435114E+00,2032.75360528278,142.676070582423,3.51147293E+00,3246.93003104464,7.81116730E+00,5.94322353E+00,2.23519173E+01,0.00000000E+00,9.79295716E-01,2.07042836E-02
1.21082326E+01,3.30886920E+00,2.15495453E+00,2036.42865756069,142.87443632252,3.51136735E+00,3246.14077578009,7.81127685E+00,5.94360581E+00,2.23525120E+01,0.00000000E+00,9.79295716E-01,2.07042838E-02
1.21082494E+01,3.30961214E+00,2.15552453E+00,2039.91532200593,143.062078345106,3.51126808E+00,3245.39886543558,7.81138626E+00,5.94398793E+00,2.23531065E+01,0.00000000E+00,9.79295716E-01,2.07042841E-02
1.21082662E+01,3.31035172E+00,2.15609295E+00,2043.39214698751,143.249445650032,3.51116877E+00,3244.65682581184,7.81149550E+00,5.94436984E+00,2.23537006E+01,0.00000000E+00,9.79295716E-01,2.07042843E-02
1.21082829E+01,3.31112538E+00,2.15668859E+00,2047.03552673216,143.446048743817,3.51106436E+00,3243.87686218424,7.81160443E+00,5.94475135E+00,2.23542941E+01,0.00000000E+00,9.79295715E-01,2.07042846E-02
1.21082996E+01,3.31186987E+00,2.15726046E+00,2050.54767009832,143.635059952513,3.51096455E+00,3243.13143676158,7.81171314E+00,5.94513257E+00,2.23548870E+01,0.00000000E+00,9.79295715E-01,2.07042849E-02
1.21083163E+01,3.31261294E+00,2.15783341E+00,2054.05912321704,143.824677872797,3.51086384E+00,3242.37946335754,7.81182172E+00,5.94551367E+00,2.23554799E+01,0.00000000E+00,9.79295715E-01,2.07042852E-02
1.21083329E+01,3.31334801E+00,2.15839861E+00,2057.53868789888,144.011976193056,3.51076501E+00,3241.64169689353,7.81193016E+00,5.94589462E+00,2.23560724E+01,0.00000000E+00,9.79295715E-01,2.07042854E-02
1.21083495E+01,3.31411463E+00,2.15898615E+00,2061.17387869625,144.206936204084,3.51066290E+00,3240.87962153182,7.81203831E+00,5.94627518E+00,2.23566643E+01,0.00000000E+00,9.79295714E-01,2.07042857E-02
1.21083661E+01,3.31485418E+00,2.15955192E+00,2064.68679406859,144.394921841639,3.51056490E+00,3240.14838872922,7.81214632E+00,5.94665558E+00,2.23572560E+01,0.00000000E+00,9.79295714E-01,2.07042860E-02
1.21083827E+01,3.31558900E+00,2.16011126E+00,2068.18317142322,144.581011906301,3.51046893E+00,3239.4324627876,7.81225414E+00,5.94703577E+00,2.23578473E+01,0.00000000E+00,9.79295714E-01,2.07042863E-02
1.21083992E+01,3.31630147E+00,2.16065366E+00,2071.57885766179,144.761695141344,3.51037585E+00,3238.73824705094,7.81236188E+00,5.94741592E+00,2.23584385E+01,0.00000000E+00,9.79295713E-01,2.07042866E-02
1.21084157E+01,3.31707117E+00,2.16124183E+00,2075.25357173074,144.957880384067,3.51027419E+00,3237.98020933379,7.81246933E+00,5.94779568E+00,2.23590291E+01,0.00000000E+00,9.79295713E-01,2.07042869E-02
1.21084322E+01,3.31782811E+00,2.16181850E+00,2078.8737240125,145.150487906304,3.51017509E+00,3237.24143128279,7.81257648E+00,5.94817502E+00,2.23596190E+01,0.00000000E+00,9.79295713E-01,2.07042872E-02
1.21084486E+01,3.31855383E+00,2.16237105E+00,2082.35049272784,145.335279442676,3.51008024E+00,3236.53449431987,7.81268355E+00,5.94855431E+00,2.23602088E+01,0.00000000E+00,9.79295712E-01,2.07042875E-02
1.21084650E+01,3.31925382E+00,2.16290272E+00,2085.709503499,145.513310084008,3.50998941E+00,3235.85766396386,7.81279055E+00,5.94893357E+00,2.23607986E+01,0.00000000E+00,9.79295712E-01,2.07042879E-02
1.21084814E+01,3.32001456E+00,2.16348207E+00,2089.36617701596,145.707554761362,3.50988992E+00,3235.11646503076,7.81289718E+00,5.94931234E+00,2.23613876E+01,0.00000000E+00,9.79295712E-01,2.07042882E-02
1.21084978E+01,3.32076888E+00,2.16405702E+00,2092.99832124835,145.900580553651,3.50979102E+00,3234.3798298587,7.81300369E+00,5.94969097E+00,2.23619763E+01,0.00000000E+00,9.79295711E-01,2.07042885E-02
1.21085141E+01,3.32151722E+00,2.16463038E+00,2096.6079102279,146.093327191709,3.50969143E+00,3233.63822486245,7.81310992E+00,5.95006923E+00,2.23625645E+01,0.00000000E+00,9.79295711E-01,2.07042888E-02
1.21085304E+01,3.32223037E+00,2.16517864E+00,2100.05355434228,146.27787410655,3.50959559E+00,3232.9247051028,7.81321597E+00,5.95044726E+00,2.23631523E+01,0.00000000E+00,9.79295711E-01,2.07042892E-02
1.21085467E+01,3.32298106E+00,2.16575594E+00,2103.68669396617,146.472447999505,3.50949460E+00,3232.17301443787,7.81332180E+00,5.95082504E+00,2.23637396E+01,0.00000000E+00,9.79295710E-01,2.07042895E-02
1.21085629E+01,3.32367399E+00,2.16629173E+00,2107.04586892395,146.653262874266,3.50939994E+00,3231.46859803597,7.81342762E+00,5.95120286E+00,2.23643271E+01,0.00000000E+00,9.79295710E-01,2.07042899E-02
1.21085792E+01,3.32442231E+00,2.16686933E+00,2110.67958713119,146.848437535967,3.50929822E+00,3230.71181546556,7.81353316E+00,5.95158033E+00,2.23649139E+01,0.00000000E+00,9.79295710E-01,2.07042902E-02
1.21085954E+01,3.32516489E+00,2.16744225E+00,2114.29162745277,147.042287396748,3.50919741E+00,3229.96197802883,7.81363840E+00,5.95195737E+00,2.23655001E+01,0.00000000E+00,9.79295709E-01,2.07042906E-02
1.21086115E+01,3.32590517E+00,2.16801310E+00,2117.89863281185,147.235691373767,3.50909705E+00,3229.21566061985,7.81374344E+00,5.95233417E+00,2.23660859E+01,0.00000000E+00,9.79295709E-01,2.07042909E-02
1.21086277E+01,3.32658753E+00,2.16853973E+00,2121.22887366314,147.414339195753,3.50900433E+00,3228.52631058405,7.81384846E+00,5.95271102E+00,2.23666717E+01,0.00000000E+00,9.79295709E-01,2.07042913E-02
1.21086438E+01,3.32732368E+00,2.16910900E+00,2124.82750752433,147.607695520383,3.50890373E+00,3227.77854116463,7.81395323E+00,5.95308756E+00,2.23672571E+01,0.00000000E+00,9.79295708E-01,2.07042917E-02
1.21086599E+01,3.32805285E+00,2.16967356E+00,2128.3980384337,147.799702538791,3.50880374E+00,3227.03547755483,7.81405776E+00,5.95346378E+00,2.23678419E+01,0.00000000E+00,9.79295708E-01,2.07042921E-02
1.21086759E+01,3.32878190E+00,2.17023419E+00,2131.97398012781,147.990620121761,3.50870569E+00,3226.30699693477,7.81416197E+00,5.95383957E+00,2.23684261E+01,0.00000000E+00,9.79295708E-01,2.07042924E-02
1.21086920E+01,3.32950437E+00,2.17078718E+00,2135.52357421148,148.179177565063,3.50860981E+00,3225.59479776192,7.81426609E+00,5.95421527E+00,2.23690100E+01,0.00000000E+00,9.79295707E-01,2.07042928E-02
1.21087080E+01,3.33022253E+00,2.17133656E+00,2139.05784971323,148.366741973937,3.50851467E+00,3224.88825072949,7.81437001E+00,5.95459074E+00,2.23695937E+01,0.00000000E+00,9.79295707E-01,2.07042932E-02
1.21087240E+01,3.33094607E+00,2.17189018E+00,2142.624516885,148.555994140102,3.50841874E+00,3224.17599354431,7.81447371E+00,5.95496593E+00,2.23701768E+01,0.00000000E+00,9.79295706E-01,2.07042936E-02
1.21087399E+01,3.33168241E+00,2.17245404E+00,2146.26038711277,148.748994943222,3.50832090E+00,3223.44971710845,7.81457719E+00,5.95534084E+00,2.23707595E+01,0.00000000E+00,9.79295706E-01,2.07042940E-02
1.21087558E+01,3.33241803E+00,2.17301551E+00,2149.89886289773,148.941426835406,3.50822407E+00,3222.73109908329,7.81468036E+00,5.95571533E+00,2.23713416E+01,0.00000000E+00,9.79295706E-01,2.07042945E-02
1.21087717E+01,3.33315093E+00,2.17357809E+00,2153.53001918752,149.134488838468,3.50812600E+00,3222.00344176772,7.81478329E+00,5.95608947E+00,2.23719231E+01,0.00000000E+00,9.79295705E-01,2.07042949E-02
1.21087876E+01,3.33387828E+00,2.17413126E+00,2157.13974144762,149.324565594793,3.50803125E+00,3221.30057415309,7.81488596E+00,5.95646328E+00,2.23725040E+01,0.00000000E+00,9.79295705E-01,2.07042953E-02
1.21088034E+01,3.33458192E+00,2.17466925E+00,2160.63755258404,149.509658671557,3.50793817E+00,3220.61024411017,7.81498849E+00,5.95683694E+00,2.23730847E+01,0.00000000E+00,9.79295704E-01,2.07042957E-02
1.21088193E+01,3.33527990E+00,2.17520222E+00,2164.11283116676,149.693250866862,3.50784618E+00,3219.92814342878,7.81509088E+00,5.95721044E+00,2.23736652E+01,0.00000000E+00,9.79295704E-01,2.07042962E-02
1.21088351E+01,3.33601809E+00,2.17576872E+00,2167.79439973617,149.888640313841,3.50774747E+00,3219.19637500325,7.81519294E+00,5.95758350E+00,2.23742449E+01,0.00000000E+00,9.79295703E-01,2.07042966E-02
1.21088508E+01,3.33674321E+00,2.17632760E+00,2171.41688204345,150.081651485443,3.50764931E+00,3218.46884881767,7.81529477E+00,5.95795625E+00,2.23748242E+01,0.00000000E+00,9.79295703E-01,2.07042971E-02
1.21088666E+01,3.33744082E+00,2.17686284E+00,2174.90764571673,150.266731488591,3.50755610E+00,3217.77816242098,7.81539653E+00,5.95832895E+00,2.23754034E+01,0.00000000E+00,9.79295702E-01,2.07042975E-02
1.21088823E+01,3.33814495E+00,2.17740659E+00,2178.43672544064,150.454987868021,3.50746026E+00,3217.06814226986,7.81549802E+00,5.95870132E+00,2.23759820E+01,0.00000000E+00,9.79295702E-01,2.07042980E-02
1.21088980E+01,3.33887847E+00,2.17797754E+00,2182.11919707359,150.652915241823,3.50735816E+00,3216.31191794686,7.81559919E+00,5.95907323E+00,2.23765599E+01,0.00000000E+00,9.79295702E-01,2.07042985E-02
1.21089136E+01,3.33958629E+00,2.17852412E+00,2185.67854913215,150.842638373028,3.50726182E+00,3215.59851923378,7.81570017E+00,5.95944489E+00,2.23771374E+01,0.00000000E+00,9.79295701E-01,2.07042990E-02
1.21089293E+01,3.34024926E+00,2.17903660E+00,2189.01763342378,151.020742094946,3.50717132E+00,3214.9285099218,7.81580123E+00,5.95981676E+00,2.23777152E+01,0.00000000E+00,9.79295701E-01,2.07042995E-02
1.21089449E+01,3.34099540E+00,2.17961797E+00,2192.78170952166,151.223041974206,3.50706718E+00,3214.15769074077,7.81590179E+00,5.96018792E+00,2.23782919E+01,0.00000000E+00,9.79295700E-01,2.07043000E-02
1.21089605E+01,3.34171728E+00,2.18017708E+00,2196.4295605008,151.417851641044,3.50696809E+00,3213.42442203102,7.81600212E+00,5.96055875E+00,2.23788681E+01,0.00000000E+00,9.79295700E-01,2.07043005E-02
1.21089760E+01,3.34240583E+00,2.18070694E+00,2199.91464066157,151.602701388165,3.50687530E+00,3212.73792516453,7.81610229E+00,5.96092941E+00,2.23794440E+01,0.00000000E+00,9.79295699E-01,2.07043010E-02
1.21089916E+01,3.34310124E+00,2.18124252E+00,2203.44005528509,151.789775976036,3.50678136E+00,3212.04306954301,7.81620229E+00,5.96129986E+00,2.23800195E+01,0.00000000E+00,9.79295699E-01,2.07043015E-02
1.21090071E+01,3.34377753E+00,2.18176617E+00,2206.87395876087,151.972906681273,3.50668861E+00,3211.35716355734,7.81630219E+00,5.96167023E+00,2.23805950E+01,0.00000000E+00,9.79295698E-01,2.07043020E-02
1.21090226E+01,3.34452349E+00,2.18234035E+00,2210.66782305653,152.173962682777,3.50658801E+00,3210.61337073959,7.81640169E+00,5.96204003E+00,2.23811695E+01,0.00000000E+00,9.79295697E-01,2.07043025E-02
1.21090380E+01,3.34524177E+00,2.18289024E+00,2214.32707356774,152.366762596233,3.50649264E+00,3209.90840534763,7.81650094E+00,5.96240948E+00,2.23817434E+01,0.00000000E+00,9.79295697E-01,2.07043031E-02
1.21090535E+01,3.34591081E+00,2.18340298E+00,2217.74092097797,152.546757215671,3.50640352E+00,3209.24977923189,7.81660018E+00,5.96277898E+00,2.23823175E+01,0.00000000E+00,9.79295696E-01,2.07043036E-02
1.21090689E+01,3.34659798E+00,2.18392891E+00,2221.25275773495,152.731603023146,3.50631235E+00,3208.57614278066,7.81669920E+00,5.96314821E+00,2.23828911E+01,0.00000000E+00,9.79295696E-01,2.07043042E-02
1.21090843E+01,3.34733787E+00,2.18449271E+00,2225.04024188323,152.93000756088,3.50621543E+00,3207.86017581431,7.81679776E+00,5.96351678E+00,2.23834637E+01,0.00000000E+00,9.79295695E-01,2.07043047E-02
1.21090996E+01,3.34803878E+00,2.18503005E+00,2228.63414459986,153.119340539517,3.50612198E+00,3207.16999370055,7.81689615E+00,5.96388512E+00,2.23840358E+01,0.00000000E+00,9.79295695E-01,2.07043053E-02
1.21091150E+01,3.34870752E+00,2.18554501E+00,2232.06850748776,153.301007830588,3.50603169E+00,3206.50329105646,7.81699455E+00,5.96425355E+00,2.23846082E+01,0.00000000E+00,9.79295694E-01,2.07043059E-02
1.21091303E+01,3.34943922E+00,2.18610372E+00,2235.83226959101,153.498353012715,3.50593526E+00,3205.7914036153,7.81709247E+00,5.96462129E+00,2.23851794E+01,0.00000000E+00,9.79295694E-01,2.07043065E-02
1.21091456E+01,3.35011059E+00,2.18661954E+00,2239.2912855676,153.680774302217,3.50584519E+00,3205.12661116734,7.81719029E+00,5.96498892E+00,2.23857505E+01,0.00000000E+00,9.79295693E-01,2.07043071E-02
1.21091608E+01,3.35077492E+00,2.18713164E+00,2242.71929770483,153.862094456405,3.50575522E+00,3204.46269443366,7.81728810E+00,5.96535661E+00,2.23863216E+01,0.00000000E+00,9.79295692E-01,2.07043077E-02
1.21091761E+01,3.35151719E+00,2.18770813E+00,2246.5556961365,154.066469274686,3.50565255E+00,3203.70522844572,7.81738541E+00,5.96572358E+00,2.23868916E+01,0.00000000E+00,9.79295692E-01,2.07043083E-02
1.21091913E+01,3.35220869E+00,2.18824243E+00,2250.13559583709,154.256129459872,3.50555827E+00,3203.00981885907,7.81748252E+00,5.96609025E+00,2.23874612E+01,0.00000000E+00,9.79295691E-01,2.07043089E-02
1.21092065E+01,3.35288815E+00,2.18876774E+00,2253.65872080149,154.44282608546,3.50546548E+00,3202.32554690641,7.81757948E+00,5.96645678E+00,2.23880305E+01,0.00000000E+00,9.79295690E-01,2.07043096E-02
1.21092217E+01,3.35359848E+00,2.18932169E+00,2257.34781044979,154.639946225875,3.50536609E+00,3201.5927659653,7.81767621E+00,5.96682300E+00,2.23885993E+01,0.00000000E+00,9.79295690E-01,2.07043102E-02
1.21092368E+01,3.35424984E+00,2.18982865E+00,2260.73594754061,154.820565701657,3.50527545E+00,3200.92464306709,7.81777280E+00,5.96718905E+00,2.23891678E+01,0.00000000E+00,9.79295689E-01,2.07043108E-02
1.21092519E+01,3.35498025E+00,2.19039758E+00,2264.54132284433,155.023515053997,3.50517358E+00,3200.17390833108,7.81786899E+00,5.96755454E+00,2.23897355E+01,0.00000000E+00,9.79295689E-01,2.07043115E-02
1.21092670E+01,3.35561964E+00,2.19089239E+00,2267.87774896489,155.200240532092,3.50508603E+00,3199.52884605468,7.81796527E+00,5.96792021E+00,2.23903034E+01,0.00000000E+00,9.79295688E-01,2.07043122E-02
1.21092821E+01,3.35634255E+00,2.19145224E+00,2271.65591523248,155.400438523702,3.50498683E+00,3198.79810452194,7.81806113E+00,5.96828531E+00,2.23908705E+01,0.00000000E+00,9.79295687E-01,2.07043128E-02
1.21092971E+01,3.35703191E+00,2.19198507E+00,2275.26460081269,155.59121421675,3.50489275E+00,3198.10523287757,7.81815670E+00,5.96864998E+00,2.23914368E+01,0.00000000E+00,9.79295686E-01,2.07043135E-02
1.21093122E+01,3.35771202E+00,2.19250972E+00,2278.83048191733,155.779289960233,3.50480046E+00,3197.42568988171,7.81825219E+00,5.96901460E+00,2.23920031E+01,0.00000000E+00,9.79295686E-01,2.07043142E-02
1.21093272E+01,3.35839687E+00,2.19303963E+00,2282.42686245535,155.969482074314,3.50470671E+00,3196.73554455592,7.81834736E+00,5.96937874E+00,2.23925687E+01,0.00000000E+00,9.79295685E-01,2.07043149E-02
1.21093421E+01,3.35908680E+00,2.19357061E+00,2286.05565883012,156.160291137335,3.50461371E+00,3196.0510675738,7.81844241E+00,5.96974278E+00,2.23931340E+01,0.00000000E+00,9.79295684E-01,2.07043156E-02
1.21093571E+01,3.35974168E+00,2.19407447E+00,2289.50544119009,156.341570403887,3.50452550E+00,3195.40198026679,7.81853723E+00,5.97010651E+00,2.23936989E+01,0.00000000E+00,9.79295684E-01,2.07043164E-02
1.21093720E+01,3.36043755E+00,2.19460718E+00,2293.17685607194,156.533458215665,3.50443311E+00,3194.72227605408,7.81863185E+00,5.97046998E+00,2.23942634E+01,0.00000000E+00,9.79295683E-01,2.07043171E-02
1.21093869E+01,3.36112974E+00,2.19513841E+00,2296.83469603545,156.725047450792,3.50434054E+00,3194.04139260378,7.81872621E+00,5.97083310E+00,2.23948273E+01,0.00000000E+00,9.79295682E-01,2.07043178E-02
1.21094018E+01,3.36180760E+00,2.19565637E+00,2300.42246451519,156.912076612217,3.50425103E+00,3193.38315448079,7.81882032E+00,5.97119586E+00,2.23953906E+01,0.00000000E+00,9.79295681E-01,2.07043186E-02
1.21094167E+01,3.36246724E+00,2.19616174E+00,2303.91917868516,157.094774794212,3.50416325E+00,3192.73777016644,7.81891435E+00,5.97155857E+00,2.23959539E+01,0.00000000E+00,9.79295681E-01,2.07043194E-02
1.21094315E+01,3.36315242E+00,2.19668412E+00,2307.5569068403,157.283845909465,3.50407336E+00,3192.07700768586,7.81900812E+00,5.97192093E+00,2.23965166E+01,0.00000000E+00,9.79295680E-01,2.07043201E-02
1.21094463E+01,3.36384150E+00,2.19722120E+00,2311.221133577,157.478474822239,3.50397709E+00,3191.36949882001,7.81910163E+00,5.97228293E+00,2.23970787E+01,0.00000000E+00,9.79295679E-01,2.07043209E-02
1.21094611E+01,3.36451947E+00,2.19774720E+00,2314.83196068865,157.669321963699,3.50388358E+00,3190.68242392285,7.81919487E+00,5.97264454E+00,2.23976403E+01,0.00000000E+00,9.79295678E-01,2.07043217E-02
1.21094759E+01,3.36515526E+00,2.19823967E+00,2318.22326518215,157.84821314277,3.50379629E+00,3190.04118464267,7.81928811E+00,5.97300623E+00,2.23982019E+01,0.00000000E+00,9.79295677E-01,2.07043225E-02
1.21094906E+01,3.36587181E+00,2.19879733E+00,2322.05129906617,158.051029843165,3.50369660E+00,3189.30901160713,7.81938094E+00,5.97336732E+00,2.23987626E+01,0.00000000E+00,9.79295677E-01,2.07043234E-02
1.21095053E+01,3.36649876E+00,2.19928344E+00,2325.4058463523,158.228036928798,3.50361028E+00,3188.67517026708,7.81947374E+00,5.97372842E+00,2.23993234E+01,0.00000000E+00,9.79295676E-01,2.07043242E-02
1.21095200E+01,3.36721858E+00,2.19984454E+00,2329.26327869623,158.432596581466,3.50350969E+00,3187.9367043041,7.81956613E+00,5.97408894E+00,2.23998832E+01,0.00000000E+00,9.79295675E-01,2.07043250E-02
1.21095347E+01,3.36782918E+00,2.20031972E+00,2332.54042933231,158.606039268665,3.50342475E+00,3187.3132635823,7.81965847E+00,5.97444940E+00,2.24004429E+01,0.00000000E+00,9.79295674E-01,2.07043259E-02
1.21095494E+01,3.36856368E+00,2.20089876E+00,2336.48867320977,158.817647972311,3.50331885E+00,3186.53615187828,7.81975045E+00,5.97480939E+00,2.24010019E+01,0.00000000E+00,9.79295673E-01,2.07043268E-02
1.21095640E+01,3.36919568E+00,2.20138580E+00,2339.89128564855,158.995854095431,3.50323333E+00,3185.90873027005,7.81984230E+00,5.97516919E+00,2.24015606E+01,0.00000000E+00,9.79295672E-01,2.07043276E-02
1.21095786E+01,3.36989005E+00,2.20192560E+00,2343.63540383345,159.19359854255,3.50313703E+00,3185.20236854792,7.81993392E+00,5.97552869E+00,2.24021188E+01,0.00000000E+00,9.79295671E-01,2.07043285E-02
1.21095932E+01,3.37056116E+00,2.20244601E+00,2347.2597948648,159.384472708732,3.50304460E+00,3184.52454062179,7.82002522E+00,5.97588774E+00,2.24026763E+01,0.00000000E+00,9.79295671E-01,2.07043294E-02
1.21096077E+01,3.37119391E+00,2.20293388E+00,2350.68215269497,159.563619803634,3.50295885E+00,3183.89582892078,7.82011652E+00,5.97624684E+00,2.24032339E+01,0.00000000E+00,9.79295670E-01,2.07043303E-02
1.21096223E+01,3.37189060E+00,2.20347235E+00,2354.45611507924,159.761581124905,3.50286379E+00,3183.19900216216,7.82020749E+00,5.97660549E+00,2.24037907E+01,0.00000000E+00,9.79295669E-01,2.07043313E-02
1.21096368E+01,3.37255721E+00,2.20398666E+00,2358.07280653927,159.950889656884,3.50277328E+00,3182.53567040555,7.82029817E+00,5.97696369E+00,2.24043469E+01,0.00000000E+00,9.79295668E-01,2.07043322E-02
1.21096513E+01,3.37319008E+00,2.20447362E+00,2361.51158249451,160.130337870851,3.50268802E+00,3181.9109414037,7.82038883E+00,5.97732194E+00,2.24049032E+01,0.00000000E+00,9.79295667E-01,2.07043331E-02
1.21096658E+01,3.37387495E+00,2.20500546E+00,2365.2385567388,160.326554700154,3.50259332E+00,3181.21718606441,7.82047910E+00,5.97767963E+00,2.24054586E+01,0.00000000E+00,9.79295666E-01,2.07043341E-02
1.21096802E+01,3.37454636E+00,2.20552098E+00,2368.89799304327,160.516979914422,3.50250341E+00,3180.55866139022,7.82056926E+00,5.97803719E+00,2.24060137E+01,0.00000000E+00,9.79295665E-01,2.07043351E-02
1.21096946E+01,3.37519772E+00,2.20601902E+00,2372.45355994238,160.701163081686,3.50241723E+00,3179.92758417684,7.82065916E+00,5.97839438E+00,2.24065683E+01,0.00000000E+00,9.79295664E-01,2.07043361E-02
1.21097090E+01,3.37581630E+00,2.20649088E+00,2375.83513171535,160.875859428563,3.50233594E+00,3179.33243012056,7.82074904E+00,5.97875160E+00,2.24071230E+01,0.00000000E+00,9.79295663E-01,2.07043371E-02
1.21097234E+01,3.37653135E+00,2.20704559E+00,2379.75007949709,161.081472134404,3.50223735E+00,3178.61076585459,7.82083846E+00,5.97910815E+00,2.24076766E+01,0.00000000E+00,9.79295662E-01,2.07043381E-02
1.21097378E+01,3.37717614E+00,2.20754484E+00,2383.28588011191,161.26675233027,3.50214893E+00,3177.96368382348,7.82092773E+00,5.97946451E+00,2.24082299E+01,0.00000000E+00,9.79295661E-01,2.07043391E-02
1.21097521E+01,3.37778934E+00,2.20802011E+00,2386.65332588554,161.443331140796,3.50206460E+00,3177.34665627463,7.82101690E+00,5.97982074E+00,2.24087830E+01,0.00000000E+00,9.79295660E-01,2.07043402E-02
1.21097665E+01,3.37849876E+00,2.20857790E+00,2390.55510980875,161.650815539991,3.50196305E+00,3176.60379205234,7.82110574E+00,5.98017654E+00,2.24093354E+01,0.00000000E+00,9.79295659E-01,2.07043412E-02
1.21097808E+01,3.37915200E+00,2.20908742E+00,2394.15354661106,161.840577697519,3.50187160E+00,3175.93496054401,7.82119436E+00,5.98053199E+00,2.24098873E+01,0.00000000E+00,9.79295658E-01,2.07043423E-02
1.21097950E+01,3.37979596E+00,2.20958850E+00,2397.70616533328,162.027413775257,3.50178205E+00,3175.28016139752,7.82128279E+00,5.98088722E+00,2.24104388E+01,0.00000000E+00,9.79295657E-01,2.07043434E-02
1.21098093E+01,3.38040346E+00,2.21006170E+00,2401.0624726244,162.204052347682,3.50169733E+00,3174.66080400374,7.82137122E+00,5.98124250E+00,2.24109904E+01,0.00000000E+00,9.79295656E-01,2.07043445E-02
1.21098235E+01,3.38111487E+00,2.21062085E+00,2404.99883314873,162.413023011802,3.50159561E+00,3173.91732533745,7.82145922E+00,5.98159716E+00,2.24115411E+01,0.00000000E+00,9.79295654E-01,2.07043456E-02
1.21098377E+01,3.38176372E+00,2.21112737E+00,2408.59466465273,162.602556703382,3.50150456E+00,3173.25198213438,7.82154700E+00,5.98195150E+00,2.24120912E+01,0.00000000E+00,9.79295653E-01,2.07043467E-02
1.21098519E+01,3.38240874E+00,2.21162914E+00,2412.17459963789,162.790531082864,3.50141493E+00,3172.59715173756,7.82163459E+00,5.98230557E+00,2.24126410E+01,0.00000000E+00,9.79295652E-01,2.07043479E-02
1.21098661E+01,3.38303080E+00,2.21211150E+00,2415.63214408607,162.971438893384,3.50132926E+00,3171.97137912597,7.82172211E+00,5.98265960E+00,2.24131907E+01,0.00000000E+00,9.79295651E-01,2.07043490E-02
1.21098802E+01,3.38369670E+00,2.21263245E+00,2419.33885311695,163.167045595981,3.50123526E+00,3171.28490242297,7.82180928E+00,5.98301312E+00,2.24137395E+01,0.00000000E+00,9.79295650E-01,2.07043502E-02
1.21098944E+01,3.38436183E+00,2.21314842E+00,2423.0469539293,163.361013824939,3.50114356E+00,3170.61536564936,7.82189630E+00,5.98336646E+00,2.24142881E+01,0.00000000E+00,9.79295649E-01,2.07043514E-02
1.21099085E+01,3.38499183E+00,2.21363458E+00,2426.56444583099,163.543986583084,3.50105798E+00,3169.99064085674,7.82198307E+00,5.98371944E+00,2.24148362E+01,0.00000000E+00,9.79295647E-01,2.07043526E-02
1.21099226E+01,3.38560058E+00,2.21410559E+00,2429.96814292195,163.721452894496,3.50097466E+00,3169.38253208129,7.82206981E+00,5.98407242E+00,2.24153842E+01,0.00000000E+00,9.79295646E-01,2.07043538E-02
1.21099366E+01,3.38629913E+00,2.21464437E+00,2433.8798208319,163.92468960757,3.50087991E+00,3168.69114351501,7.82215614E+00,5.98442482E+00,2.24159314E+01,0.00000000E+00,9.79295645E-01,2.07043550E-02
1.21099507E+01,3.38694050E+00,2.21513745E+00,2437.47685186905,164.110908615797,3.50079371E+00,3168.0622751254,7.82224228E+00,5.98477693E+00,2.24164781E+01,0.00000000E+00,9.79295644E-01,2.07043563E-02
1.21099647E+01,3.38758764E+00,2.21563409E+00,2441.11163114703,164.298685953605,3.50070718E+00,3167.43112475979,7.82232823E+00,5.98512879E+00,2.24170244E+01,0.00000000E+00,9.79295642E-01,2.07043575E-02
1.21099787E+01,3.38823210E+00,2.21612900E+00,2444.73674428735,164.486022921308,3.50062084E+00,3166.80148558111,7.82241397E+00,5.98548037E+00,2.24175703E+01,0.00000000E+00,9.79295641E-01,2.07043588E-02
1.21099927E+01,3.38887495E+00,2.21662988E+00,2448.35816433613,164.675837184538,3.50053111E+00,3166.14725727249,7.82249951E+00,5.98583166E+00,2.24181157E+01,0.00000000E+00,9.79295640E-01,2.07043601E-02
1.21100066E+01,3.38951456E+00,2.21712886E+00,2451.9666561804,164.865149218375,3.50044152E+00,3165.49418455525,7.82258484E+00,5.98618269E+00,2.24186607E+01,0.00000000E+00,9.79295639E-01,2.07043614E-02
1.21100206E+01,3.39014732E+00,2.21762251E+00,2455.54173552173,165.052653219029,3.50035289E+00,3164.84824237692,7.82267000E+00,5.98653348E+00,2.24192054E+01,0.00000000E+00,9.79295637E-01,2.07043628E-02
1.21100345E+01,3.39076732E+00,2.21810615E+00,2459.04977712404,165.236561910197,3.50026607E+00,3164.21561941538,7.82275503E+00,5.98688411E+00,2.24197498E+01,0.00000000E+00,9.79295636E-01,2.07043641E-02
1.21100484E+01,3.39138792E+00,2.21859095E+00,2462.56623255132,165.421117359257,3.50017882E+00,3163.57999061036,7.82283988E+00,5.98723451E+00,2.24202939E+01,0.00000000E+00,9.79295635E-01,2.07043655E-02
1.21100623E+01,3.39206470E+00,2.21912230E+00,2466.40674837407,165.623630414473,3.50008233E+00,3162.87719575935,7.82292433E+00,5.98758434E+00,2.24208370E+01,0.00000000E+00,9.79295633E-01,2.07043669E-02
1.21100761E+01,3.39269290E+00,2.21961237E+00,2469.97694765862,165.8106302241,3.49999435E+00,3162.23652045028,7.82300870E+00,5.98793405E+00,2.24213800E+01,0.00000000E+00,9.79295632E-01,2.07043683E-02
1.21100900E+01,3.39332376E+00,2.22011019E+00,2473.56746516441,166.000803432256,3.49990315E+00,3161.57253390696,7.82309286E+00,5.98828349E+00,2.24219226E+01,0.00000000E+00,9.79295630E-01,2.07043697E-02
1.21101038E+01,3.39397981E+00,2.22062509E+00,2477.30688695815,166.19773087712,3.49980972E+00,3160.89245630251,7.82317673E+00,5.98863251E+00,2.24224645E+01,0.00000000E+00,9.79295629E-01,2.07043711E-02
1.21101176E+01,3.39461137E+00,2.22111817E+00,2480.91205849017,166.386532068006,3.49972107E+00,3160.24730760563,7.82326036E+00,5.98898117E+00,2.24230059E+01,0.00000000E+00,9.79295627E-01,2.07043726E-02
1.21101314E+01,3.39524494E+00,2.22161296E+00,2484.53397543461,166.57620361696,3.49963207E+00,3159.59974424818,7.82334386E+00,5.98932967E+00,2.24235470E+01,0.00000000E+00,9.79295626E-01,2.07043740E-02
1.21101451E+01,3.39587694E+00,2.22210526E+00,2488.15218523221,166.765135240991,3.49954392E+00,3158.95849628142,7.82342715E+00,5.98967789E+00,2.24240877E+01,0.00000000E+00,9.79295624E-01,2.07043755E-02
1.21101589E+01,3.39650824E+00,2.22259586E+00,2491.77164793931,166.953627628617,3.49945644E+00,3158.32225089848,7.82351024E+00,5.99002584E+00,2.24246280E+01,0.00000000E+00,9.79295623E-01,2.07043770E-02
1.21101726E+01,3.39713862E+00,2.22308559E+00,2495.39108961488,167.14199823927,3.49936917E+00,3157.68766053862,7.82359313E+00,5.99037351E+00,2.24251679E+01,0.00000000E+00,9.79295621E-01,2.07043786E-02
1.21101863E+01,3.39776813E+00,2.22357457E+00,2499.01078259177,167.330292415482,3.49928206E+00,3157.05436078631,7.82367582E+00,5.99072090E+00,2.24257073E+01,0.00000000E+00,9.79295620E-01,2.07043801E-02
1.21102000E+01,3.39839671E+00,2.22406583E+00,2502.63036697052,167.519678173148,3.49919358E+00,3156.41123100122,7.82375831E+00,5.99106801E+00,2.24262463E+01,0.00000000E+00,9.79295618E-01,2.07043817E-02
1.21102136E+01,3.39902481E+00,2.22454942E+00,2506.25242396607,167.706316420617,3.49910881E+00,3155.79519078085,7.82384060E+00,5.99141484E+00,2.24267849E+01,0.00000000E+00,9.79295617E-01,2.07043833E-02
1.21102272E+01,3.39965215E+00,2.22503250E+00,2509.8753309678,167.892965446939,3.49902410E+00,3155.17970669787,7.82392269E+00,5.99176140E+00,2.24273230E+01,0.00000000E+00,9.79295615E-01,2.07043849E-02
1.21102409E+01,3.40027877E+00,2.22551534E+00,2513.49930801721,168.079729320292,3.49893933E+00,3154.56390683544,7.82400458E+00,5.99210768E+00,2.24278607E+01,0.00000000E+00,9.79295614E-01,2.07043865E-02
1.21102545E+01,3.40090480E+00,2.22599782E+00,2517.12509810074,168.266561468121,3.49885460E+00,3153.94851764872,7.82408626E+00,5.99245367E+00,2.24283980E+01,0.00000000E+00,9.79295612E-01,2.07043881E-02
1.21102680E+01,3.40152978E+00,2.22648651E+00,2520.75002402273,168.456010036964,3.49876650E+00,3153.30877964934,7.82416765E+00,5.99279924E+00,2.24289346E+01,0.00000000E+00,9.79295610E-01,2.07043898E-02
1.21102816E+01,3.40215225E+00,2.22697335E+00,2524.36558063658,168.644953510513,3.49867870E+00,3152.67134920008,7.82424894E+00,5.99314468E+00,2.24294711E+01,0.00000000E+00,9.79295609E-01,2.07043915E-02
1.21102951E+01,3.40276926E+00,2.22745605E+00,2527.95454117362,168.83249946904,3.49859160E+00,3152.03912808789,7.82433004E+00,5.99348988E+00,2.24300071E+01,0.00000000E+00,9.79295607E-01,2.07043932E-02
1.21103087E+01,3.40337570E+00,2.22793427E+00,2531.4869913339,169.01851045971,3.49850410E+00,3151.40413120639,7.82441100E+00,5.99383488E+00,2.24305429E+01,0.00000000E+00,9.79295605E-01,2.07043949E-02
1.21103222E+01,3.40401386E+00,2.22843620E+00,2535.20953745152,169.213964252251,3.49841268E+00,3150.74082311291,7.82449176E+00,5.99417963E+00,2.24310783E+01,0.00000000E+00,9.79295603E-01,2.07043967E-02
1.21103356E+01,3.40461259E+00,2.22890611E+00,2538.7070555264,169.397154163431,3.49832740E+00,3150.12219034361,7.82457227E+00,5.99452398E+00,2.24316131E+01,0.00000000E+00,9.79295602E-01,2.07043984E-02
1.21103491E+01,3.40524944E+00,2.22940768E+00,2542.432549762,169.592905240501,3.49823583E+00,3149.45806428881,7.82465256E+00,5.99486805E+00,2.24321474E+01,0.00000000E+00,9.79295600E-01,2.07044002E-02
1.21103625E+01,3.40583588E+00,2.22986547E+00,2545.86798658824,169.771767447596,3.49815355E+00,3148.8614348721,7.82473280E+00,5.99521208E+00,2.24326817E+01,0.00000000E+00,9.79295598E-01,2.07044020E-02
1.21103760E+01,3.40647149E+00,2.23036378E+00,2549.59670969256,169.966675571025,3.49806330E+00,3148.20714330173,7.82481274E+00,5.99555567E+00,2.24332154E+01,0.00000000E+00,9.79295596E-01,2.07044039E-02
1.21103894E+01,3.40709860E+00,2.23085720E+00,2553.2809207154,170.15989151052,3.49797336E+00,3147.55523441292,7.82489246E+00,5.99589896E+00,2.24337485E+01,0.00000000E+00,9.79295594E-01,2.07044057E-02
1.21104028E+01,3.40768005E+00,2.23130966E+00,2556.7016398816,170.337261168881,3.49789249E+00,3146.96918254104,7.82497214E+00,5.99624219E+00,2.24342816E+01,0.00000000E+00,9.79295592E-01,2.07044076E-02
1.21104161E+01,3.40830181E+00,2.23179765E+00,2560.3645767597,170.528766244524,3.49780394E+00,3146.32760009941,7.82505159E+00,5.99658513E+00,2.24348143E+01,0.00000000E+00,9.79295591E-01,2.07044095E-02
1.21104295E+01,3.40891885E+00,2.23227782E+00,2564.00489518282,170.717412621397,3.49771812E+00,3145.70592248474,7.82513080E+00,5.99692772E+00,2.24353464E+01,0.00000000E+00,9.79295589E-01,2.07044114E-02
1.21104428E+01,3.40953752E+00,2.23276029E+00,2567.66002635811,170.907172799853,3.49763155E+00,3145.07893634271,7.82520980E+00,5.99727001E+00,2.24358780E+01,0.00000000E+00,9.79295587E-01,2.07044134E-02
1.21104561E+01,3.41015776E+00,2.23324220E+00,2571.3296636162,171.09692328472,3.49754565E+00,3144.456926219,7.82528859E+00,5.99761199E+00,2.24364092E+01,0.00000000E+00,9.79295585E-01,2.07044153E-02
1.21104694E+01,3.41077798E+00,2.23372113E+00,2575.00442684726,171.285709125152,3.49746124E+00,3143.84582516235,7.82536715E+00,5.99795365E+00,2.24369399E+01,0.00000000E+00,9.79295583E-01,2.07044173E-02
1.21104827E+01,3.41139841E+00,2.23420047E+00,2578.68568869586,171.474865151582,3.49737668E+00,3143.23375723383,7.82544541E+00,5.99829486E+00,2.24374699E+01,0.00000000E+00,9.79295581E-01,2.07044193E-02
1.21104959E+01,3.41201830E+00,2.23467979E+00,2582.36900241803,171.664222163345,3.49729199E+00,3142.62086776749,7.82552353E+00,5.99863587E+00,2.24379996E+01,0.00000000E+00,9.79295579E-01,2.07044214E-02
1.21105092E+01,3.41263261E+00,2.23515643E+00,2586.02435071703,171.852727785004,3.49720725E+00,3142.00773606954,7.82560147E+00,5.99897663E+00,2.24385289E+01,0.00000000E+00,9.79295577E-01,2.07044234E-02
1.21105224E+01,3.41323423E+00,2.23563098E+00,2589.60920418755,172.040612475212,3.49712038E+00,3141.37931704255,7.82567922E+00,5.99931711E+00,2.24390578E+01,0.00000000E+00,9.79295574E-01,2.07044255E-02
1.21105356E+01,3.41380362E+00,2.23607680E+00,2593.00658696075,172.217309462713,3.49703982E+00,3140.79665698572,7.82575691E+00,5.99965754E+00,2.24395867E+01,0.00000000E+00,9.79295572E-01,2.07044276E-02
1.21105488E+01,3.41440448E+00,2.23654893E+00,2596.59657553849,172.404632060635,3.49695397E+00,3140.17585530518,7.82583448E+00,5.99999784E+00,2.24401153E+01,0.00000000E+00,9.79295570E-01,2.07044298E-02
1.21105619E+01,3.41502549E+00,2.23703811E+00,2600.31217853362,172.598934352982,3.49686463E+00,3139.52994689768,7.82591168E+00,6.00033760E+00,2.24406431E+01,0.00000000E+00,9.79295568E-01,2.07044319E-02
1.21105751E+01,3.41564589E+00,2.23752893E+00,2604.02944081315,172.794108137286,3.49677432E+00,3138.8771606346,7.82598869E+00,6.00067711E+00,2.24411705E+01,0.00000000E+00,9.79295566E-01,2.07044341E-02
1.21105882E+01,3.41626767E+00,2.23801972E+00,2607.76030340599,172.989490673182,3.49668437E+00,3138.2271114735,7.82606544E+00,6.00101629E+00,2.24416972E+01,0.00000000E+00,9.79295564E-01,2.07044363E-02
1.21106013E+01,3.41687758E+00,2.23849867E+00,2611.42513568065,173.180372720015,3.49659737E+00,3137.59850939595,7.82614202E+00,6.00135524E+00,2.24422236E+01,0.00000000E+00,9.79295561E-01,2.07044386E-02
1.21106144E+01,3.41746483E+00,2.23895895E+00,2614.95867519495,173.364012440663,3.49651404E+00,3136.99654226784,7.82621844E+00,6.00169401E+00,2.24427497E+01,0.00000000E+00,9.79295559E-01,2.07044408E-02
1.21106275E+01,3.41805341E+00,2.23942333E+00,2618.50501496627,173.549485295422,3.49642900E+00,3136.38234135027,7.82629471E+00,6.00203262E+00,2.24432755E+01,0.00000000E+00,9.79295557E-01,2.07044431E-02
1.21106405E+01,3.41867893E+00,2.23991563E+00,2622.27919920246,173.746326052953,3.49633923E+00,3135.73410850923,7.82637073E+00,6.00237089E+00,2.24438007E+01,0.00000000E+00,9.79295555E-01,2.07044454E-02
1.21106536E+01,3.41928443E+00,2.24038966E+00,2625.9377707397,173.936072731763,3.49625359E+00,3135.11582344137,7.82644645E+00,6.00270876E+00,2.24443253E+01,0.00000000E+00,9.79295552E-01,2.07044478E-02
1.21106666E+01,3.41986406E+00,2.24084322E+00,2629.44481156215,174.117819582837,3.49617172E+00,3134.52487017872,7.82652222E+00,6.00304676E+00,2.24448500E+01,0.00000000E+00,9.79295550E-01,2.07044501E-02
1.21106796E+01,3.42045252E+00,2.24130298E+00,2633.01006953177,174.302244668182,3.49608895E+00,3133.92753377966,7.82659773E+00,6.00338443E+00,2.24453741E+01,0.00000000E+00,9.79295547E-01,2.07044525E-02
1.21106926E+01,3.42103168E+00,2.24175349E+00,2636.52370239407,174.483148755211,3.49600849E+00,3133.34697735224,7.82667312E+00,6.00372199E+00,2.24458980E+01,0.00000000E+00,9.79295545E-01,2.07044549E-02
1.21107055E+01,3.42166211E+00,2.24224557E+00,2640.35370873856,174.680959990916,3.49592005E+00,3132.70896557823,7.82674815E+00,6.00405904E+00,2.24464211E+01,0.00000000E+00,9.79295543E-01,2.07044574E-02
1.21107185E+01,3.42227675E+00,2.24271883E+00,2644.09314362265,174.871417328751,3.49583709E+00,3132.11060495929,7.82682298E+00,6.00439582E+00,2.24469438E+01,0.00000000E+00,9.79295540E-01,2.07044599E-02
1.21107314E+01,3.42286399E+00,2.24317750E+00,2647.67082550585,175.056201262912,3.49575456E+00,3131.51545917796,7.82689768E+00,6.00473247E+00,2.24474662E+01,0.00000000E+00,9.79295538E-01,2.07044624E-02
1.21107443E+01,3.42343636E+00,2.24362087E+00,2651.16257241878,175.235006895892,3.49567597E+00,3130.94883090185,7.82697226E+00,6.00506897E+00,2.24479883E+01,0.00000000E+00,9.79295535E-01,2.07044649E-02
1.21107572E+01,3.42406146E+00,2.24411159E+00,2654.98126005499,175.433121139397,3.49558688E+00,3130.30662236637,7.82704656E+00,6.00540511E+00,2.24485098E+01,0.00000000E+00,9.79295533E-01,2.07044675E-02
1.21107701E+01,3.42465162E+00,2.24457463E+00,2658.59154959062,175.620265751682,3.49550290E+00,3129.70137006468,7.82712068E+00,6.00574103E+00,2.24490310E+01,0.00000000E+00,9.79295530E-01,2.07044701E-02
1.21107829E+01,3.42520583E+00,2.24500932E+00,2661.98638560647,175.796133956785,3.49542411E+00,3129.13362901711,7.82719474E+00,6.00607690E+00,2.24495520E+01,0.00000000E+00,9.79295527E-01,2.07044727E-02
1.21107958E+01,3.42583728E+00,2.24550963E+00,2665.8596420277,175.998768915004,3.49533182E+00,3128.46874131458,7.82726848E+00,6.00641236E+00,2.24500723E+01,0.00000000E+00,9.79295525E-01,2.07044753E-02
1.21108086E+01,3.42643017E+00,2.24597679E+00,2669.50150476237,176.188188364196,3.49524646E+00,3127.85390538912,7.82734203E+00,6.00674756E+00,2.24505922E+01,0.00000000E+00,9.79295522E-01,2.07044780E-02
1.21108214E+01,3.42697043E+00,2.24640264E+00,2672.82441669239,176.36103545435,3.49516860E+00,3127.29319627086,7.82741556E+00,6.00708279E+00,2.24511121E+01,0.00000000E+00,9.79295519E-01,2.07044807E-02
1.21108342E+01,3.42760850E+00,2.24691235E+00,2676.75424447579,176.568143210151,3.49507327E+00,3126.60681374655,7.82748874E+00,6.00741754E+00,2.24516312E+01,0.00000000E+00,9.79295517E-01,2.07044835E-02
1.21108469E+01,3.42819881E+00,2.24737768E+00,2680.39506706851,176.757430641148,3.49498817E+00,3125.99421518955,7.82756173E+00,6.00775204E+00,2.24521499E+01,0.00000000E+00,9.79295514E-01,2.07044863E-02
1.21108597E+01,3.42874670E+00,2.24780726E+00,2683.77868911755,176.93235578111,3.49491036E+00,3125.4341992742,7.82763468E+00,6.00808652E+00,2.24526685E+01,0.00000000E+00,9.79295511E-01,2.07044891E-02
1.21108724E+01,3.42937799E+00,2.24830636E+00,2687.68266370351,177.135806904611,3.49481863E+00,3124.77412686767,7.82770719E+00,6.00842041E+00,2.24531861E+01,0.00000000E+00,9.79295508E-01,2.07044919E-02
1.21108851E+01,3.42995085E+00,2.24875670E+00,2691.23021463163,177.319582467505,3.49473667E+00,3124.18447552869,7.82777968E+00,6.00875428E+00,2.24537037E+01,0.00000000E+00,9.79295505E-01,2.07044948E-02
1.21108978E+01,3.43053619E+00,2.24921585E+00,2694.85988716295,177.507149528116,3.49465344E+00,3123.58580119571,7.82785204E+00,6.00908804E+00,2.24542211E+01,0.00000000E+00,9.79295502E-01,2.07044977E-02
1.21109105E+01,3.43113303E+00,2.24968364E+00,2698.56591139433,177.698450152846,3.49456875E+00,3122.97674282377,7.82792403E+00,6.00942125E+00,2.24547376E+01,0.00000000E+00,9.79295499E-01,2.07045006E-02
1.21109232E+01,3.43168272E+00,2.25011304E+00,2701.98367034243,177.874232834872,3.49449147E+00,3122.42107798985,7.82799605E+00,6.00975457E+00,2.24552542E+01,0.00000000E+00,9.79295496E-01,2.07045035E-02
1.21109358E+01,3.43230588E+00,2.25059965E+00,2705.86347262849,178.073645659869,3.49440396E+00,3121.79197595739,7.82806774E+00,6.01008744E+00,2.24557700E+01,0.00000000E+00,9.79295493E-01,2.07045065E-02
1.21109485E+01,3.43285208E+00,2.25102673E+00,2709.26870217579,178.248847284992,3.49432697E+00,3121.23860613198,7.82813938E+00,6.01042028E+00,2.24562858E+01,0.00000000E+00,9.79295490E-01,2.07045096E-02
1.21109611E+01,3.43344560E+00,2.25148809E+00,2712.97380206116,178.438305332599,3.49424467E+00,3120.64717886319,7.82821076E+00,6.01075278E+00,2.24568010E+01,0.00000000E+00,9.79295487E-01,2.07045126E-02
1.21109737E+01,3.43405110E+00,2.25195641E+00,2716.75890958766,178.630827465663,3.49416188E+00,3120.05234340774,7.82828193E+00,6.01108499E+00,2.24573157E+01,0.00000000E+00,9.79295484E-01,2.07045157E-02
1.21109863E+01,3.43457966E+00,2.25236698E+00,2720.06736578632,178.799779961811,3.49408873E+00,3119.52686445625,7.82835309E+00,6.01141725E+00,2.24578305E+01,0.00000000E+00,9.79295481E-01,2.07045188E-02
1.21109988E+01,3.43521249E+00,2.25286838E+00,2724.03378726605,179.00632640585,3.49399624E+00,3118.86258173825,7.82842386E+00,6.01174896E+00,2.24583444E+01,0.00000000E+00,9.79295478E-01,2.07045220E-02
1.21110114E+01,3.43576263E+00,2.25330106E+00,2727.48662763703,179.184756147924,3.49391744E+00,3118.29673509122,7.82849457E+00,6.01208062E+00,2.24588581E+01,0.00000000E+00,9.79295475E-01,2.07045252E-02
1.21110239E+01,3.43633920E+00,2.25375715E+00,2731.11004763653,179.373032321727,3.49383354E+00,3117.69437923055,7.82856507E+00,6.01241201E+00,2.24593714E+01,0.00000000E+00,9.79295472E-01,2.07045284E-02
1.21110364E+01,3.43694614E+00,2.25423779E+00,2734.92952688119,179.571656947447,3.49374495E+00,3117.05847804285,7.82863533E+00,6.01274308E+00,2.24598842E+01,0.00000000E+00,9.79295468E-01,2.07045317E-02
1.21110489E+01,3.43748150E+00,2.25466359E+00,2738.30298603064,179.747802650439,3.49366589E+00,3116.49109295248,7.82870556E+00,6.01307414E+00,2.24603969E+01,0.00000000E+00,9.79295465E-01,2.07045350E-02
1.21110614E+01,3.43810081E+00,2.25515653E+00,2742.21062986877,179.951938759558,3.49357425E+00,3115.83355497719,7.82877543E+00,6.01340471E+00,2.24609088E+01,0.00000000E+00,9.79295462E-01,2.07045383E-02
1.21110739E+01,3.43862322E+00,2.25556900E+00,2745.51120187222,180.122928808535,3.49349862E+00,3115.29099691083,7.82884533E+00,6.01373537E+00,2.24614208E+01,0.00000000E+00,9.79295458E-01,2.07045417E-02
1.21110863E+01,3.43925136E+00,2.25606755E+00,2749.48503354339,180.329820337025,3.49340637E+00,3114.62933740026,7.82891476E+00,6.01406535E+00,2.24619317E+01,0.00000000E+00,9.79295455E-01,2.07045451E-02
1.21110987E+01,3.43976736E+00,2.25647212E+00,2752.75373138208,180.497886085859,3.49333309E+00,3114.10383962726,7.82898431E+00,6.01439557E+00,2.24624429E+01,0.00000000E+00,9.79295451E-01,2.07045485E-02
1.21111112E+01,3.44039841E+00,2.25697349E+00,2756.75651748195,180.706381670258,3.49324017E+00,3113.43762905451,7.82905347E+00,6.01472523E+00,2.24629533E+01,0.00000000E+00,9.79295448E-01,2.07045520E-02
1.21111236E+01,3.44091283E+00,2.25737490E+00,2760.02381873375,180.873482300029,3.49316807E+00,3112.92079029681,7.82912267E+00,6.01505500E+00,2.24634637E+01,0.00000000E+00,9.79295444E-01,2.07045555E-02
1.21111359E+01,3.44154251E+00,2.25787123E+00,2764.02845702942,181.080310286346,3.49307732E+00,3112.27038357912,7.82919147E+00,6.01538421E+00,2.24639733E+01,0.00000000E+00,9.79295441E-01,2.07045591E-02
1.21111483E+01,3.44206083E+00,2.25827835E+00,2767.32922769806,181.250139708715,3.49300334E+00,3111.74026827016,7.82926030E+00,6.01571350E+00,2.24644830E+01,0.00000000E+00,9.79295437E-01,2.07045627E-02
1.21111607E+01,3.44268278E+00,2.25876611E+00,2771.29513905511,181.453817709525,3.49291495E+00,3111.10701423134,7.82932876E+00,6.01604227E+00,2.24649918E+01,0.00000000E+00,9.79295434E-01,2.07045663E-02
1.21111730E+01,3.44321393E+00,2.25918160E+00,2774.68655655313,181.627497839687,3.49284000E+00,3110.57014959029,7.82939719E+00,6.01637104E+00,2.24655005E+01,0.00000000E+00,9.79295430E-01,2.07045699E-02
1.21111853E+01,3.44381576E+00,2.25965025E+00,2778.53428488429,181.823599041893,3.49275613E+00,3109.96950108954,7.82946533E+00,6.01669939E+00,2.24660086E+01,0.00000000E+00,9.79295426E-01,2.07045736E-02
1.21111976E+01,3.44437345E+00,2.26008170E+00,2782.10457231293,182.004321512421,3.49267982E+00,3109.42309551959,7.82953333E+00,6.01702758E+00,2.24665164E+01,0.00000000E+00,9.79295423E-01,2.07045774E-02
1.21112099E+01,3.44492639E+00,2.26051409E+00,2785.64897980774,182.185617938548,3.49260186E+00,3108.86497452469,7.82960124E+00,6.01735568E+00,2.24670240E+01,0.00000000E+00,9.79295419E-01,2.07045812E-02
1.21112222E+01,3.44550639E+00,2.26097178E+00,2789.37169751081,182.377719133998,3.49251802E+00,3108.26487000314,7.82966886E+00,6.01768338E+00,2.24675310E+01,0.00000000E+00,9.79295415E-01,2.07045850E-02
1.21112344E+01,3.44605802E+00,2.26140723E+00,2792.91693880993,182.560673807053,3.49243820E+00,3107.69364721754,7.82973641E+00,6.01801102E+00,2.24680378E+01,0.00000000E+00,9.79295411E-01,2.07045889E-02
1.21112466E+01,3.44664073E+00,2.26186984E+00,2796.66682051403,182.755240842024,3.49235257E+00,3107.08096254126,7.82980369E+00,6.01833828E+00,2.24685440E+01,0.00000000E+00,9.79295407E-01,2.07045928E-02
1.21112589E+01,3.44718165E+00,2.26230111E+00,2800.15227925484,182.936813491325,3.49227217E+00,3106.50580858952,7.82987086E+00,6.01866540E+00,2.24690500E+01,0.00000000E+00,9.79295403E-01,2.07045967E-02
1.21112711E+01,3.44777380E+00,2.26277223E+00,2803.97282303734,183.135369905597,3.49218465E+00,3105.87984163285,7.82993784E+00,6.01899230E+00,2.24695555E+01,0.00000000E+00,9.79295399E-01,2.07046007E-02
1.21112833E+01,3.44828548E+00,2.26317753E+00,2807.27837353334,183.306358518093,3.49210992E+00,3105.34545208337,7.83000474E+00,6.01931910E+00,2.24700609E+01,0.00000000E+00,9.79295395E-01,2.07046047E-02
1.21112954E+01,3.44890453E+00,2.26367175E+00,2811.28276436541,183.515076885232,3.49201757E+00,3104.68519003591,7.83007134E+00,6.01964550E+00,2.24705656E+01,0.00000000E+00,9.79295391E-01,2.07046088E-02
1.21113076E+01,3.44944035E+00,2.26409373E+00,2814.75338445441,183.69347502175,3.49194053E+00,3104.13449518803,7.83013778E+00,6.01997168E+00,2.24710700E+01,0.00000000E+00,9.79295387E-01,2.07046129E-02
1.21113197E+01,3.44999917E+00,2.26453641E+00,2818.37754492939,183.880810778396,3.49185890E+00,3103.55109683219,7.83020411E+00,6.02029773E+00,2.24715741E+01,0.00000000E+00,9.79295383E-01,2.07046170E-02
1.21113319E+01,3.45057744E+00,2.26499573E+00,2822.13275889987,184.075390301702,3.49177381E+00,3102.94308704802,7.83027028E+00,6.02062357E+00,2.24720779E+01,0.00000000E+00,9.79295379E-01,2.07046212E-02
1.21113440E+01,3.45108656E+00,2.26539546E+00,2825.44306284442,184.244893556761,3.49170122E+00,3102.42449004743,7.83033633E+00,6.02094928E+00,2.24725814E+01,0.00000000E+00,9.79295375E-01,2.07046254E-02
1.21113561E+01,3.45170168E+00,2.26588176E+00,2829.44776012525,184.451316797018,3.49161185E+00,3101.7861325222,7.83040204E+00,6.02127452E+00,2.24730841E+01,0.00000000E+00,9.79295370E-01,2.07046297E-02
1.21113681E+01,3.45225029E+00,2.26631471E+00,2833.02423700753,184.635288778368,3.49153253E+00,3101.21967077855,7.83046763E+00,6.02159959E+00,2.24735866E+01,0.00000000E+00,9.79295366E-01,2.07046340E-02
1.21113802E+01,3.45276801E+00,2.26672045E+00,2836.40348299604,184.807865060801,3.49145909E+00,3100.69529313522,7.83053323E+00,6.02192472E+00,2.24740891E+01,0.00000000E+00,9.79295362E-01,2.07046384E-02
1.21113923E+01,3.45336780E+00,2.26719224E+00,2840.32345394916,185.008737700367,3.49137314E+00,3100.08170396546,7.83059846E+00,6.02224934E+00,2.24745908E+01,0.00000000E+00,9.79295357E-01,2.07046428E-02
1.21114043E+01,3.45392377E+00,2.26762722E+00,2843.96187420774,185.194131295271,3.49129464E+00,3099.52140575415,7.83066353E+00,6.02257372E+00,2.24750921E+01,0.00000000E+00,9.79295353E-01,2.07046472E-02
1.21114163E+01,3.45445921E+00,2.26804201E+00,2847.47034623431,185.371092716597,3.49122111E+00,3098.99667305291,7.83072855E+00,6.02289808E+00,2.24755933E+01,0.00000000E+00,9.79295348E-01,2.07046517E-02
1.21114283E+01,3.45500266E+00,2.26846706E+00,2851.03572969174,185.552606772673,3.49114445E+00,3098.4496982957,7.83079341E+00,6.02322222E+00,2.24760941E+01,0.00000000E+00,9.79295344E-01,2.07046563E-02
1.21114403E+01,3.45559074E+00,2.26892994E+00,2854.89894427327,185.750477989977,3.49106003E+00,3097.84746705993,7.83085794E+00,6.02354591E+00,2.24765942E+01,0.00000000E+00,9.79295339E-01,2.07046609E-02
1.21114523E+01,3.45612330E+00,2.26935101E+00,2858.40195348893,185.930659607369,3.49098263E+00,3097.29541761193,7.83092247E+00,6.02386962E+00,2.24770943E+01,0.00000000E+00,9.79295335E-01,2.07046655E-02
1.21114642E+01,3.45664764E+00,2.26976901E+00,2861.85509339815,186.109700402221,3.49090472E+00,3096.73982998078,7.83098687E+00,6.02419319E+00,2.24775942E+01,0.00000000E+00,9.79295330E-01,2.07046702E-02
1.21114762E+01,3.45724509E+00,2.27024657E+00,2865.79479794253,186.314463383501,3.49081530E+00,3096.10228568411,7.83105090E+00,6.02451622E+00,2.24780932E+01,0.00000000E+00,9.79295325E-01,2.07046749E-02
1.21114881E+01,3.45779268E+00,2.27068254E+00,2869.41047897508,186.501590561213,3.49073421E+00,3095.52424588058,7.83111487E+00,6.02483918E+00,2.24785920E+01,0.00000000E+00,9.79295320E-01,2.07046797E-02
1.21115000E+01,3.45833465E+00,2.27111290E+00,2872.9935435014,186.686494143555,3.49065452E+00,3094.95629094084,7.83117860E+00,6.02516180E+00,2.24790903E+01,0.00000000E+00,9.79295316E-01,2.07046845E-02
1.21115119E+01,3.45884484E+00,2.27151877E+00,2876.37059280042,186.861043596088,3.49057914E+00,3094.4191495092,7.83124239E+00,6.02548457E+00,2.24795888E+01,0.00000000E+00,9.79295311E-01,2.07046894E-02
1.21115238E+01,3.45943434E+00,2.27198862E+00,2880.27755420913,187.063312274128,3.49049159E+00,3093.795404326,7.83130582E+00,6.02580683E+00,2.24800864E+01,0.00000000E+00,9.79295306E-01,2.07046943E-02
1.21115357E+01,3.45998371E+00,2.27242441E+00,2883.92332769715,187.251113958144,3.49041104E+00,3093.22164131223,7.83136910E+00,6.02612886E+00,2.24805837E+01,0.00000000E+00,9.79295301E-01,2.07046992E-02
1.21115475E+01,3.46053575E+00,2.27286314E+00,2887.59146847702,187.440373077217,3.49032968E+00,3092.64221663269,7.83143223E+00,6.02645071E+00,2.24810806E+01,0.00000000E+00,9.79295296E-01,2.07047042E-02
1.21115593E+01,3.46108088E+00,2.27329532E+00,2891.21827272146,187.62699368598,3.49024987E+00,3092.07393610492,7.83149521E+00,6.02677236E+00,2.24815773E+01,0.00000000E+00,9.79295291E-01,2.07047093E-02
1.21115712E+01,3.46161290E+00,2.27371666E+00,2894.76224702857,187.809112321018,3.49017221E+00,3091.52106471639,7.83155809E+00,6.02709389E+00,2.24820736E+01,0.00000000E+00,9.79295286E-01,2.07047144E-02
1.21115830E+01,3.46213136E+00,2.27412352E+00,2898.22007274587,187.985139929772,3.49009839E+00,3090.99562241887,7.83162086E+00,6.02741531E+00,2.24825698E+01,0.00000000E+00,9.79295280E-01,2.07047196E-02
1.21115948E+01,3.46269955E+00,2.27457229E+00,2902.01431241796,188.179491220814,3.49001605E+00,3090.40964109849,7.83168339E+00,6.02773639E+00,2.24830655E+01,0.00000000E+00,9.79295275E-01,2.07047248E-02
1.21116065E+01,3.46326320E+00,2.27501646E+00,2905.78314291501,188.372048218039,3.48993488E+00,3089.83209493897,7.83174566E+00,6.02805709E+00,2.24835605E+01,0.00000000E+00,9.79295270E-01,2.07047300E-02
1.21116183E+01,3.46380228E+00,2.27544031E+00,2909.39226585749,188.55597978826,3.48985773E+00,3089.28325219788,7.83180786E+00,6.02837771E+00,2.24840553E+01,0.00000000E+00,9.79295265E-01,2.07047354E-02
1.21116300E+01,3.46433263E+00,2.27585306E+00,2912.94731610821,188.735267065564,3.48978394E+00,3088.75840360817,7.83186993E+00,6.02869817E+00,2.24845499E+01,0.00000000E+00,9.79295259E-01,2.07047407E-02
1.21116418E+01,3.46485359E+00,2.27625691E+00,2916.44365244377,188.910853425886,3.48971225E+00,3088.24857715643,7.83193189E+00,6.02901849E+00,2.24850442E+01,0.00000000E+00,9.79295254E-01,2.07047461E-02
1.21116535E+01,3.46539995E+00,2.27668809E+00,2920.11496520348,189.098502668006,3.48963325E+00,3087.68686279124,7.83199367E+00,6.02933859E+00,2.24855382E+01,0.00000000E+00,9.79295248E-01,2.07047516E-02
1.21116652E+01,3.46596807E+00,2.27714028E+00,2923.93739755436,189.295495692083,3.48954919E+00,3087.08928245949,7.83205515E+00,6.02965824E+00,2.24860314E+01,0.00000000E+00,9.79295243E-01,2.07047571E-02
1.21116769E+01,3.46650481E+00,2.27756953E+00,2927.55329511406,189.482684946815,3.48946875E+00,3086.51754490298,7.83211656E+00,6.02997780E+00,2.24865245E+01,0.00000000E+00,9.79295237E-01,2.07047627E-02
1.21116886E+01,3.46704443E+00,2.27799954E+00,2931.19310226791,189.670391224189,3.48938865E+00,3085.94832915686,7.83217780E+00,6.03029713E+00,2.24870172E+01,0.00000000E+00,9.79295232E-01,2.07047683E-02
1.21117002E+01,3.46758219E+00,2.27842832E+00,2934.82486545016,189.857745736079,3.48930870E+00,3085.38028403794,7.83223888E+00,6.03061625E+00,2.24875095E+01,0.00000000E+00,9.79295226E-01,2.07047740E-02
1.21117119E+01,3.46811891E+00,2.27885675E+00,2938.45409171487,190.045132156536,3.48922866E+00,3084.81170420799,7.83229972E+00,6.03093503E+00,2.24880012E+01,0.00000000E+00,9.79295220E-01,2.07047797E-02
1.21117235E+01,3.46865414E+00,2.27928575E+00,2942.07771205788,190.232953199803,3.48914797E+00,3084.23861303436,7.83236049E+00,6.03125374E+00,2.24884928E+01,0.00000000E+00,9.79295214E-01,2.07047855E-02
1.21117351E+01,3.46918754E+00,2.27970994E+00,2945.69338856443,190.418850882902,3.48906923E+00,3083.67947414463,7.83242112E+00,6.03157226E+00,2.24889841E+01,0.00000000E+00,9.79295209E-01,2.07047913E-02
1.21117467E+01,3.46971794E+00,2.28013129E+00,2949.29313550345,190.603683800525,3.48899115E+00,3083.12512206138,7.83248161E+00,6.03189059E+00,2.24894751E+01,0.00000000E+00,9.79295203E-01,2.07047972E-02
1.21117583E+01,3.47024521E+00,2.28055072E+00,2952.87599974345,190.787852661022,3.48891325E+00,3082.57214725281,7.83254197E+00,6.03220876E+00,2.24899658E+01,0.00000000E+00,9.79295197E-01,2.07048032E-02
1.21117699E+01,3.47080063E+00,2.28099364E+00,2956.65485408795,190.98252900373,3.48883065E+00,3081.98591772901,7.83260209E+00,6.03252659E+00,2.24904559E+01,0.00000000E+00,9.79295191E-01,2.07048092E-02
1.21117814E+01,3.47132888E+00,2.28141305E+00,2960.25334140376,191.167055115962,3.48875301E+00,3081.43499201143,7.83266211E+00,6.03284429E+00,2.24909458E+01,0.00000000E+00,9.79295185E-01,2.07048153E-02
1.21117930E+01,3.47185725E+00,2.28182908E+00,2963.85702731258,191.350270281417,3.48867708E+00,3080.89629553592,7.83272198E+00,6.03316177E+00,2.24914354E+01,0.00000000E+00,9.79295179E-01,2.07048214E-02
1.21118045E+01,3.47237769E+00,2.28224034E+00,2967.41091626095,191.531557374894,3.48860157E+00,3080.36067220677,7.83278173E+00,6.03347912E+00,2.24919247E+01,0.00000000E+00,9.79295172E-01,2.07048276E-02
1.21118160E+01,3.47292922E+00,2.28267369E+00,2971.18175806756,191.722767780444,3.48852277E+00,3079.80181085512,7.83284125E+00,6.03379613E+00,2.24924134E+01,0.00000000E+00,9.79295166E-01,2.07048338E-02
1.21118275E+01,3.47344806E+00,2.28308260E+00,2974.7334705793,191.903369375321,3.48844803E+00,3079.27183732045,7.83290068E+00,6.03411304E+00,2.24929020E+01,0.00000000E+00,9.79295160E-01,2.07048401E-02
1.21118390E+01,3.47395996E+00,2.28348179E+00,2978.24183625483,192.079842084252,3.48837641E+00,3078.76407294711,7.83296001E+00,6.03442981E+00,2.24933903E+01,0.00000000E+00,9.79295154E-01,2.07048465E-02
1.21118505E+01,3.47450774E+00,2.28391084E+00,2982.00069269407,192.269696161201,3.48829882E+00,3078.21407754845,7.83301910E+00,6.03474626E+00,2.24938781E+01,0.00000000E+00,9.79295147E-01,2.07048529E-02
1.21118620E+01,3.47500647E+00,2.28430354E+00,2985.42709466018,192.443629884907,3.48822716E+00,3077.70620412987,7.83307818E+00,6.03506271E+00,2.24943659E+01,0.00000000E+00,9.79295141E-01,2.07048593E-02
1.21118734E+01,3.47555331E+00,2.28473955E+00,2989.18854975974,192.636930707411,3.48814586E+00,3077.13011093527,7.83313701E+00,6.03537881E+00,2.24948530E+01,0.00000000E+00,9.79295134E-01,2.07048659E-02
1.21118848E+01,3.47609185E+00,2.28517150E+00,2992.89754488498,192.828623025811,3.48806452E+00,3076.55384221423,7.83319567E+00,6.03569466E+00,2.24953398E+01,0.00000000E+00,9.79295128E-01,2.07048725E-02
1.21118963E+01,3.47658534E+00,2.28556401E+00,2996.30031542113,193.002977936702,3.48799164E+00,3076.03760164238,7.83325431E+00,6.03601052E+00,2.24958266E+01,0.00000000E+00,9.79295121E-01,2.07048791E-02
1.21119077E+01,3.47712567E+00,2.28599666E+00,3000.0304998311,193.195345901242,3.48791040E+00,3075.46224567199,7.83331267E+00,6.03632598E+00,2.24963127E+01,0.00000000E+00,9.79295114E-01,2.07048858E-02
1.21119191E+01,3.47766078E+00,2.28642531E+00,3003.72922453695,193.386124440591,3.48782985E+00,3074.89188265305,7.83337095E+00,6.03664134E+00,2.24967987E+01,0.00000000E+00,9.79295107E-01,2.07048926E-02
1.21119304E+01,3.47819695E+00,2.28685553E+00,3007.43984975497,193.5777911657,3.48774879E+00,3074.31801518105,7.83342902E+00,6.03695639E+00,2.24972841E+01,0.00000000E+00,9.79295101E-01,2.07048994E-02
1.21119418E+01,3.47872962E+00,2.28728015E+00,3011.13079190987,193.767149311355,3.48766964E+00,3073.75777297494,7.83348683E+00,6.03727104E+00,2.24977688E+01,0.00000000E+00,9.79295094E-01,2.07049063E-02
1.21119531E+01,3.47922709E+00,2.28767505E+00,3014.5819190822,193.943420136458,3.48759656E+00,3073.2405862989,7.83354468E+00,6.03758580E+00,2.24982538E+01,0.00000000E+00,9.79295087E-01,2.07049133E-02
1.21119645E+01,3.47976160E+00,2.28810160E+00,3018.29441423957,194.133998668517,3.48751691E+00,3072.67700288372,7.83360232E+00,6.03790024E+00,2.24987382E+01,0.00000000E+00,9.79295080E-01,2.07049203E-02
1.21119758E+01,3.48029126E+00,2.28852482E+00,3021.97773314223,194.323274472123,3.48743772E+00,3072.11677677179,7.83365980E+00,6.03821447E+00,2.24992222E+01,0.00000000E+00,9.79295073E-01,2.07049274E-02
1.21119871E+01,3.48081951E+00,2.28894398E+00,3025.65572366802,194.510916421992,3.48736020E+00,3071.56846393517,7.83371712E+00,6.03852847E+00,2.24997059E+01,0.00000000E+00,9.79295065E-01,2.07049346E-02
1.21119984E+01,3.48130098E+00,2.28932335E+00,3029.01190322501,194.680902107926,3.48729088E+00,3071.07823404976,7.83377444E+00,6.03884249E+00,2.25001896E+01,0.00000000E+00,9.79295058E-01,2.07049418E-02
1.21120097E+01,3.48183258E+00,2.28974404E+00,3032.72184819804,194.869575904865,3.48721344E+00,3070.53067218534,7.83383157E+00,6.03915628E+00,2.25006729E+01,0.00000000E+00,9.79295051E-01,2.07049491E-02
1.21120210E+01,3.48235940E+00,2.29016081E+00,3036.40291720775,195.056671938332,3.48713675E+00,3069.98850962692,7.83388851E+00,6.03946977E+00,2.25011556E+01,0.00000000E+00,9.79295044E-01,2.07049564E-02
1.21120322E+01,3.48288921E+00,2.29058003E+00,3040.10938449832,195.24504904371,3.48705960E+00,3069.44319167534,7.83394527E+00,6.03978300E+00,2.25016380E+01,0.00000000E+00,9.79295036E-01,2.07049638E-02
1.21120435E+01,3.48341771E+00,2.29099666E+00,3043.81119486361,195.432442572331,3.48698341E+00,3068.90475433812,7.83400186E+00,6.04009599E+00,2.25021200E+01,0.00000000E+00,9.79295029E-01,2.07049713E-02
1.21120547E+01,3.48394806E+00,2.29141291E+00,3047.53049455325,195.619844794715,3.48690787E+00,3068.37100381984,7.83405827E+00,6.04040871E+00,2.25026015E+01,0.00000000E+00,9.79295021E-01,2.07049788E-02
1.21120659E+01,3.48446916E+00,2.29182386E+00,3051.1893512309,195.805037158352,3.48683267E+00,3067.83974787877,7.83411447E+00,6.04072111E+00,2.25030825E+01,0.00000000E+00,9.79295014E-01,2.07049865E-02
1.21120771E+01,3.48498028E+00,2.29223115E+00,3054.78240162889,195.988753148087,3.48675681E+00,3067.30392251482,7.83417061E+00,6.04103344E+00,2.25035634E+01,0.00000000E+00,9.79295006E-01,2.07049941E-02
1.21120883E+01,3.48546556E+00,2.29261959E+00,3058.19771866345,196.164127071755,3.48668391E+00,3066.78909283311,7.83422680E+00,6.04134589E+00,2.25040444E+01,0.00000000E+00,9.79294998E-01,2.07050019E-02
1.21120995E+01,3.48597293E+00,2.29302523E+00,3061.7725844618,196.347434003681,3.48660793E+00,3066.25260373835,7.83428276E+00,6.04165801E+00,2.25045249E+01,0.00000000E+00,9.79294990E-01,2.07050097E-02
1.21121106E+01,3.48649476E+00,2.29344346E+00,3065.45369283046,196.536609652609,3.48652927E+00,3065.69729023859,7.83433856E+00,6.04196991E+00,2.25050050E+01,0.00000000E+00,9.79294982E-01,2.07050176E-02
1.21121218E+01,3.48702544E+00,2.29387128E+00,3069.20177010481,196.730311677028,3.48644803E+00,3065.12386836677,7.83439412E+00,6.04228145E+00,2.25054846E+01,0.00000000E+00,9.79294974E-01,2.07050255E-02
1.21121329E+01,3.48755744E+00,2.29429907E+00,3072.96377007825,196.924191006727,3.48636714E+00,3064.5530234873,7.83444952E+00,6.04259275E+00,2.25059637E+01,0.00000000E+00,9.79294966E-01,2.07050336E-02
1.21121440E+01,3.48807377E+00,2.29471067E+00,3076.61937016195,197.110913200434,3.48629042E+00,3064.01170474585,7.83450481E+00,6.04290388E+00,2.25064426E+01,0.00000000E+00,9.79294958E-01,2.07050417E-02
1.21121551E+01,3.48856822E+00,2.29510405E+00,3080.12413665677,197.289535361563,3.48621734E+00,3063.49615793118,7.83456000E+00,6.04321487E+00,2.25069212E+01,0.00000000E+00,9.79294950E-01,2.07050498E-02
1.21121662E+01,3.48907306E+00,2.29550680E+00,3083.70666892826,197.472579859174,3.48614218E+00,3062.96602812762,7.83461506E+00,6.04352570E+00,2.25073996E+01,0.00000000E+00,9.79294942E-01,2.07050581E-02
1.21121773E+01,3.48960759E+00,2.29593272E+00,3087.50443426032,197.666339579929,3.48606285E+00,3062.40658536663,7.83466993E+00,6.04383626E+00,2.25078775E+01,0.00000000E+00,9.79294934E-01,2.07050664E-02
1.21121884E+01,3.49011879E+00,2.29633958E+00,3091.14081835,197.851606059587,3.48598722E+00,3061.87333050367,7.83472466E+00,6.04414660E+00,2.25083550E+01,0.00000000E+00,9.79294925E-01,2.07050748E-02
1.21121994E+01,3.49059865E+00,2.29671879E+00,3094.55816456972,198.024438263869,3.48591758E+00,3061.38239227467,7.83477934E+00,6.04445687E+00,2.25088324E+01,0.00000000E+00,9.79294917E-01,2.07050832E-02
1.21122105E+01,3.49109473E+00,2.29711138E+00,3098.09499404017,198.203527721662,3.48584531E+00,3060.87299667517,7.83483390E+00,6.04476700E+00,2.25093096E+01,0.00000000E+00,9.79294908E-01,2.07050917E-02
1.21122215E+01,3.49163370E+00,2.29753960E+00,3101.94219191221,198.399055354918,3.48576594E+00,3060.3136543356,7.83488827E+00,6.04507685E+00,2.25097863E+01,0.00000000E+00,9.79294900E-01,2.07051003E-02
1.21122325E+01,3.49215776E+00,2.29795411E+00,3105.6875423361,198.588506647406,3.48568969E+00,3059.77639576501,7.83494241E+00,6.04538634E+00,2.25102624E+01,0.00000000E+00,9.79294891E-01,2.07051090E-02
1.21122435E+01,3.49265142E+00,2.29834511E+00,3109.21976636785,198.767378527067,3.48561761E+00,3059.26860579636,7.83499649E+00,6.04569575E+00,2.25107384E+01,0.00000000E+00,9.79294882E-01,2.07051178E-02
1.21122545E+01,3.49314535E+00,2.29873291E+00,3112.75794293554,198.944945633591,3.48554720E+00,3058.77266202702,7.83505045E+00,6.04600500E+00,2.25112141E+01,0.00000000E+00,9.79294873E-01,2.07051266E-02
1.21122655E+01,3.49367901E+00,2.29915568E+00,3116.58524331005,199.138705650095,3.48546923E+00,3058.2235620336,7.83510421E+00,6.04631395E+00,2.25116893E+01,0.00000000E+00,9.79294865E-01,2.07051355E-02
1.21122765E+01,3.49417535E+00,2.29955184E+00,3120.14911589409,199.320441282576,3.48539523E+00,3057.70251174719,7.83515777E+00,6.04662260E+00,2.25121641E+01,0.00000000E+00,9.79294856E-01,2.07051445E-02
1.21122874E+01,3.49465435E+00,2.29993584E+00,3123.59234621568,199.496756893876,3.48532298E+00,3057.19386924663,7.83521144E+00,6.04693145E+00,2.25126391E+01,0.00000000E+00,9.79294846E-01,2.07051535E-02
1.21122984E+01,3.49519306E+00,2.30037024E+00,3127.46933423465,199.696401951516,3.48524046E+00,3056.61302909696,7.83526470E+00,6.04723966E+00,2.25131131E+01,0.00000000E+00,9.79294837E-01,2.07051627E-02
1.21123093E+01,3.49569124E+00,2.30076941E+00,3131.05891848333,199.880031862214,3.48516542E+00,3056.08493482777,7.83531794E+00,6.04754785E+00,2.25135871E+01,0.00000000E+00,9.79294828E-01,2.07051719E-02
1.21123202E+01,3.49616058E+00,2.30114619E+00,3134.44446814584,200.053516627998,3.48509436E+00,3055.58493393206,7.83537113E+00,6.04785599E+00,2.25140609E+01,0.00000000E+00,9.79294819E-01,2.07051811E-02
1.21123311E+01,3.49670408E+00,2.30158444E+00,3138.36953985463,200.255494106849,3.48501111E+00,3054.99926435284,7.83542407E+00,6.04816376E+00,2.25145342E+01,0.00000000E+00,9.79294809E-01,2.07051905E-02
1.21123420E+01,3.49719603E+00,2.30197709E+00,3141.92656333332,200.436628979578,3.48493777E+00,3054.48340532561,7.83547691E+00,6.04847136E+00,2.25150072E+01,0.00000000E+00,9.79294800E-01,2.07052000E-02
1.21123529E+01,3.49768158E+00,2.30236447E+00,3145.44126506025,200.615493283979,3.48486547E+00,3053.97494671488,7.83552966E+00,6.04877884E+00,2.25154799E+01,0.00000000E+00,9.79294791E-01,2.07052095E-02
1.21123637E+01,3.49821046E+00,2.30278830E+00,3149.2740890815,200.811370437889,3.48478578E+00,3053.41461508152,7.83558219E+00,6.04908601E+00,2.25159522E+01,0.00000000E+00,9.79294781E-01,2.07052191E-02
1.21123746E+01,3.49867883E+00,2.30315973E+00,3152.67229290844,200.983187660807,3.48471715E+00,3052.93213304005,7.83563470E+00,6.04939314E+00,2.25164244E+01,0.00000000E+00,9.79294771E-01,2.07052288E-02
1.21123854E+01,3.49917939E+00,2.30355731E+00,3156.30810110774,201.167264332512,3.48464350E+00,3052.41444424469,7.83568704E+00,6.04970003E+00,2.25168962E+01,0.00000000E+00,9.79294761E-01,2.07052385E-02
1.21123963E+01,3.49970960E+00,2.30398130E+00,3160.16384451903,201.363754410319,3.48456406E+00,3051.85615571546,7.83573919E+00,6.05000663E+00,2.25173675E+01,0.00000000E+00,9.79294752E-01,2.07052484E-02
1.21124071E+01,3.50017544E+00,2.30435022E+00,3163.55536939318,201.534879489354,3.48449606E+00,3051.3783463458,7.83579131E+00,6.05031318E+00,2.25178387E+01,0.00000000E+00,9.79294742E-01,2.07052583E-02
1.21124179E+01,3.50067986E+00,2.30475121E+00,3167.23187862565,201.721045315237,3.48442167E+00,3050.85572263056,7.83584323E+00,6.05061946E+00,2.25183095E+01,0.00000000E+00,9.79294732E-01,2.07052683E-02
1.21124287E+01,3.50120348E+00,2.30516692E+00,3171.05284848027,201.914226685371,3.48434472E+00,3050.31520793207,7.83589499E+00,6.05092548E+00,2.25187799E+01,0.00000000E+00,9.79294722E-01,2.07052784E-02
1.21124395E+01,3.50165190E+00,2.30552142E+00,3174.32873140514,202.079109772527,3.48427958E+00,3049.85772426532,7.83594677E+00,6.05123153E+00,2.25192503E+01,0.00000000E+00,9.79294711E-01,2.07052886E-02
1.21124502E+01,3.50219234E+00,2.30594391E+00,3178.28135375523,202.275791858112,3.48420344E+00,3049.32307364908,7.83599820E+00,6.05153708E+00,2.25197199E+01,0.00000000E+00,9.79294701E-01,2.07052988E-02
1.21124610E+01,3.50268015E+00,2.30633361E+00,3181.85328142122,202.457378906343,3.48413055E+00,3048.81133215302,7.83604955E+00,6.05184247E+00,2.25201892E+01,0.00000000E+00,9.79294691E-01,2.07053092E-02
1.21124717E+01,3.50317004E+00,2.30672581E+00,3185.44447967426,202.640295456873,3.48405692E+00,3048.29448250519,7.83610090E+00,6.05214789E+00,2.25206585E+01,0.00000000E+00,9.79294680E-01,2.07053196E-02
1.21124824E+01,3.50367439E+00,2.30713115E+00,3189.14591319148,202.829513979643,3.48398033E+00,3047.75694795512,7.83615193E+00,6.05245281E+00,2.25211271E+01,0.00000000E+00,9.79294670E-01,2.07053301E-02
1.21124932E+01,3.50415295E+00,2.30751728E+00,3192.66205009528,203.009929320441,3.48390691E+00,3047.2417505234,7.83620297E+00,6.05275776E+00,2.25215957E+01,0.00000000E+00,9.79294659E-01,2.07053407E-02
1.21125039E+01,3.50466401E+00,2.30792799E+00,3196.42125574208,203.202005547849,3.48382932E+00,3046.69738632345,7.83625382E+00,6.05306242E+00,2.25220638E+01,0.00000000E+00,9.79294649E-01,2.07053514E-02
1.21125146E+01,3.50513433E+00,2.30830646E+00,3199.88470099515,203.37916502408,3.48375766E+00,3046.19471283227,7.83630462E+00,6.05336701E+00,2.25225318E+01,0.00000000E+00,9.79294638E-01,2.07053622E-02
1.21125252E+01,3.50565040E+00,2.30872398E+00,3203.68936835659,203.57478275153,3.48367792E+00,3045.63545804467,7.83635521E+00,6.05367128E+00,2.25229992E+01,0.00000000E+00,9.79294627E-01,2.07053731E-02
1.21125359E+01,3.50611812E+00,2.30909700E+00,3207.14148856941,203.749710340302,3.48360834E+00,3045.14754408532,7.83640575E+00,6.05397547E+00,2.25234666E+01,0.00000000E+00,9.79294616E-01,2.07053840E-02
1.21125466E+01,3.50663152E+00,2.30950991E+00,3210.93504368608,203.943519617089,3.48353024E+00,3044.59997866593,7.83645609E+00,6.05427936E+00,2.25239334E+01,0.00000000E+00,9.79294605E-01,2.07053950E-02
1.21125572E+01,3.50710426E+00,2.30988646E+00,3214.43212677464,204.120423163451,3.48346015E+00,3044.10865583655,7.83650636E+00,6.05458314E+00,2.25244001E+01,0.00000000E+00,9.79294594E-01,2.07054062E-02
1.21125678E+01,3.50760684E+00,2.31028777E+00,3218.15412759856,204.309127899873,3.48338514E+00,3043.58293220442,7.83655646E+00,6.05488667E+00,2.25248663E+01,0.00000000E+00,9.79294583E-01,2.07054174E-02
1.21125785E+01,3.50809625E+00,2.31067755E+00,3221.78273594863,204.492577983702,3.48331260E+00,3043.074606454,7.83660643E+00,6.05518999E+00,2.25253322E+01,0.00000000E+00,9.79294571E-01,2.07054287E-02
1.21125891E+01,3.50857036E+00,2.31105405E+00,3225.30180777297,204.669934227701,3.48324288E+00,3042.58612193169,7.83665635E+00,6.05549325E+00,2.25257980E+01,0.00000000E+00,9.79294560E-01,2.07054401E-02
1.21125997E+01,3.50908079E+00,2.31146264E+00,3229.09476094024,204.862581020413,3.48316619E+00,3042.04889353302,7.83670601E+00,6.05579609E+00,2.25262632E+01,0.00000000E+00,9.79294548E-01,2.07054516E-02
1.21126102E+01,3.50952222E+00,2.31181255E+00,3232.37857877542,205.02770481099,3.48310159E+00,3041.59643154738,7.83675577E+00,6.05609911E+00,2.25267286E+01,0.00000000E+00,9.79294537E-01,2.07054632E-02
1.21126208E+01,3.51005808E+00,2.31223994E+00,3236.36935343596,205.229572265914,3.48302186E+00,3041.03809098662,7.83680520E+00,6.05640161E+00,2.25271931E+01,0.00000000E+00,9.79294525E-01,2.07054748E-02
1.21126314E+01,3.51050635E+00,2.31259249E+00,3239.71159317093,205.39624042352,3.48295765E+00,3040.58850981578,7.83685464E+00,6.05670413E+00,2.25276577E+01,0.00000000E+00,9.79294513E-01,2.07054866E-02
1.21126419E+01,3.51102489E+00,2.31300415E+00,3243.58206221068,205.591024160962,3.48288146E+00,3040.05513412561,7.83690384E+00,6.05700628E+00,2.25281217E+01,0.00000000E+00,9.79294502E-01,2.07054985E-02
1.21126525E+01,3.51150216E+00,2.31338396E+00,3247.1485716034,205.77090137503,3.48281087E+00,3039.56104529528,7.83695294E+00,6.05730827E+00,2.25285854E+01,0.00000000E+00,9.79294490E-01,2.07055104E-02
1.21126630E+01,3.51197163E+00,2.31375976E+00,3250.66061966189,205.949034356959,3.48274034E+00,3039.06745663003,7.83700192E+00,6.05761007E+00,2.25290488E+01,0.00000000E+00,9.79294478E-01,2.07055225E-02
1.21126735E+01,3.51247373E+00,2.31416328E+00,3254.42097264793,206.140478590343,3.48266410E+00,3038.53399793666,7.83705082E+00,6.05791176E+00,2.25295121E+01,0.00000000E+00,9.79294465E-01,2.07055346E-02
1.21126840E+01,3.51293648E+00,2.31453369E+00,3257.89047544276,206.316370915402,3.48259459E+00,3038.04771131398,7.83709958E+00,6.05821322E+00,2.25299749E+01,0.00000000E+00,9.79294453E-01,2.07055469E-02
1.21126945E+01,3.51344220E+00,2.31494433E+00,3261.68637911148,206.511542220454,3.48251570E+00,3037.49589721787,7.83714822E+00,6.05851451E+00,2.25304375E+01,0.00000000E+00,9.79294441E-01,2.07055592E-02
1.21127050E+01,3.51389353E+00,2.31530769E+00,3265.07776942472,206.684395979369,3.48244685E+00,3037.01439209868,7.83719676E+00,6.05881563E+00,2.25308998E+01,0.00000000E+00,9.79294428E-01,2.07055717E-02
1.21127154E+01,3.51441172E+00,2.31572716E+00,3268.97590883811,206.884121718309,3.48236666E+00,3036.45367647445,7.83724514E+00,6.05911651E+00,2.25313617E+01,0.00000000E+00,9.79294416E-01,2.07055842E-02
1.21127259E+01,3.51484374E+00,2.31607221E+00,3272.22938245412,207.04855791258,3.48230214E+00,3036.00260595094,7.83729348E+00,6.05941731E+00,2.25318234E+01,0.00000000E+00,9.79294403E-01,2.07055968E-02
1.21127363E+01,3.51537402E+00,2.31650000E+00,3276.2272632739,207.252605958257,3.48222081E+00,3035.43410926588,7.83734156E+00,6.05971773E+00,2.25322846E+01,0.00000000E+00,9.79294390E-01,2.07056095E-02
1.21127468E+01,3.51584330E+00,2.31687460E+00,3279.76932736739,207.431448475988,3.48215084E+00,3034.94510416641,7.83738956E+00,6.06001800E+00,2.25327455E+01,0.00000000E+00,9.79294378E-01,2.07056224E-02
1.21127572E+01,3.51629271E+00,2.31723250E+00,3283.16500492949,207.602462194112,3.48208424E+00,3034.47972444178,7.83743759E+00,6.06031831E+00,2.25332065E+01,0.00000000E+00,9.79294365E-01,2.07056353E-02
1.21127676E+01,3.51681366E+00,2.31764951E+00,3287.10562842191,207.801898021831,3.48200597E+00,3033.93288966283,7.83748526E+00,6.06061808E+00,2.25336666E+01,0.00000000E+00,9.79294352E-01,2.07056483E-02
1.21127780E+01,3.51726233E+00,2.31800648E+00,3290.50329481658,207.972771797246,3.48193965E+00,3033.4696209011,7.83753302E+00,6.06091797E+00,2.25341268E+01,0.00000000E+00,9.79294339E-01,2.07056615E-02
1.21127884E+01,3.51775029E+00,2.31839583E+00,3294.20248145889,208.159305382347,3.48186697E+00,3032.96200651958,7.83758058E+00,6.06121755E+00,2.25345866E+01,0.00000000E+00,9.79294325E-01,2.07056747E-02
1.21127987E+01,3.51824222E+00,2.31879009E+00,3297.93597389173,208.348361781197,3.48179282E+00,3032.44421284638,7.83762795E+00,6.06151682E+00,2.25350459E+01,0.00000000E+00,9.79294312E-01,2.07056880E-02
1.21128091E+01,3.51871496E+00,2.31916623E+00,3301.52781114927,208.528889287243,3.48172294E+00,3031.95631773624,7.83767526E+00,6.06181601E+00,2.25355050E+01,0.00000000E+00,9.79294299E-01,2.07057015E-02
1.21128195E+01,3.51914875E+00,2.31950841E+00,3304.82715134392,208.693253643033,3.48166030E+00,3031.51903829629,7.83772261E+00,6.06211524E+00,2.25359642E+01,0.00000000E+00,9.79294285E-01,2.07057150E-02
1.21128298E+01,3.51967102E+00,2.31992486E+00,3308.80383166241,208.893467995445,3.48158264E+00,3030.97699429129,7.83776963E+00,6.06241398E+00,2.25364227E+01,0.00000000E+00,9.79294271E-01,2.07057286E-02
1.21128401E+01,3.52014582E+00,2.32030358E+00,3312.42321714927,209.075709865425,3.48151198E+00,3030.48389244086,7.83781654E+00,6.06271251E+00,2.25368807E+01,0.00000000E+00,9.79294258E-01,2.07057424E-02
1.21128504E+01,3.52059815E+00,2.32066545E+00,3315.87499697275,209.249991970394,3.48144412E+00,3030.01040594795,7.83786337E+00,6.06301091E+00,2.25373386E+01,0.00000000E+00,9.79294244E-01,2.07057562E-02
1.21128607E+01,3.52107058E+00,2.32104576E+00,3319.48400246742,209.433311634417,3.48137208E+00,3029.50783486859,7.83791013E+00,6.06330922E+00,2.25377963E+01,0.00000000E+00,9.79294230E-01,2.07057702E-02
1.21128710E+01,3.52157097E+00,2.32144952E+00,3323.31088480696,209.628110595379,3.48129529E+00,3028.97221825192,7.83795676E+00,6.06360730E+00,2.25382537E+01,0.00000000E+00,9.79294216E-01,2.07057843E-02
1.21128813E+01,3.52202401E+00,2.32181412E+00,3326.77944908443,209.804172009498,3.48122625E+00,3028.49073937165,7.83800323E+00,6.06390512E+00,2.25387106E+01,0.00000000E+00,9.79294202E-01,2.07057984E-02
1.21128916E+01,3.52247322E+00,2.32217635E+00,3330.22226449857,209.979235406788,3.48115744E+00,3028.01094064394,7.83804970E+00,6.06420296E+00,2.25391675E+01,0.00000000E+00,9.79294187E-01,2.07058127E-02
1.21129019E+01,3.52298625E+00,2.32259502E+00,3334.1585646839,210.181757884932,3.48107636E+00,3027.44568314921,7.83809597E+00,6.06450047E+00,2.25396239E+01,0.00000000E+00,9.79294173E-01,2.07058271E-02
1.21129121E+01,3.52345490E+00,2.32297124E+00,3337.75841883954,210.36391272329,3.48100542E+00,3026.95120425052,7.83814203E+00,6.06479763E+00,2.25400798E+01,0.00000000E+00,9.79294158E-01,2.07058416E-02
1.21129223E+01,3.52391178E+00,2.32333683E+00,3341.27160526389,210.541072059538,3.48093684E+00,3026.47325223218,7.83818811E+00,6.06509482E+00,2.25405357E+01,0.00000000E+00,9.79294144E-01,2.07058562E-02
1.21129326E+01,3.52434799E+00,2.32368429E+00,3344.62929999664,210.709584153634,3.48087217E+00,3026.02261916684,7.83823415E+00,6.06539195E+00,2.25409915E+01,0.00000000E+00,9.79294129E-01,2.07058709E-02
1.21129428E+01,3.52486378E+00,2.32409902E+00,3348.60390996226,210.910897613051,3.48079374E+00,3025.47619379145,7.83827993E+00,6.06568866E+00,2.25414466E+01,0.00000000E+00,9.79294114E-01,2.07058857E-02
1.21129530E+01,3.52533359E+00,2.32447425E+00,3352.2283143831,211.093203163181,3.48072358E+00,3024.98746949563,7.83832557E+00,6.06598513E+00,2.25419013E+01,0.00000000E+00,9.79294099E-01,2.07059007E-02
1.21129632E+01,3.52580368E+00,2.32484976E+00,3355.85880532602,211.27580250769,3.48065335E+00,3024.49833665496,7.83837114E+00,6.06628148E+00,2.25423559E+01,0.00000000E+00,9.79294084E-01,2.07059157E-02
1.21129734E+01,3.52625763E+00,2.32521145E+00,3359.36837916344,211.451830934567,3.48058599E+00,3024.02926689292,7.83841665E+00,6.06657774E+00,2.25428102E+01,0.00000000E+00,9.79294069E-01,2.07059309E-02
1.21129835E+01,3.52669971E+00,2.32556374E+00,3362.78971136531,211.623425532402,3.48052037E+00,3023.5723837916,7.83846210E+00,6.06687389E+00,2.25432645E+01,0.00000000E+00,9.79294054E-01,2.07059461E-02
1.21129937E+01,3.52718815E+00,2.32595421E+00,3366.57388333237,211.813779682952,3.48044724E+00,3023.06329320395,7.83850737E+00,6.06716976E+00,2.25437182E+01,0.00000000E+00,9.79294038E-01,2.07059615E-02
1.21130039E+01,3.52765357E+00,2.32632673E+00,3370.1836706211,211.995542801885,3.48037734E+00,3022.57676821112,7.83855249E+00,6.06746538E+00,2.25441716E+01,0.00000000E+00,9.79294023E-01,2.07059770E-02
1.21130140E+01,3.52812185E+00,2.32669630E+00,3373.81954633684,212.1760206594,3.48030963E+00,3022.10556093503,7.83859753E+00,6.06776086E+00,2.25446247E+01,0.00000000E+00,9.79294007E-01,2.07059926E-02
1.21130241E+01,3.52858825E+00,2.32707106E+00,3377.44472404953,212.359189928498,3.48023885E+00,3021.61306745262,7.83864246E+00,6.06805616E+00,2.25450775E+01,0.00000000E+00,9.79293992E-01,2.07060084E-02
1.21130342E+01,3.52905406E+00,2.32744628E+00,3381.06920375407,212.542742448496,3.48016769E+00,3021.11801080271,7.83868728E+00,6.06835126E+00,2.25455301E+01,0.00000000E+00,9.79293976E-01,2.07060242E-02
1.21130444E+01,3.52951897E+00,2.32782113E+00,3384.69055885057,212.726272388384,3.48009649E+00,3020.62275705252,7.83873198E+00,6.06864617E+00,2.25459823E+01,0.00000000E+00,9.79293960E-01,2.07060402E-02
1.21130545E+01,3.52998301E+00,2.32819571E+00,3388.30900503118,212.909828440105,3.48002521E+00,3020.12702816156,7.83877657E+00,6.06894090E+00,2.25464342E+01,0.00000000E+00,9.79293944E-01,2.07060562E-02
1.21130645E+01,3.53044605E+00,2.32856998E+00,3391.92350935587,213.093390771231,3.47995384E+00,3019.63075486088,7.83882106E+00,6.06923545E+00,2.25468858E+01,0.00000000E+00,9.79293928E-01,2.07060724E-02
1.21130746E+01,3.53090796E+00,2.32894382E+00,3395.53303455973,213.276900194415,3.47988239E+00,3019.13400696373,7.83886544E+00,6.06952981E+00,2.25473371E+01,0.00000000E+00,9.79293911E-01,2.07060888E-02
1.21130847E+01,3.53136851E+00,2.32931697E+00,3399.13575638652,213.460228507823,3.47981095E+00,3018.63741029137,7.83890971E+00,6.06982399E+00,2.25477882E+01,0.00000000E+00,9.79293895E-01,2.07061052E-02
1.21130947E+01,3.53182740E+00,2.32968549E+00,3402.7292945189,213.641436769501,3.47974142E+00,3018.15416892508,7.83895379E+00,6.07011786E+00,2.25482387E+01,0.00000000E+00,9.79293878E-01,2.07061217E-02
1.21131048E+01,3.53228576E+00,2.33005423E+00,3406.32247473336,213.822907176431,3.47967164E+00,3017.66926780838,7.83899787E+00,6.07041171E+00,2.25486892E+01,0.00000000E+00,9.79293862E-01,2.07061384E-02
1.21131148E+01,3.53276627E+00,2.33044048E+00,3410.09336727125,214.013160192546,3.47959864E+00,3017.16207429649,7.83904176E+00,6.07070525E+00,2.25491392E+01,0.00000000E+00,9.79293845E-01,2.07061552E-02
1.21131248E+01,3.53322430E+00,2.33080755E+00,3413.69172982081,214.19412270131,3.47952961E+00,3016.68254219287,7.83908558E+00,6.07099866E+00,2.25495891E+01,0.00000000E+00,9.79293828E-01,2.07061721E-02
1.21131348E+01,3.53368467E+00,2.33117588E+00,3417.31230199325,214.375860184644,3.47946054E+00,3016.20280850103,7.83912928E+00,6.07129186E+00,2.25500385E+01,0.00000000E+00,9.79293811E-01,2.07061891E-02
1.21131448E+01,3.53414351E+00,2.33154323E+00,3420.92466237037,214.557267710762,3.47939158E+00,3015.72391493537,7.83917288E+00,6.07158488E+00,2.25504877E+01,0.00000000E+00,9.79293794E-01,2.07062063E-02
1.21131548E+01,3.53460188E+00,2.33191015E+00,3424.53713520117,214.738616130894,3.47932271E+00,3015.24572226271,7.83921636E+00,6.07187772E+00,2.25509366E+01,0.00000000E+00,9.79293776E-01,2.07062236E-02
1.21131648E+01,3.53505948E+00,2.33227623E+00,3428.1473447002,214.919702138652,3.47925407E+00,3014.76920202036,7.83925974E+00,6.07217037E+00,2.25513852E+01,0.00000000E+00,9.79293759E-01,2.07062410E-02
1.21131748E+01,3.53551625E+00,2.33264141E+00,3431.75480155848,215.100495094718,3.47918567E+00,3014.294422846,7.83930302E+00,6.07246284E+00,2.25518334E+01,0.00000000E+00,9.79293741E-01,2.07062585E-02
1.21131847E+01,3.53597194E+00,2.33300356E+00,3435.35751153206,215.279938158545,3.47911852E+00,3013.8283929249,7.83934619E+00,6.07275513E+00,2.25522815E+01,0.00000000E+00,9.79293724E-01,2.07062762E-02
1.21131947E+01,3.53642430E+00,2.33336034E+00,3438.93763515899,215.456866803779,3.47905322E+00,3013.37527135079,7.83938927E+00,6.07304725E+00,2.25527292E+01,0.00000000E+00,9.79293706E-01,2.07062940E-02
1.21132046E+01,3.53687166E+00,2.33372185E+00,3442.48185651093,215.636289389594,3.47898430E+00,3012.89710422162,7.83943227E+00,6.07333923E+00,2.25531767E+01,0.00000000E+00,9.79293688E-01,2.07063119E-02
1.21132145E+01,3.53731223E+00,2.33407650E+00,3445.97585387869,215.812452447341,3.47891712E+00,3012.43108224388,7.83947521E+00,6.07363110E+00,2.25536240E+01,0.00000000E+00,9.79293670E-01,2.07063299E-02
1.21132245E+01,3.53778246E+00,2.33445765E+00,3449.70898623553,216.001939133961,3.47884410E+00,3011.9246304336,7.83951797E+00,6.07392269E+00,2.25540709E+01,0.00000000E+00,9.79293652E-01,2.07063481E-02
1.21132344E+01,3.53821534E+00,2.33480661E+00,3453.14917384723,216.175568619571,3.47877784E+00,3011.46513828952,7.83956073E+00,6.07421424E+00,2.25545177E+01,0.00000000E+00,9.79293634E-01,2.07063663E-02
1.21132443E+01,3.53868604E+00,2.33518884E+00,3456.89381838404,216.365912184162,3.47870440E+00,3010.9559370204,7.83960329E+00,6.07450548E+00,2.25549641E+01,0.00000000E+00,9.79293615E-01,2.07063848E-02
1.21132542E+01,3.53914812E+00,2.33556380E+00,3460.5738365349,216.552798267628,3.47863245E+00,3010.45715026545,7.83964575E+00,6.07479652E+00,2.25554101E+01,0.00000000E+00,9.79293597E-01,2.07064033E-02
1.21132640E+01,3.53958397E+00,2.33591690E+00,3464.04854844,216.728936554565,3.47856486E+00,3009.9886640784,7.83968817E+00,6.07508747E+00,2.25558559E+01,0.00000000E+00,9.79293578E-01,2.07064220E-02
1.21132739E+01,3.54004839E+00,2.33629130E+00,3467.75486750436,216.915856498554,3.47849376E+00,3009.49592773088,7.83973041E+00,6.07537814E+00,2.25563013E+01,0.00000000E+00,9.79293559E-01,2.07064408E-02
1.21132837E+01,3.54047369E+00,2.33663061E+00,3471.15246657171,217.085396941675,3.47843043E+00,3009.05710686291,7.83977267E+00,6.07566880E+00,2.25567467E+01,0.00000000E+00,9.79293540E-01,2.07064598E-02
1.21132936E+01,3.54093692E+00,2.33700272E+00,3474.85686500606,217.271478660218,3.47836018E+00,3008.57041137189,7.83981475E+00,6.07595917E+00,2.25571917E+01,0.00000000E+00,9.79293521E-01,2.07064788E-02
1.21133034E+01,3.54139481E+00,2.33737232E+00,3478.52244526336,217.456463093903,3.47828985E+00,3008.08324049125,7.83985672E+00,6.07624935E+00,2.25576363E+01,0.00000000E+00,9.79293502E-01,2.07064980E-02
1.21133132E+01,3.54185186E+00,2.33773842E+00,3482.18515714277,217.63985104587,3.47822107E+00,3007.60688264762,7.83989848E+00,6.07653916E+00,2.25580804E+01,0.00000000E+00,9.79293483E-01,2.07065174E-02
1.21133231E+01,3.54227086E+00,2.33807307E+00,3485.54633186302,217.807620261385,3.47815849E+00,3007.17353042547,7.83994035E+00,6.07682912E+00,2.25585247E+01,0.00000000E+00,9.79293463E-01,2.07065369E-02
1.21133329E+01,3.54272817E+00,2.33844010E+00,3489.21852844444,217.991771163342,3.47808930E+00,3006.69447814186,7.83998209E+00,6.07711888E+00,2.25589686E+01,0.00000000E+00,9.79293444E-01,2.07065565E-02
1.21133427E+01,3.54318041E+00,2.33880269E+00,3492.85381768257,218.173847253397,3.47802107E+00,3006.22214736446,7.84002369E+00,6.07740838E+00,2.25594122E+01,0.00000000E+00,9.79293424E-01,2.07065762E-02
1.21133524E+01,3.54363523E+00,2.33916727E+00,3496.5136659662,218.357075962569,3.47795248E+00,3005.74739922981,7.84006518E+00,6.07769767E+00,2.25598554E+01,0.00000000E+00,9.79293404E-01,2.07065961E-02
1.21133622E+01,3.54408951E+00,2.33953133E+00,3500.17299697301,218.540196884509,3.47788402E+00,3005.2736256549,7.84010654E+00,6.07798674E+00,2.25602983E+01,0.00000000E+00,9.79293384E-01,2.07066161E-02
1.21133720E+01,3.54454396E+00,2.33989304E+00,3503.83752924988,218.722287851355,3.47781678E+00,3004.80836771441,7.84014779E+00,6.07827560E+00,2.25607408E+01,0.00000000E+00,9.79293364E-01,2.07066363E-02
1.21133817E+01,3.54500123E+00,2.34025969E+00,3507.52867346299,218.907020542049,3.47774777E+00,3004.33093739944,7.84018890E+00,6.07856421E+00,2.25611830E+01,0.00000000E+00,9.79293343E-01,2.07066566E-02
1.21133915E+01,3.54545082E+00,2.34062314E+00,3511.1616147233,219.090294934947,3.47767845E+00,3003.85143878872,7.84022993E+00,6.07885267E+00,2.25616248E+01,0.00000000E+00,9.79293323E-01,2.07066770E-02
1.21134012E+01,3.54589690E+00,2.34098355E+00,3514.76991207743,219.272187890017,3.47760976E+00,3003.37637348769,7.84027084E+00,6.07914091E+00,2.25620664E+01,0.00000000E+00,9.79293302E-01,2.07066976E-02
1.21134109E+01,3.54632986E+00,2.34133468E+00,3518.27562913373,219.449542610441,3.47754244E+00,3002.91085611142,7.84031169E+00,6.07942902E+00,2.25625078E+01,0.00000000E+00,9.79293282E-01,2.07067183E-02
1.21134206E+01,3.54673837E+00,2.34166385E+00,3521.58657829167,219.615935671589,3.47747998E+00,3002.4790101336,7.84035255E+00,6.07971714E+00,2.25629491E+01,0.00000000E+00,9.79293261E-01,2.07067392E-02
1.21134304E+01,3.54719992E+00,2.34203936E+00,3525.3311625688,219.805907330061,3.47740761E+00,3001.97872447104,7.84039319E+00,6.08000489E+00,2.25633899E+01,0.00000000E+00,9.79293240E-01,2.07067602E-02
1.21134400E+01,3.54765469E+00,2.34241042E+00,3529.02463465564,219.993789138655,3.47733577E+00,3001.48218508506,7.84043375E+00,6.08029249E+00,2.25638305E+01,0.00000000E+00,9.79293219E-01,2.07067813E-02
1.21134497E+01,3.54811424E+00,2.34278027E+00,3532.76085898732,220.181218087637,3.47726573E+00,3000.99816589947,7.84047417E+00,6.08057981E+00,2.25642706E+01,0.00000000E+00,9.79293197E-01,2.07068026E-02
1.21134594E+01,3.54856050E+00,2.34313914E+00,3536.39281883731,220.363235342742,3.47719787E+00,3000.52928629237,7.84051450E+00,6.08086698E+00,2.25647104E+01,0.00000000E+00,9.79293176E-01,2.07068241E-02
1.21134691E+01,3.54899379E+00,2.34348695E+00,3539.92279292731,220.539786598002,3.47713228E+00,3000.07616090519,7.84055475E+00,6.08115398E+00,2.25651500E+01,0.00000000E+00,9.79293154E-01,2.07068456E-02
1.21134787E+01,3.54939878E+00,2.34381051E+00,3543.22539530474,220.704155349162,3.47707175E+00,2999.65805300086,7.84059502E+00,6.08144099E+00,2.25655896E+01,0.00000000E+00,9.79293133E-01,2.07068674E-02
1.21134884E+01,3.54985936E+00,2.34418087E+00,3546.98506640863,220.892448909473,3.47700172E+00,2999.17439703345,7.84063520E+00,6.08172784E+00,2.25660290E+01,0.00000000E+00,9.79293111E-01,2.07068892E-02
1.21134980E+01,3.55031617E+00,2.34454855E+00,3550.71790383808,221.079538842135,3.47693208E+00,2998.69351189942,7.84067511E+00,6.08201422E+00,2.25664676E+01,0.00000000E+00,9.79293089E-01,2.07069113E-02
1.21135076E+01,3.55076701E+00,2.34491278E+00,3554.40580895832,221.265029516555,3.47686267E+00,2998.2142917077,7.84071493E+00,6.08230043E+00,2.25669060E+01,0.00000000E+00,9.79293067E-01,2.07069334E-02
1.21135172E+01,3.55119637E+00,2.34525653E+00,3557.92156699885,221.440233131189,3.47679814E+00,2997.76883268573,7.84075473E+00,6.08258655E+00,2.25673442E+01,0.00000000E+00,9.79293044E-01,2.07069557E-02
1.21135268E+01,3.55160384E+00,2.34558222E+00,3561.26129769997,221.606359854092,3.47673716E+00,2997.34794060044,7.84079451E+00,6.08287264E+00,2.25677823E+01,0.00000000E+00,9.79293022E-01,2.07069782E-02
1.21135364E+01,3.55207109E+00,2.34595852E+00,3565.09485964017,221.798456724985,3.47666582E+00,2996.85561742034,7.84083412E+00,6.08315844E+00,2.25682201E+01,0.00000000E+00,9.79292999E-01,2.07070008E-02
1.21135460E+01,3.55252249E+00,2.34631648E+00,3568.80229897186,221.981345773463,3.47659969E+00,2996.39932109971,7.84087357E+00,6.08344392E+00,2.25686573E+01,0.00000000E+00,9.79292976E-01,2.07070236E-02
1.21135556E+01,3.55295036E+00,2.34666175E+00,3572.32004084484,222.157894122189,3.47653402E+00,2995.9462675261,7.84091298E+00,6.08372932E+00,2.25690943E+01,0.00000000E+00,9.79292954E-01,2.07070465E-02
1.21135652E+01,3.55335968E+00,2.34699129E+00,3575.68851865069,222.326530147109,3.47647159E+00,2995.51563004254,7.84095237E+00,6.08401465E+00,2.25695313E+01,0.00000000E+00,9.79292930E-01,2.07070695E-02
1.21135747E+01,3.55382566E+00,2.34737031E+00,3579.52714337799,222.520644938599,3.47639857E+00,2995.01202206874,7.84099159E+00,6.08429970E+00,2.25699678E+01,0.00000000E+00,9.79292907E-01,2.07070927E-02
1.21135843E+01,3.55426969E+00,2.34773022E+00,3583.18878381854,222.705129436977,3.47632963E+00,2994.53663094535,7.84103066E+00,6.08458446E+00,2.25704039E+01,0.00000000E+00,9.79292884E-01,2.07071161E-02
1.21135938E+01,3.55467858E+00,2.34806024E+00,3586.56395907939,222.874427188075,3.47626684E+00,2994.10371417771,7.84106976E+00,6.08486922E+00,2.25708400E+01,0.00000000E+00,9.79292860E-01,2.07071396E-02
1.21136033E+01,3.55510204E+00,2.34840487E+00,3590.06275336934,223.051357130072,3.47620039E+00,2993.64563105693,7.84110876E+00,6.08515381E+00,2.25712758E+01,0.00000000E+00,9.79292837E-01,2.07071633E-02
1.21136128E+01,3.55557250E+00,2.34879097E+00,3593.95388286443,223.249744228072,3.47612495E+00,2993.12565895988,7.84114751E+00,6.08543796E+00,2.25717109E+01,0.00000000E+00,9.79292813E-01,2.07071872E-02
1.21136224E+01,3.55600736E+00,2.34914068E+00,3597.55431888842,223.429585587448,3.47605881E+00,2992.66986164785,7.84118624E+00,6.08572203E+00,2.25721459E+01,0.00000000E+00,9.79292789E-01,2.07072111E-02
1.21136319E+01,3.55640239E+00,2.34945525E+00,3600.82810767967,223.591479666475,3.47600029E+00,2992.2666346926,7.84122509E+00,6.08600626E+00,2.25725812E+01,0.00000000E+00,9.79292765E-01,2.07072353E-02
1.21136413E+01,3.55686244E+00,2.34982670E+00,3604.64450128114,223.782798198378,3.47592957E+00,2991.77941720137,7.84126363E+00,6.08628999E+00,2.25730156E+01,0.00000000E+00,9.79292740E-01,2.07072596E-02
1.21136508E+01,3.55731067E+00,2.35018853E+00,3608.36673109572,223.9693192642,3.47586071E+00,2991.30509020036,7.84130201E+00,6.08657340E+00,2.25734496E+01,0.00000000E+00,9.79292716E-01,2.07072841E-02
1.21136603E+01,3.55771612E+00,2.35051233E+00,3611.73701436313,224.136367915326,3.47580018E+00,2990.88820468299,7.84134046E+00,6.08685688E+00,2.25738837E+01,0.00000000E+00,9.79292691E-01,2.07073087E-02
1.21136698E+01,3.55814450E+00,2.35085657E+00,3615.30132217798,224.314098219086,3.47573515E+00,2990.44039125907,7.84137889E+00,6.08714030E+00,2.25743176E+01,0.00000000E+00,9.79292667E-01,2.07073335E-02
1.21136792E+01,3.55860711E+00,2.35123022E+00,3619.15438890979,224.507172347806,3.47566398E+00,2989.95037304852,7.84141699E+00,6.08742317E+00,2.25747508E+01,0.00000000E+00,9.79292642E-01,2.07073584E-02
1.21136887E+01,3.55902172E+00,2.35156248E+00,3622.61115420258,224.678998834414,3.47560150E+00,2989.52025323391,7.84145512E+00,6.08770604E+00,2.25751839E+01,0.00000000E+00,9.79292616E-01,2.07073835E-02
1.21136981E+01,3.55945278E+00,2.35190907E+00,3626.2085703616,224.858376142918,3.47553597E+00,2989.06920333267,7.84149315E+00,6.08798870E+00,2.25756167E+01,0.00000000E+00,9.79292591E-01,2.07074088E-02
1.21137075E+01,3.55989671E+00,2.35226541E+00,3629.91712726792,225.0429488647,3.47546879E+00,2988.60686695225,7.84153107E+00,6.08827116E+00,2.25760491E+01,0.00000000E+00,9.79292566E-01,2.07074342E-02
1.21137169E+01,3.56027969E+00,2.35257293E+00,3633.11955986387,225.202356174935,3.47541077E+00,2988.20762773679,7.84156904E+00,6.08855365E+00,2.25764817E+01,0.00000000E+00,9.79292540E-01,2.07074598E-02
1.21137263E+01,3.56075673E+00,2.35295746E+00,3637.11246246768,225.401841579497,3.47533776E+00,2987.70531718339,7.84160677E+00,6.08883574E+00,2.25769136E+01,0.00000000E+00,9.79292514E-01,2.07074856E-02
1.21137357E+01,3.56117130E+00,2.35329232E+00,3640.5860447566,225.575703255703,3.47527398E+00,2987.26657835215,7.84164445E+00,6.08911768E+00,2.25773452E+01,0.00000000E+00,9.79292489E-01,2.07075115E-02
1.21137451E+01,3.56159764E+00,2.35363814E+00,3644.1617050927,225.755396204926,3.47520765E+00,2986.81036656557,7.84168203E+00,6.08939943E+00,2.25777766E+01,0.00000000E+00,9.79292462E-01,2.07075376E-02
1.21137545E+01,3.56203696E+00,2.35399491E+00,3647.84990100481,225.940928943166,3.47513909E+00,2986.33889026404,7.84171951E+00,6.08968099E+00,2.25782077E+01,0.00000000E+00,9.79292436E-01,2.07075638E-02
1.21137639E+01,3.56243592E+00,2.35431809E+00,3651.20249914054,226.109125335116,3.47507724E+00,2985.91362142848,7.84175699E+00,6.08996250E+00,2.25786387E+01,0.00000000E+00,9.79292410E-01,2.07075902E-02
1.21137732E+01,3.56289635E+00,2.35469408E+00,3655.07548094834,226.304963838542,3.47500436E+00,2985.41259013357,7.84179428E+00,6.09024366E+00,2.25790692E+01,0.00000000E+00,9.79292383E-01,2.07076168E-02
1.21137826E+01,3.56327437E+00,2.35500043E+00,3658.25832851757,226.464654984475,3.47494569E+00,2985.00931002417,7.84183163E+00,6.09052487E+00,2.25794997E+01,0.00000000E+00,9.79292356E-01,2.07076436E-02
1.21137919E+01,3.56374630E+00,2.35538298E+00,3662.23576846119,226.664225148395,3.47487240E+00,2984.50561291783,7.84186869E+00,6.09080560E+00,2.25799295E+01,0.00000000E+00,9.79292329E-01,2.07076705E-02
1.21138012E+01,3.56415203E+00,2.35570752E+00,3665.65872977248,226.833670313228,3.47481156E+00,2984.08754496825,7.84190573E+00,6.09108623E+00,2.25803591E+01,0.00000000E+00,9.79292302E-01,2.07076976E-02
1.21138106E+01,3.56459414E+00,2.35606563E+00,3669.39225534799,227.020789673742,3.47474303E+00,2983.6167045726,7.84194273E+00,6.09136678E+00,2.25807886E+01,0.00000000E+00,9.79292275E-01,2.07077249E-02
1.21138199E+01,3.56499644E+00,2.35638893E+00,3672.79289822874,227.189852717394,3.47468196E+00,2983.19718125537,7.84197961E+00,6.09164705E+00,2.25812177E+01,0.00000000E+00,9.79292248E-01,2.07077523E-02
1.21138292E+01,3.56544474E+00,2.35675105E+00,3676.5860920708,227.379365366731,3.47461297E+00,2982.72332207478,7.84201643E+00,6.09192722E+00,2.25816466E+01,0.00000000E+00,9.79292220E-01,2.07077799E-02
1.21138385E+01,3.56583095E+00,2.35705956E+00,3679.85706584917,227.540946350734,3.47455527E+00,2982.32706628378,7.84205318E+00,6.09220720E+00,2.25820753E+01,0.00000000E+00,9.79292192E-01,2.07078077E-02
1.21138478E+01,3.56628780E+00,2.35742938E+00,3683.73007669323,227.734789548716,3.47448457E+00,2981.84160452723,7.84208983E+00,6.09248701E+00,2.25825036E+01,0.00000000E+00,9.79292164E-01,2.07078357E-02
1.21138570E+01,3.56669408E+00,2.35775568E+00,3687.17779748812,227.905958623307,3.47442299E+00,2981.41882966797,7.84212635E+00,6.09276655E+00,2.25829316E+01,0.00000000E+00,9.79292136E-01,2.07078638E-02
1.21138663E+01,3.56713408E+00,2.35811015E+00,3690.91530835247,228.092050793666,3.47435576E+00,2980.95733341906,7.84216275E+00,6.09304585E+00,2.25833591E+01,0.00000000E+00,9.79292108E-01,2.07078921E-02
1.21138756E+01,3.56751852E+00,2.35841812E+00,3694.18397454699,228.253854418159,3.47429788E+00,2980.56007690122,7.84219925E+00,6.09332526E+00,2.25837869E+01,0.00000000E+00,9.79292079E-01,2.07079206E-02
1.21138848E+01,3.56797713E+00,2.35878774E+00,3698.08705096316,228.448199741555,3.47422772E+00,2980.07860818971,7.84223546E+00,6.09360418E+00,2.25842139E+01,0.00000000E+00,9.79292051E-01,2.07079493E-02
1.21138940E+01,3.56836796E+00,2.35909927E+00,3701.41652889742,228.612129982839,3.47416967E+00,2979.68030241026,7.84227178E+00,6.09388320E+00,2.25846410E+01,0.00000000E+00,9.79292022E-01,2.07079781E-02
1.21139033E+01,3.56881397E+00,2.35946222E+00,3705.2197473274,228.803266314685,3.47409969E+00,2979.20021058919,7.84230784E+00,6.09416178E+00,2.25850675E+01,0.00000000E+00,9.79291993E-01,2.07080072E-02
1.21139125E+01,3.56921337E+00,2.35978649E+00,3708.62882922478,228.974168188845,3.47403741E+00,2978.77300901636,7.84234397E+00,6.09444040E+00,2.25854940E+01,0.00000000E+00,9.79291964E-01,2.07080364E-02
1.21139217E+01,3.56965780E+00,2.36014854E+00,3712.42595217488,229.165132305418,3.47396749E+00,2978.29347484657,7.84237985E+00,6.09471859E+00,2.25859199E+01,0.00000000E+00,9.79291934E-01,2.07080658E-02
1.21139309E+01,3.57004339E+00,2.36046053E+00,3715.72350726856,229.329819907897,3.47390789E+00,2977.88477955087,7.84241583E+00,6.09499688E+00,2.25863459E+01,0.00000000E+00,9.79291905E-01,2.07080953E-02
1.21139401E+01,3.57049189E+00,2.36082671E+00,3719.56275198598,229.523263319065,3.47383693E+00,2977.39825842172,7.84245159E+00,6.09527479E+00,2.25867713E+01,0.00000000E+00,9.79291875E-01,2.07081251E-02
1.21139493E+01,3.57089662E+00,2.36115725E+00,3723.03072218168,229.698019160676,3.47377284E+00,2976.95890820428,7.84248731E+00,6.09555256E+00,2.25871965E+01,0.00000000E+00,9.79291845E-01,2.07081550E-02
1.21139585E+01,3.57130768E+00,2.36148978E+00,3726.55624128933,229.873961372226,3.47370934E+00,2976.52366649782,7.84252298E+00,6.09583020E+00,2.25876216E+01,0.00000000E+00,9.79291815E-01,2.07081851E-02
1.21139677E+01,3.57174557E+00,2.36184237E+00,3730.3155445337,230.06066457433,3.47364252E+00,2976.06573755816,7.84255847E+00,6.09610751E+00,2.25880461E+01,0.00000000E+00,9.79291785E-01,2.07082154E-02
1.21139768E+01,3.57213923E+00,2.36215869E+00,3733.69836844494,230.22829115273,3.47358277E+00,2975.65632020748,7.84259401E+00,6.09638485E+00,2.25884706E+01,0.00000000E+00,9.79291754E-01,2.07082459E-02
1.21139860E+01,3.57256611E+00,2.36250338E+00,3737.37012758039,230.41109082767,3.47351715E+00,2975.20674549504,7.84262940E+00,6.09666189E+00,2.25888947E+01,0.00000000E+00,9.79291723E-01,2.07082766E-02
1.21139951E+01,3.57299257E+00,2.36284720E+00,3741.04187965327,230.593573707475,3.47345186E+00,2974.75949908556,7.84266465E+00,6.09693866E+00,2.25893184E+01,0.00000000E+00,9.79291693E-01,2.07083074E-02
1.21140042E+01,3.57337651E+00,2.36315518E+00,3744.35062697977,230.757157172223,3.47339385E+00,2974.36217818653,7.84269989E+00,6.09721535E+00,2.25897420E+01,0.00000000E+00,9.79291662E-01,2.07083385E-02
1.21140134E+01,3.57381830E+00,2.36351373E+00,3748.1615396238,230.947747072524,3.47332502E+00,2973.8908180036,7.84273500E+00,6.09749181E+00,2.25901652E+01,0.00000000E+00,9.79291630E-01,2.07083697E-02
1.21140225E+01,3.57423380E+00,2.36384888E+00,3751.74921205516,231.126040867167,3.47326132E+00,2973.45465553577,7.84277012E+00,6.09776820E+00,2.25905883E+01,0.00000000E+00,9.79291599E-01,2.07084011E-02
1.21140316E+01,3.57460911E+00,2.36415007E+00,3754.99281206751,231.286385977527,3.47320456E+00,2973.06606607661,7.84280514E+00,6.09804438E+00,2.25910110E+01,0.00000000E+00,9.79291567E-01,2.07084327E-02
1.21140407E+01,3.57506421E+00,2.36451862E+00,3758.92975576607,231.482743011015,3.47313405E+00,2972.58341229989,7.84284000E+00,6.09832026E+00,2.25914334E+01,0.00000000E+00,9.79291535E-01,2.07084645E-02
1.21140498E+01,3.57547027E+00,2.36484494E+00,3762.44595240779,231.656739774973,3.47307241E+00,2972.16153947686,7.84287480E+00,6.09859597E+00,2.25918554E+01,0.00000000E+00,9.79291503E-01,2.07084965E-02
1.21140589E+01,3.57584080E+00,2.36514212E+00,3765.65735396266,231.815312615401,3.47301645E+00,2971.77859322354,7.84290969E+00,6.09887179E+00,2.25922776E+01,0.00000000E+00,9.79291471E-01,2.07085287E-02
1.21140679E+01,3.57630379E+00,2.36551808E+00,3769.67396350022,232.01607735655,3.47294422E+00,2971.28438082215,7.84294430E+00,6.09914711E+00,2.25926991E+01,0.00000000E+00,9.79291439E-01,2.07085611E-02
1.21140770E+01,3.57670355E+00,2.36584204E+00,3773.1454758171,232.189213264607,3.47288218E+00,2970.85995609492,7.84297887E+00,6.09942228E+00,2.25931203E+01,0.00000000E+00,9.79291406E-01,2.07085936E-02
1.21140861E+01,3.57707998E+00,2.36614618E+00,3776.41731308551,232.351874231375,3.47282422E+00,2970.46349802184,7.84301351E+00,6.09969753E+00,2.25935417E+01,0.00000000E+00,9.79291374E-01,2.07086264E-02
1.21140951E+01,3.57753544E+00,2.36651864E+00,3780.37985309611,232.551229515201,3.47275185E+00,2969.96854691837,7.84304784E+00,6.09997222E+00,2.25939622E+01,0.00000000E+00,9.79291341E-01,2.07086594E-02
1.21141042E+01,3.57793747E+00,2.36684567E+00,3783.88100231773,232.726409888847,3.47268885E+00,2969.53774603166,7.84308221E+00,6.10024691E+00,2.25943827E+01,0.00000000E+00,9.79291307E-01,2.07086925E-02
1.21141132E+01,3.57831099E+00,2.36715003E+00,3787.13677288691,232.889565165131,3.47263005E+00,2969.13572158291,7.84311662E+00,6.10052160E+00,2.25948032E+01,0.00000000E+00,9.79291274E-01,2.07087259E-02
1.21141222E+01,3.57875893E+00,2.36751624E+00,3791.04491649275,233.086027379994,3.47255893E+00,2968.64953616704,7.84315078E+00,6.10079586E+00,2.25952230E+01,0.00000000E+00,9.79291241E-01,2.07087595E-02
1.21141312E+01,3.57916961E+00,2.36784643E+00,3794.63152131637,233.263307872846,3.47249650E+00,2968.22282231717,7.84318485E+00,6.10106988E+00,2.25956425E+01,0.00000000E+00,9.79291207E-01,2.07087932E-02
1.21141402E+01,3.57956626E+00,2.36816602E+00,3798.09881874419,233.435025589598,3.47243587E+00,2967.80847031446,7.84321893E+00,6.10134388E+00,2.25960619E+01,0.00000000E+00,9.79291173E-01,2.07088272E-02
1.21141492E+01,3.57994421E+00,2.36846891E+00,3801.40559862852,233.597886964821,3.47237891E+00,2967.41925218635,7.84325300E+00,6.10161780E+00,2.25964812E+01,0.00000000E+00,9.79291139E-01,2.07088613E-02
1.21141582E+01,3.58039448E+00,2.36883463E+00,3805.34888270905,233.794682926642,3.47230862E+00,2966.93901808335,7.84328681E+00,6.10189124E+00,2.25968998E+01,0.00000000E+00,9.79291104E-01,2.07088957E-02
1.21141672E+01,3.58079975E+00,2.36916090E+00,3808.90157240073,233.970390550968,3.47224680E+00,2966.51671680139,7.84332063E+00,6.10216462E+00,2.25973183E+01,0.00000000E+00,9.79291070E-01,2.07089302E-02
1.21141762E+01,3.58119331E+00,2.36947758E+00,3812.35478395571,234.141059916735,3.47218685E+00,2966.10724716628,7.84335441E+00,6.10243789E+00,2.25977366E+01,0.00000000E+00,9.79291035E-01,2.07089650E-02
1.21141851E+01,3.58156800E+00,2.36977930E+00,3815.64533369314,234.303782652234,3.47212966E+00,2965.71668152,7.84338819E+00,6.10271109E+00,2.25981549E+01,0.00000000E+00,9.79291000E-01,2.07090000E-02
1.21141941E+01,3.58201618E+00,2.37014344E+00,3819.58500754722,234.500320166655,3.47205964E+00,2965.23856643581,7.84342166E+00,6.10298374E+00,2.25985723E+01,0.00000000E+00,9.79290965E-01,2.07090351E-02
1.21142030E+01,3.58242305E+00,2.37047190E+00,3823.1650731795,234.677741507719,3.47199712E+00,2964.81172847304,7.84345521E+00,6.10325644E+00,2.25989897E+01,0.00000000E+00,9.79290929E-01,2.07090705E-02
1.21142120E+01,3.58282718E+00,2.37079760E+00,3826.72435117957,234.853804552216,3.47193531E+00,2964.38979823789,7.84348855E+00,6.10352875E+00,2.25994066E+01,0.00000000E+00,9.79290894E-01,2.07091061E-02
1.21142209E+01,3.58321267E+00,2.37110850E+00,3830.12254968429,235.021990408244,3.47187623E+00,2963.98655977955,7.84352198E+00,6.10380113E+00,2.25998236E+01,0.00000000E+00,9.79290858E-01,2.07091419E-02
1.21142298E+01,3.58359999E+00,2.37142150E+00,3833.53991931992,235.191433955869,3.47181656E+00,2963.57935007275,7.84355535E+00,6.10407336E+00,2.26002403E+01,0.00000000E+00,9.79290822E-01,2.07091779E-02
1.21142387E+01,3.58403687E+00,2.37177832E+00,3837.39822205256,235.384748620248,3.47174737E+00,2963.10724248037,7.84358858E+00,6.10434531E+00,2.26006567E+01,0.00000000E+00,9.79290786E-01,2.07092141E-02
1.21142476E+01,3.58444069E+00,2.37210702E+00,3840.96800909484,235.562969290712,3.47168398E+00,2962.67477633452,7.84362164E+00,6.10461689E+00,2.26010724E+01,0.00000000E+00,9.79290749E-01,2.07092505E-02
1.21142565E+01,3.58484633E+00,2.37243704E+00,3844.55722834649,235.742041416459,3.47162037E+00,2962.24087272825,7.84365469E+00,6.10488840E+00,2.26014881E+01,0.00000000E+00,9.79290713E-01,2.07092871E-02
1.21142654E+01,3.58524479E+00,2.37276174E+00,3848.08618232371,235.918359711411,3.47155764E+00,2961.81303411135,7.84368768E+00,6.10515975E+00,2.26019035E+01,0.00000000E+00,9.79290676E-01,2.07093240E-02
1.21142743E+01,3.58562973E+00,2.37307523E+00,3851.49847288535,236.088715884318,3.47149713E+00,2961.40039515442,7.84372066E+00,6.10543102E+00,2.26023188E+01,0.00000000E+00,9.79290639E-01,2.07093610E-02
1.21142832E+01,3.58600579E+00,2.37338082E+00,3854.83496885039,236.254897455648,3.47143835E+00,2960.9996087224,7.84375361E+00,6.10570218E+00,2.26027339E+01,0.00000000E+00,9.79290602E-01,2.07093983E-02
1.21142920E+01,3.58644049E+00,2.37373421E+00,3858.69533489556,236.447218793593,3.47137033E+00,2960.53588783664,7.84378638E+00,6.10597299E+00,2.26031485E+01,0.00000000E+00,9.79290564E-01,2.07094358E-02
1.21143009E+01,3.58683945E+00,2.37405544E+00,3862.24171293665,236.622173899424,3.47130946E+00,2960.1209730754,7.84381905E+00,6.10624355E+00,2.26035628E+01,0.00000000E+00,9.79290527E-01,2.07094735E-02
1.21143097E+01,3.58724328E+00,2.37438125E+00,3865.83469995698,236.799755699419,3.47124751E+00,2959.69875629981,7.84385168E+00,6.10651398E+00,2.26039768E+01,0.00000000E+00,9.79290489E-01,2.07095114E-02
1.21143186E+01,3.58764495E+00,2.37470722E+00,3869.411784589,236.97755807794,3.47118494E+00,2959.27237507868,7.84388424E+00,6.10678422E+00,2.26043905E+01,0.00000000E+00,9.79290450E-01,2.07095495E-02
1.21143274E+01,3.58804636E+00,2.37503170E+00,3872.98986047137,237.154680316384,3.47112305E+00,2958.85068812314,7.84391671E+00,6.10705426E+00,2.26048040E+01,0.00000000E+00,9.79290412E-01,2.07095879E-02
1.21143362E+01,3.58844691E+00,2.37535511E+00,3876.56356856036,237.331350210242,3.47106149E+00,2958.43130922895,7.84394911E+00,6.10732411E+00,2.26052171E+01,0.00000000E+00,9.79290374E-01,2.07096264E-02
1.21143451E+01,3.58884653E+00,2.37567819E+00,3880.13226526221,237.507971244232,3.47099985E+00,2958.01144489041,7.84398144E+00,6.10759377E+00,2.26056300E+01,0.00000000E+00,9.79290335E-01,2.07096652E-02
1.21143539E+01,3.58924497E+00,2.37600058E+00,3883.69369503802,237.684346089566,3.47093827E+00,2957.59204874597,7.84401370E+00,6.10786325E+00,2.26060426E+01,0.00000000E+00,9.79290296E-01,2.07097042E-02
1.21143627E+01,3.58964197E+00,2.37632166E+00,3887.24550466951,237.860134432746,3.47087698E+00,2957.1746867166,7.84404589E+00,6.10813254E+00,2.26064549E+01,0.00000000E+00,9.79290257E-01,2.07097434E-02
1.21143714E+01,3.59003720E+00,2.37664095E+00,3890.7847053684,238.03507169289,3.47081614E+00,2956.76044726854,7.84407801E+00,6.10840165E+00,2.26068669E+01,0.00000000E+00,9.79290217E-01,2.07097829E-02
1.21143802E+01,3.59043023E+00,2.37695811E+00,3894.30740099226,238.208969312623,3.47075581E+00,2956.34973754076,7.84410998E+00,6.10867044E+00,2.26072785E+01,0.00000000E+00,9.79290177E-01,2.07098226E-02
1.21143890E+01,3.59081765E+00,2.37727031E+00,3897.78293610034,238.380271459854,3.47069657E+00,2955.94650374044,7.84414201E+00,6.10893925E+00,2.26076900E+01,0.00000000E+00,9.79290138E-01,2.07098624E-02
1.21143978E+01,3.59120526E+00,2.37758592E+00,3901.26327977156,238.553569866015,3.47063567E+00,2955.53202801372,7.84417396E+00,6.10920788E+00,2.26081013E+01,0.00000000E+00,9.79290097E-01,2.07099026E-02
1.21144065E+01,3.59158892E+00,2.37789768E+00,3904.71121671912,238.724877963061,3.47057570E+00,2955.12393851165,7.84420589E+00,6.10947639E+00,2.26085125E+01,0.00000000E+00,9.79290057E-01,2.07099429E-02
1.21144153E+01,3.59197828E+00,2.37821415E+00,3908.21349488372,238.898899964964,3.47051481E+00,2954.70964615775,7.84423775E+00,6.10974474E+00,2.26089234E+01,0.00000000E+00,9.79290017E-01,2.07099835E-02
1.21144240E+01,3.59239035E+00,2.37855323E+00,3911.92347017895,239.085495636082,3.47044829E+00,2954.25711396532,7.84426953E+00,6.11001286E+00,2.26093339E+01,0.00000000E+00,9.79289976E-01,2.07100243E-02
1.21144328E+01,3.59279561E+00,2.37888509E+00,3915.57556819342,239.268259263058,3.47038367E+00,2953.81757374374,7.84430117E+00,6.11028069E+00,2.26097440E+01,0.00000000E+00,9.79289935E-01,2.07100653E-02
1.21144415E+01,3.59317912E+00,2.37919798E+00,3919.03480075628,239.440703591906,3.47032310E+00,2953.405640684,7.84433269E+00,6.11054824E+00,2.26101537E+01,0.00000000E+00,9.79289893E-01,2.07101066E-02
1.21144502E+01,3.59355918E+00,2.37950660E+00,3922.46592951976,239.610916328746,3.47026381E+00,2953.00246846924,7.84436427E+00,6.11081580E+00,2.26105634E+01,0.00000000E+00,9.79289852E-01,2.07101481E-02
1.21144589E+01,3.59396544E+00,2.37983532E+00,3926.13691002946,239.792347868923,3.47020101E+00,2952.57548826285,7.84439571E+00,6.11108308E+00,2.26109727E+01,0.00000000E+00,9.79289810E-01,2.07101898E-02
1.21144676E+01,3.59433774E+00,2.38013455E+00,3929.50404347203,239.957622335773,3.47014448E+00,2952.19119088652,7.84442717E+00,6.11135031E+00,2.26113819E+01,0.00000000E+00,9.79289768E-01,2.07102317E-02
1.21144763E+01,3.59474449E+00,2.38046382E+00,3933.18604853359,240.139620516925,3.47008153E+00,2951.76330848118,7.84445850E+00,6.11161724E+00,2.26117907E+01,0.00000000E+00,9.79289726E-01,2.07102739E-02
1.21144850E+01,3.59514376E+00,2.38078757E+00,3936.80369821116,240.318702201425,3.47001947E+00,2951.34153627211,7.84448974E+00,6.11188396E+00,2.26121991E+01,0.00000000E+00,9.79289684E-01,2.07103163E-02
1.21144937E+01,3.59551642E+00,2.38108786E+00,3940.1832458416,240.484926413222,3.46996249E+00,2950.9543418307,7.84452099E+00,6.11215061E+00,2.26126075E+01,0.00000000E+00,9.79289641E-01,2.07103590E-02
1.21145024E+01,3.59591926E+00,2.38141396E+00,3943.83975050431,240.665567861996,3.46990015E+00,2950.53078293533,7.84455211E+00,6.11241697E+00,2.26130154E+01,0.00000000E+00,9.79289598E-01,2.07104019E-02
1.21145110E+01,3.59631539E+00,2.38173458E+00,3947.43865865275,240.84330598043,3.46983887E+00,2950.11448528879,7.84458315E+00,6.11268312E+00,2.26134230E+01,0.00000000E+00,9.79289555E-01,2.07104450E-02
1.21145197E+01,3.59667873E+00,2.38202864E+00,3950.74255164834,241.006435763962,3.46978268E+00,2949.73281751117,7.84461422E+00,6.11294924E+00,2.26138305E+01,0.00000000E+00,9.79289512E-01,2.07104883E-02
1.21145283E+01,3.59707120E+00,2.38234664E+00,3954.31443390019,241.182970616197,3.46972179E+00,2949.31928096321,7.84464524E+00,6.11321519E+00,2.26142378E+01,0.00000000E+00,9.79289468E-01,2.07105320E-02
1.21145370E+01,3.59745812E+00,2.38265973E+00,3957.83896658342,241.356906056019,3.46966197E+00,2948.91306781379,7.84467615E+00,6.11348090E+00,2.26146448E+01,0.00000000E+00,9.79289424E-01,2.07105758E-02
1.21145456E+01,3.59784963E+00,2.38297663E+00,3961.40850810194,241.533085858001,3.46960140E+00,2948.50181872592,7.84470689E+00,6.11374625E+00,2.26150512E+01,0.00000000E+00,9.79289380E-01,2.07106199E-02
1.21145542E+01,3.59824069E+00,2.38329555E+00,3964.97716059388,241.710518510039,3.46953971E+00,2948.08302418269,7.84473765E+00,6.11401154E+00,2.26154575E+01,0.00000000E+00,9.79289336E-01,2.07106642E-02
1.21145628E+01,3.59863236E+00,2.38361519E+00,3968.55460205855,241.888482523115,3.46947781E+00,2947.66286380183,7.84476834E+00,6.11427662E+00,2.26158635E+01,0.00000000E+00,9.79289291E-01,2.07107088E-02
1.21145715E+01,3.59902493E+00,2.38393574E+00,3972.14350287665,242.067084780939,3.46941567E+00,2947.24113459607,7.84479894E+00,6.11454149E+00,2.26162692E+01,0.00000000E+00,9.79289246E-01,2.07107536E-02
1.21145801E+01,3.59941728E+00,2.38425631E+00,3975.73363527874,242.245830068449,3.46935348E+00,2946.81912646301,7.84482946E+00,6.11480614E+00,2.26166745E+01,0.00000000E+00,9.79289201E-01,2.07107986E-02
1.21145887E+01,3.59980964E+00,2.38457718E+00,3979.32710416851,242.424874804773,3.46929113E+00,2946.39609326362,7.84485991E+00,6.11507058E+00,2.26170795E+01,0.00000000E+00,9.79289156E-01,2.07108439E-02
1.21145972E+01,3.60020424E+00,2.38490085E+00,3982.94436415703,242.605616004852,3.46922794E+00,2945.96742278145,7.84489025E+00,6.11533476E+00,2.26174842E+01,0.00000000E+00,9.79289111E-01,2.07108895E-02
1.21146058E+01,3.60059434E+00,2.38521857E+00,3986.52360517361,242.783165712798,3.46916661E+00,2945.55142987146,7.84492055E+00,6.11559878E+00,2.26178886E+01,0.00000000E+00,9.79289065E-01,2.07109352E-02
1.21146144E+01,3.60098089E+00,2.38553231E+00,3990.07344694621,242.958618806491,3.46910638E+00,2945.14295527988,7.84495076E+00,6.11586256E+00,2.26182926E+01,0.00000000E+00,9.79289019E-01,2.07109813E-02
1.21146230E+01,3.60135848E+00,2.38583800E+00,3993.54405740661,243.129692048038,3.46904793E+00,2944.74660665156,7.84498092E+00,6.11612618E+00,2.26186965E+01,0.00000000E+00,9.79288972E-01,2.07110275E-02
1.21146315E+01,3.60172070E+00,2.38612950E+00,3996.87623176061,243.292936340517,3.46899274E+00,2944.37241299748,7.84501109E+00,6.11638973E+00,2.26191002E+01,0.00000000E+00,9.79288926E-01,2.07110741E-02
1.21146401E+01,3.60209847E+00,2.38643484E+00,4000.35441736706,243.464048774483,3.46893451E+00,2943.97765939309,7.84504120E+00,6.11665309E+00,2.26195036E+01,0.00000000E+00,9.79288879E-01,2.07111209E-02
1.21146486E+01,3.60247991E+00,2.38674308E+00,4003.86946428611,243.636908434234,3.46887575E+00,2943.57936645509,7.84507125E+00,6.11691628E+00,2.26199068E+01,0.00000000E+00,9.79288832E-01,2.07111679E-02
1.21146571E+01,3.60287997E+00,2.38706824E+00,4007.55941677811,243.819389779413,3.46881319E+00,2943.15537520014,7.84510123E+00,6.11717927E+00,2.26203097E+01,0.00000000E+00,9.79288785E-01,2.07112152E-02
1.21146657E+01,3.60327706E+00,2.38739092E+00,4011.22533834661,244.000614453319,3.46875112E+00,2942.73476520436,7.84513104E+00,6.11744189E+00,2.26207120E+01,0.00000000E+00,9.79288737E-01,2.07112627E-02
1.21146742E+01,3.60366469E+00,2.38770577E+00,4014.80716001421,244.177571450823,3.46869060E+00,2942.32471647695,7.84516081E+00,6.11770432E+00,2.26211140E+01,0.00000000E+00,9.79288689E-01,2.07113105E-02
1.21146827E+01,3.60404337E+00,2.38801266E+00,4018.30936934608,244.350178150981,3.46863182E+00,2941.9265116861,7.84519050E+00,6.11796654E+00,2.26215158E+01,0.00000000E+00,9.79288641E-01,2.07113585E-02
1.21146912E+01,3.60440053E+00,2.38830103E+00,4021.61535119826,244.512479682931,3.46857693E+00,2941.5547083393,7.84522020E+00,6.11822869E+00,2.26219174E+01,0.00000000E+00,9.79288593E-01,2.07114068E-02
1.21146997E+01,3.60476862E+00,2.38859875E+00,4025.02535054435,244.680156722446,3.46852009E+00,2941.16974597916,7.84524985E+00,6.11849067E+00,2.26223188E+01,0.00000000E+00,9.79288545E-01,2.07114554E-02
1.21147082E+01,3.60517200E+00,2.38892692E+00,4028.76559834253,244.865116549683,3.46845685E+00,2940.74149731164,7.84527943E+00,6.11875244E+00,2.26227199E+01,0.00000000E+00,9.79288496E-01,2.07115042E-02
1.21147167E+01,3.60556653E+00,2.38925075E+00,4032.42714861344,245.047767364347,3.46839357E+00,2940.31304018637,7.84530884E+00,6.11901383E+00,2.26231204E+01,0.00000000E+00,9.79288447E-01,2.07115533E-02
1.21147251E+01,3.60594854E+00,2.38956439E+00,4035.97567443191,245.224800561784,3.46833225E+00,2939.89791341168,7.84533820E+00,6.11927504E+00,2.26235207E+01,0.00000000E+00,9.79288397E-01,2.07116026E-02
1.21147336E+01,3.60631016E+00,2.38985883E+00,4039.33767275974,245.391112764686,3.46827544E+00,2939.51337093128,7.84536754E+00,6.11953611E+00,2.26239207E+01,0.00000000E+00,9.79288348E-01,2.07116522E-02
1.21147421E+01,3.60668570E+00,2.39016573E+00,4042.83205037122,245.56458295948,3.46821587E+00,2939.11020024851,7.84539681E+00,6.11979699E+00,2.26243205E+01,0.00000000E+00,9.79288298E-01,2.07117021E-02
1.21147505E+01,3.60708329E+00,2.39049313E+00,4046.5348963821,245.749775634137,3.46815157E+00,2938.67507890975,7.84542590E+00,6.12005747E+00,2.26247197E+01,0.00000000E+00,9.79288248E-01,2.07117522E-02
1.21147590E+01,3.60746050E+00,2.39080125E+00,4050.0510739173,245.924190210322,3.46809181E+00,2938.27073773564,7.84545501E+00,6.12031787E+00,2.26251187E+01,0.00000000E+00,9.79288197E-01,2.07118026E-02
1.21147674E+01,3.60781068E+00,2.39108502E+00,4053.3180249788,246.084930709101,3.46803747E+00,2937.90311703108,7.84548421E+00,6.12057832E+00,2.26255179E+01,0.00000000E+00,9.79288147E-01,2.07118532E-02
1.21147758E+01,3.60818755E+00,2.39138972E+00,4056.83692060135,246.257643905541,3.46797934E+00,2937.50990715527,7.84551323E+00,6.12083840E+00,2.26259165E+01,0.00000000E+00,9.79288096E-01,2.07119041E-02
1.21147842E+01,3.60859148E+00,2.39171807E+00,4060.61187168976,246.443898337073,3.46791615E+00,2937.08252952225,7.84554206E+00,6.12109807E+00,2.26263145E+01,0.00000000E+00,9.79288045E-01,2.07119553E-02
1.21147927E+01,3.60896868E+00,2.39202383E+00,4064.14018762724,246.617465401164,3.46785757E+00,2936.68638658592,7.84557090E+00,6.12135763E+00,2.26267123E+01,0.00000000E+00,9.79287993E-01,2.07120067E-02
1.21148011E+01,3.60931589E+00,2.39230312E+00,4067.39068792435,246.776113384977,3.46780472E+00,2936.32903819934,7.84559974E+00,6.12161710E+00,2.26271100E+01,0.00000000E+00,9.79287942E-01,2.07120584E-02
1.21148095E+01,3.60970004E+00,2.39261498E+00,4070.99004145476,246.953383049407,3.46774483E+00,2935.92414099595,7.84562856E+00,6.12187645E+00,2.26275075E+01,0.00000000E+00,9.79287890E-01,2.07121104E-02
1.21148179E+01,3.61009729E+00,2.39293822E+00,4074.71548747191,247.137255810157,3.46768252E+00,2935.50294220553,7.84565712E+00,6.12213526E+00,2.26279043E+01,0.00000000E+00,9.79287837E-01,2.07121627E-02
1.21148263E+01,3.61046283E+00,2.39323494E+00,4078.14656608711,247.306163373742,3.46762555E+00,2935.1178932555,7.84568571E+00,6.12239401E+00,2.26283009E+01,0.00000000E+00,9.79287785E-01,2.07122152E-02
1.21148346E+01,3.61081854E+00,2.39352302E+00,4081.48815068441,247.47026307296,3.46757044E+00,2934.74546373746,7.84571428E+00,6.12265262E+00,2.26286973E+01,0.00000000E+00,9.79287732E-01,2.07122680E-02
1.21148430E+01,3.61122068E+00,2.39385159E+00,4085.2692021415,247.657560112046,3.46750669E+00,2934.31470465502,7.84574272E+00,6.12291092E+00,2.26290933E+01,0.00000000E+00,9.79287679E-01,2.07123210E-02
1.21148514E+01,3.61158298E+00,2.39414498E+00,4088.6786642273,247.824923049251,3.46745057E+00,2933.93555385093,7.84577111E+00,6.12316903E+00,2.26294890E+01,0.00000000E+00,9.79287626E-01,2.07123744E-02
1.21148597E+01,3.61194250E+00,2.39443635E+00,4092.06477760981,247.991245622605,3.46739476E+00,2933.55854601534,7.84579946E+00,6.12342697E+00,2.26298845E+01,0.00000000E+00,9.79287572E-01,2.07124280E-02
1.21148681E+01,3.61234024E+00,2.39476170E+00,4095.81413071591,248.17709689336,3.46733152E+00,2933.13140557569,7.84582770E+00,6.12368463E+00,2.26302795E+01,0.00000000E+00,9.79287518E-01,2.07124819E-02
1.21148764E+01,3.61269015E+00,2.39504732E+00,4099.11544787882,248.340367806376,3.46727619E+00,2932.75774247421,7.84585592E+00,6.12394215E+00,2.26306743E+01,0.00000000E+00,9.79287464E-01,2.07125360E-02
1.21148848E+01,3.61307655E+00,2.39536443E+00,4102.76413119434,248.521765395598,3.46721424E+00,2932.33942865228,7.84588400E+00,6.12419933E+00,2.26310687E+01,0.00000000E+00,9.79287410E-01,2.07125904E-02
1.21148931E+01,3.61344855E+00,2.39566907E+00,4106.27990715144,248.696154510842,3.46715492E+00,2931.93892967501,7.84591209E+00,6.12445640E+00,2.26314629E+01,0.00000000E+00,9.79287355E-01,2.07126452E-02
1.21149014E+01,3.61379272E+00,2.39594911E+00,4109.53534453899,248.856569466363,3.46710093E+00,2931.5744637413,7.84594013E+00,6.12471330E+00,2.26318568E+01,0.00000000E+00,9.79287300E-01,2.07127001E-02
1.21149097E+01,3.61419640E+00,2.39628251E+00,4113.35696450728,249.047685491742,3.46703516E+00,2931.13053672494,7.84596803E+00,6.12496987E+00,2.26322502E+01,0.00000000E+00,9.79287245E-01,2.07127554E-02
1.21149180E+01,3.61454507E+00,2.39656590E+00,4116.66066765486,249.21024950887,3.46698063E+00,2930.7625271811,7.84599592E+00,6.12522630E+00,2.26326435E+01,0.00000000E+00,9.79287189E-01,2.07128110E-02
1.21149263E+01,3.61492916E+00,2.39688118E+00,4120.30305239707,249.391231624253,3.46691901E+00,2930.34672457879,7.84602367E+00,6.12548242E+00,2.26330362E+01,0.00000000E+00,9.79287133E-01,2.07128668E-02
1.21149346E+01,3.61529549E+00,2.39717911E+00,4123.78001894661,249.562374993999,3.46686163E+00,2929.9595859095,7.84605133E+00,6.12573832E+00,2.26334286E+01,0.00000000E+00,9.79287077E-01,2.07129229E-02
1.21149429E+01,3.61565135E+00,2.39746508E+00,4127.16042052072,249.726758510597,3.46680761E+00,2929.59516365646,7.84607910E+00,6.12599428E+00,2.26338210E+01,0.00000000E+00,9.79287021E-01,2.07129793E-02
1.21149512E+01,3.61604147E+00,2.39778260E+00,4130.86945037356,249.909404703547,3.46674638E+00,2929.18215710249,7.84610659E+00,6.12624971E+00,2.26342127E+01,0.00000000E+00,9.79286964E-01,2.07130360E-02
1.21149595E+01,3.61636433E+00,2.39804148E+00,4133.94153263833,250.058418416143,3.46669765E+00,2928.85350674024,7.84613423E+00,6.12650528E+00,2.26346045E+01,0.00000000E+00,9.79286907E-01,2.07130929E-02
1.21149677E+01,3.61677881E+00,2.39838080E+00,4137.88874829207,250.253868696656,3.46663162E+00,2928.40823860028,7.84616165E+00,6.12676043E+00,2.26349956E+01,0.00000000E+00,9.79286850E-01,2.07131502E-02
1.21149760E+01,3.61712136E+00,2.39865689E+00,4141.15379769435,250.413010845448,3.46657921E+00,2928.05486405418,7.84618908E+00,6.12701546E+00,2.26353866E+01,0.00000000E+00,9.79286792E-01,2.07132077E-02
1.21149842E+01,3.61750969E+00,2.39897372E+00,4144.8583196319,250.595760809698,3.46651787E+00,2927.64133312171,7.84621643E+00,6.12727030E+00,2.26357772E+01,0.00000000E+00,9.79286734E-01,2.07132656E-02
1.21149925E+01,3.61785382E+00,2.39925208E+00,4148.14395972634,250.756431042872,3.46646473E+00,2927.28313068237,7.84624368E+00,6.12752486E+00,2.26361674E+01,0.00000000E+00,9.79286676E-01,2.07133237E-02
1.21150007E+01,3.61824246E+00,2.39956940E+00,4151.85769840316,250.939714759955,3.46640323E+00,2926.86863044381,7.84627090E+00,6.12777929E+00,2.26365574E+01,0.00000000E+00,9.79286618E-01,2.07133821E-02
1.21150089E+01,3.61857768E+00,2.39984048E+00,4155.06364062561,251.096396401405,3.46635149E+00,2926.51995651661,7.84629804E+00,6.12803348E+00,2.26369470E+01,0.00000000E+00,9.79286559E-01,2.07134408E-02
1.21150172E+01,3.61896832E+00,2.40015879E+00,4158.80272628514,251.280501415225,3.46629000E+00,2926.10563171879,7.84632504E+00,6.12828736E+00,2.26373361E+01,0.00000000E+00,9.79286500E-01,2.07134998E-02
1.21150254E+01,3.61932250E+00,2.40044757E+00,4162.19573632205,251.447643566931,3.46623415E+00,2925.72936055085,7.84635210E+00,6.12854122E+00,2.26377252E+01,0.00000000E+00,9.79286441E-01,2.07135590E-02
1.21150336E+01,3.61969821E+00,2.40075911E+00,4165.79802747729,251.628083581536,3.46617231E+00,2925.31279015788,7.84637897E+00,6.12879470E+00,2.26381136E+01,0.00000000E+00,9.79286381E-01,2.07136186E-02
1.21150418E+01,3.62004050E+00,2.40103787E+00,4169.08260310769,251.789647598319,3.46611850E+00,2924.95036020213,7.84640592E+00,6.12904818E+00,2.26385020E+01,0.00000000E+00,9.79286322E-01,2.07136785E-02
1.21150500E+01,3.62042983E+00,2.40135876E+00,4172.82171738029,251.975757807315,3.46605539E+00,2924.5253485721,7.84643264E+00,6.12930121E+00,2.26388898E+01,0.00000000E+00,9.79286261E-01,2.07137386E-02
1.21150582E+01,3.62074642E+00,2.40161512E+00,4175.86471082068,252.124540665663,3.46600636E+00,2924.19520073443,7.84645952E+00,6.12955439E+00,2.26392777E+01,0.00000000E+00,9.79286201E-01,2.07137991E-02
1.21150664E+01,3.62115789E+00,2.40195623E+00,4179.82298648718,252.322645843272,3.46593867E+00,2923.7394653829,7.84648614E+00,6.12980706E+00,2.26396648E+01,0.00000000E+00,9.79286140E-01,2.07138598E-02
1.21150745E+01,3.62146868E+00,2.40220658E+00,4182.81522369802,252.468139713135,3.46589119E+00,2923.41983995004,7.84651285E+00,6.13005975E+00,2.26400520E+01,0.00000000E+00,9.79286079E-01,2.07139209E-02
1.21150827E+01,3.62188241E+00,2.40254757E+00,4186.80187511164,252.666445057077,3.46582413E+00,2922.96846557697,7.84653933E+00,6.13031199E+00,2.26404385E+01,0.00000000E+00,9.79286018E-01,2.07139822E-02
1.21150909E+01,3.62219866E+00,2.40280166E+00,4189.8517833108,252.814314311507,3.46577615E+00,2922.64555960841,7.84656589E+00,6.13056423E+00,2.26408249E+01,0.00000000E+00,9.79285956E-01,2.07140439E-02
1.21150990E+01,3.62260361E+00,2.40313268E+00,4193.76035644664,253.007083271163,3.46571188E+00,2922.213077641,7.84659224E+00,6.13081605E+00,2.26412106E+01,0.00000000E+00,9.79285894E-01,2.07141058E-02
1.21151072E+01,3.62293202E+00,2.40339635E+00,4196.93284370744,253.160736230652,3.46566214E+00,2921.87841403993,7.84661863E+00,6.13106780E+00,2.26415963E+01,0.00000000E+00,9.79285832E-01,2.07141681E-02
1.21151153E+01,3.62331928E+00,2.40371193E+00,4200.67691400398,253.344762283076,3.46560117E+00,2921.46824437393,7.84664487E+00,6.13131922E+00,2.26419814E+01,0.00000000E+00,9.79285769E-01,2.07142306E-02
1.21151234E+01,3.62367030E+00,2.40399741E+00,4204.07349794867,253.511351180806,3.46554618E+00,2921.09835395372,7.84667105E+00,6.13157043E+00,2.26423662E+01,0.00000000E+00,9.79285707E-01,2.07142935E-02
1.21151316E+01,3.62401871E+00,2.40427974E+00,4207.44754253207,253.676209663906,3.46549212E+00,2920.73476483257,7.84669715E+00,6.13182140E+00,2.26427506E+01,0.00000000E+00,9.79285643E-01,2.07143566E-02
1.21151397E+01,3.62439883E+00,2.40458970E+00,4211.13175945552,253.857325351982,3.46543217E+00,2920.33161450085,7.84672324E+00,6.13207224E+00,2.26431348E+01,0.00000000E+00,9.79285580E-01,2.07144201E-02
1.21151478E+01,3.62473387E+00,2.40486138E+00,4214.38172464658,254.016179626078,3.46538009E+00,2919.98143332674,7.84674922E+00,6.13232280E+00,2.26435185E+01,0.00000000E+00,9.79285516E-01,2.07144839E-02
1.21151559E+01,3.62510727E+00,2.40516645E+00,4218.00674613802,254.194675883543,3.46532090E+00,2919.58349614121,7.84677514E+00,6.13257316E+00,2.26439019E+01,0.00000000E+00,9.79285452E-01,2.07145479E-02
1.21151640E+01,3.62546933E+00,2.40546150E+00,4221.52465471082,254.367428761437,3.46526389E+00,2919.20026647136,7.84680106E+00,6.13282339E+00,2.26442851E+01,0.00000000E+00,9.79285388E-01,2.07146123E-02
1.21151721E+01,3.62578897E+00,2.40571997E+00,4224.63283334319,254.518860383013,3.46521457E+00,2918.86877070455,7.84682689E+00,6.13307337E+00,2.26446679E+01,0.00000000E+00,9.79285323E-01,2.07146770E-02
1.21151802E+01,3.62618806E+00,2.40604677E+00,4228.5167961712,254.710454035516,3.46515094E+00,2918.44114838264,7.84685257E+00,6.13332302E+00,2.26450501E+01,0.00000000E+00,9.79285258E-01,2.07147420E-02
1.21151883E+01,3.62652809E+00,2.40632837E+00,4231.82880137325,254.875663877866,3.46509515E+00,2918.06626594484,7.84687823E+00,6.13357250E+00,2.26454321E+01,0.00000000E+00,9.79285193E-01,2.07148073E-02
1.21151963E+01,3.62687248E+00,2.40661009E+00,4235.18591868437,255.041051348766,3.46504039E+00,2917.69835144979,7.84690388E+00,6.13382184E+00,2.26458139E+01,0.00000000E+00,9.79285127E-01,2.07148729E-02
1.21152044E+01,3.62724989E+00,2.40692066E+00,4238.86797384691,255.22349996549,3.46497945E+00,2917.28897009496,7.84692935E+00,6.13407079E+00,2.26461951E+01,0.00000000E+00,9.79285061E-01,2.07149389E-02
1.21152125E+01,3.62760339E+00,2.40721068E+00,4242.3196636441,255.393994049898,3.46492282E+00,2916.90859385102,7.84695481E+00,6.13431960E+00,2.26465760E+01,0.00000000E+00,9.79284995E-01,2.07150051E-02
1.21152205E+01,3.62792131E+00,2.40746965E+00,4245.42633918473,255.546331021212,3.46487281E+00,2916.57272451286,7.84698033E+00,6.13456838E+00,2.26469568E+01,0.00000000E+00,9.79284928E-01,2.07150717E-02
1.21152286E+01,3.62831738E+00,2.40779563E+00,4249.29986983802,255.738215255891,3.46480884E+00,2916.14315558012,7.84700560E+00,6.13481668E+00,2.26473369E+01,0.00000000E+00,9.79284861E-01,2.07151385E-02
1.21152366E+01,3.62866463E+00,2.40807981E+00,4252.6988525814,255.905611969056,3.46475356E+00,2915.77199236901,7.84703082E+00,6.13506474E+00,2.26477166E+01,0.00000000E+00,9.79284794E-01,2.07152057E-02
1.21152447E+01,3.62898237E+00,2.40833686E+00,4255.81136497632,256.057122087686,3.46470447E+00,2915.44242990896,7.84705613E+00,6.13531283E+00,2.26480964E+01,0.00000000E+00,9.79284727E-01,2.07152732E-02
1.21152527E+01,3.62937721E+00,2.40865829E+00,4259.68230673341,256.246705214522,3.46464247E+00,2915.02625025135,7.84708119E+00,6.13556043E+00,2.26484754E+01,0.00000000E+00,9.79284659E-01,2.07153410E-02
1.21152607E+01,3.62972559E+00,2.40894199E+00,4263.10068654677,256.41415136673,3.46458771E+00,2914.65871904638,7.84710619E+00,6.13580778E+00,2.26488540E+01,0.00000000E+00,9.79284591E-01,2.07154092E-02
1.21152687E+01,3.63005220E+00,2.40920516E+00,4266.30794583534,256.569578075532,3.46453778E+00,2914.32364560972,7.84713126E+00,6.13605511E+00,2.26492325E+01,0.00000000E+00,9.79284522E-01,2.07154776E-02
1.21152767E+01,3.63042450E+00,2.40950884E+00,4269.96681675348,256.749046846332,3.46447902E+00,2913.9293645854,7.84715615E+00,6.13630205E+00,2.26496104E+01,0.00000000E+00,9.79284454E-01,2.07155464E-02
1.21152847E+01,3.63078340E+00,2.40980047E+00,4273.49696634669,256.921512472569,3.46442293E+00,2913.5530490878,7.84718092E+00,6.13654867E+00,2.26499878E+01,0.00000000E+00,9.79284385E-01,2.07156155E-02
1.21152927E+01,3.63112879E+00,2.41008085E+00,4276.89698699507,257.087434248554,3.46436909E+00,2913.19187486227,7.84720570E+00,6.13679516E+00,2.26503650E+01,0.00000000E+00,9.79284315E-01,2.07156849E-02
1.21153007E+01,3.63144916E+00,2.41034028E+00,4280.05312885103,257.241053786958,3.46431946E+00,2912.85898218718,7.84723049E+00,6.13704157E+00,2.26507421E+01,0.00000000E+00,9.79284245E-01,2.07157546E-02
1.21153087E+01,3.63183068E+00,2.41065260E+00,4283.81473162536,257.426113521153,3.46425868E+00,2912.45135282929,7.84725499E+00,6.13728738E+00,2.26511182E+01,0.00000000E+00,9.79284175E-01,2.07158247E-02
1.21153167E+01,3.63218394E+00,2.41094079E+00,4287.30065210061,257.596993546071,3.46420290E+00,2912.07730685159,7.84727958E+00,6.13753319E+00,2.26514943E+01,0.00000000E+00,9.79284105E-01,2.07158951E-02
1.21153246E+01,3.63252792E+00,2.41122056E+00,4290.69772465199,257.762989504436,3.46414901E+00,2911.71598034052,7.84730406E+00,6.13777871E+00,2.26518700E+01,0.00000000E+00,9.79284034E-01,2.07159658E-02
1.21153326E+01,3.63284917E+00,2.41148014E+00,4293.87275133847,257.917101794244,3.46409953E+00,2911.38426187335,7.84732847E+00,6.13802398E+00,2.26522452E+01,0.00000000E+00,9.79283963E-01,2.07160368E-02
1.21153406E+01,3.63321980E+00,2.41178516E+00,4297.53873695345,258.098309501044,3.46403968E+00,2910.9830724743,7.84735279E+00,6.13826898E+00,2.26526200E+01,0.00000000E+00,9.79283892E-01,2.07161082E-02
1.21153485E+01,3.63357527E+00,2.41208253E+00,4301.05771202272,258.275095022968,3.46397987E+00,2910.58220643376,7.84737708E+00,6.13851380E+00,2.26529946E+01,0.00000000E+00,9.79283820E-01,2.07161799E-02
1.21153565E+01,3.63392578E+00,2.41237050E+00,4304.53040699532,258.446407682791,3.46392350E+00,2910.20444692165,7.84740116E+00,6.13875814E+00,2.26533683E+01,0.00000000E+00,9.79283748E-01,2.07162519E-02
1.21153644E+01,3.63426157E+00,2.41264592E+00,4307.85989253464,258.610360687383,3.46386974E+00,2909.84422381362,7.84742531E+00,6.13900245E+00,2.26537421E+01,0.00000000E+00,9.79283676E-01,2.07163242E-02
1.21153723E+01,3.63458256E+00,2.41290824E+00,4311.04503796358,258.766612181533,3.46381883E+00,2909.50313846,7.84744942E+00,6.13924659E+00,2.26541155E+01,0.00000000E+00,9.79283603E-01,2.07163969E-02
1.21153803E+01,3.63495556E+00,2.41321479E+00,4314.74923085407,258.949329003636,3.46375881E+00,2909.10106954298,7.84747338E+00,6.13949034E+00,2.26544883E+01,0.00000000E+00,9.79283530E-01,2.07164699E-02
1.21153882E+01,3.63530521E+00,2.41350081E+00,4318.22442936917,259.119925418014,3.46370321E+00,2908.72865940889,7.84749721E+00,6.13973375E+00,2.26548606E+01,0.00000000E+00,9.79283457E-01,2.07165432E-02
1.21153961E+01,3.63565568E+00,2.41378769E+00,4321.71058678881,259.291147675536,3.46364739E+00,2908.35482366712,7.84752100E+00,6.13997695E+00,2.26552326E+01,0.00000000E+00,9.79283383E-01,2.07166168E-02
1.21154040E+01,3.63600066E+00,2.41406670E+00,4325.14488329442,259.45778130747,3.46359413E+00,2907.99817745889,7.84754472E+00,6.14021989E+00,2.26556041E+01,0.00000000E+00,9.79283309E-01,2.07166908E-02
1.21154119E+01,3.63633885E+00,2.41434211E+00,4328.51423398955,259.622369928346,3.46354097E+00,2907.64224449482,7.84756838E+00,6.14046261E+00,2.26559753E+01,0.00000000E+00,9.79283235E-01,2.07167651E-02
1.21154198E+01,3.63666301E+00,2.41460355E+00,4331.7462689696,259.778706491412,3.46349129E+00,2907.30965126384,7.84759203E+00,6.14070516E+00,2.26563462E+01,0.00000000E+00,9.79283160E-01,2.07168398E-02
1.21154277E+01,3.63700889E+00,2.41488470E+00,4335.19752438005,259.946934347058,3.46343719E+00,2906.94751068278,7.84761555E+00,6.14094739E+00,2.26567166E+01,0.00000000E+00,9.79283085E-01,2.07169148E-02
1.21154356E+01,3.63735555E+00,2.41516766E+00,4338.65932182389,260.116355223149,3.46338237E+00,2906.58059649932,7.84763895E+00,6.14118927E+00,2.26570865E+01,0.00000000E+00,9.79283010E-01,2.07169901E-02
1.21154434E+01,3.63770240E+00,2.41544974E+00,4342.12578326782,260.285359109377,3.46332804E+00,2906.21700761369,7.84766231E+00,6.14143093E+00,2.26574560E+01,0.00000000E+00,9.79282934E-01,2.07170657E-02
1.21154513E+01,3.63804870E+00,2.41573186E+00,4345.58951095991,260.454496790262,3.46327356E+00,2905.85246056393,7.84768557E+00,6.14167229E+00,2.26578250E+01,0.00000000E+00,9.79282858E-01,2.07171417E-02
1.21154592E+01,3.63839441E+00,2.41601386E+00,4349.05009338053,260.623672366584,3.46321898E+00,2905.4872902286,7.84770874E+00,6.14191337E+00,2.26581936E+01,0.00000000E+00,9.79282782E-01,2.07172180E-02
1.21154670E+01,3.63873933E+00,2.41629557E+00,4352.50551421533,260.792783684831,3.46316436E+00,2905.12189821157,7.84773182E+00,6.14215415E+00,2.26585617E+01,0.00000000E+00,9.79282705E-01,2.07172947E-02
1.21154749E+01,3.63908320E+00,2.41657651E+00,4355.9531489987,260.961542051871,3.46310986E+00,2904.75735475999,7.84775481E+00,6.14239464E+00,2.26589294E+01,0.00000000E+00,9.79282628E-01,2.07173717E-02
1.21154827E+01,3.63942586E+00,2.41685623E+00,4359.39136882648,261.129676067578,3.46305566E+00,2904.39486333662,7.84777772E+00,6.14263484E+00,2.26592966E+01,0.00000000E+00,9.79282551E-01,2.07174490E-02
1.21154906E+01,3.63976653E+00,2.41713361E+00,4362.81231141175,261.296510527547,3.46300214E+00,2904.03696416455,7.84780054E+00,6.14287475E+00,2.26596633E+01,0.00000000E+00,9.79282473E-01,2.07175267E-02
1.21154984E+01,3.64010466E+00,2.41741379E+00,4366.21040236628,261.465137299831,3.46294658E+00,2903.66546975208,7.84782328E+00,6.14311439E+00,2.26600296E+01,0.00000000E+00,9.79282395E-01,2.07176047E-02
1.21155062E+01,3.64043990E+00,2.41769120E+00,4369.58206265969,261.632204157236,3.46289169E+00,2903.29850187054,7.84784594E+00,6.14335375E+00,2.26603955E+01,0.00000000E+00,9.79282317E-01,2.07176831E-02
1.21155140E+01,3.64077045E+00,2.41796214E+00,4372.90910276225,261.795477578151,3.46283886E+00,2902.94534994818,7.84786846E+00,6.14359271E+00,2.26607607E+01,0.00000000E+00,9.79282238E-01,2.07177617E-02
1.21155218E+01,3.64109861E+00,2.41823109E+00,4376.21459294807,261.957652560471,3.46278642E+00,2902.59484753533,7.84789098E+00,6.14383154E+00,2.26611258E+01,0.00000000E+00,9.79282159E-01,2.07178408E-02
1.21155297E+01,3.64142264E+00,2.41849605E+00,4379.48093411546,262.117519838502,3.46273495E+00,2902.2508696342,7.84791346E+00,6.14407016E+00,2.26614905E+01,0.00000000E+00,9.79282080E-01,2.07179201E-02
1.21155375E+01,3.64177327E+00,2.41878306E+00,4383.01815945254,262.290801371038,3.46267910E+00,2901.87766597657,7.84793580E+00,6.14430839E+00,2.26618545E+01,0.00000000E+00,9.79282000E-01,2.07179999E-02
1.21155453E+01,3.64209846E+00,2.41904906E+00,4386.30129448974,262.451500451659,3.46262740E+00,2901.53223643038,7.84795813E+00,6.14454645E+00,2.26622183E+01,0.00000000E+00,9.79281920E-01,2.07180799E-02
1.21155530E+01,3.64245193E+00,2.41933961E+00,4389.87273528892,262.627143478063,3.46257049E+00,2901.15204421553,7.84798025E+00,6.14478402E+00,2.26625814E+01,0.00000000E+00,9.79281840E-01,2.07181603E-02
1.21155608E+01,3.64277708E+00,2.41960217E+00,4393.16060017626,262.785967119469,3.46252050E+00,2900.81812276314,7.84800235E+00,6.14502137E+00,2.26629441E+01,0.00000000E+00,9.79281759E-01,2.07182411E-02
1.21155686E+01,3.64312808E+00,2.41988781E+00,4396.71262013155,262.958861035415,3.46246543E+00,2900.45031259559,7.84802427E+00,6.14525830E+00,2.26633061E+01,0.00000000E+00,9.79281678E-01,2.07183221E-02
1.21155764E+01,3.64345137E+00,2.42014982E+00,4399.98676351919,263.117552064843,3.46241524E+00,2900.11513635954,7.84804607E+00,6.14549485E+00,2.26636675E+01,0.00000000E+00,9.79281596E-01,2.07184036E-02
1.21155841E+01,3.64377461E+00,2.42041181E+00,4403.26283815109,263.276326737181,3.46236506E+00,2899.78006562639,7.84806796E+00,6.14573141E+00,2.26640290E+01,0.00000000E+00,9.79281515E-01,2.07184853E-02
1.21155919E+01,3.64412211E+00,2.42069497E+00,4406.78751145541,263.448038872952,3.46231035E+00,2899.41479049238,7.84808958E+00,6.14596736E+00,2.26643895E+01,0.00000000E+00,9.79281433E-01,2.07185675E-02
1.21155997E+01,3.64446497E+00,2.42097433E+00,4410.26788661873,263.617556384398,3.46225639E+00,2899.05456785634,7.84811106E+00,6.14620292E+00,2.26647493E+01,0.00000000E+00,9.79281350E-01,2.07186499E-02
1.21156074E+01,3.64478644E+00,2.42123551E+00,4413.53362848484,263.776140809738,3.46220616E+00,2898.71928593073,7.84813255E+00,6.14643831E+00,2.26651089E+01,0.00000000E+00,9.79281267E-01,2.07187327E-02
1.21156151E+01,3.64513054E+00,2.42151639E+00,4417.03194308569,263.946793234215,3.46215175E+00,2898.35614653222,7.84815387E+00,6.14667327E+00,2.26654679E+01,0.00000000E+00,9.79281184E-01,2.07188159E-02
1.21156229E+01,3.64544251E+00,2.42176986E+00,4420.20600252948,264.10088711212,3.46210301E+00,2898.03088807794,7.84817517E+00,6.14690803E+00,2.26658265E+01,0.00000000E+00,9.79281101E-01,2.07188994E-02
1.21156306E+01,3.64578150E+00,2.42204706E+00,4423.65755588829,264.269510333577,3.46204916E+00,2897.67157131242,7.84819631E+00,6.14714237E+00,2.26661844E+01,0.00000000E+00,9.79281017E-01,2.07189832E-02
1.21156383E+01,3.64611611E+00,2.42232020E+00,4427.06715579421,264.435769129498,3.46199624E+00,2897.31850342053,7.84821734E+00,6.14737636E+00,2.26665418E+01,0.00000000E+00,9.79280933E-01,2.07190674E-02
1.21156460E+01,3.64644941E+00,2.42259316E+00,4430.46601968208,264.602022854751,3.46194309E+00,2896.96394433154,7.84823825E+00,6.14760998E+00,2.26668986E+01,0.00000000E+00,9.79280848E-01,2.07191519E-02
1.21156538E+01,3.64677791E+00,2.42286791E+00,4433.81848839099,264.769472384421,3.46188783E+00,2896.59535562063,7.84825907E+00,6.14784327E+00,2.26672549E+01,0.00000000E+00,9.79280763E-01,2.07192368E-02
1.21156615E+01,3.64710973E+00,2.42314226E+00,4437.20741433237,264.936783866175,3.46183361E+00,2896.23374937561,7.84827979E+00,6.14807624E+00,2.26676107E+01,0.00000000E+00,9.79280678E-01,2.07193220E-02
1.21156692E+01,3.64744059E+00,2.42341426E+00,4440.58911469921,265.102766579536,3.46178033E+00,2895.87845619231,7.84830035E+00,6.14830876E+00,2.26679658E+01,0.00000000E+00,9.79280592E-01,2.07194076E-02
1.21156769E+01,3.64777179E+00,2.42368633E+00,4443.97687143411,265.268896037245,3.46172709E+00,2895.52347328189,7.84832078E+00,6.14854090E+00,2.26683203E+01,0.00000000E+00,9.79280507E-01,2.07194935E-02
1.21156845E+01,3.64810306E+00,2.42395794E+00,4447.36792954346,265.43484845588,3.46167411E+00,2895.17026714323,7.84834109E+00,6.14877265E+00,2.26686742E+01,0.00000000E+00,9.79280420E-01,2.07195798E-02
1.21156922E+01,3.64843440E+00,2.42422865E+00,4450.76229264,265.600354283227,3.46162159E+00,2894.82017025037,7.84836125E+00,6.14900400E+00,2.26690275E+01,0.00000000E+00,9.79280334E-01,2.07196664E-02
1.21156999E+01,3.64876563E+00,2.42449960E+00,4454.15811824639,265.766110175685,3.46156892E+00,2894.46911597839,7.84838128E+00,6.14923494E+00,2.26693801E+01,0.00000000E+00,9.79280247E-01,2.07197533E-02
1.21157076E+01,3.64909653E+00,2.42476937E+00,4457.55314770004,265.93124696351,3.46151676E+00,2894.12150289683,7.84840116E+00,6.14946546E+00,2.26697321E+01,0.00000000E+00,9.79280159E-01,2.07198406E-02
1.21157152E+01,3.64942902E+00,2.42503926E+00,4460.96709696128,266.096559886138,3.46146494E+00,2893.77619703762,7.84842089E+00,6.14969554E+00,2.26700833E+01,0.00000000E+00,9.79280072E-01,2.07199282E-02
1.21157229E+01,3.64975811E+00,2.42530662E+00,4464.3487103145,266.260424458186,3.46141353E+00,2893.43366395119,7.84844040E+00,6.14992507E+00,2.26704338E+01,0.00000000E+00,9.79279984E-01,2.07200162E-02
1.21157306E+01,3.65008353E+00,2.42557114E+00,4467.69513272202,266.422647705042,3.46136263E+00,2893.09456882221,7.84845984E+00,6.15015432E+00,2.26707837E+01,0.00000000E+00,9.79279895E-01,2.07201045E-02
1.21157382E+01,3.65040195E+00,2.42582986E+00,4470.97199943265,266.581409572124,3.46131287E+00,2892.76310677328,7.84847915E+00,6.15038317E+00,2.26711331E+01,0.00000000E+00,9.79279807E-01,2.07201932E-02
1.21157458E+01,3.65070746E+00,2.42607574E+00,4474.1182682996,266.732379935006,3.46126631E+00,2892.45299500274,7.84849847E+00,6.15061182E+00,2.26714821E+01,0.00000000E+00,9.79279718E-01,2.07202822E-02
1.21157535E+01,3.65104095E+00,2.42634860E+00,4477.55521438969,266.900016109149,3.46121325E+00,2892.09963066733,7.84851750E+00,6.15083984E+00,2.26718302E+01,0.00000000E+00,9.79279628E-01,2.07203715E-02
1.21157611E+01,3.65137334E+00,2.42662005E+00,4480.98345104215,267.066890566617,3.46116062E+00,2891.74917265459,7.84853630E+00,6.15106729E+00,2.26721773E+01,0.00000000E+00,9.79279539E-01,2.07204612E-02
1.21157687E+01,3.65170302E+00,2.42688945E+00,4484.3863298382,267.232607938446,3.46110834E+00,2891.40108730257,7.84855497E+00,6.15129432E+00,2.26725239E+01,0.00000000E+00,9.79279449E-01,2.07205513E-02
1.21157764E+01,3.65202663E+00,2.42715375E+00,4487.72906875244,267.395288048874,3.46105709E+00,2891.05990046089,7.84857350E+00,6.15152092E+00,2.26728697E+01,0.00000000E+00,9.79279358E-01,2.07206416E-02
1.21157840E+01,3.65234139E+00,2.42741022E+00,4490.98278176991,267.553243366731,3.46100755E+00,2890.73013587716,7.84859186E+00,6.15174706E+00,2.26732148E+01,0.00000000E+00,9.79279268E-01,2.07207323E-02
1.21157916E+01,3.65263713E+00,2.42764995E+00,4494.04203217086,267.700973185348,3.46096162E+00,2890.42443497574,7.84861012E+00,6.15197284E+00,2.26735594E+01,0.00000000E+00,9.79279177E-01,2.07208234E-02
1.21157992E+01,3.65296274E+00,2.42791593E+00,4497.41267991526,267.864974608665,3.46091004E+00,2890.08116734164,7.84862817E+00,6.15219808E+00,2.26739031E+01,0.00000000E+00,9.79279085E-01,2.07209148E-02
1.21158068E+01,3.65329784E+00,2.42819340E+00,4500.88420587572,268.036167763439,3.46085507E+00,2889.71538395129,7.84864606E+00,6.15242285E+00,2.26742461E+01,0.00000000E+00,9.79278994E-01,2.07210065E-02
1.21158144E+01,3.65362743E+00,2.42846893E+00,4504.30126395523,268.206272244034,3.46079971E+00,2889.34705219788,7.84866367E+00,6.15264697E+00,2.26745880E+01,0.00000000E+00,9.79278901E-01,2.07210985E-02
1.21158220E+01,3.65394981E+00,2.42873522E+00,4507.6460813232,268.370774791652,3.46074715E+00,2888.99739338762,7.84868109E+00,6.15287058E+00,2.26749292E+01,0.00000000E+00,9.79278809E-01,2.07211909E-02
1.21158295E+01,3.65425926E+00,2.42898864E+00,4510.85908128151,268.52742050379,3.46069781E+00,2888.6691943418,7.84869834E+00,6.15309367E+00,2.26752696E+01,0.00000000E+00,9.79278716E-01,2.07212837E-02
1.21158371E+01,3.65454805E+00,2.42922352E+00,4513.85963566434,268.672687786265,3.46065256E+00,2888.3682338711,7.84871546E+00,6.15331637E+00,2.26756093E+01,0.00000000E+00,9.79278623E-01,2.07213767E-02
1.21158447E+01,3.65488916E+00,2.42950356E+00,4517.40637079161,268.845988082547,3.46059783E+00,2888.00426324803,7.84873232E+00,6.15353844E+00,2.26759481E+01,0.00000000E+00,9.79278530E-01,2.07214701E-02
1.21158522E+01,3.65521664E+00,2.42977113E+00,4520.81400822751,269.011675854996,3.46054591E+00,2887.65902234591,7.84874889E+00,6.15375982E+00,2.26762858E+01,0.00000000E+00,9.79278436E-01,2.07215638E-02
1.21158598E+01,3.65553632E+00,2.43003388E+00,4524.14296108539,269.174478300783,3.46049445E+00,2887.31688092803,7.84876524E+00,6.15398063E+00,2.26766226E+01,0.00000000E+00,9.79278342E-01,2.07216579E-02
1.21158674E+01,3.65583597E+00,2.43027749E+00,4527.2655594243,269.325509437534,3.46044756E+00,2887.00515930654,7.84878139E+00,6.15420088E+00,2.26769586E+01,0.00000000E+00,9.79278248E-01,2.07217522E-02
1.21158749E+01,3.65614655E+00,2.43052636E+00,4530.50433192796,269.479889128572,3.46040077E+00,2886.69413602508,7.84879730E+00,6.15442055E+00,2.26772936E+01,0.00000000E+00,9.79278153E-01,2.07218469E-02
1.21158824E+01,3.65647959E+00,2.43079817E+00,4533.97989494427,269.648600125358,3.46034813E+00,2886.34426657727,7.84881294E+00,6.15463954E+00,2.26776276E+01,0.00000000E+00,9.79278058E-01,2.07219419E-02
1.21158900E+01,3.65679383E+00,2.43105391E+00,4537.26170827118,269.807432999909,3.46029882E+00,2886.01656829382,7.84882829E+00,6.15485785E+00,2.26779605E+01,0.00000000E+00,9.79277963E-01,2.07220372E-02
1.21158975E+01,3.65708484E+00,2.43128806E+00,4540.30303406152,269.952938979497,3.46025449E+00,2885.72199723541,7.84884343E+00,6.15507557E+00,2.26782926E+01,0.00000000E+00,9.79277867E-01,2.07221329E-02
1.21159050E+01,3.65741345E+00,2.43155607E+00,4543.73976568763,270.119582625632,3.46020264E+00,2885.37749423026,7.84885822E+00,6.15529252E+00,2.26786234E+01,0.00000000E+00,9.79277771E-01,2.07222288E-02
1.21159126E+01,3.65773271E+00,2.43181642E+00,4547.08120276848,270.281561927274,3.46015228E+00,2885.04293049025,7.84887273E+00,6.15550879E+00,2.26789532E+01,0.00000000E+00,9.79277675E-01,2.07223251E-02
1.21159201E+01,3.65802921E+00,2.43205623E+00,4550.18662998439,270.430848005194,3.46010650E+00,2884.7388273763,7.84888688E+00,6.15572422E+00,2.26792816E+01,0.00000000E+00,9.79277578E-01,2.07224217E-02
1.21159276E+01,3.65833701E+00,2.43230697E+00,4553.4126527163,270.587026386119,3.46005808E+00,2884.4172223971,7.84890088E+00,6.15593919E+00,2.26796094E+01,0.00000000E+00,9.79277481E-01,2.07225185E-02
1.21159351E+01,3.65866376E+00,2.43257468E+00,4556.83979140875,270.753874428181,3.46000591E+00,2884.07075009581,7.84891434E+00,6.15615305E+00,2.26799354E+01,0.00000000E+00,9.79277384E-01,2.07226157E-02
1.21159426E+01,3.65896466E+00,2.43281958E+00,4559.99808206256,270.906596430561,3.45995869E+00,2883.75718770174,7.84892755E+00,6.15636627E+00,2.26802604E+01,0.00000000E+00,9.79277287E-01,2.07227132E-02
1.21159501E+01,3.65925183E+00,2.43305238E+00,4563.01430202395,271.051852620975,3.45991408E+00,2883.46098821807,7.84894055E+00,6.15657889E+00,2.26805845E+01,0.00000000E+00,9.79277189E-01,2.07228110E-02
1.21159576E+01,3.65958650E+00,2.43332717E+00,4566.53194410589,271.223408811909,3.45986035E+00,2883.10427455478,7.84895292E+00,6.15679028E+00,2.26809067E+01,0.00000000E+00,9.79277091E-01,2.07229090E-02
1.21159650E+01,3.65989062E+00,2.43358128E+00,4569.73083361312,271.38215074918,3.45980933E+00,2882.76559343795,7.84896499E+00,6.15700090E+00,2.26812277E+01,0.00000000E+00,9.79276993E-01,2.07230074E-02
1.21159725E+01,3.66016017E+00,2.43380216E+00,4572.56797139229,271.520209457884,3.45976627E+00,2882.47978337581,7.84897673E+00,6.15721076E+00,2.26815475E+01,0.00000000E+00,9.79276894E-01,2.07231060E-02
1.21159800E+01,3.66050060E+00,2.43408505E+00,4576.15367104891,271.697129444174,3.45970994E+00,2882.10593668113,7.84898796E+00,6.15741954E+00,2.26818657E+01,0.00000000E+00,9.79276795E-01,2.07232049E-02
1.21159875E+01,3.66080729E+00,2.43433720E+00,4579.38639974409,271.854921738995,3.45966054E+00,2881.77812239373,7.84899870E+00,6.15762727E+00,2.26821822E+01,0.00000000E+00,9.79276696E-01,2.07233041E-02
1.21159949E+01,3.66108052E+00,2.43455839E+00,4582.26835997124,271.99341510702,3.45961825E+00,2881.49751909707,7.84900905E+00,6.15783411E+00,2.26824974E+01,0.00000000E+00,9.79276597E-01,2.07234035E-02
1.21160024E+01,3.66140389E+00,2.43482244E+00,4585.68152769699,272.158836731815,3.45956707E+00,2881.15796526938,7.84901881E+00,6.15803974E+00,2.26828106E+01,0.00000000E+00,9.79276497E-01,2.07235032E-02
1.21160098E+01,3.66171580E+00,2.43507765E+00,4588.97614398918,272.318815897473,3.45951744E+00,2880.82873313376,7.84902806E+00,6.15824430E+00,2.26831222E+01,0.00000000E+00,9.79276397E-01,2.07236031E-02
1.21160173E+01,3.66198527E+00,2.43529507E+00,4591.82438445978,272.45518046662,3.45947609E+00,2880.55445703234,7.84903682E+00,6.15844777E+00,2.26834322E+01,0.00000000E+00,9.79276297E-01,2.07237033E-02
1.21160247E+01,3.66231816E+00,2.43556857E+00,4595.34540179691,272.626815068329,3.45942257E+00,2880.19949563632,7.84904484E+00,6.15864980E+00,2.26837399E+01,0.00000000E+00,9.79276196E-01,2.07238038E-02
1.21160321E+01,3.66259795E+00,2.43579440E+00,4598.30686226346,272.768615911461,3.45937960E+00,2879.91453680069,7.84905237E+00,6.15885074E+00,2.26840459E+01,0.00000000E+00,9.79276096E-01,2.07239044E-02
1.21160396E+01,3.66290276E+00,2.43603921E+00,4601.53532117518,272.922417794735,3.45933340E+00,2879.6081894249,7.84905915E+00,6.15905020E+00,2.26843496E+01,0.00000000E+00,9.79275995E-01,2.07240053E-02
1.21160470E+01,3.66320653E+00,2.43628623E+00,4604.75501981216,273.077696010434,3.45928583E+00,2879.29279177328,7.84906524E+00,6.15924827E+00,2.26846512E+01,0.00000000E+00,9.79275894E-01,2.07241064E-02
1.21160544E+01,3.66346648E+00,2.43649311E+00,4607.51205317767,273.207809963118,3.45924737E+00,2879.03782031449,7.84907066E+00,6.15944497E+00,2.26849506E+01,0.00000000E+00,9.79275792E-01,2.07242078E-02
1.21160618E+01,3.66379843E+00,2.43676467E+00,4611.03511956755,273.378697498322,3.45919458E+00,2878.68788455402,7.84907517E+00,6.15963992E+00,2.26852474E+01,0.00000000E+00,9.79275691E-01,2.07243093E-02
1.21160692E+01,3.66407731E+00,2.43698835E+00,4613.99702327897,273.519535338905,3.45915247E+00,2878.40877515906,7.84907884E+00,6.15983321E+00,2.26855416E+01,0.00000000E+00,9.79275589E-01,2.07244110E-02
1.21160767E+01,3.66437219E+00,2.43722866E+00,4617.13092782884,273.670924939319,3.45910603E+00,2878.100997459,7.84908156E+00,6.16002468E+00,2.26858329E+01,0.00000000E+00,9.79275487E-01,2.07245128E-02
1.21160841E+01,3.66466880E+00,2.43746928E+00,4620.28536572122,273.822593786835,3.45905987E+00,2877.79510805094,7.84908331E+00,6.16021427E+00,2.26861214E+01,0.00000000E+00,9.79275385E-01,2.07246149E-02
1.21160914E+01,3.66493449E+00,2.43768344E+00,4623.11280019764,273.957654926886,3.45901922E+00,2877.52575879276,7.84908404E+00,6.16040191E+00,2.26864068E+01,0.00000000E+00,9.79275283E-01,2.07247170E-02
1.21160988E+01,3.66524916E+00,2.43794091E+00,4626.46371096754,274.120117939803,3.45896915E+00,2877.1940267177,7.84908354E+00,6.16058726E+00,2.26866887E+01,0.00000000E+00,9.79275181E-01,2.07248193E-02
1.21161062E+01,3.66549914E+00,2.43814157E+00,4629.12747106146,274.246800765092,3.45893131E+00,2876.94334824122,7.84908188E+00,6.16077041E+00,2.26869672E+01,0.00000000E+00,9.79275078E-01,2.07249218E-02
1.21161136E+01,3.66581325E+00,2.43839901E+00,4632.47676802693,274.409416292423,3.45888112E+00,2876.61088847158,7.84907872E+00,6.16095082E+00,2.26872415E+01,0.00000000E+00,9.79274976E-01,2.07250243E-02
1.21161210E+01,3.66608834E+00,2.43862146E+00,4635.41199232758,274.550007557399,3.45883867E+00,2876.32972863744,7.84907408E+00,6.16112851E+00,2.26875116E+01,0.00000000E+00,9.79274873E-01,2.07251269E-02
1.21161284E+01,3.66636535E+00,2.43884594E+00,4638.36958245822,274.691954828328,3.45879568E+00,2876.04502021889,7.84906794E+00,6.16130343E+00,2.26877774E+01,0.00000000E+00,9.79274770E-01,2.07252296E-02
1.21161357E+01,3.66665151E+00,2.43908722E+00,4641.42684724157,274.844607214905,3.45874658E+00,2875.71988178385,7.84905981E+00,6.16147481E+00,2.26880377E+01,0.00000000E+00,9.79274668E-01,2.07253323E-02
1.21161431E+01,3.66690783E+00,2.43929545E+00,4644.16701946341,274.976417811883,3.45870654E+00,2875.45476555246,7.84904991E+00,6.16164296E+00,2.26882930E+01,0.00000000E+00,9.79274565E-01,2.07254350E-02
1.21161504E+01,3.66720287E+00,2.43953854E+00,4647.32312812003,275.130374933524,3.45865876E+00,2875.13843256392,7.84903753E+00,6.16180676E+00,2.26885417E+01,0.00000000E+00,9.79274462E-01,2.07255377E-02
1.21161578E+01,3.66743715E+00,2.43972582E+00,4649.8308012088,275.249044477307,3.45862369E+00,2874.90626973892,7.84902283E+00,6.16196643E+00,2.26887839E+01,0.00000000E+00,9.79274360E-01,2.07256404E-02
1.21161651E+01,3.66774063E+00,2.43997352E+00,4653.08118514456,275.406077637679,3.45857571E+00,2874.5886732939,7.84900518E+00,6.16212097E+00,2.26890182E+01,0.00000000E+00,9.79274257E-01,2.07257429E-02
1.21161725E+01,3.66796568E+00,2.44015210E+00,4655.49302165833,275.519346703937,3.45854268E+00,2874.37005653193,7.84898439E+00,6.16227002E+00,2.26892440E+01,0.00000000E+00,9.79274155E-01,2.07258454E-02
1.21161798E+01,3.66825928E+00,2.44039053E+00,4658.64138051421,275.670649832401,3.45849687E+00,2874.06687987785,7.84895980E+00,6.16241252E+00,2.26894598E+01,0.00000000E+00,9.79274052E-01,2.07259477E-02
1.21161872E+01,3.66849297E+00,2.44057644E+00,4661.14882858478,275.788682419926,3.45846234E+00,2873.8383768958,7.84893078E+00,6.16254744E+00,2.26896637E+01,0.00000000E+00,9.79273950E-01,2.07260498E-02
1.21161945E+01,3.66876270E+00,2.44079493E+00,4664.0446567184,275.927464356365,3.45842052E+00,2873.56165651455,7.84889659E+00,6.16267355E+00,2.26898542E+01,0.00000000E+00,9.79273848E-01,2.07261516E-02
1.21162018E+01,3.66897214E+00,2.44095901E+00,4666.2944506557,276.031731699821,3.45839084E+00,2873.36528193627,7.84885607E+00,6.16278893E+00,2.26900280E+01,0.00000000E+00,9.79273747E-01,2.07262530E-02
1.21162091E+01,3.66923876E+00,2.44117349E+00,4669.1600394459,276.168085970278,3.45835026E+00,2873.09681037924,7.84880771E+00,6.16289112E+00,2.26901815E+01,0.00000000E+00,9.79273646E-01,2.07263541E-02
1.21162164E+01,3.66943675E+00,2.44132584E+00,4671.28914259892,276.264982408768,3.45832358E+00,2872.92031292971,7.84874927E+00,6.16297642E+00,2.26903088E+01,0.00000000E+00,9.79273545E-01,2.07264545E-02
1.21162238E+01,3.66967549E+00,2.44151619E+00,4673.85774570683,276.386095081505,3.45828809E+00,2872.68555107974,7.84867724E+00,6.16303912E+00,2.26904013E+01,0.00000000E+00,9.79273446E-01,2.07265544E-02
1.21162311E+01,3.66982895E+00,2.44162943E+00,4675.50956716979,276.458170697142,3.45826984E+00,2872.56483711268,7.84858604E+00,6.16307003E+00,2.26904447E+01,0.00000000E+00,9.79273347E-01,2.07266533E-02
1.21162384E+01,3.67003211E+00,2.44178850E+00,4677.69725034512,276.559448188934,3.45824109E+00,2872.37468156387,7.84846350E+00,6.16304926E+00,2.26904083E+01,0.00000000E+00,9.79273249E-01,2.07267512E-02
1.21162457E+01,3.67009521E+00,2.44182247E+00,4678.37693694578,276.58108118746,3.45823988E+00,2872.3666787716,7.84827609E+00,6.16292192E+00,2.26902074E+01,0.00000000E+00,9.79273152E-01,2.07268476E-02
