ageGyr,Lsun,ppI,ppII,ppIII,CNO,3Alpha,HeC,KH,ppTotal,HHe
2.02700000E-06,18.70047853,1.02217723283563e-06,0,0,0,0,0,0.999998972,1.02217723283563e-06,1.02217723283563e-06
3.64860000E-06,18.17154107,1.37388078992351e-06,0,0,0,0,0,0.999998626,1.37388078992351e-06,1.37388078992351e-06
5.37717628E-06,17.64767674,1.85453641763179e-06,0,0,0,0,0,0.999998145,1.85453641763179e-06,1.85453641763179e-06
7.53789663E-06,17.04678054,2.64139640347676e-06,0,0,0,0,0,0.999997352,2.64139640347676e-06,2.64139640347676e-06
9.97519844E-06,16.42856272,3.84270581025217e-06,0,0,0,0,0,0.999996164,3.84270581025217e-06,3.84270581025217e-06
1.25598389E-05,15.83149726,5.58224049620163e-06,0,0,0,0,0,0.999994432,5.58224049620163e-06,5.58224049620163e-06
1.53009772E-05,15.25503435,8.09748114188427e-06,0,0,0,0,0,0.999991901,8.09748114188427e-06,8.09748114188427e-06
1.82083275E-05,14.69855663,1.17290739712358e-05,0,0,0,0,0,0.999988262,1.17290739712358e-05,1.17290739712358e-05
2.12921469E-05,14.16132794,1.69649541373365e-05,0,0,0,0,0,0.999983036,1.69649541373365e-05,1.69649541373365e-05
2.45634218E-05,13.64273709,2.45031400015953e-05,0,0,0,0,0,0.999975489,2.45031400015953e-05,2.45031400015953e-05
2.80337890E-05,13.1422995,3.53402432440599e-05,0,0,0,0,0,0.999964664,3.53402432440599e-05,3.53402432440599e-05
3.17155947E-05,12.65916819,5.08981380336269e-05,0,0,0,0,0,0.999949113,5.08981380336269e-05,5.08981380336269e-05
3.56220778E-05,12.19272392,7.32019212622603e-05,0,0,0,0,0,0.999926799,7.32019212622603e-05,7.32019212622603e-05
3.97673332E-05,11.74245244,0.000105132,0,0,0,0,0,0.999894856,0.000105132,0.000105132
4.41663593E-05,11.3077438,0.000150779,0,0,0,0,0,0.999849227,0.000150779,0.000150779
4.88351699E-05,10.88796008,0.000215946,0,0,0,0,0,0.999784057,0.000215946,0.000215946
5.37909027E-05,10.48274303,0.000308848,0,0,0,0,0,0.999691146,0.000308848,0.000308848
5.90518758E-05,10.09150687,0.000441103,0,0,0,0,0,0.9995589,0.000441103,0.000441103
6.46376627E-05,9.713731168,0.000629123,0,0,0,0,0,0.999370878,0.000629123,0.000629123
7.05693014E-05,9.349115519,0.000896033,0,0,0,0,0,0.999103967,0.000896033,0.000896033
7.68692948E-05,8.997102516,0.001274389,0,0,0,0,0,0.998725611,0.001274389,0.001274389
8.35621091E-05,8.657133326,0.001809944,0,0,0,0,0,0.998190056,0.001809944,0.001809944
9.06744508E-05,8.32839487,0.002566969,0,0,0,0,0,0.99743303,0.002566969,0.002566969
9.82358439E-05,8.011218907,0.003635217,1.11565435224714e-30,0,0,0,0,0.996364783,0.003635217,0.003635217
1.06277570E-04,7.705381839,0.005139879,2.64665601592843e-30,0,0,0,0,0.99486012,0.005139879,0.005139879
1.14834509E-04,7.410545463,0.007255082,6.24540354397395e-30,0,0,0,0,0.992744918,0.007255082,0.007255082
1.23945991E-04,7.126398091,0.010221997,1.46577513170154e-29,0,2.1702638560305e-30,0,0,0.989778004,0.010221997,0.010221997
1.33656955E-04,6.852582739,0.014373005,3.42096581557714e-29,0,5.32487162687529e-30,0,0,0.985626996,0.014373005,0.014373005
1.44019986E-04,6.588903591,0.020162774,7.93793179335771e-29,0,1.29791073152357e-29,0,0,0.979837226,0.020162774,0.020162774
1.55097681E-04,6.335080517,0.028207512,1.83062716710846e-28,0,3.14118998914237e-29,0,0,0.971792488,0.028207512,0.028207512
1.66967345E-04,6.090971017,0.039331336,4.19420078136547e-28,0,7.54336299902941e-29,0,0,0.960668666,0.039331336,0.039331336
1.79726392E-04,5.856483904,0.054615031,9.54135128119511e-28,0,1.79575787665943e-28,0,0,0.94538497,0.054615031,0.054615031
1.89933630E-04,5.685561649,0.069747191,1.76700439109539e-27,0,3.43665384451689e-28,0,0,0.93025281,0.069747191,0.069747191
1.98099419E-04,5.558590144,0.083872437,2.82161350179373e-27,0,5.62110400174274e-28,0,0,0.916127561,0.083872437,0.083872437
2.05048196E-04,5.457020635,0.09735257,4.13016981393323e-27,0,8.3841841110055e-28,0,0,0.90264743,0.09735257,0.09735257
2.11517233E-04,5.367673474,0.111100231,5.80443289817148e-27,0,1.19747267246311e-27,0,0,0.888899767,0.111100231,0.111100231
2.17709843E-04,5.286649098,0.125327767,7.93800721839443e-27,0,1.66109093443337e-27,0,0,0.874672235,0.125327767,0.125327767
2.23733548E-04,5.211836943,0.140136057,1.06388867114086e-26,0,2.25466309238706e-27,0,0,0.859863944,0.140136057,0.140136057
2.29664091E-04,5.141898245,0.155600925,1.40398893862717e-26,0,3.0094239640063e-27,0,0,0.844399075,0.155600925,0.155600925
2.35560437E-04,5.07579497,0.171787952,1.8305987132093e-26,0,3.96410444476468e-27,0,0,0.828212047,0.171787952,0.171787952
2.41474107E-04,5.012847918,0.188756266,2.36446048109548e-26,0,5.16725063744058e-27,0,0,0.811243733,0.188756266,0.188756266
2.47451371E-04,4.952439548,0.20656176,3.03175086849217e-26,0,6.67986314242464e-27,0,0,0.793438238,0.20656176,0.20656176
2.53538920E-04,4.894048197,0.225264821,3.86611533818588e-26,0,8.57989562225361e-27,0,0,0.774735178,0.225264821,0.225264821
2.59785793E-04,4.83731295,0.244914049,4.91102174793831e-26,0,1.09673995968861e-26,0,0,0.755085951,0.244914049,0.244914049
2.66245132E-04,4.781839829,0.265565936,6.22366973099461e-26,0,1.39729644016409e-26,0,0,0.734434062,0.265565936,0.265565936
2.72979407E-04,4.727228148,0.287277804,7.88074639730195e-26,0,1.77700633145489e-26,0,0,0.712722197,0.287277804,0.287277804
2.80065575E-04,4.673162005,0.310101021,9.98747489429749e-26,0,2.2594320053826e-26,0,0,0.689898982,0.310101021,0.310101021
2.87599413E-04,4.619202122,0.334089568,1.26918367626656e-25,0,2.8773355333598e-26,0,0,0.665910432,0.334089568,0.334089568
2.95709462E-04,4.564887479,0.359292435,1.62099742953097e-25,0,3.6779956299543e-26,0,0,0.640707565,0.359292435,0.359292435
3.04574090E-04,4.509634341,0.385747799,2.08712928101827e-25,0,4.73254742751131e-26,0,0,0.614252203,0.385747799,0.385747799
3.14456466E-04,4.452553003,0.413481472,2.72088116447549e-25,0,6.154586678887e-26,0,0,0.586518527,0.413481472,0.413481472
3.25776037E-04,4.392399081,0.442471373,3.61571280464073e-25,0,8.14065984014673e-26,0,0,0.557528627,0.442471373,0.442471373
3.39267954E-04,4.326967976,0.472597755,4.95546006308472e-25,0,1.10723354238359e-25,0,0,0.527402246,0.472597755,0.472597755
3.56132849E-04,4.25294154,0.502989949,7.13026843126788e-25,0,1.57458276292084e-25,0,0,0.497010048,0.502989949,0.502989949
3.77213968E-04,4.169361272,0.529609438,1.0848449595493e-24,0,2.35637917898789e-25,0,0,0.470390562,0.529609438,0.529609438
4.03565367E-04,4.073909302,0.546266241,1.76888557305384e-24,0,3.76207882020869e-25,0,0,0.453733756,0.546266241,0.546266241
4.36504615E-04,3.961656374,0.544404819,3.17222108989433e-24,0,6.59143710000995e-25,0,0,0.455595183,0.544404819,0.544404819
4.77678676E-04,3.823333085,0.512547682,6.56403662472332e-24,0,1.33737181040963e-24,0,0,0.487452317,0.512547682,0.512547682
5.10617924E-04,3.70941999,0.459232962,1.20143375580246e-23,0,2.42964804071122e-24,0,0,0.540767038,0.459232962,0.459232962
5.36969323E-04,3.61459934,0.399878649,1.99441573496947e-23,0,4.03667226326553e-24,0,0,0.600121348,0.399878649,0.399878649
5.58050442E-04,3.53592243,0.343094286,3.04475367142001e-23,0,6.19672558858109e-24,0,0,0.656905714,0.343094286,0.343094286
5.74915337E-04,3.471238908,0.293141379,4.32128473380689e-23,0,8.86241100553517e-24,0,0,0.706858622,0.293141379,0.293141379
5.88407253E-04,3.41848668,0.251462508,5.75948875754063e-23,0,1.19092678759861e-23,0,0,0.74853749,0.251462508,0.251462508
5.99200786E-04,3.375735874,0.217840276,7.27841561573764e-23,0,1.51686419823995e-23,0,0,0.782159724,0.217840276,0.217840276
6.07835613E-04,3.341259219,0.191267113,8.79854835443234e-23,0,1.84667238493691e-23,0,0,0.808732886,0.191267113,0.191267113
6.14743474E-04,3.313558513,0.170491859,1.02538685436961e-22,0,2.16535710256093e-23,0,0,0.82950814,0.170491859,0.170491859
6.20269763E-04,3.291337205,0.154334057,1.1598330564537e-22,0,2.46203032564269e-23,0,0,0.845665943,0.154334057,0.154334057
6.24690794E-04,3.273523621,0.14178089,1.28051355227385e-22,0,2.73000394238125e-23,0,0,0.858219111,0.14178089,0.14178089
6.28279629E-04,3.259066987,0.131876388,1.38797973429504e-22,0,2.96986630837393e-23,0,0,0.868123614,0.131876388,0.131876388
6.31837235E-04,3.244743723,0.122378752,1.50372060663255e-22,0,3.22941532321506e-23,0,0,0.877621246,0.122378752,0.122378752
6.35375738E-04,3.23047513,0.113267789,1.62869968894261e-22,0,3.51100251269765e-23,0,0,0.886732209,0.113267789,0.113267789
6.38904314E-04,3.216256789,0.104530564,1.76389804716006e-22,0,3.81705715800888e-23,0,0,0.895469435,0.104530564,0.104530564
6.42433484E-04,3.202066286,0.096154406,1.91052389417636e-22,0,4.15056004880693e-23,0,0,0.903845596,0.096154406,0.096154406
6.45974324E-04,3.18786352,0.088127513,2.06999889981626e-22,0,4.51502679078852e-23,0,0,0.911872488,0.088127513,0.088127513
6.49538962E-04,3.173578549,0.080439778,2.24405507523782e-22,0,4.91473919998852e-23,0,0,0.919560224,0.080439778,0.080439778
6.53140358E-04,3.159175189,0.073081876,2.43473992387169e-22,0,5.35477910723729e-23,0,0,0.926918124,0.073081876,0.073081876
6.56793786E-04,3.144624842,0.066043961,2.6445837506627e-22,0,5.84143540833082e-23,0,0,0.933956038,0.066043961,0.066043961
6.60517015E-04,3.129869522,0.059317393,2.87675266584212e-22,0,6.38258782423289e-23,0,0,0.940682607,0.059317393,0.059317393
6.64331057E-04,3.114805859,0.052895265,3.13529057691624e-22,0,6.98831082331751e-23,0,0,0.947104736,0.052895265,0.052895265
6.68259901E-04,3.099364126,0.046772952,3.42524994378356e-22,0,7.67124798175338e-23,0,0,0.953227046,0.046772952,0.046772952
6.72334196E-04,3.083464509,0.040945427,3.75329255992661e-22,0,8.44810719401154e-23,0,0,0.959054574,0.040945427,0.040945427
6.76591819E-04,3.066979316,0.035410929,4.12830241011463e-22,0,9.34123293727434e-23,0,0,0.964589071,0.035410929,0.035410929
6.81081454E-04,3.049681091,0.030170834,4.56251823872199e-22,0,1.03814883114737e-22,0,0,0.969829166,0.030170834,0.030170834
6.85864751E-04,3.031435394,0.025231004,5.072681881883e-22,0,1.16113396867815e-22,0,0,0.974768997,0.025231004,0.025231004
6.91029665E-04,3.011962969,0.020599179,5.68372794713808e-22,0,1.30942098598244e-22,0,0,0.97940082,0.020599179,0.020599179
6.96696354E-04,2.990810199,0.016293286,6.43323973053129e-22,0,1.49261842867445e-22,0,0,0.983706713,0.016293286,0.016293286
7.03036581E-04,2.967509336,0.012342879,7.38026129583764e-22,0,1.72592093554225e-22,0,0,0.987657118,0.012342879,0.012342879
7.10318421E-04,2.941181354,0.008790705,8.62602395053568e-22,0,2.03553604147579e-22,0,0,0.991209296,0.008790705,0.008790705
7.18962516E-04,2.910579445,0.005706611,1.03536293602978e-21,0,2.46928644111951e-22,0,0,0.994293389,0.005706611,0.005706611
7.29683547E-04,2.873608291,0.00319179,1.29310650719332e-21,0,3.12429153571221e-22,0,0,0.996808211,0.00319179,0.00319179
7.43084836E-04,2.828948713,0.001433758,1.69621234860947e-21,0,4.16391161397763e-22,0,0,0.998566244,0.001433758,0.001433758
7.59836447E-04,2.77544007,0.000466137,2.35744267067217e-21,0,5.90000136529011e-22,0,0,0.999533865,0.000466137,0.000466137
7.80775961E-04,2.711960265,9.30015370397823e-05,3.50475099654519e-21,0,8.97799765641385e-22,0,0,0.999906999,9.30015370397823e-05,9.30015370397823e-05
8.06950354E-04,2.637482538,9.88084403337045e-08,5.62998548249286e-21,0,1.48289917125787e-21,0,0,0.999999902,9.88084403337101e-08,9.88084403337116e-08
8.39668345E-04,2.551162738,1.21244845109223e-07,9.87239583984664e-21,0,2.6874000777217e-21,0,0,0.999999879,1.21244845109232e-07,1.21244845109235e-07
8.80565833E-04,2.452484278,1.54221638178487e-07,1.90821490334825e-20,0,5.39891061377266e-21,0,0,0.999999846,1.54221638178506e-07,1.54221638178512e-07
9.26367749E-04,2.352150288,1.98516530357124e-07,3.80488728830827e-20,0,1.12088788022848e-20,0,0,0.999999801,1.98516530357162e-07,1.98516530357173e-07
9.74748361E-04,2.256002658,2.5488880917392e-07,7.52308023199546e-20,0,2.3063431913372e-20,0,0,0.999999744,2.54888809173995e-07,2.54888809174018e-07
1.02589980E-03,2.163773935,3.2653882666586e-07,1.47622756143924e-19,0,4.70736232370389e-20,0,0,0.999999674,3.26538826666008e-07,3.26538826666055e-07
1.07998230E-03,2.075248306,4.1743066867818e-07,2.8754489393245e-19,0,9.53277472573911e-20,0,0,0.999999583,4.17430668678468e-07,4.17430668678563e-07
1.13711823E-03,1.990349129,5.32400715425479e-07,5.55782055579259e-19,0,1.91466474664559e-19,0,0,0.999999468,5.32400715426035e-07,5.32400715426227e-07
1.19747975E-03,1.908919775,6.77522637036745e-07,1.06618966203716e-18,0,3.81494099151081e-19,0,0,0.999999321,6.77522637037811e-07,6.77522637038193e-07
1.26124432E-03,1.830808491,8.60320206923834e-07,2.03030115811468e-18,0,7.54177652455433e-19,0,0,0.999999136,8.60320206925865e-07,8.60320206926619e-07
1.32859387E-03,1.755842804,1.09010038138107e-06,3.83820615698214e-18,0,1.47944375457178e-18,0,0,0.99999891,1.0901003813849e-06,1.09010038138638e-06
1.39968616E-03,1.683969739,1.37815340499331e-06,7.20183167049e-18,0,2.87913838776596e-18,0,0,0.999998623,1.37815340500052e-06,1.37815340500339e-06
1.47474886E-03,1.615014441,1.73864067023783e-06,1.3417086591309e-17,0,5.56068990621529e-18,0,0,0.99999826,1.73864067025125e-06,1.73864067025681e-06
1.55396820E-03,1.548886152,2.18868430389264e-06,2.48162711271928e-17,0,1.06575594828314e-17,0,0,0.99999781,2.18868430391746e-06,2.18868430392811e-06
1.63757979E-03,1.485445933,2.74949410797548e-06,4.55806356220189e-17,1.2153252434943e-30,2.02748898728745e-17,0,0,0.999997251,2.74949410802106e-06,2.74949410804133e-06
1.72580460E-03,1.424614715,3.44678495683197e-06,8.31384989411089e-17,3.31783814193088e-30,3.82864240513366e-17,0,0,0.99999655,3.4467849569151e-06,3.44678495695339e-06
1.81892456E-03,1.366253133,4.31242708668499e-06,1.50644151482245e-16,8.95286576143138e-30,7.17919563350745e-17,0,0,0.999995686,4.31242708683563e-06,4.31242708690743e-06
1.91717111E-03,1.310280184,5.38447746257941e-06,2.70840493776974e-16,2.37789120085031e-29,1.3349249507556e-16,0,0,0.999994616,5.38447746285025e-06,5.38447746298374e-06
2.02302616E-03,1.255558557,6.73847016816274e-06,4.8757352704859e-16,6.28932671172705e-29,2.48472251881414e-16,0,0,0.999993264,6.73847016865031e-06,6.73847016889878e-06
2.13487669E-03,1.203161506,8.41460090988017e-06,8.67200592038876e-16,1.61928416998448e-28,4.56416972643117e-16,0,0,0.999991584,8.41460091074737e-06,8.41460091120379e-06
2.25315459E-03,1.15297588,1.04858576087879e-05,1.52310436068084e-15,4.05880764961576e-28,8.2695701172791e-16,0,0,0.999989514,1.0485857610311e-05,1.0485857611138e-05
2.37829368E-03,1.104894921,1.30406052464274e-05,2.64147933459257e-15,9.91607119777373e-28,1.47789631336499e-15,0,0,0.999986957,1.30406052490689e-05,1.30406052505468e-05
2.51072459E-03,1.058915905,1.61841763096374e-05,4.52430332605701e-15,2.36482747940774e-27,2.60593024200495e-15,0,0,0.999983819,1.61841763141617e-05,1.61841763167676e-05
2.65118038E-03,1.014862854,2.00525799352055e-05,7.66450897333474e-15,5.52348342316557e-27,4.54093386366402e-15,0,0,0.999979944,2.005257994287e-05,2.0052579947411e-05
2.80019178E-03,0.972695204,2.48048522262609e-05,1.28498448915367e-14,1.26563129411396e-26,7.82500086107995e-15,0,0,0.999975196,2.48048522391107e-05,2.48048522469357e-05
2.95848612E-03,0.932336566,3.06396342693669e-05,2.13451037152009e-14,2.85196026499321e-26,1.33516793754226e-14,0,0,0.999969361,3.0639634290712e-05,3.06396343040636e-05
3.12688922E-03,0.893736436,3.78015134245476e-05,3.51741049355751e-14,6.3355678801352e-26,2.2588372228026e-14,0,0,0.999962199,3.78015134597217e-05,3.78015134823101e-05
3.30645323E-03,0.85676909,4.66017463342405e-05,5.75941800129705e-14,1.39159811423175e-25,3.79568279002068e-14,0,0,0.999953398,4.66017463918347e-05,4.66017464297915e-05
3.49810520E-03,0.821427987,5.74129749246059e-05,9.37937734676602e-14,3.02778333635565e-25,6.34154732325811e-14,0,0,0.999942587,5.74129750183996e-05,5.74129750818151e-05
3.70324559E-03,0.787624462,7.07222908679889e-05,1.52198989208201e-13,6.546723062111e-25,1.05549820130509e-13,0,0,0.999929277,7.07222910201879e-05,7.07222911257377e-05
3.92336427E-03,0.755294519,8.71418713685923e-05,2.46484647211979e-13,1.41069903663024e-24,1.75315990927295e-13,0,0,0.999912858,8.7141871615077e-05,8.7141871790393e-05
4.16018340E-03,0.724379661,0.000107455,3.99062410793187e-13,3.03827051936561e-24,2.91116940801669e-13,0,0,0.999892546,0.000107455,0.000107455
4.41572657E-03,0.694853562,0.000132666,6.47051862086492e-13,6.56080958784661e-24,4.84195795382369e-13,0,0,0.999867334,0.000132666,0.000132666
4.69267567E-03,0.666651867,0.000164125,1.05334893263313e-12,1.42652240765448e-23,8.08791365236801e-13,0,0,0.999835876,0.000164125,0.000164125
4.98884580E-03,0.640151936,0.0002029,1.71209325320276e-12,3.09642709754467e-23,1.34890638917374e-12,0,0,0.9997971,0.0002029,0.0002029
5.30042335E-03,0.615689836,0.00024988,2.76069631383597e-12,6.64290300499938e-23,2.23114904657124e-12,0,0,0.999750121,0.00024988,0.00024988
5.62763470E-03,0.593194812,0.000306576,4.41949627260621e-12,1.41054551431208e-22,3.66290189413676e-12,0,0,0.999693425,0.000306576,0.000306576
5.97063938E-03,0.572593532,0.000374734,7.02920879204232e-12,2.96854853356433e-22,5.97321995158506e-12,0,0,0.999625266,0.000374734,0.000374734
6.32952081E-03,0.553784824,0.000456393,1.11158811774611e-11,6.2002267523627e-22,9.68321542750758e-12,0,0,0.999543608,0.000456393,0.000456393
6.70429763E-03,0.536700086,0.000553875,1.74892954598059e-11,1.28679136788056e-21,1.56156879535889e-11,0,0,0.999446124,0.000553875,0.000553875
7.09491253E-03,0.521286495,0.000669833,2.73942216607115e-11,2.65669752157762e-21,2.50676444118888e-11,0,0,0.999330166,0.000669833,0.000669833
7.50122631E-03,0.507454641,0.000807349,4.27450456370185e-11,5.46265347585993e-21,4.00838450288064e-11,0,0,0.999192652,0.000807349,0.000807349
7.92302118E-03,0.495167242,0.000969887,6.64809236349954e-11,1.11979599214461e-20,6.3882459740495e-11,0,0,0.999030114,0.000969887,0.000969887
8.35997860E-03,0.484345976,0.001161461,1.03117299545679e-10,2.29065080494993e-20,1.01529753993612e-10,0,0,0.998838539,0.001161461,0.001161461
8.81171842E-03,0.474959913,0.001386563,1.59590415715831e-10,4.68021466872219e-20,1.60999974674895e-10,0,0,0.998613438,0.001386563,0.001386563
9.27777140E-03,0.466952318,0.001650368,2.46574601865489e-10,9.55964779290902e-20,2.54861302343274e-10,0,0,0.998349631,0.001650369,0.001650369
9.75760567E-03,0.460307356,0.001958657,3.80503952015435e-10,1.95365872778337e-19,4.02928331881048e-10,0,0,0.998041342,0.001958658,0.001958658
1.02506014E-02,0.454968125,0.002318123,5.86731930002508e-10,3.99766172736361e-19,6.36486272696317e-10,0,0,0.997681877,0.002318123,0.002318124
1.07561098E-02,0.450929281,0.002736186,9.0441625599874e-10,8.19639199784557e-19,1.00497380884636e-09,0,0,0.997263813,0.002736187,0.002736188
1.12733984E-02,0.448126541,0.003221574,1.39425204151519e-09,1.68496190628701e-18,1.58673050506871e-09,0,0,0.996778422,0.003221576,0.003221577
1.18017172E-02,0.446396975,0.003785081,2.15083956582238e-09,3.47546483671352e-18,2.50644456064202e-09,0,0,0.996214916,0.003785083,0.003785086
1.23403613E-02,0.445840462,0.004437215,3.32066150668498e-09,7.19506458931446e-18,3.96138944504603e-09,0,0,0.995562776,0.004437218,0.004437222
1.28885584E-02,0.446502856,0.005190111,5.13230146227859e-09,1.49577041724813e-17,6.2655446730855e-09,0,0,0.994809879,0.005190116,0.005190122
1.34454720E-02,0.448392853,0.00605778,7.94360979141514e-09,3.12407117919295e-17,9.91967351198463e-09,0,0,0.993942202,0.006057788,0.006057798
1.40102460E-02,0.451514366,0.007056144,1.23164202481151e-08,6.5583578792473e-17,1.57237014461663e-08,0,0,0.992943828,0.007056156,0.007056172
1.45820417E-02,0.455852152,0.008203643,1.91369091253956e-08,1.38447407952185e-16,2.49591703357881e-08,0,0,0.991796312,0.008203662,0.008203687
1.51600453E-02,0.461428436,0.009520731,2.98067980260219e-08,2.94009881856933e-16,3.96815214781499e-08,0,0,0.990479199,0.009520761,0.0095208
1.57434579E-02,0.468245961,0.011031054,4.65554932914933e-08,6.28362398084668e-16,6.31979304883139e-08,0,0,0.988968836,0.011031101,0.011031164
1.63315162E-02,0.476362554,0.012760406,7.29402252802007e-08,1.35203696777278e-15,1.00834262689064e-07,0,0,0.987239421,0.012760479,0.01276058
1.69234881E-02,0.485742797,0.014740323,1.14680337566691e-07,2.93008340951378e-15,1.61205244682078e-07,0,0,0.985259401,0.014740438,0.014740599
1.75187506E-02,0.496357421,0.017007278,1.81021956304612e-07,6.39853000742559e-15,2.58277228634509e-07,0,0,0.982992283,0.017007459,0.017007718
1.81167649E-02,0.508219766,0.019602069,2.86991606234766e-07,1.40854251785682e-14,4.14728975631458e-07,0,0,0.980397228,0.019602356,0.019602771
1.87170720E-02,0.521371453,0.022570592,4.57168709132427e-07,3.1270266939646e-14,6.67470415212593e-07,0,0,0.977428283,0.022571049,0.022571717
1.93193020E-02,0.535862155,0.025965199,7.32060574915974e-07,7.00462129581765e-14,1.07674166202275e-06,0,0,0.974032992,0.025965931,0.025967008
1.99231841E-02,0.551737109,0.029846415,1.17898484854533e-06,1.58415357893538e-13,1.74117984483679e-06,0,0,0.970150664,0.029847594,0.029849335
2.05285577E-02,0.5689781,0.034287779,1.91093660589304e-06,3.61978263937251e-13,2.82300949523265e-06,0,0,0.965707488,0.03428969,0.034292513
2.11354077E-02,0.587618914,0.039372731,3.1190505057181e-06,8.36216198167261e-13,4.58948351906974e-06,0,0,0.960619561,0.03937585,0.03938044
2.17438850E-02,0.60767269,0.045201165,5.13012588758476e-06,1.95441220057819e-12,7.48283081027978e-06,0,0,0.954786222,0.045206296,0.045213778
2.23543180E-02,0.629257886,0.05188571,8.50799913397243e-06,4.62480807038927e-12,1.2236567502872e-05,0,0,0.948093547,0.051894218,0.051906454
2.29671803E-02,0.65223,0.059584757,1.42404617156769e-05,1.10914921361518e-11,2.00784934650211e-05,0,0,0.940380922,0.059598998,0.059619076
2.35832570E-02,0.676596466,0.06848729,2.40733894135926e-05,2.69839334367816e-11,3.30678360394812e-05,0,0,0.931455569,0.068511363,0.068544431
2.42036730E-02,0.702311308,0.078850322,4.1136228019723e-05,6.66718927596822e-11,5.46882628421684e-05,0,0,0.921053853,0.078891458,0.078946147
2.48292006E-02,0.729302054,0.091020223,7.10651940178776e-05,1.67359492885673e-10,9.08302973947925e-05,0,0,0.90881788,0.091091288,0.091182118
2.54282999E-02,0.756146994,0.104686797,0.000120594,4.06849705728942e-10,0.000147573,0,0,0.895045035,0.104807391,0.104954964
2.59213641E-02,0.779011543,0.11781687,0.000186965,8.4896993215968e-10,0.000219855,0,0,0.881776309,0.118003837,0.118223692
2.63251108E-02,0.798181173,0.130205985,0.000268103,1.55453135378856e-09,0.000304606,0,0,0.869221305,0.13047409,0.130778696
2.66593062E-02,0.814264909,0.141880156,0.000361413,2.56858784903892e-09,0.000398969,0,0,0.857359461,0.142241571,0.142640539
2.69408254E-02,0.827936348,0.152940029,0.000464628,3.92431586910907e-09,0.000500892,0,0,0.846094447,0.15340466,0.153905553
2.71830204E-02,0.839707689,0.163534594,0.000576349,5.65359240452533e-09,0.000609405,0,0,0.835279645,0.164110949,0.164720354
2.73958184E-02,0.850002007,0.173805671,0.000695911,7.79364905231777e-09,0.000724322,0,0,0.824774087,0.17450159,0.175225912
2.75864381E-02,0.859161705,0.18387144,0.000823151,1.03905951856333e-08,0.000845964,0,0,0.814459435,0.184694601,0.185540566
2.77601610E-02,0.867416349,0.193837904,0.000958296,1.35024924411475e-08,0.000975044,0,0,0.804228743,0.194796214,0.195771258
2.79209451E-02,0.874959948,0.203793669,0.001101863,1.72023637666963e-08,0.001112582,0,0,0.793991869,0.204895549,0.206008131
2.80718033E-02,0.881952095,0.213813145,0.001254568,2.15805046543042e-08,0.001259858,0,0,0.783672408,0.215067734,0.216327593
2.82151258E-02,0.8884661,0.223976629,0.001417433,2.67508494739736e-08,0.001418542,0,0,0.773187369,0.225394089,0.226812631
2.83528847E-02,0.894603315,0.234356951,0.001591728,3.28568383362139e-08,0.001590691,0,0,0.762460598,0.235948712,0.237539402
2.84867469E-02,0.90044604,0.245021387,0.001778949,4.00776003344343e-08,0.001778793,0,0,0.751420829,0.246800377,0.24857917
2.86182182E-02,0.906022365,0.256055272,0.001981062,4.86442945690496e-08,0.001986095,0,0,0.739977523,0.258036382,0.260022477
2.87487199E-02,0.911409624,0.267536471,0.002200377,5.88523039460332e-08,0.002216603,0,0,0.72804649,0.269736906,0.271953509
2.88796667E-02,0.916633276,0.279567063,0.002439883,7.10898801037015e-08,0.002475605,0,0,0.715517378,0.282007018,0.284482623
2.90121331E-02,0.921708215,0.292221994,0.002702453,8.58194553836948e-08,0.002769042,0,0,0.702306427,0.294924532,0.297693574
2.91463276E-02,0.926647651,0.305474212,0.002989092,1.03446072721318e-07,0.003101555,0,0,0.688435038,0.308463408,0.311564963
2.92536833E-02,0.930416805,0.31639562,0.003234254,1.19903443657595e-07,0.003394973,0,0,0.676975032,0.319629994,0.323024967
2.93395678E-02,0.933357164,0.325332629,0.003441011,1.34801106018372e-07,0.003648062,0,0,0.667578163,0.328773774,0.332421836
2.94082754E-02,0.935647182,0.332607206,0.00361337,1.47934392077048e-07,0.003862778,0,0,0.659916498,0.336220724,0.340083502
2.94751262E-02,0.937793772,0.33976523,0.003786402,1.61720575954124e-07,0.004082739,0,0,0.652365467,0.343551794,0.347634534
2.95494168E-02,0.940095875,0.347771359,0.003984111,1.78183265562221e-07,0.004340323,0,0,0.643904029,0.351755648,0.356095971
2.96328402E-02,0.942583711,0.356879765,0.004214092,1.98322386478005e-07,0.00464618,0,0,0.634259765,0.361094055,0.365740235
2.97198589E-02,0.945021427,0.366522805,0.004463294,2.21367216693829e-07,0.004984507,0,0,0.624029172,0.370986321,0.375970828
2.98082314E-02,0.947367575,0.376455891,0.004726219,2.47078234541491e-07,0.005348529,0,0,0.613469114,0.381182357,0.386530886
2.98972414E-02,0.949587439,0.386613802,0.005001426,2.75529408157712e-07,0.005736314,0,0,0.602648182,0.391615504,0.397351818
2.99866802E-02,0.95165099,0.396990613,0.005288858,3.06912126354183e-07,0.006147677,0,0,0.591572545,0.402279778,0.408427455
3.00764253E-02,0.953567994,0.407211027,0.00558038,3.40433920839043e-07,0.006584565,0,0,0.580623686,0.412791747,0.419376313
3.01762099E-02,0.955502378,0.418563819,0.005912358,3.80687488844552e-07,0.007097159,0,0,0.568426284,0.424476558,0.431573717
3.02817976E-02,0.957299817,0.431109158,0.006284881,4.28492851052389e-07,0.007667327,0,0,0.554938206,0.437394467,0.445061794
3.03813093E-02,0.958789137,0.442577994,0.006637297,4.76414490257303e-07,0.008236165,0,0,0.542548067,0.449215768,0.457451933
3.04896690E-02,0.960154435,0.454982964,0.007028306,5.325336688993e-07,0.00888767,0,0,0.529100528,0.462011802,0.470899472
3.06041387E-02,0.961287692,0.46801954,0.007449797,5.96509953777277e-07,0.009611824,0,0,0.514918241,0.475469934,0.485081758
3.07237928E-02,0.962163852,0.481545491,0.007898658,6.68633182846418e-07,0.010407346,0,0,0.500147836,0.489444818,0.499852164
3.08486606E-02,0.962691465,0.495540557,0.008375058,7.49654687439624e-07,0.011278912,0,0,0.484804723,0.503916365,0.515195277
3.09791826E-02,0.962864813,0.508634505,0.008846959,8.35602642781687e-07,0.012244238,0,0,0.470273462,0.5174823,0.529726538
3.11338263E-02,0.96250321,0.525053241,0.009438347,9.48518560655053e-07,0.01343424,0,0,0.452073224,0.534492537,0.547926777
3.12877852E-02,0.961594799,0.541206356,0.010035293,1.06966594610452e-06,0.014676676,0,0,0.434080605,0.551242719,0.565919395
3.14472884E-02,0.960083335,0.555593905,0.010605129,1.194759494583e-06,0.016040691,0,0,0.41775908,0.566200229,0.582240919
3.16405438E-02,0.957413315,0.572119425,0.011277367,1.35145125855241e-06,0.017774091,0,0,0.398827766,0.583398143,0.601172234
3.18636066E-02,0.95333273,0.590250823,0.012032352,1.53896525667621e-06,0.01987842,0,0,0.377836865,0.602284715,0.622163134
3.21119013E-02,0.947622543,0.609468049,0.012847385,1.75471238158e-06,0.022343312,0,0,0.355339498,0.622317189,0.644660501
3.23860263E-02,0.940012779,0.629670408,0.013714224,1.99865698872113e-06,0.025200367,0,0,0.331413002,0.643386631,0.668586998
3.26906197E-02,0.930222327,0.648181653,0.014539798,2.25129185622427e-06,0.028575678,0,0,0.30870062,0.662723702,0.69129938
3.30342009E-02,0.917849883,0.666179413,0.015331053,2.50957047895388e-06,0.032620344,0,0,0.285866681,0.681512975,0.714133319
3.34273945E-02,0.902435249,0.687771012,0.016201881,2.79471228890212e-06,0.037440201,0,0,0.258584113,0.703975687,0.741415888
3.38834693E-02,0.883525768,0.713513249,0.017161689,3.10636766715172e-06,0.043176251,0,0,0.226145703,0.730678045,0.773854296
3.44212954E-02,0.860766681,0.743052802,0.018183276,3.43080934188913e-06,0.049955004,0,0,0.188805488,0.761239508,0.811194512
3.50718579E-02,0.83391012,0.776629385,0.019253739,3.75434351273772e-06,0.057810129,0,0,0.146302992,0.795886878,0.853697007
3.58850611E-02,0.803226182,0.813162891,0.020311359,4.04684797752138e-06,0.066520988,0,0,0.100000715,0.833478297,0.899999285
3.68566862E-02,0.772307522,0.846817101,0.021146415,4.23539414651038e-06,0.074858873,0,0,0.057173375,0.867967751,0.942826624
3.79743645E-02,0.74482071,0.874329651,0.021692607,4.30978624224645e-06,0.081491598,0,0,0.022481833,0.896026568,0.977518167
3.93691026E-02,0.721596307,0.894416954,0.021909227,4.25883421169232e-06,0.085849264,0,0,-0.002179704,0.91633044,1.002179703
4.14612098E-02,0.703889795,0.906310943,0.021769533,4.08225109865027e-06,0.086958512,0,0,-0.015043071,0.928084558,1.01504307
4.45993706E-02,0.695783557,0.909883095,0.021364774,3.83443558558121e-06,0.083659827,0,0,-0.014911531,0.931251703,1.01491153
4.93066118E-02,0.695691482,0.911737503,0.020962938,3.60771354035895e-06,0.076156612,0,0,-0.008860661,0.932704049,1.008860661
5.63674736E-02,0.699093606,0.91732738,0.020697326,3.42574436331996e-06,0.065175756,0,0,-0.003203888,0.938028132,1.003203889
6.69587663E-02,0.703426932,0.927583287,0.020576861,3.27766574673974e-06,0.05192082,0,0,-8.42E-05,0.948163426,1.000084246
8.28457053E-02,0.708097948,0.940055887,0.020560358,3.14948695374935e-06,0.038561522,0,0,0.000819083,0.960619395,0.999180917
1.00000000E-01,0.711757913,0.94927427,0.020593764,3.05232755546449e-06,0.029492426,0,0,0.000636487,0.969871086,0.999363512
1.25731442E-01,0.715440628,0.956894321,0.02069612,2.99500430355953e-06,0.022267514,0,0,0.000139051,0.977593436,0.99986095
1.53122124E-01,0.718212446,0.961371797,0.020852985,2.99464980174255e-06,0.017966432,0,0,-0.000194209,0.982227777,1.000194209
1.79470103E-01,0.720387466,0.963952224,0.021018025,3.0269799276064e-06,0.015338718,0,0,-0.000311994,0.984973276,1.000311993
2.07099456E-01,0.722369886,0.965747819,0.02119628,3.07522909327099e-06,0.013427901,0,0,-0.000375076,0.986947174,1.000375075
2.34830727E-01,0.72421662,0.967002814,0.021373843,3.12364786794795e-06,0.012004223,0,0,-0.000384003,0.988379781,1.000384004
2.62564121E-01,0.725947567,0.967934392,0.021559968,3.17644810053877e-06,0.010891463,0,0,-0.000389,0.989497537,1.000389
2.90277794E-01,0.727605436,0.968637226,0.021751062,3.23163498229928e-06,0.009991979,0,0,-0.000383498,0.990391519,1.000383498
3.17972763E-01,0.72920838,0.969180092,0.021947807,3.28940874126117e-06,0.009246087,0,0,-0.000377276,0.991131189,1.000377275
3.45647549E-01,0.730771721,0.969601003,0.022149366,3.34939970882851e-06,0.008616448,0,0,-0.000370167,0.991753719,1.000370167
3.73302282E-01,0.732303337,0.96992778,0.022355369,3.41147047225653e-06,0.008077354,0,0,-0.000363915,0.992286561,1.000363915
4.00936878E-01,0.733809983,0.970178952,0.022565431,3.47549054607182e-06,0.007610556,0,0,-0.000358415,0.992747859,1.000358415
4.28551366E-01,0.735296958,0.97036823,0.022779215,3.5413564182364e-06,0.007202624,0,0,-0.000353611,0.993150986,1.000353611
4.56145758E-01,0.736768635,0.970506298,0.022996503,3.60901294520906e-06,0.00684316,0,0,-0.000349569,0.99350641,1.00034957
4.83720020E-01,0.738227008,0.970601169,0.023217068,3.67839950215878e-06,0.006524315,0,0,-0.00034623,0.993821915,1.000346231
5.11274174E-01,0.739674654,0.970659202,0.023440744,3.74947979701883e-06,0.006239798,0,0,-0.000343493,0.994103696,1.000343494
5.38808222E-01,0.741114153,0.970685176,0.023667439,3.8222489055929e-06,0.005984584,0,0,-0.00034102,0.994356437,1.000341021
5.66322162E-01,0.74254608,0.970683448,0.023897032,3.89668631502629e-06,0.005754606,0,0,-0.000338983,0.994584377,1.000338983
5.93816012E-01,0.743972629,0.970657404,0.024129475,3.97280430058811e-06,0.00554643,0,0,-0.000337283,0.994790852,1.000337282
6.21289743E-01,0.745394371,0.970609763,0.024364687,4.05059761092486e-06,0.005357306,0,0,-0.000335807,0.994978501,1.000335807
6.48743371E-01,0.746812243,0.9705429,0.024602634,4.13008013600461e-06,0.005184896,0,0,-0.000334561,0.995149664,1.000334559
6.76176893E-01,0.748226911,0.9704588,0.024843275,4.21126368840854e-06,0.005027231,0,0,-0.000333517,0.995306286,1.000333518
7.03590313E-01,0.749638989,0.970359133,0.025086587,4.29416644456143e-06,0.004882641,0,0,-0.000332654,0.995450014,1.000332655
7.30983633E-01,0.751049226,0.970245199,0.025332518,4.37879311410115e-06,0.004749714,0,0,-0.00033181,0.995582096,1.00033181
7.58356867E-01,0.752458295,0.970118423,0.025581131,4.46520182391241e-06,0.00462719,0,0,-0.000331211,0.995704019,1.00033121
7.85709980E-01,0.753866681,0.96997963,0.025832382,4.55340292476835e-06,0.004514034,0,0,-0.0003306,0.995816565,1.0003306
8.13042976E-01,0.755274749,0.969829818,0.026086273,4.64342460343558e-06,0.004409326,0,0,-0.00033006,0.995920734,1.00033006
8.40355842E-01,0.75668292,0.969669778,0.026342808,4.73529861198138e-06,0.004312263,0,0,-0.000329584,0.996017321,1.000329585
8.67648563E-01,0.758092619,0.969499855,0.026602009,4.82906696404049e-06,0.004222168,0,0,-0.000328861,0.996106694,1.000328861
8.94921119E-01,0.759502535,0.969321437,0.026863855,4.92474456040232e-06,0.004138381,0,0,-0.000328598,0.996190216,1.000328598
9.22173469E-01,0.7609133,0.969134534,0.027128404,5.02239083183753e-06,0.004060382,0,0,-0.000328342,0.99626796,1.000328342
9.49405607E-01,0.76232442,0.968939834,0.027395582,5.12199655115333e-06,0.003987674,0,0,-0.000328212,0.996340539,1.000328213
9.76617525E-01,0.763737042,0.968737493,0.027665466,5.22363173316595e-06,0.003919838,0,0,-0.00032802,0.996408183,1.00032802
1.00380920E+00,0.765151255,0.968527977,0.027938049,5.3273238102676e-06,0.003856489,0,0,-0.000327841,0.996471353,1.000327842
1.03098062E+00,0.766567033,0.96831155,0.028213341,5.43310711405801e-06,0.003797301,0,0,-0.000327627,0.996530324,1.000327625
1.05813177E+00,0.767984716,0.968088713,0.028491382,5.5410348691401e-06,0.003741939,0,0,-0.000327575,0.996585635,1.000327574
1.08526261E+00,0.769404564,0.967859575,0.02877217,5.65113652162573e-06,0.00369014,0,0,-0.000327538,0.996637396,1.000327536
1.11237310E+00,0.770826616,0.967624223,0.029055732,5.76346268860605e-06,0.003641664,0,0,-0.000327384,0.996685718,1.000327382
1.13946324E+00,0.772251245,0.967383078,0.029342089,5.87805191736949e-06,0.00359628,0,0,-0.000327324,0.996731045,1.000327325
1.16653299E+00,0.773678619,0.96713619,0.029631263,5.99495284851463e-06,0.003553791,0,0,-0.00032724,0.996773448,1.000327239
1.19358229E+00,0.775108405,0.966883702,0.029923291,6.11421868496184e-06,0.003514027,0,0,-0.000327134,0.996813107,1.000327135
1.22061116E+00,0.776540741,0.966626002,0.030218151,6.23587002220692e-06,0.003476787,0,0,-0.000327176,0.996850388,1.000327176
1.24761952E+00,0.777975883,0.96636308,0.0305159,6.35997260392708e-06,0.003441935,0,0,-0.000327276,0.99688534,1.000327275
1.27460735E+00,0.779413888,0.96609494,0.030816549,6.48657081680061e-06,0.003409333,0,0,-0.000327309,0.996917976,1.000327308
1.30157463E+00,0.780854812,0.96582176,0.031120121,6.61571278076406e-06,0.003378854,0,0,-0.000327351,0.996948497,1.000327352
1.32852130E+00,0.782298613,0.965543575,0.031426636,6.74744444811216e-06,0.003350396,0,0,-0.000327355,0.996976958,1.000327354
1.35544736E+00,0.783745458,0.965260673,0.03173613,6.88182759461427e-06,0.003323824,0,0,-0.00032751,0.997003685,1.000327508
1.38235275E+00,0.785195386,0.964972952,0.032048613,7.01890490849196e-06,0.003299054,0,0,-0.00032764,0.997028585,1.000327638
1.40923743E+00,0.786648252,0.964680541,0.032364114,7.15873057006786e-06,0.003275996,0,0,-0.000327808,0.997051813,1.000327809
1.43610138E+00,0.78810397,0.964383511,0.032682651,7.3013552933059e-06,0.003254566,0,0,-0.00032803,0.997073463,1.000328029
1.46294457E+00,0.789562119,0.964081991,0.033004247,7.44682938477758e-06,0.003234686,0,0,-0.00032837,0.997093685,1.000328371
1.48976696E+00,0.791024644,0.963775555,0.033328919,7.59521158393343e-06,0.003216303,0,0,-0.000328372,0.997112069,1.000328372
1.51656853E+00,0.792490468,0.963464769,0.033656733,7.74658424509278e-06,0.003199328,0,0,-0.000328578,0.997129249,1.000328577
1.54334921E+00,0.793959612,0.963149454,0.033987627,7.90094670140436e-06,0.003183708,0,0,-0.000328689,0.997144981,1.000328689
1.57010897E+00,0.795432281,0.962829733,0.034321815,8.05848038814198e-06,0.003169399,0,0,-0.000329006,0.997159607,1.000329006
1.59684775E+00,0.796908544,0.962505498,0.034659074,8.21908538681801e-06,0.003156336,0,0,-0.000329127,0.997172791,1.000329127
1.62356554E+00,0.798388227,0.962176779,0.034999617,8.38294474996241e-06,0.003144494,0,0,-0.000329272,0.997184779,1.000329273
1.65026228E+00,0.799871693,0.961843751,0.035343499,8.55014401918175e-06,0.003133808,0,0,-0.000329608,0.9971958,1.000329609
1.67693791E+00,0.801359056,0.961506245,0.035690596,8.72064801309679e-06,0.003124241,0,0,-0.000329804,0.997205562,1.000329803
1.70359240E+00,0.802849099,0.96116456,0.036041003,8.89455997299704e-06,0.003115756,0,0,-0.000330215,0.997214458,1.000330214
1.73022571E+00,0.804342883,0.96081838,0.036394668,9.07189854165663e-06,0.003108313,0,0,-0.000330433,0.99722212,1.000330433
1.75683780E+00,0.805840436,0.960467817,0.036751761,9.25282965326956e-06,0.00310189,0,0,-0.000330721,0.99722883,1.000330721
1.78342862E+00,0.807341808,0.960112781,0.037112236,9.43737145533077e-06,0.003096465,0,0,-0.00033092,0.997234454,1.000330919
1.80999813E+00,0.808847702,0.959753452,0.037476233,9.62567930693528e-06,0.003091993,0,0,-0.000331304,0.99723931,1.000331304
1.83654626E+00,0.810357325,0.959389608,0.037843546,9.81766067342113e-06,0.003088449,0,0,-0.000331421,0.997242971,1.00033142
1.86307296E+00,0.811870833,0.959021496,0.038214414,1.00135300971715e-05,0.003085816,0,0,-0.00033174,0.997245924,1.00033174
1.88957818E+00,0.813388302,0.958648953,0.038588803,1.02133267802091e-05,0.003084073,0,0,-0.000332041,0.997247969,1.000332042
1.91606186E+00,0.814909618,0.95827192,0.038966796,1.04171649771345e-05,0.003083213,0,0,-0.000332347,0.997249133,1.000332347
1.94252397E+00,0.816435084,0.957890579,0.039348315,1.06250443183575e-05,0.003083184,0,0,-0.000332703,0.997249518,1.000332703
1.96896442E+00,0.817964227,0.957504834,0.039733437,1.08370800516231e-05,0.003083985,0,0,-0.000333094,0.997249108,1.000333094
1.99538319E+00,0.819497461,0.957114581,0.04012211,1.10532929755655e-05,0.003085595,0,0,-0.000333339,0.997247744,1.000333339
2.02178020E+00,0.821034719,0.956719875,0.040514531,1.12738920014574e-05,0.003088008,0,0,-0.000333688,0.99724568,1.000333688
2.04815541E+00,0.822575881,0.956320636,0.04091063,1.14988866994781e-05,0.003091219,0,0,-0.000333984,0.997242765,1.000333984
2.07450878E+00,0.824121182,0.955917003,0.041310479,1.17283946436443e-05,0.003095189,0,0,-0.000334399,0.99723921,1.000334399
2.10084023E+00,0.825671527,0.955508696,0.041714173,1.19625659001122e-05,0.003099927,0,0,-0.000334758,0.997234831,1.000334758
2.12714970E+00,0.82722576,0.955095876,0.042121589,1.22013648335248e-05,0.003105415,0,0,-0.000335081,0.997229667,1.000335081
2.15343712E+00,0.82878402,0.954678514,0.042532755,1.24448732716968e-05,0.003111639,0,0,-0.000335353,0.997223715,1.000335353
2.17970245E+00,0.830346202,0.954256612,0.042947931,1.26933661864444e-05,0.003118614,0,0,-0.000335851,0.997217236,1.00033585
2.20594562E+00,0.831911534,0.95383035,0.043366919,1.29467555830398e-05,0.003126295,0,0,-0.000336512,0.997210216,1.000336512
2.23216658E+00,0.8334813,0.953399251,0.043789717,1.32051172634925e-05,0.003134686,0,0,-0.000336859,0.997202174,1.000336859
2.25836527E+00,0.835055363,0.952963477,0.044216546,1.34687047169643e-05,0.003143791,0,0,-0.000337283,0.997193492,1.000337283
2.28454165E+00,0.836633626,0.952523014,0.044647358,1.37375529080872e-05,0.003153601,0,0,-0.000337711,0.99718411,1.000337711
2.31069563E+00,0.838216131,0.952077835,0.045082184,1.40117645937822e-05,0.003164112,0,0,-0.000338142,0.997174031,1.000338143
2.33682717E+00,0.839802777,0.951627855,0.045521046,1.42914332068556e-05,0.003175329,0,0,-0.000338523,0.997163193,1.000338522
2.36293621E+00,0.84139377,0.951173199,0.045964007,1.45766958796395e-05,0.003187228,0,0,-0.000339011,0.997151783,1.000339012
2.38902266E+00,0.842989274,0.95071368,0.046411083,1.48676501359139e-05,0.003199818,0,0,-0.000339448,0.99713963,1.000339448
2.41508646E+00,0.844589778,0.950249276,0.046862412,1.51645023778328e-05,0.003213103,0,0,-0.000339955,0.997126852,1.000339955
2.44112754E+00,0.846194477,0.949779907,0.047317837,1.54672021106216e-05,0.003227073,0,0,-0.000340284,0.997113212,1.000340284
2.46714584E+00,0.847803324,0.949305765,0.047777478,1.57759197492278e-05,0.003241734,0,0,-0.000340753,0.997099019,1.000340753
2.49314128E+00,0.849416629,0.948826735,0.048241387,1.60908088369758e-05,0.003257071,0,0,-0.000341284,0.997084213,1.000341284
2.51911378E+00,0.851034406,0.948342678,0.048709572,1.64119660671949e-05,0.003273093,0,0,-0.000341755,0.997068662,1.000341755
2.54506328E+00,0.852656586,0.947853612,0.04918208,1.67395215599153e-05,0.0032898,0,0,-0.000342232,0.997052432,1.000342232
2.57098972E+00,0.85428318,0.947359512,0.049658939,1.70735970677797e-05,0.003307193,0,0,-0.000342718,0.997035525,1.000342718
2.59689301E+00,0.855914143,0.946860277,0.050140178,1.7414309153442e-05,0.003325284,0,0,-0.000343153,0.997017869,1.000343153
2.62277309E+00,0.857549582,0.946356043,0.050625852,1.77618169520473e-05,0.003344051,0,0,-0.000343709,0.996999657,1.000343708
2.64862988E+00,0.859189491,0.945846631,0.051115975,1.81162291559211e-05,0.003363509,0,0,-0.000344231,0.996980722,1.000344231
2.67446331E+00,0.860833735,0.945332051,0.051610583,1.84776812832649e-05,0.00338366,0,0,-0.000344772,0.996961113,1.000344772
2.70027331E+00,0.862482508,0.944812274,0.052109715,1.88463120610544e-05,0.003404506,0,0,-0.000345341,0.996940835,1.000345341
2.72605980E+00,0.864135906,0.944287073,0.05261338,1.92222481318782e-05,0.003426065,0,0,-0.00034574,0.996919675,1.00034574
2.75182272E+00,0.865793687,0.943756733,0.053121562,1.96055645387571e-05,0.003448309,0,0,-0.000346209,0.9968979,1.000346209
2.77756198E+00,0.86745613,0.943221073,0.053634588,1.99967081896268e-05,0.003471273,0,0,-0.000346931,0.996875658,1.000346931
2.80327748E+00,0.869123161,0.942679977,0.054152152,2.03954874314098e-05,0.003494944,0,0,-0.000347468,0.996852525,1.000347469
2.82896918E+00,0.870794621,0.942133418,0.054674387,2.08021442190627e-05,0.003519344,0,0,-0.000347951,0.996828607,1.00034795
2.85463699E+00,0.872470757,0.941581504,0.055201388,2.12168955314357e-05,0.003544456,0,0,-0.000348564,0.996804108,1.000348564
2.88028082E+00,0.874151528,0.941024055,0.05573314,2.16398507585588e-05,0.003570298,0,0,-0.000349133,0.996778835,1.000349133
2.90590060E+00,0.875836879,0.940461065,0.056269693,2.20711775966139e-05,0.003596875,0,0,-0.000349704,0.996752829,1.000349704
2.93149626E+00,0.877526706,0.939892525,0.056811073,2.25110287379891e-05,0.003624195,0,0,-0.000350304,0.996726109,1.000350304
2.95706771E+00,0.879219844,0.939318515,0.057357285,2.29595156892604e-05,0.003652269,0,0,-0.000351028,0.99669876,1.000351029
2.98261490E+00,0.880917826,0.938738828,0.057908404,2.34168687447358e-05,0.003681086,0,0,-0.000351734,0.996670648,1.000351735
3.00813775E+00,0.882621655,0.938153242,0.058464493,2.38833045680254e-05,0.00371067,0,0,-0.000352288,0.996641618,1.000352288
3.03363615E+00,0.884329656,0.937561943,0.059025445,2.43588333435594e-05,0.003741025,0,0,-0.000352772,0.996611747,1.000352771
3.05911006E+00,0.886042126,0.936964944,0.059591468,2.48437994571271e-05,0.00377216,0,0,-0.000353416,0.996581256,1.000353416
3.08455936E+00,0.88775921,0.936362126,0.060162491,2.53382671161046e-05,0.003804093,0,0,-0.000354048,0.996549955,1.000354048
3.10998399E+00,0.889481173,0.935753455,0.060738609,2.58425044715312e-05,0.003836814,0,0,-0.000354721,0.996517907,1.000354721
3.13538386E+00,0.891207906,0.935138823,0.061319817,2.63566489409677e-05,0.003870345,0,0,-0.000355342,0.996484997,1.000355341
3.16075888E+00,0.892939303,0.93451824,0.061906162,2.6880897300508e-05,0.003904693,0,0,-0.000355976,0.996451283,1.000355976
3.18610897E+00,0.894675155,0.933891703,0.062497672,2.74154312602753e-05,0.003939869,0,0,-0.000356661,0.996416791,1.000356661
3.21143406E+00,0.896415666,0.933259051,0.063094348,2.79604047104545e-05,0.003975892,0,0,-0.000357251,0.996381359,1.000357251
3.23673408E+00,0.898160993,0.932620406,0.063696291,2.85160981149974e-05,0.004012755,0,0,-0.000357968,0.996345213,1.000357968
3.26200891E+00,0.899911094,0.931975596,0.064303486,2.90826591352799e-05,0.004050479,0,0,-0.000358643,0.996308164,1.000358643
3.28725849E+00,0.901665937,0.931324601,0.064915977,2.96603004515642e-05,0.004089076,0,0,-0.000359315,0.996270238,1.000359315
3.31248272E+00,0.903426712,0.930667235,0.065533859,3.02493260851083e-05,0.004128564,0,0,-0.000359908,0.996231344,1.000359908
3.33768152E+00,0.905191322,0.930003639,0.066156972,3.08496861726919e-05,0.004168958,0,0,-0.000360418,0.99619146,1.000360418
3.36285483E+00,0.906960826,0.929333959,0.066785593,3.14618763960242e-05,0.004210251,0,0,-0.000361265,0.996151014,1.000361264
3.38800251E+00,0.908735302,0.9286578,0.067419611,3.208597523221e-05,0.004252469,0,0,-0.000361967,0.996109497,1.000361966
3.41312451E+00,0.910514488,0.927975241,0.068059079,3.27222148366979e-05,0.004295625,0,0,-0.000362667,0.996067042,1.000362667
3.43822073E+00,0.912298098,0.927286234,0.06870402,3.33707913923452e-05,0.004339743,0,0,-0.000363367,0.996023625,1.000363368
3.46329112E+00,0.914086238,0.926590862,0.06935449,3.40319778357954e-05,0.004384815,0,0,-0.000364199,0.995979384,1.000364198
3.48833557E+00,0.915879261,0.925888897,0.070010483,3.47059592345645e-05,0.004430866,0,0,-0.000364951,0.995934086,1.000364951
3.51335401E+00,0.917677129,0.925180345,0.07067204,3.53929835117753e-05,0.004477912,0,0,-0.00036569,0.995887778,1.00036569
3.53834637E+00,0.919479796,0.924465174,0.071339199,3.60932944138406e-05,0.004525969,0,0,-0.000366436,0.995840467,1.000366436
3.56331254E+00,0.921287215,0.923743298,0.072011966,3.68070970187886e-05,0.004575063,0,0,-0.000367133,0.995792071,1.000367134
3.58825248E+00,0.923099516,0.923014788,0.072690423,3.75347161254992e-05,0.004625193,0,0,-0.000367938,0.995742745,1.000367938
3.61316607E+00,0.924917505,0.922279402,0.07337455,3.82763531875827e-05,0.004676385,0,0,-0.000368613,0.995692229,1.000368614
3.63805323E+00,0.926739936,0.921537233,0.074064469,3.90323795375323e-05,0.004728667,0,0,-0.000369401,0.995640735,1.000369402
3.66291390E+00,0.928566243,0.920788316,0.074759972,3.98026780506248e-05,0.004782044,0,0,-0.000370135,0.995588091,1.000370135
3.68774801E+00,0.930397636,0.92003264,0.07546135,4.05878854926629e-05,0.004836525,0,0,-0.000371103,0.995534578,1.000371103
3.71255544E+00,0.932234156,0.919269885,0.07616848,4.1388101409759e-05,0.004892141,0,0,-0.000371894,0.995479753,1.000371894
3.73733615E+00,0.934075587,0.918500131,0.076881422,4.22036220274345e-05,0.004948912,0,0,-0.000372669,0.995423757,1.000372669
3.76209005E+00,0.935921863,0.917723365,0.077600208,4.30347189095265e-05,0.005006857,0,0,-0.000373466,0.995366609,1.000373465
3.78681707E+00,0.937772841,0.916939515,0.07832482,4.38815972286834e-05,0.005066004,0,0,-0.000374221,0.995308217,1.000374221
3.81151714E+00,0.939628822,0.916148621,0.07905537,4.47446674727546e-05,0.005126357,0,0,-0.000375093,0.995248736,1.000375093
3.83619018E+00,0.941489778,0.915350534,0.079791813,4.56241224141803e-05,0.005187947,0,0,-0.000375919,0.995187971,1.000375919
3.86083611E+00,0.943355635,0.91454524,0.08053419,4.65202594659744e-05,0.005250796,0,0,-0.000376746,0.99512595,1.000376746
3.88545486E+00,0.94522602,0.913732714,0.081282479,4.74332896700248e-05,0.005314932,0,0,-0.000377558,0.995062626,1.000377558
3.91004639E+00,0.947101578,0.912912968,0.082036784,4.83636381515926e-05,0.005380363,0,0,-0.000378478,0.994998115,1.000378478
3.93461060E+00,0.948982534,0.91208572,0.082797053,4.93115366466125e-05,0.005447125,0,0,-0.00037921,0.994932085,1.00037921
3.95914745E+00,0.950867761,0.911251233,0.083563363,5.02773006254854e-05,0.005515239,0,0,-0.000380111,0.994864873,1.000380112
3.98365686E+00,0.952757876,0.910409356,0.08433567,5.12611282863855e-05,0.005584731,0,0,-0.000381018,0.994796287,1.000381018
4.00813877E+00,0.954653144,0.909560013,0.085114041,5.22634583275939e-05,0.005655618,0,0,-0.000381935,0.994726318,1.000381936
4.03259311E+00,0.956553427,0.908703129,0.085898464,5.32845369075747e-05,0.005727933,0,0,-0.00038281,0.994654877,1.00038281
4.05701982E+00,0.958458694,0.907838695,0.086688964,5.43246908887047e-05,0.005801703,0,0,-0.000383686,0.994581984,1.000383686
4.08141884E+00,0.960368911,0.90696668,0.08748556,5.53842327652381e-05,0.005876954,0,0,-0.000384579,0.994507624,1.000384578
4.10579010E+00,0.962283639,0.906087064,0.088288231,5.64634057141819e-05,0.005953722,0,0,-0.000385481,0.994431759,1.000385481
4.13013357E+00,0.964202817,0.905199916,0.089097049,5.75626338343746e-05,0.006032019,0,0,-0.000386547,0.994354528,1.000386546
4.15444917E+00,0.96612724,0.904304961,0.089911956,5.8682152277908e-05,0.006111878,0,0,-0.000387476,0.994275599,1.000387477
4.17873686E+00,0.968056678,0.903402255,0.090732994,5.98223317214693e-05,0.006193332,0,0,-0.000388404,0.994195072,1.000388404
4.20299659E+00,0.969991259,0.902491695,0.091560155,6.09834650919681e-05,0.006276421,0,0,-0.000389255,0.994112834,1.000389255
4.22722832E+00,0.97193148,0.901573328,0.092393508,6.2166028818624e-05,0.006361164,0,0,-0.000390166,0.994029002,1.000390166
4.25143197E+00,0.973876912,0.900647009,0.093233009,6.3370289638987e-05,0.006447605,0,0,-0.000390994,0.993943389,1.000390994
4.27560752E+00,0.975827133,0.899712832,0.094078715,6.4596619163147e-05,0.006535772,0,0,-0.000391916,0.993856144,1.000391916
4.29975491E+00,0.977782332,0.898770773,0.094930581,6.58452379603079e-05,0.006625701,0,0,-0.0003929,0.993767199,1.000392899
4.32387411E+00,0.979742411,0.897820777,0.095788648,6.71166345006635e-05,0.006717418,0,0,-0.00039396,0.993676542,1.000393959
4.34796507E+00,0.981706551,0.896862866,0.096652866,6.84109990426336e-05,0.006810961,0,0,-0.000395104,0.993584143,1.000395104
4.37202779E+00,0.983676003,0.895896787,0.097523219,6.97286997597134e-05,0.006906361,0,0,-0.000396096,0.993489735,1.000396096
4.39606224E+00,0.985650344,0.894922614,0.098399692,7.10700298477291e-05,0.007003665,0,0,-0.000397041,0.993393376,1.000397041
4.42006842E+00,0.987629896,0.893940371,0.099282388,7.24355679329533e-05,0.0071029,0,0,-0.000398094,0.993295194,1.000398094
4.44404628E+00,0.989614599,0.892949938,0.100171225,7.3825533892127e-05,0.007204113,0,0,-0.000399102,0.993194989,1.000399102
4.46799581E+00,0.991604384,0.891951307,0.10106622,7.52403161202778e-05,0.007307343,0,0,-0.00040011,0.993092767,1.00040011
4.49191700E+00,0.993599293,0.890944446,0.101967364,7.66802809793756e-05,0.007412631,0,0,-0.000401122,0.99298849,1.000401122
4.51580985E+00,0.995599062,0.88992933,0.102874598,7.81456614176392e-05,0.007520024,0,0,-0.000402097,0.992882073,1.000402097
4.53967437E+00,0.997603969,0.888905982,0.103788025,7.96370766040578e-05,0.007629553,0,0,-0.000403197,0.992773645,1.000403198
4.56351053E+00,0.999613944,0.887874336,0.104707545,8.11547014573158e-05,0.007741266,0,0,-0.000404302,0.992663036,1.000404302
4.58731836E+00,1.001629231,0.886834211,0.105633137,8.26989527340236e-05,0.007855214,0,0,-0.000405261,0.992550047,1.000405261
4.61109786E+00,1.003649279,0.885785743,0.1065648,8.42701332970492e-05,0.007971441,0,0,-0.000406254,0.992434813,1.000406254
4.63484907E+00,1.005674653,0.884728993,0.107502607,8.58687998233732e-05,0.00808998,0,0,-0.000407448,0.992317468,1.000407448
4.65857196E+00,1.007705408,0.883663708,0.10844641,8.74951545046655e-05,0.008210892,0,0,-0.000408506,0.992197614,1.000408506
4.68226657E+00,1.009741398,0.882589933,0.109396244,8.91496325739684e-05,0.008334227,0,0,-0.000409554,0.992075327,1.000409554
4.70593295E+00,1.011782607,0.88150764,0.110352045,9.08325158687114e-05,0.00846004,0,0,-0.000410558,0.991950518,1.000410558
4.72957112E+00,1.01382946,0.88041682,0.111313882,9.25444090276522e-05,0.008588372,0,0,-0.000411618,0.991823247,1.000411619
4.75318111E+00,1.015881451,0.879317477,0.112281662,9.42855283670274e-05,0.008719284,0,0,-0.000412709,0.991693425,1.000412709
4.77676295E+00,1.017937534,0.87820972,0.113255368,9.6056191393147e-05,0.008852827,0,0,-0.000413972,0.991561144,1.000413971
4.80031672E+00,1.019999032,0.87709326,0.114234886,9.78566362097042e-05,0.008989052,0,0,-0.000415055,0.991426002,1.000415055
4.82384248E+00,1.022065914,0.875968218,0.115220292,9.96875119427699e-05,0.009128013,0,0,-0.00041621,0.991288197,1.00041621
4.84734027E+00,1.024138124,0.874834528,0.116211484,0.000101549,0.009269773,0,0,-0.000417334,0.991147561,1.000417334
4.87081016E+00,1.026215691,0.873692165,0.11720845,0.000103442,0.009414393,0,0,-0.00041845,0.991004057,1.000418449
4.89425223E+00,1.028298509,0.872541118,0.118211102,0.000105365,0.009561938,0,0,-0.000419523,0.990857586,1.000419524
4.91766656E+00,1.03038799,0.871381199,0.119219656,0.000107322,0.009712482,0,0,-0.000420659,0.990708177,1.000420659
4.94105320E+00,1.032482296,0.870212633,0.120233662,0.00010931,0.009866075,0,0,-0.00042168,0.990555604,1.00042168
4.96441227E+00,1.034581786,0.869035473,0.121253214,0.00011133,0.010022766,0,0,-0.000422783,0.990400017,1.000422783
4.98774382E+00,1.036686532,0.86784957,0.122278388,0.000113383,0.01018265,0,0,-0.000423991,0.990241341,1.000423991
5.01104798E+00,1.038797037,0.866654841,0.123309088,0.00011547,0.010345786,0,0,-0.000425184,0.990079399,1.000425185
5.03432483E+00,1.04091321,0.865451276,0.124345201,0.00011759,0.010512249,0,0,-0.000426317,0.989914067,1.000426316
5.05757449E+00,1.043034751,0.864238907,0.125386646,0.000119744,0.010682113,0,0,-0.00042741,0.989745297,1.000427409
5.08079710E+00,1.045162007,0.863017752,0.126433472,0.000121933,0.010855448,0,0,-0.000428605,0.989573156,1.000428604
5.10399274E+00,1.047294937,0.861787763,0.127485517,0.000124156,0.011032332,0,0,-0.000429768,0.989397436,1.000429768
5.12716155E+00,1.049433526,0.860548921,0.128542749,0.000126414,0.011212844,0,0,-0.000430929,0.989218084,1.000430928
5.15030366E+00,1.051577722,0.859301218,0.129605049,0.000128707,0.011397068,0,0,-0.000432042,0.989034973,1.000432041
5.17341922E+00,1.053727653,0.858044704,0.130672439,0.000131035,0.011585081,0,0,-0.000433259,0.988848178,1.000433259
5.19650838E+00,1.055883127,0.856779344,0.131744766,0.0001334,0.011776969,0,0,-0.00043448,0.98865751,1.00043448
5.21957128E+00,1.0580444,0.855505094,0.132821958,0.000135801,0.011972817,0,0,-0.00043567,0.988462853,1.00043567
5.24260809E+00,1.060211758,0.854221903,0.133903909,0.000138238,0.012172717,0,0,-0.000436768,0.98826405,1.000436767
5.26561898E+00,1.062385533,0.852929807,0.134990623,0.000140712,0.012376762,0,0,-0.000437904,0.988061142,1.000437904
5.28860409E+00,1.064565943,0.851628785,0.136081954,0.000143223,0.012585049,0,0,-0.000439012,0.987853962,1.000439011
5.31156359E+00,1.066751801,0.850318753,0.137177981,0.000145772,0.01279771,0,0,-0.000440215,0.987642506,1.000440215
5.33449768E+00,1.068943212,0.849000069,0.138278107,0.000148357,0.013014759,0,0,-0.000441293,0.987426534,1.000441293
5.35740651E+00,1.071140863,0.847672477,0.139382828,0.000150981,0.013236352,0,0,-0.000442638,0.987206286,1.000442639
5.38029026E+00,1.07334473,0.846335922,0.140491698,0.000153643,0.013462585,0,0,-0.000443849,0.986981264,1.000443849
5.40314913E+00,1.075552794,0.844990682,0.141604652,0.000156343,0.013693563,0,0,-0.00044524,0.986751677,1.00044524
5.42598333E+00,1.077767222,0.843636481,0.142721621,0.000159082,0.013929376,0,0,-0.00044656,0.986517184,1.00044656
5.44879306E+00,1.07998804,0.842273366,0.143842432,0.000161859,0.014170144,0,0,-0.0004478,0.986277657,1.0004478
5.47157851E+00,1.082215082,0.840901352,0.144967013,0.000164675,0.014415988,0,0,-0.000449028,0.98603304,1.000449028
5.49433989E+00,1.084448198,0.839520479,0.14609518,0.000167529,0.014667024,0,0,-0.000450213,0.985783189,1.000450213
5.51707741E+00,1.086688085,0.838130687,0.147226945,0.000170424,0.01492338,0,0,-0.000451435,0.985528056,1.000451435
5.53979124E+00,1.088934817,0.83673198,0.148362078,0.000173357,0.015185178,0,0,-0.000452594,0.985267415,1.000452593
5.56248160E+00,1.091187726,0.83532444,0.149500505,0.00017633,0.015452555,0,0,-0.00045383,0.985001275,1.00045383
5.58514868E+00,1.093446872,0.833908047,0.150642013,0.000179343,0.015725632,0,0,-0.000455035,0.984729403,1.000455035
5.60779270E+00,1.095710904,0.832483035,0.151786576,0.000182395,0.016004546,0,0,-0.000456552,0.984452006,1.000456551
5.63041385E+00,1.097981669,0.831049098,0.152933866,0.000185487,0.016289407,0,0,-0.000457857,0.984168451,1.000457858
5.65301237E+00,1.100259092,0.829606322,0.154083771,0.000188618,0.016580363,0,0,-0.000459076,0.983878712,1.000459075
5.67558847E+00,1.10254315,0.828154761,0.155236245,0.00019179,0.016877573,0,0,-0.00046037,0.983582796,1.00046037
5.69814235E+00,1.10483441,0.826694384,0.156391038,0.000195001,0.017181179,0,0,-0.000461601,0.983280422,1.000461602
5.72067423E+00,1.107132389,0.825225009,0.157548196,0.000198252,0.017491384,0,0,-0.000462841,0.982971457,1.000462841
5.74318429E+00,1.109436566,0.823747154,0.158706995,0.000201543,0.01780824,0,0,-0.000463931,0.982655691,1.000463932
5.76567272E+00,1.111747698,0.822260556,0.159867978,0.000204873,0.018131976,0,0,-0.000465384,0.982333408,1.000465383
5.78813966E+00,1.114065945,0.820765113,0.161030544,0.000208244,0.018462755,0,0,-0.000466656,0.982003901,1.000466656
5.81058530E+00,1.116389992,0.819261057,0.162194548,0.000211654,0.018800733,0,0,-0.000467991,0.981667258,1.000467991
5.83300982E+00,1.118722259,0.817748086,0.163359911,0.000215103,0.019146085,0,0,-0.000469185,0.981323101,1.000469185
5.85541334E+00,1.121061574,0.816226465,0.164526376,0.000218593,0.019499,0,0,-0.000470433,0.980971434,1.000470434
5.87779598E+00,1.123407796,0.814696151,0.165693779,0.000222121,0.019859659,0,0,-0.00047171,0.980612051,1.00047171
5.90015785E+00,1.125760964,0.813157168,0.166861852,0.000225688,0.020228242,0,0,-0.000472951,0.980244708,1.000472951
5.92249906E+00,1.128121284,0.811609542,0.168030501,0.000229295,0.020604948,0,0,-0.000474285,0.979869337,1.000474285
5.94481966E+00,1.130488778,0.810053259,0.169199422,0.00023294,0.02098997,0,0,-0.000475591,0.979485622,1.000475591
5.96711971E+00,1.132863304,0.80848838,0.170368359,0.000236623,0.021383495,0,0,-0.000476858,0.979093362,1.000476857
5.98939927E+00,1.135244848,0.806914895,0.171537244,0.000240345,0.021785757,0,0,-0.000478241,0.978692484,1.000478241
6.01165831E+00,1.137632993,0.805332917,0.172705696,0.000244104,0.022196948,0,0,-0.000479664,0.978282717,1.000479665
6.03389685E+00,1.14002845,0.803742336,0.173873502,0.000247901,0.022617275,0,0,-0.000481013,0.977863738,1.000481013
6.05611483E+00,1.142431112,0.802143205,0.175040414,0.000251734,0.023046965,0,0,-0.000482318,0.977435353,1.000482319
6.07831220E+00,1.144841824,0.800535474,0.176206261,0.000255604,0.023486261,0,0,-0.0004836,0.976997339,1.0004836
6.10048882E+00,1.147259703,0.798919266,0.177370763,0.000259511,0.023935407,0,0,-0.000484946,0.97654954,1.000484946
6.12264457E+00,1.149684514,0.797294615,0.178533591,0.000263453,0.024394617,0,0,-0.000486276,0.976091659,1.000486276
6.14477928E+00,1.152116653,0.795661467,0.179694642,0.00026743,0.024864166,0,0,-0.000487705,0.975623539,1.000487705
6.16689272E+00,1.154556019,0.794019897,0.180853488,0.000271442,0.025344284,0,0,-0.000489111,0.975144827,1.000489111
6.18898465E+00,1.157001538,0.79237003,0.182009858,0.000275488,0.025835214,0,0,-0.00049059,0.974655376,1.000490591
6.21105481E+00,1.159452951,0.790711879,0.183163589,0.000279567,0.026337238,0,0,-0.000492274,0.974155035,1.000492274
6.23310284E+00,1.161912628,0.789045266,0.184314172,0.000283678,0.026850576,0,0,-0.000493692,0.973643116,1.000493692
6.25512837E+00,1.164378552,0.787370304,0.185461372,0.000287821,0.027375552,0,0,-0.00049505,0.973119497,1.000495049
6.27713102E+00,1.166851356,0.785687158,0.186605147,0.000291995,0.027912408,0,0,-0.000496708,0.9725843,1.000496708
6.29911026E+00,1.169331215,0.783995692,0.187744885,0.0002962,0.028461457,0,0,-0.000498235,0.972036777,1.000498235
6.32106557E+00,1.171817896,0.782295947,0.188880379,0.000300434,0.029022992,0,0,-0.000499752,0.97147676,1.000499751
6.34299636E+00,1.174311106,0.780588018,0.190011259,0.000304696,0.029597289,0,0,-0.000501263,0.970903974,1.000501263
6.36490202E+00,1.176811591,0.778871806,0.191137303,0.000308987,0.030184688,0,0,-0.000502784,0.970318096,1.000502785
6.38678180E+00,1.179316226,0.777147735,0.192258133,0.000313304,0.030785496,0,0,-0.000504668,0.969719172,1.000504668
6.40863497E+00,1.181827166,0.77541548,0.193373253,0.000317646,0.031399948,0,0,-0.000506328,0.96910638,1.000506328
6.43046072E+00,1.184345804,0.773674983,0.194482458,0.000322013,0.032028414,0,0,-0.000507869,0.968479454,1.000507869
6.45225812E+00,1.186870195,0.771926514,0.195585387,0.000326403,0.032671246,0,0,-0.000509551,0.967838305,1.000509551
6.47402623E+00,1.189400124,0.77017004,0.196681623,0.000330816,0.033328748,0,0,-0.000511228,0.96718248,1.000511228
6.49576401E+00,1.191935832,0.768405605,0.19777088,0.00033525,0.034001276,0,0,-0.00051301,0.966511735,1.000513011
6.51747035E+00,1.194476961,0.766633213,0.198852723,0.000339704,0.034689167,0,0,-0.000514807,0.965825639,1.000514806
6.53914408E+00,1.197023215,0.764852978,0.199926701,0.000344175,0.035392727,0,0,-0.000516582,0.965123854,1.000516582
6.56078396E+00,1.199574344,0.763064865,0.200992601,0.000348664,0.036112368,0,0,-0.000518498,0.964406131,1.000518499
6.58238865E+00,1.202129597,0.761269059,0.20204986,0.000353169,0.036848401,0,0,-0.00052049,0.963672088,1.000520489
6.60395675E+00,1.204689306,0.759465507,0.203098067,0.000357687,0.037601144,0,0,-0.000522405,0.962921261,1.000522405
6.62548681E+00,1.207253245,0.757654228,0.204136957,0.000362218,0.038371028,0,0,-0.00052443,0.962153403,1.00052443
6.64697724E+00,1.209821048,0.755835363,0.205165973,0.00036676,0.039158374,0,0,-0.000526469,0.961368096,1.000526469
6.66842642E+00,1.212393117,0.754008828,0.206184723,0.00037131,0.039963534,0,0,-0.000528396,0.960564861,1.000528395
6.68983265E+00,1.214969515,0.752174681,0.207192892,0.000375869,0.040786944,0,0,-0.000530386,0.959743442,1.000530386
6.71119410E+00,1.217548165,0.750333147,0.20819002,0.000380434,0.041628983,0,0,-0.000532585,0.958903601,1.000532584
6.73250889E+00,1.220128968,0.748484262,0.209175566,0.000385003,0.042489948,0,0,-0.000534779,0.958044831,1.000534779
6.75377511E+00,1.222710773,0.746628154,0.210149262,0.000389573,0.043370266,0,0,-0.000537254,0.957166988,1.000537254
6.77499073E+00,1.225292241,0.744764977,0.211110539,0.000394143,0.044270256,0,0,-0.000539913,0.956269659,1.000539914
6.79615367E+00,1.227875483,0.742894629,0.212058791,0.00039871,0.045190161,0,0,-0.00054229,0.955352129,1.00054229
6.81726184E+00,1.230459607,0.741017164,0.212993871,0.000403273,0.046130497,0,0,-0.000544806,0.954414309,1.000544806
6.83831297E+00,1.233043896,0.739132775,0.21391517,0.00040783,0.047091586,0,0,-0.000547361,0.953455774,1.000547361
6.85930480E+00,1.235627766,0.7372415,0.214822293,0.000412378,0.04807377,0,0,-0.00054994,0.952476171,1.000549941
6.88023500E+00,1.238211936,0.735343328,0.215714814,0.000416916,0.049077453,0,0,-0.000552512,0.951475058,1.000552511
6.90110115E+00,1.240796051,0.733438377,0.216592262,0.000421441,0.050102979,0,0,-0.00055506,0.95045208,1.00055506
6.92190080E+00,1.243377483,0.731526969,0.217454253,0.000425951,0.051150682,0,0,-0.000557854,0.949407172,1.000557854
6.94263152E+00,1.245954901,0.729609281,0.21830036,0.000430442,0.052220894,0,0,-0.000560977,0.948340083,1.000560977
6.96329085E+00,1.248527448,0.727685477,0.219130036,0.000434913,0.053313825,0,0,-0.000564251,0.947250426,1.000564251
6.98387637E+00,1.251097656,0.725755408,0.219942752,0.000439359,0.054429659,0,0,-0.000567178,0.946137519,1.000567178
7.00438565E+00,1.253665207,0.723819213,0.220738306,0.000443781,0.055568842,0,0,-0.000570141,0.9450013,1.000570142
7.02481618E+00,1.256227786,0.721877166,0.221516278,0.000448174,0.056731689,0,0,-0.000573308,0.943841619,1.000573308
7.04516549E+00,1.258784765,0.719929469,0.222276164,0.000452536,0.057918354,0,0,-0.000576524,0.942658169,1.000576523
7.06543119E+00,1.261335976,0.717976135,0.223017721,0.000456866,0.059129172,0,0,-0.000579893,0.941450722,1.000579894
7.08561084E+00,1.263880764,0.716017408,0.223740448,0.000461159,0.0603643,0,0,-0.000583315,0.940219014,1.000583314
7.10570209E+00,1.266418473,0.714053468,0.22444401,0.000465413,0.061623919,0,0,-0.000586809,0.93896289,1.00058681
7.12570265E+00,1.268947762,0.712084535,0.225128096,0.000469625,0.06290818,0,0,-0.000590435,0.937682256,1.000590435
7.14561031E+00,1.271468084,0.710110791,0.225792383,0.000473792,0.064217286,0,0,-0.000594253,0.936376967,1.000594253
7.16542290E+00,1.273980032,0.708132343,0.22643647,0.000477913,0.065551264,0,0,-0.000597989,0.935046725,1.000597989
7.18513840E+00,1.276482658,0.706149407,0.227060152,0.000481983,0.066910224,0,0,-0.000601764,0.933691541,1.000601765
7.20475488E+00,1.278975464,0.704162218,0.227663163,0.000486,0.068294308,0,0,-0.000605689,0.932311381,1.00060569
7.22427050E+00,1.281457909,0.702170911,0.228245265,0.000489963,0.069703528,0,0,-0.000609668,0.930906139,1.000609667
7.24368359E+00,1.283929723,0.700175737,0.228806195,0.000493868,0.071137823,0,0,-0.000613623,0.9294758,1.000613622
7.26299264E+00,1.286391415,0.698176844,0.229345805,0.000497713,0.07259725,0,0,-0.000617611,0.928020361,1.000617611
7.28219627E+00,1.288841142,0.696174503,0.229863994,0.000501495,0.074081793,0,0,-0.000621784,0.926539993,1.000621785
7.30129330E+00,1.291277923,0.69416907,0.230360554,0.000505211,0.075591234,0,0,-0.000626071,0.925034836,1.00062607
7.32028277E+00,1.293700241,0.692160837,0.230835478,0.00050886,0.077125535,0,0,-0.000630711,0.923505175,1.00063071
7.33916394E+00,1.296110455,0.690149901,0.231288478,0.000512438,0.078684284,0,0,-0.000635102,0.921950817,1.000635101
7.35793632E+00,1.298507804,0.68813655,0.231719696,0.000515943,0.08026729,0,0,-0.000639479,0.920372189,1.000639478
7.37659965E+00,1.300892084,0.686120923,0.232129177,0.000519375,0.081874488,0,0,-0.000643964,0.918769476,1.000643963
7.39515391E+00,1.303264276,0.684103337,0.232516799,0.00052273,0.083505433,0,0,-0.0006483,0.917142866,1.000648299
7.41359937E+00,1.305623129,0.682083565,0.232883159,0.00052601,0.08516019,0,0,-0.000652926,0.915492735,1.000652925
7.43193656E+00,1.307972253,0.680062602,0.233227202,0.000529208,0.086837747,0,0,-0.000656759,0.913819012,1.000656759
7.45016642E+00,1.310303648,0.678040787,0.233550483,0.000532326,0.088538162,0,0,-0.000661757,0.912123596,1.000661757
7.46829011E+00,1.312622653,0.676018863,0.23385181,0.000535356,0.090259936,0,0,-0.000665966,0.910406029,1.000665966
7.48630925E+00,1.314928444,0.673995457,0.234133213,0.000538309,0.092003906,0,0,-0.000670884,0.908666978,1.000670884
7.50422567E+00,1.317221009,0.671971569,0.23439382,0.000541177,0.093769239,0,0,-0.000675806,0.906906567,1.000675805
7.52204177E+00,1.319503416,0.66994822,0.234633232,0.000543955,0.095554275,0,0,-0.000679682,0.905125407,1.000679681
7.53976030E+00,1.321773428,0.667925451,0.234852999,0.000546647,0.097358895,0,0,-0.000683993,0.903325097,1.000683992
7.55738420E+00,1.324032919,0.6659027,0.235053741,0.000549257,0.099182834,0,0,-0.000688532,0.901505698,1.000688532
7.57491705E+00,1.326283583,0.663880816,0.235235037,0.000551779,0.101025014,0,0,-0.000692648,0.899667632,1.000692647
7.59236288E+00,1.328524623,0.661860032,0.235397838,0.000554215,0.102884654,0,0,-0.00069674,0.897812086,1.00069674
7.60972615E+00,1.330757572,0.659840654,0.235542579,0.000556566,0.104760969,0,0,-0.000700769,0.895939799,1.000700769
7.62701180E+00,1.33298355,0.657822896,0.235669895,0.000558832,0.106653009,0,0,-0.00070463,0.894051622,1.000704631
7.64422531E+00,1.335203534,0.655807022,0.235780439,0.000561014,0.108559817,0,0,-0.000708292,0.892148474,1.000708291
7.66137270E+00,1.337420029,0.65379293,0.235875146,0.000563115,0.110480758,0,0,-0.000711949,0.890231192,1.00071195
7.67846089E+00,1.339639591,0.651780811,0.235953867,0.000565135,0.112414384,0,0,-0.000714196,0.888299813,1.000714196
7.69549674E+00,1.341848494,0.64977199,0.236018622,0.000567077,0.114360561,0,0,-0.000718251,0.886357689,1.00071825
7.71248802E+00,1.344059355,0.647766335,0.236068699,0.000568936,0.116317029,0,0,-0.000721,0.884403971,1.000721
7.72944277E+00,1.346273009,0.645763274,0.236106549,0.000570725,0.11828333,0,0,-0.000723878,0.882440548,1.000723878
7.74637063E+00,1.348491567,0.643763096,0.236132218,0.000572443,0.12025844,0,0,-0.000726197,0.880467757,1.000726197
7.76328165E+00,1.350717389,0.641766057,0.236146627,0.000574092,0.122241447,0,0,-0.000728223,0.878486776,1.000728223
7.78018655E+00,1.352953365,0.639771807,0.236151258,0.00057568,0.124231277,0,0,-0.000730021,0.876498745,1.000730021
7.79709746E+00,1.35520318,0.637780422,0.236146244,0.000577205,0.126227045,0,0,-0.000730915,0.874503872,1.000730917
7.81402672E+00,1.357466829,0.635792282,0.236132834,0.000578674,0.128228136,0,0,-0.000731926,0.872503791,1.000731927
7.83098701E+00,1.359750017,0.633806987,0.236113094,0.000580094,0.130232613,0,0,-0.000732788,0.870500174,1.000732788
7.84799432E+00,1.362066357,0.631822811,0.236086948,0.000581471,0.132240189,0,0,-0.000731418,0.86849123,1.000731419
7.86506448E+00,1.364393853,0.629841542,0.236056335,0.000582809,0.13425208,0,0,-0.000732767,0.866480685,1.000732766
7.88221432E+00,1.366751795,0.627862119,0.236021334,0.000584107,0.136265007,0,0,-0.000732566,0.86446756,1.000732567
7.89946240E+00,1.369144077,0.625884111,0.235984208,0.000585377,0.138278116,0,0,-0.000731811,0.862453695,1.000731812
7.91682980E+00,1.371574964,0.623906152,0.235945922,0.000586626,0.140291953,0,0,-0.000730653,0.860438701,1.000730654
7.93433899E+00,1.374049258,0.621927512,0.235907623,0.000587862,0.1423061,0,0,-0.000729097,0.858422996,1.000729096
7.95201457E+00,1.376572011,0.619947032,0.235870664,0.000589092,0.144320389,0,0,-0.000727176,0.856406788,1.000727177
7.96988353E+00,1.379149553,0.617963202,0.23583627,0.000590324,0.146335203,0,0,-0.000725,0.854389797,1.000725
7.98797555E+00,1.381787924,0.615974452,0.235805885,0.000591568,0.148350563,0,0,-0.000722469,0.852371905,1.000722468
8.00632354E+00,1.384494561,0.613978883,0.235780752,0.000592832,0.150367232,0,0,-0.000719699,0.850352467,1.000719699
8.02496404E+00,1.38728053,0.611974075,0.235762652,0.000594128,0.152385451,0,0,-0.000716308,0.848330856,1.000716307
8.04393854E+00,1.390162445,0.6099561,0.235752609,0.000595471,0.154407133,0,0,-0.000711314,0.84630418,1.000711314
8.06329229E+00,1.393120009,0.607924064,0.235752804,0.000596866,0.156436079,0,0,-0.000709813,0.844273733,1.000709813
8.08227865E+00,1.396079883,0.6059148,0.235710914,0.000598239,0.158472241,0,0,-0.000696193,0.842223953,1.000696194
8.10080311E+00,1.399007092,0.603962431,0.235658045,0.000599594,0.160467201,0,0,-0.000687271,0.84022007,1.00068727
8.11889300E+00,1.401897451,0.602068902,0.235609219,0.000600955,0.162402835,0,0,-0.000681913,0.838279077,1.000681911
8.13657685E+00,1.404753885,0.60023266,0.23556665,0.000602323,0.164276408,0,0,-0.000678041,0.836401633,1.00067804
8.15388136E+00,1.407579649,0.59845075,0.235531808,0.000603701,0.166088447,0,0,-0.000674705,0.834586259,1.000674706
8.17083195E+00,1.410376558,0.596719044,0.235504435,0.000605092,0.167843129,0,0,-0.000671699,0.832828571,1.0006717
8.18745151E+00,1.413146883,0.595034271,0.23548369,0.000606494,0.16954454,0,0,-0.000668996,0.831124456,1.000668995
8.20376081E+00,1.41589186,0.593392812,0.235469472,0.00060791,0.171196321,0,0,-0.000666516,0.829470195,1.000666516
8.21977882E+00,1.418613776,0.591791672,0.23546105,0.00060934,0.172802167,0,0,-0.00066423,0.827862062,1.000664229
8.23552300E+00,1.421312492,0.590227534,0.235457518,0.000610783,0.174366338,0,0,-0.000662173,0.826295835,1.000662173
8.25100867E+00,1.423990392,0.588698389,0.235458712,0.000612238,0.175891035,0,0,-0.000660372,0.824769339,1.000660374
8.26625039E+00,1.426648161,0.587201128,0.23546418,0.000613707,0.177379723,0,0,-0.000658737,0.823279015,1.000658738
8.28126129E+00,1.429286366,0.585733698,0.235473334,0.000615188,0.178835045,0,0,-0.000657266,0.82182222,1.000657265
8.29605340E+00,1.431922466,0.584292988,0.235485337,0.000616683,0.180258632,0,0,-0.00065364,0.820395008,1.00065364
8.31063782E+00,1.434521035,0.582878743,0.23550073,0.000618192,0.181656992,0,0,-0.000654657,0.818997665,1.000654657
8.32502434E+00,1.437105819,0.581488908,0.235517442,0.000619704,0.183027926,0,0,-0.000653981,0.817626054,1.00065398
8.33922218E+00,1.439674857,0.580121836,0.235536868,0.000621227,0.18437341,0,0,-0.00065334,0.816279931,1.000653342
8.35324011E+00,1.442227678,0.578775897,0.235557766,0.000622759,0.185696474,0,0,-0.000652896,0.814956422,1.000652895
8.36708597E+00,1.444764111,0.57744979,0.235580084,0.000624299,0.186998538,0,0,-0.000652708,0.813654172,1.000652709
8.38076701E+00,1.44728613,0.576142311,0.23560351,0.000625845,0.188280778,0,0,-0.000652445,0.812371666,1.000652444
8.39428995E+00,1.449794731,0.574852416,0.23562769,0.000627399,0.1895448,0,0,-0.000652304,0.811107505,1.000652305
8.40766096E+00,1.45228903,0.573578893,0.235652245,0.000628958,0.190792115,0,0,-0.000652211,0.809860097,1.000652211
8.42088574E+00,1.454770316,0.572321239,0.235677131,0.000630521,0.192023475,0,0,-0.000652367,0.808628892,1.000652367
8.43396959E+00,1.457238689,0.571078187,0.235702251,0.000632091,0.193240053,0,0,-0.000652582,0.807412528,1.000652582
8.44691744E+00,1.459694229,0.569849159,0.23572739,0.000633664,0.194442643,0,0,-0.000652855,0.806210213,1.000652856
8.45973386E+00,1.462137736,0.568633526,0.235752152,0.000635241,0.195632341,0,0,-0.000653259,0.805020918,1.000653259
8.47242309E+00,1.464569852,0.567430489,0.235776618,0.000636821,0.19680973,0,0,-0.000653656,0.803843928,1.000653658
8.48498908E+00,1.466990637,0.566239456,0.235800767,0.000638404,0.197975458,0,0,-0.000654084,0.802678627,1.000654084
8.49743554E+00,1.469398845,0.565060214,0.235824125,0.000639989,0.199130545,0,0,-0.000654873,0.801524328,1.000654873
8.50976590E+00,1.471795409,0.563891957,0.235847061,0.000641576,0.200275061,0,0,-0.000655653,0.800380593,1.000655654
8.52198339E+00,1.474182387,0.562734406,0.235868973,0.000643164,0.201409744,0,0,-0.000656287,0.799246543,1.000656287
8.53409103E+00,1.476558582,0.561587002,0.23589019,0.000644753,0.202535129,0,0,-0.000657073,0.798121945,1.000657074
8.54609164E+00,1.478924185,0.560449407,0.235910615,0.000646345,0.203651496,0,0,-0.000657863,0.797006366,1.000657862
8.55798789E+00,1.481297054,0.559320067,0.235929499,0.000647938,0.204758358,0,0,-0.000655861,0.795897504,1.000655861
8.56978214E+00,1.483638997,0.558201192,0.235948096,0.000649534,0.205860367,0,0,-0.000659191,0.794798823,1.000659191
8.58147672E+00,1.485974781,0.557090903,0.235965159,0.000651126,0.206953086,0,0,-0.000660274,0.793707189,1.000660275
8.59307399E+00,1.488301906,0.555989481,0.235981291,0.000652718,0.208037868,0,0,-0.000661358,0.79262349,1.000661357
8.60457597E+00,1.490619726,0.554896228,0.235996435,0.000654311,0.209115394,0,0,-0.000662367,0.791546974,1.000662368
8.61598463E+00,1.492928264,0.553811057,0.236010542,0.000655904,0.210185849,0,0,-0.000663352,0.790477502,1.000663352
8.62730184E+00,1.49522791,0.552733883,0.236023275,0.000657495,0.211249747,0,0,-0.0006644,0.789414652,1.000664399
8.63852932E+00,1.497517265,0.551664354,0.236035118,0.000659087,0.212307082,0,0,-0.00066564,0.788358559,1.00066564
8.64966877E+00,1.499798383,0.5506024,0.236045525,0.000660677,0.213358162,0,0,-0.000666766,0.787308602,1.000666764
8.66072172E+00,1.502070929,0.549547682,0.236054857,0.000662266,0.21440308,0,0,-0.000667885,0.786264805,1.000667885
8.67168968E+00,1.504334636,0.548500072,0.236063146,0.000663855,0.215441916,0,0,-0.000668989,0.785227073,1.000668989
8.68257409E+00,1.506590262,0.547459586,0.236069986,0.000665442,0.216475114,0,0,-0.000670127,0.784195014,1.000670128
8.69337626E+00,1.508837562,0.546425822,0.236075765,0.000667029,0.217502674,0,0,-0.00067129,0.783168616,1.00067129
8.70409747E+00,1.511076463,0.545398752,0.236080456,0.000668615,0.218524602,0,0,-0.000672424,0.782147823,1.000672425
8.71473897E+00,1.513308634,0.54437827,0.236083715,0.000670199,0.219541258,0,0,-0.000673441,0.781132184,1.000673442
8.72530182E+00,1.515534709,0.543363983,0.236085763,0.000671783,0.220552684,0,0,-0.000674212,0.780121529,1.000674212
8.73578718E+00,1.517749414,0.542356212,0.236086927,0.000673366,0.221559225,0,0,-0.000675729,0.779116505,1.00067573
8.74619613E+00,1.519974647,0.541353303,0.236086119,0.000674949,0.222559377,0,0,-0.000673747,0.778114371,1.000673748
8.75652962E+00,1.522169687,0.540358269,0.236085109,0.000676532,0.223557888,0,0,-0.000677798,0.77711991,1.000677797
8.76678858E+00,1.524360505,0.539368804,0.236082449,0.00067811,0.224549949,0,0,-0.000679311,0.776129362,1.000679312
8.77697409E+00,1.526544061,0.538385564,0.236078758,0.000679686,0.225536796,0,0,-0.000680803,0.775144008,1.000680804
8.78708695E+00,1.528720407,0.537408027,0.236074025,0.00068126,0.226518747,0,0,-0.00068206,0.774163312,1.000682059
8.79712802E+00,1.530888847,0.536436279,0.236068286,0.000682834,0.227495885,0,0,-0.000683285,0.773187399,1.000683284
8.80709814E+00,1.533050122,0.535470408,0.236061205,0.000684405,0.228468513,0,0,-0.000684531,0.772216018,1.000684531
8.81699808E+00,1.535203932,0.534510054,0.236053136,0.000685975,0.229436631,0,0,-0.000685797,0.771249165,1.000685796
8.82682859E+00,1.537350013,0.533555196,0.236044142,0.000687544,0.230400169,0,0,-0.000687051,0.770286882,1.000687051
8.83659040E+00,1.539489,0.532606061,0.236033764,0.000689109,0.231359363,0,0,-0.000688297,0.769328934,1.000688297
8.84628420E+00,1.541620568,0.531662206,0.236022493,0.000690674,0.23231421,0,0,-0.000689582,0.768375373,1.000689584
8.85591064E+00,1.543745707,0.530723608,0.236010274,0.000692238,0.23326457,0,0,-0.000690689,0.76742612,1.000690689
8.86547033E+00,1.54586633,0.5297903,0.235996623,0.000693799,0.234210684,0,0,-0.000691405,0.766480722,1.000691406
8.87496392E+00,1.547974884,0.528862418,0.235982276,0.000695359,0.235153207,0,0,-0.00069326,0.765540053,1.00069326
8.88439201E+00,1.550076471,0.527939694,0.235966956,0.000696916,0.236091079,0,0,-0.000694644,0.764603566,1.000694646
8.89375524E+00,1.552172765,0.527022304,0.235950455,0.000698471,0.237024553,0,0,-0.000695783,0.763671231,1.000695784
8.90305404E+00,1.554312952,0.52610571,0.235931375,0.000700031,0.237950276,0,0,-0.000687392,0.762737117,1.000687393
8.91228904E+00,1.556376558,0.52519973,0.235914138,0.000701593,0.238881996,0,0,-0.000697458,0.761815461,1.000697457
8.92146053E+00,1.558447519,0.524297243,0.235894169,0.000703141,0.239805009,0,0,-0.000699561,0.760894553,1.000699561
8.93056917E+00,1.560512964,0.52339985,0.23587393,0.000704688,0.240722747,0,0,-0.000701214,0.759978468,1.000701215
8.93961541E+00,1.562570925,0.522507298,0.235852953,0.000706234,0.241636138,0,0,-0.000702622,0.759066485,1.000702623
8.94859978E+00,1.564622002,0.52162003,0.235830744,0.000707776,0.242545391,0,0,-0.000703941,0.75815855,1.000703941
8.95752273E+00,1.56666576,0.520737533,0.235807834,0.000709316,0.243450611,0,0,-0.000705296,0.757254684,1.000705295
8.96638469E+00,1.568702086,0.519859732,0.235784167,0.000710856,0.24435189,0,0,-0.000706644,0.756354754,1.000706644
8.97518610E+00,1.570731401,0.518987033,0.235759321,0.000712391,0.245249223,0,0,-0.00070797,0.755458744,1.000707968
8.98392733E+00,1.572753444,0.518118998,0.235733768,0.000713924,0.246142615,0,0,-0.000709306,0.754566689,1.000709304
8.99260880E+00,1.574769483,0.517255653,0.235707308,0.000715455,0.247032014,0,0,-0.00071043,0.753678416,1.000710431
9.00123080E+00,1.576779322,0.516396629,0.235680061,0.000716985,0.247917576,0,0,-0.000711251,0.752793675,1.000711251
9.00979379E+00,1.578780472,0.515542901,0.235651809,0.000718511,0.248799575,0,0,-0.000712798,0.751913221,1.000712797
9.01829813E+00,1.580910296,0.514890365,0.235656352,0.000720175,0.249367058,0,0,-0.000633952,0.751266893,1.000633951
9.02672936E+00,1.583025796,0.514224905,0.235750153,0.000722351,0.249932165,0,0,-0.000629573,0.750697409,1.000629573
9.03511882E+00,1.585131575,0.513552247,0.2358366,0.000724528,0.250515444,0,0,-0.000628818,0.750113375,1.000628819
9.04347090E+00,1.587227254,0.512873876,0.235918807,0.000726704,0.251111091,0,0,-0.000630476,0.749519387,1.000630477
9.05178480E+00,1.589312635,0.51219199,0.2359972,0.000728873,0.251715332,0,0,-0.000633395,0.748918063,1.000633394
9.06005942E+00,1.59138888,0.511507896,0.236071488,0.00073103,0.252326157,0,0,-0.000636571,0.748310415,1.000636572
9.06829383E+00,1.593456929,0.510821543,0.236142431,0.00073318,0.252942573,0,0,-0.000639727,0.747697154,1.000639727
9.07648726E+00,1.595516486,0.510133319,0.236210113,0.000735321,0.253564133,0,0,-0.000642884,0.747078752,1.000642885
9.08463900E+00,1.597567732,0.509443958,0.236274171,0.000737451,0.254190441,0,0,-0.000646021,0.74645558,1.000646021
9.09274832E+00,1.599614142,0.508753112,0.236335051,0.000739572,0.254820827,0,0,-0.000648561,0.745827735,1.000648563
9.10081440E+00,1.601646906,0.508061535,0.23639287,0.000741683,0.255455989,0,0,-0.000652075,0.745196088,1.000652076
9.10883678E+00,1.603672194,0.507369516,0.236447315,0.000743783,0.256094614,0,0,-0.000655228,0.744560614,1.000655229
9.11681485E+00,1.605689709,0.506676885,0.236498856,0.000745873,0.256736582,0,0,-0.000658196,0.743921613,1.000658195
9.12474780E+00,1.607698139,0.505983841,0.236547436,0.000747953,0.257381813,0,0,-0.000661043,0.74327923,1.000661042
9.13263513E+00,1.609697809,0.505291053,0.236592815,0.00075002,0.258030082,0,0,-0.00066397,0.742633888,1.00066397
9.14047633E+00,1.61168772,0.50459833,0.236635538,0.000752078,0.258681128,0,0,-0.000667074,0.741985947,1.000667074
9.14827071E+00,1.61366848,0.503905746,0.236675496,0.000754125,0.259334584,0,0,-0.000669953,0.741335367,1.000669951
9.15601773E+00,1.615640979,0.503213865,0.236712379,0.00075616,0.25999025,0,0,-0.000672654,0.740682404,1.000672654
9.16371666E+00,1.617664065,0.502517498,0.236744457,0.00075819,0.260643008,0,0,-0.000663152,0.740020144,1.000663152
9.17136749E+00,1.619595629,0.501829453,0.236777572,0.000760214,0.261309667,0,0,-0.000676909,0.739367239,1.000676907
9.17896907E+00,1.621535731,0.501139725,0.236806158,0.000762214,0.261972584,0,0,-0.000680683,0.738708098,1.000680682
9.18652090E+00,1.623468371,0.500451221,0.236832708,0.000764204,0.262635666,0,0,-0.000683798,0.738048133,1.000683799
9.19402250E+00,1.625392191,0.499764044,0.236856763,0.000766182,0.263299398,0,0,-0.000686386,0.737386988,1.000686387
9.20147335E+00,1.627305372,0.499078216,0.236878565,0.000768148,0.263964061,0,0,-0.000688992,0.73672493,1.000688991
9.20887318E+00,1.629208743,0.498394338,0.236897788,0.000770102,0.264629404,0,0,-0.000691633,0.736062228,1.000691632
9.21622137E+00,1.6311007,0.497712152,0.23691487,0.000772043,0.265295392,0,0,-0.000694458,0.735399065,1.000694457
9.22351743E+00,1.632981069,0.497031742,0.236929851,0.000773973,0.265961699,0,0,-0.000697266,0.734735567,1.000697266
9.23076091E+00,1.634851951,0.496353597,0.236942325,0.000775889,0.266627948,0,0,-0.000699759,0.734071811,1.000699759
9.23795128E+00,1.636712209,0.49567744,0.236952837,0.000777794,0.267294191,0,0,-0.000702262,0.733408071,1.000702262
9.24508812E+00,1.638561261,0.495003443,0.236961366,0.000779686,0.267960241,0,0,-0.000704735,0.732744496,1.000704736
9.25217102E+00,1.640401048,0.49433208,0.236967539,0.000781564,0.268625712,0,0,-0.000706894,0.732081183,1.000706895
9.25919933E+00,1.642229246,0.493663086,0.236971891,0.000783431,0.269290825,0,0,-0.000709234,0.731418409,1.000709234
9.26617286E+00,1.644046095,0.492996791,0.236974362,0.000785286,0.269955219,0,0,-0.000711658,0.730756439,1.000711658
9.27309106E+00,1.645851441,0.492333093,0.236975018,0.000787127,0.270618762,0,0,-0.000714,0.730095237,1.000714
9.27993432E+00,1.647641294,0.491673079,0.23697116,0.000788943,0.27128236,0,0,-0.000715541,0.729433182,1.000715542
9.28677014E+00,1.649428886,0.491015867,0.236973985,0.000790781,0.271939625,0,0,-0.000720257,0.728780633,1.000720258
9.29359852E+00,1.651218098,0.490357459,0.236976229,0.00079262,0.272597138,0,0,-0.000723446,0.728126308,1.000723446
9.30041947E+00,1.653010141,0.489697945,0.236976924,0.000794459,0.273256529,0,0,-0.000725858,0.727469328,1.000725856
9.30723302E+00,1.654803364,0.489036873,0.236976334,0.000796299,0.273918751,0,0,-0.000728259,0.726809506,1.000728258
9.31403917E+00,1.656597829,0.488374384,0.236974212,0.000798141,0.274583909,0,0,-0.000730645,0.726146736,1.000730645
9.32083792E+00,1.658393348,0.487710176,0.236970665,0.000799984,0.275252147,0,0,-0.000732971,0.725480825,1.000732972
9.32762930E+00,1.660190464,0.487044918,0.236965311,0.000801826,0.275923197,0,0,-0.000735253,0.724812055,1.000735253
9.33441332E+00,1.661988866,0.486378086,0.236958631,0.00080367,0.276597171,0,0,-0.000737557,0.724140387,1.000737557
9.34118997E+00,1.663788434,0.485709611,0.236950569,0.000805516,0.277274142,0,0,-0.000739839,0.723465697,1.000739838
9.34795929E+00,1.665590849,0.485039999,0.236940698,0.000807362,0.277953812,0,0,-0.000741871,0.722788059,1.000741871
9.35471814E+00,1.667465646,0.484362666,0.236926221,0.000809214,0.278630183,0,0,-0.000728284,0.722098101,1.000728284
9.36146948E+00,1.669240253,0.483694382,0.236915285,0.000811075,0.279324201,0,0,-0.000744944,0.721420743,1.000744944
9.36821354E+00,1.671041101,0.483020415,0.23690104,0.000812925,0.280014139,0,0,-0.000748519,0.72073438,1.000748519
9.37495030E+00,1.672845772,0.482345562,0.236885423,0.000814776,0.280705449,0,0,-0.000751211,0.720045761,1.000751211
9.38167978E+00,1.674652083,0.481669354,0.236868646,0.000816629,0.28139907,0,0,-0.0007537,0.71935463,1.000753699
9.38840198E+00,1.676459511,0.480991731,0.236850538,0.000818484,0.282095316,0,0,-0.00075607,0.718660753,1.000756069
9.39511692E+00,1.678269036,0.480313131,0.236830806,0.000820339,0.28279407,0,0,-0.000758345,0.717964276,1.000758345
9.40182460E+00,1.680080182,0.479633145,0.236809852,0.000822197,0.283495437,0,0,-0.000760632,0.717265195,1.000760632
9.40852504E+00,1.68189286,0.478951917,0.236787504,0.000824057,0.28419944,0,0,-0.000762918,0.716563478,1.000762918
9.41521824E+00,1.683706769,0.478269277,0.236763914,0.000825919,0.284906108,0,0,-0.000765217,0.71585911,1.000765217
9.42190421E+00,1.685522918,0.477585668,0.236738722,0.000827782,0.285615243,0,0,-0.000767415,0.715152172,1.000767414
9.42858297E+00,1.687342191,0.476900639,0.236712277,0.000829647,0.286326843,0,0,-0.000769407,0.714442564,1.000769407
9.43525451E+00,1.689162432,0.47621426,0.23668461,0.000831516,0.287041191,0,0,-0.000771576,0.713730385,1.000771576
9.44191884E+00,1.690984326,0.47552698,0.236655447,0.000833386,0.287758066,0,0,-0.00077388,0.713015813,1.00077388
9.44857599E+00,1.692808905,0.474838315,0.236625055,0.000835258,0.288477381,0,0,-0.000776008,0.712298628,1.000776009
9.45522594E+00,1.69463534,0.474148265,0.236593414,0.000837134,0.289199265,0,0,-0.000778078,0.711578813,1.000778078
9.46186871E+00,1.696463449,0.473457393,0.236560302,0.000839011,0.289923613,0,0,-0.000780319,0.710856705,1.000780319
9.46850431E+00,1.69829326,0.472765211,0.236526096,0.000840892,0.290650462,0,0,-0.000782661,0.7101322,1.000782662
9.47513274E+00,1.70012488,0.472071853,0.236490586,0.000842775,0.291379741,0,0,-0.000784956,0.709405214,1.000784955
9.48175402E+00,1.701958683,0.471377151,0.236453866,0.000844661,0.292111411,0,0,-0.000787091,0.708675679,1.00078709
9.48836815E+00,1.703794916,0.47068161,0.236415686,0.000846549,0.292845401,0,0,-0.000789248,0.707943846,1.000789247
9.49497513E+00,1.705632674,0.469984791,0.23637644,0.000848441,0.293581896,0,0,-0.000791569,0.707209672,1.000791568
9.50157498E+00,1.707473657,0.469286565,0.236335968,0.000850337,0.294320724,0,0,-0.000793594,0.70647287,1.000793593
9.50816392E+00,1.709393621,0.468581118,0.236290358,0.000852236,0.295054715,0,0,-0.000778428,0.705723711,1.000778427
9.51474556E+00,1.711207165,0.467885411,0.236249146,0.00085415,0.295807344,0,0,-0.000796052,0.704988707,1.000796051
9.52132011E+00,1.713047479,0.467184073,0.236204763,0.000856054,0.29655508,0,0,-0.000799969,0.704244889,1.000799969
9.52788756E+00,1.714893187,0.466482043,0.2361593,0.00085796,0.297303575,0,0,-0.000802879,0.703499302,1.000802878
9.53444793E+00,1.716740734,0.465778803,0.236112809,0.000859869,0.29805388,0,0,-0.000805361,0.702751481,1.000805361
9.54100123E+00,1.718590252,0.465074586,0.236065149,0.000861782,0.298806272,0,0,-0.000807789,0.702001517,1.000807789
9.54754745E+00,1.720441298,0.464369159,0.236016416,0.000863699,0.299560939,0,0,-0.000810214,0.701249274,1.000810213
9.55408662E+00,1.72229481,0.463662966,0.235966326,0.000865617,0.300317673,0,0,-0.000812581,0.700494909,1.000812582
9.56061873E+00,1.724150951,0.462955555,0.235915173,0.000867541,0.301076587,0,0,-0.000814856,0.699738269,1.000814855
9.56714380E+00,1.726010153,0.462246825,0.235862912,0.000869468,0.301837727,0,0,-0.000816933,0.698979205,1.000816932
9.57366182E+00,1.72787204,0.461537326,0.235809277,0.000871399,0.302601093,0,0,-0.000819093,0.698218002,1.000819094
9.58017281E+00,1.729736907,0.460826589,0.235754597,0.000873334,0.303366699,0,0,-0.000821218,0.69745452,1.000821219
9.58667677E+00,1.731603289,0.460114639,0.235698895,0.000875274,0.304134752,0,0,-0.00082356,0.696688808,1.000823559
9.59317369E+00,1.733470427,0.459401966,0.235641933,0.000877217,0.304905135,0,0,-0.000826252,0.695921117,1.000826252
9.59966361E+00,1.735338296,0.458688252,0.235583887,0.000879164,0.305677704,0,0,-0.000829008,0.695151303,1.000829007
9.60614652E+00,1.737207665,0.457973318,0.235524903,0.000881115,0.306452327,0,0,-0.000831665,0.694379336,1.000831664
9.61262243E+00,1.739079545,0.457257567,0.235464598,0.000883069,0.307228986,0,0,-0.00083422,0.693605234,1.000834221
9.61909136E+00,1.740953666,0.456540632,0.235403326,0.000885028,0.308007741,0,0,-0.000836727,0.692828987,1.000836728
9.62555331E+00,1.742831156,0.455822584,0.235340907,0.000886992,0.308788504,0,0,-0.000838986,0.692050483,1.000838987
9.63200412E+00,1.744795522,0.455096652,0.235273428,0.000888962,0.30956322,0,0,-0.000822262,0.691259041,1.000822261
9.63844778E+00,1.746642901,0.454381559,0.235210616,0.000890948,0.310358432,0,0,-0.000841556,0.690483123,1.000841555
9.64488450E+00,1.748520482,0.453660629,0.235144744,0.000892925,0.311147645,0,0,-0.000845942,0.689698297,1.000845942
9.65131428E+00,1.75040271,0.452938565,0.235078071,0.000894906,0.31193752,0,0,-0.000849063,0.688911542,1.000849062
9.65773712E+00,1.752287525,0.452215778,0.235010203,0.00089689,0.312728934,0,0,-0.000851804,0.688122871,1.000851806
9.66415304E+00,1.754174538,0.451491906,0.234941342,0.00089888,0.313522305,0,0,-0.000854433,0.687332128,1.000854432
9.67056204E+00,1.756063548,0.450766834,0.234871542,0.000900875,0.314317851,0,0,-0.000857101,0.686539251,1.000857102
9.67696413E+00,1.757955644,0.450040927,0.234800541,0.000902874,0.315115278,0,0,-0.000859619,0.685744341,1.000859619
9.68335931E+00,1.759852968,0.449313735,0.234728428,0.000904879,0.315914575,0,0,-0.000861615,0.684947041,1.000861616
9.68974759E+00,1.76175232,0.448585373,0.234655207,0.000906889,0.316716375,0,0,-0.000863844,0.684147469,1.000863844
9.69612896E+00,1.763653563,0.447856208,0.23458097,0.000908904,0.317520415,0,0,-0.000866497,0.683346082,1.000866498
9.70250344E+00,1.765556735,0.447125885,0.234505688,0.000910925,0.318326683,0,0,-0.000869182,0.682542498,1.000869181
9.70887103E+00,1.767461478,0.446394348,0.234429415,0.000912952,0.319135204,0,0,-0.000871919,0.681736714,1.000871919
9.71523174E+00,1.769367603,0.445662036,0.234351972,0.000914982,0.31994585,0,0,-0.000874842,0.680928991,1.000874841
9.72158558E+00,1.771276183,0.444928521,0.234273563,0.000917019,0.320758519,0,0,-0.000877622,0.680119102,1.000877621
9.72793255E+00,1.773186805,0.44419377,0.234194208,0.000919061,0.321573348,0,0,-0.000880386,0.679307039,1.000880387
9.73427267E+00,1.775102338,0.443458008,0.234113526,0.000921108,0.322390019,0,0,-0.000882661,0.678492642,1.000882661
9.74059926E+00,1.777182172,0.442709269,0.234024552,0.000923165,0.323192751,0,0,-0.000849738,0.677656987,1.000849738
9.74691866E+00,1.779035503,0.441980115,0.233945297,0.000925251,0.324033293,0,0,-0.000883956,0.676850663,1.000883955
9.75323126E+00,1.780943546,0.441241398,0.233861467,0.000927315,0.324860308,0,0,-0.000890489,0.67603018,1.000890488
9.75953705E+00,1.782859949,0.440501785,0.233776764,0.000929382,0.325686433,0,0,-0.000894365,0.675207931,1.000894365
9.76583604E+00,1.784778999,0.439761138,0.233691257,0.000931456,0.326513771,0,0,-0.000897621,0.674383851,1.000897622
9.77212824E+00,1.786701969,0.4390193,0.233604737,0.000933535,0.327342761,0,0,-0.000900333,0.673557572,1.000900333
9.77841365E+00,1.788630504,0.438276435,0.233516938,0.00093562,0.3281736,0,0,-0.000902592,0.672728993,1.000902593
9.78469226E+00,1.79056072,0.437532443,0.233428239,0.000937713,0.32900694,0,0,-0.000905334,0.671898395,1.000905335
9.79096409E+00,1.792492437,0.436787273,0.233338548,0.000939811,0.329842647,0,0,-0.000908279,0.671065632,1.000908279
9.79722915E+00,1.794426466,0.436041177,0.233247654,0.000941915,0.330680484,0,0,-0.000911231,0.670230747,1.000911231
9.80348743E+00,1.796362581,0.435293814,0.233155846,0.000944026,0.331520565,0,0,-0.00091425,0.669393686,1.00091425
9.80973895E+00,1.798299945,0.434545181,0.233063055,0.000946143,0.33236306,0,0,-0.000917438,0.668554379,1.000917438
9.81598372E+00,1.800237537,0.433795774,0.232969133,0.000948264,0.333207762,0,0,-0.000920933,0.667713171,1.000920934
9.82222174E+00,1.802180308,0.433044887,0.2328742,0.000950393,0.334054185,0,0,-0.000923665,0.66686948,1.000923665
9.82845302E+00,1.80412729,0.432292552,0.232778175,0.000952529,0.334902901,0,0,-0.000926156,0.666023256,1.000926157
9.83467756E+00,1.806075495,0.431539393,0.23268103,0.000954671,0.335754119,0,0,-0.000929214,0.665175094,1.000929213
9.84089536E+00,1.808025644,0.430784937,0.232582948,0.00095682,0.33660767,0,0,-0.000932376,0.664324706,1.000932376
9.84710644E+00,1.80997757,0.430029128,0.232483838,0.000958976,0.337463601,0,0,-0.000935543,0.663471942,1.000935543
9.85331081E+00,1.811931758,0.429272294,0.232383568,0.000961138,0.338321761,0,0,-0.000938761,0.662616999,1.000938761
9.85950846E+00,1.813887943,0.428514126,0.232282322,0.000963307,0.33918229,0,0,-0.000942045,0.661759754,1.000942045
9.86569940E+00,1.815847762,0.427754524,0.232180044,0.000965483,0.340044937,0,0,-0.000944987,0.660900051,1.000944988
9.87188365E+00,1.817813925,0.426993635,0.232076416,0.000967665,0.34090963,0,0,-0.000947347,0.660037716,1.000947346
9.87805422E+00,1.819955986,0.426219456,0.231964148,0.000969859,0.34175878,0,0,-0.000912245,0.659153464,1.000912244
9.88421774E+00,1.821849123,0.425465764,0.231862129,0.000972084,0.342650081,0,0,-0.000950058,0.658299976,1.000950058
9.89037463E+00,1.823803232,0.424701787,0.231755345,0.000974286,0.343526031,0,0,-0.000957449,0.657431418,1.000957449
9.89652487E+00,1.825768324,0.423936241,0.231647859,0.000976494,0.344400964,0,0,-0.000961558,0.656560594,1.000961558
9.90266847E+00,1.827735579,0.423169821,0.231539268,0.000978708,0.34527746,0,0,-0.000965257,0.655687797,1.000965257
9.90880543E+00,1.82970685,0.422402054,0.2314297,0.00098093,0.346155894,0,0,-0.000968578,0.654812684,1.000968577
9.91493576E+00,1.831679488,0.421632871,0.231319113,0.00098316,0.347036972,0,0,-0.000972116,0.653935144,1.000972117
9.92105947E+00,1.833654067,0.42086269,0.231207298,0.000985395,0.347920321,0,0,-0.000975705,0.653055383,1.000975704
9.92717656E+00,1.835630533,0.420091083,0.231094509,0.000987638,0.348806101,0,0,-0.00097933,0.65217323,1.00097933
9.93328704E+00,1.837608542,0.419317972,0.230980705,0.000989888,0.349694441,0,0,-0.000983008,0.651288566,1.000983007
9.93939093E+00,1.839592092,0.418543569,0.230865519,0.000992145,0.350584824,0,0,-0.000986058,0.650401233,1.000986057
9.94548821E+00,1.841578029,0.417767697,0.230749334,0.000994411,0.351477908,0,0,-0.00098935,0.649511442,1.00098935
9.95157890E+00,1.843568415,0.416990199,0.230632046,0.000996684,0.352373452,0,0,-0.000992381,0.64861893,1.000992381
9.95766299E+00,1.845559839,0.416211536,0.230513481,0.000998965,0.353271982,0,0,-0.000995966,0.647723982,1.000995965
9.96374050E+00,1.847552814,0.415431387,0.230393951,0.001001254,0.354173162,0,0,-0.000999755,0.646826592,1.000999755
9.96981142E+00,1.849547247,0.414649706,0.230273326,0.00100355,0.355076982,0,0,-0.001003564,0.645926583,1.001003565
9.97587578E+00,1.851545662,0.413866586,0.2301514,0.001005853,0.355983241,0,0,-0.001007079,0.64502384,1.00100708
9.98193357E+00,1.853547748,0.413081701,0.230028413,0.001008166,0.356892142,0,0,-0.001010421,0.64411828,1.001010422
9.98798480E+00,1.85556115,0.412295131,0.22990386,0.001010486,0.357802867,0,0,-0.001012343,0.643209477,1.001012344
9.99402230E+00,1.857746702,0.411495973,0.22977069,0.001012817,0.35869839,0,0,-0.000977869,0.64227948,1.00097787
1.00000529E+01,1.859684263,0.41071585,0.229647693,0.001015182,0.359637313,0,0,-0.001016038,0.641378724,1.001016038
1.00060770E+01,1.8616842,0.409925744,0.229519705,0.001017524,0.360560836,0,0,-0.001023809,0.640462973,1.001023809
1.00120946E+01,1.863690747,0.409133954,0.229391053,0.001019874,0.361484186,0,0,-0.001029065,0.63954488,1.001029066
1.00181056E+01,1.86570218,0.408340481,0.229261308,0.001022231,0.362409227,0,0,-0.001033246,0.63862402,1.001033246
1.00241102E+01,1.867711036,0.407545983,0.229130388,0.001024595,0.363337305,0,0,-0.001038271,0.637700966,1.001038272
1.00301082E+01,1.869722688,0.406749774,0.228998403,0.001026967,0.364267596,0,0,-0.001042739,0.636775143,1.001042739
1.00360998E+01,1.871738287,0.405951774,0.228865169,0.001029346,0.365200399,0,0,-0.001046689,0.635846289,1.001046688
1.00420849E+01,1.873757344,0.405152285,0.228730579,0.001031733,0.366135926,0,0,-0.001050525,0.634914598,1.001050524
1.00480636E+01,1.875777681,0.404351057,0.228594921,0.001034129,0.367074557,0,0,-0.001054664,0.633980106,1.001054663
1.00540357E+01,1.877803996,0.403548184,0.228457842,0.001036532,0.368015656,0,0,-0.001058213,0.633042558,1.001058213
1.00600014E+01,1.879830467,0.402743624,0.228319629,0.001038945,0.36896028,0,0,-0.001062478,0.632102198,1.001062478
1.00659607E+01,1.881856957,0.401937357,0.228180266,0.001041366,0.369908137,0,0,-0.001067125,0.631158989,1.001067126
1.00719135E+01,1.883889207,0.401129335,0.228039452,0.001043795,0.370858404,0,0,-0.001070985,0.630212582,1.001070985
1.00778599E+01,1.885922275,0.400319532,0.227897477,0.001046233,0.371812094,0,0,-0.001075336,0.629263241,1.001075336
1.00837998E+01,1.88795938,0.399507778,0.227754214,0.001048679,0.372768702,0,0,-0.001079373,0.628310671,1.001079373
1.00897260E+01,1.890185529,0.398682996,0.2276015,0.001051134,0.373707305,0,0,-0.001042934,0.627335629,1.001042935
1.00956455E+01,1.892145804,0.397877537,0.227459382,0.001053626,0.374693251,0,0,-0.001083796,0.626390546,1.001083796
1.01015585E+01,1.894169499,0.397061601,0.227312219,0.001056094,0.37566304,0,0,-0.001092954,0.625429914,1.001092954
1.01074653E+01,1.896201863,0.396243623,0.227164209,0.001058569,0.376632632,0,0,-0.001099035,0.624466402,1.001099034
1.01133656E+01,1.89824053,0.395423576,0.227014881,0.001061053,0.377604084,0,0,-0.001103594,0.62349951,1.001103594
1.01192596E+01,1.900279551,0.394602024,0.226864173,0.001063545,0.378578813,0,0,-0.001108555,0.622529742,1.001108555
1.01251472E+01,1.902324149,0.393778451,0.226712132,0.001066045,0.379556207,0,0,-0.001112835,0.621556628,1.001112835
1.01310285E+01,1.904369043,0.392952985,0.226558806,0.001068555,0.38053729,0,0,-0.001117635,0.620580345,1.001117635
1.01369034E+01,1.906414647,0.392125779,0.226404085,0.001071072,0.381521801,0,0,-0.001122737,0.619600936,1.001122737
1.01427720E+01,1.908465419,0.391296305,0.226247976,0.001073598,0.38250926,0,0,-0.001127139,0.618617879,1.001127139
1.01486343E+01,1.91051651,0.390465128,0.226090438,0.001076133,0.383500416,0,0,-0.001132115,0.617631699,1.001132115
1.01544902E+01,1.912573945,0.389631666,0.225931497,0.001078677,0.38449452,0,0,-0.00113636,0.61664184,1.00113636
1.01603398E+01,1.914630712,0.388796152,0.225771215,0.001081231,0.385492833,0,0,-0.001141432,0.615648598,1.001141431
1.01661831E+01,1.916687979,0.387958885,0.225609471,0.001083792,0.386494624,0,0,-0.001146771,0.614652148,1.001146772
1.01720201E+01,1.918752342,0.387119057,0.225446277,0.001086363,0.387499387,0,0,-0.001151085,0.613651697,1.001151085
1.01778435E+01,1.921004313,0.386266447,0.225273548,0.001088942,0.388486267,0,0,-0.001115205,0.612628938,1.001115204
1.01836602E+01,1.922989717,0.385432483,0.225111153,0.00109156,0.389521683,0,0,-0.001156877,0.611635195,1.001156878
1.01894707E+01,1.925031764,0.384587867,0.224944016,0.001094154,0.390542079,0,0,-0.001168116,0.610626037,1.001168116
1.01952750E+01,1.927082063,0.383740963,0.224775557,0.001096753,0.391562204,0,0,-0.001175478,0.609613273,1.001175477
1.02010731E+01,1.929138685,0.382891589,0.224605746,0.001099362,0.392584428,0,0,-0.001181124,0.608596696,1.001181124
1.02068649E+01,1.931198156,0.382040242,0.224434345,0.001101978,0.393609995,0,0,-0.001186561,0.607576566,1.001186561
1.02126505E+01,1.933265002,0.381186287,0.224261346,0.001104605,0.394638804,0,0,-0.001191043,0.606552238,1.001191042
1.02184299E+01,1.935332109,0.380330461,0.224086794,0.001107241,0.395671897,0,0,-0.001196392,0.605524496,1.001196393
1.02242031E+01,1.937397308,0.379472468,0.223910858,0.001109886,0.396709386,0,0,-0.0012026,0.604493212,1.001202599
1.02299702E+01,1.939468007,0.378611768,0.223733273,0.00111254,0.397750258,0,0,-0.00120784,0.603457581,1.001207839
1.02357310E+01,1.941537678,0.377749097,0.223554128,0.001115202,0.398795452,0,0,-0.001213879,0.602418427,1.001213878
1.02414857E+01,1.9436074,0.37688389,0.223373528,0.001117874,0.39984479,0,0,-0.001220082,0.601375291,1.001220081
1.02472342E+01,1.945684351,0.376016164,0.223191126,0.001120554,0.400897328,0,0,-0.001225173,0.600327844,1.001225172
1.02529691E+01,1.947976835,0.375134302,0.222998449,0.001123245,0.401928705,0,0,-0.001184702,0.599255997,1.001184702
1.02586976E+01,1.949956894,0.374272711,0.222817101,0.001125977,0.403017203,0,0,-0.001232992,0.598215788,1.001232991
1.02644199E+01,1.952012903,0.373398989,0.22263016,0.00112868,0.404086466,0,0,-0.001244296,0.59715783,1.001244296
1.02701362E+01,1.95407844,0.372522426,0.222441876,0.001131392,0.405156085,0,0,-0.001251778,0.596095694,1.001251779
1.02758463E+01,1.956147581,0.371643492,0.222251981,0.001134112,0.406228852,0,0,-0.001258439,0.595029585,1.001258437
1.02815504E+01,1.958217142,0.370761923,0.222060482,0.001136842,0.407305936,0,0,-0.001265183,0.593959247,1.001265183
1.02872485E+01,1.960287303,0.369878026,0.221867229,0.001139579,0.408387096,0,0,-0.00127193,0.592884834,1.001271931
1.02929404E+01,1.962363909,0.36899125,0.221672201,0.001142326,0.409471921,0,0,-0.001277698,0.591805776,1.001277697
1.02986263E+01,1.964437853,0.368101905,0.221475569,0.001145083,0.410562032,0,0,-0.001284588,0.590722557,1.001284589
1.03043062E+01,1.966518403,0.367209808,0.221276951,0.001147848,0.411655829,0,0,-0.001290436,0.589634607,1.001290437
1.03099800E+01,1.968597386,0.366315028,0.221076696,0.001150624,0.412754804,0,0,-0.001297152,0.588542348,1.001297152
1.03156405E+01,1.97091363,0.365405343,0.220865435,0.00115341,0.413829654,0,0,-0.001253842,0.587424188,1.001253841
1.03212945E+01,1.972885082,0.364516745,0.22066601,0.001156237,0.414968046,0,0,-0.001307039,0.586338993,1.001307039
1.03269426E+01,1.974936357,0.363615214,0.220460812,0.001159034,0.416085293,0,0,-0.001320354,0.585235061,1.001320353
1.03325847E+01,1.977014598,0.362709578,0.220253744,0.001161842,0.417201102,0,0,-0.001326265,0.584125164,1.001326266
1.03382209E+01,1.97909044,0.361801794,0.220044851,0.001164658,0.418322153,0,0,-0.001333455,0.583011303,1.001333456
1.03438511E+01,1.981157341,0.360891488,0.219834423,0.001167482,0.419449159,0,0,-0.00134255,0.581893393,1.001342551
1.03494754E+01,1.983230195,0.359977801,0.219621963,0.001170315,0.420579782,0,0,-0.001349861,0.580770079,1.001349861
1.03550938E+01,1.985310653,0.359061074,0.219407404,0.001173158,0.421714505,0,0,-0.00135614,0.579641636,1.001356141
1.03607063E+01,1.987386581,0.358141467,0.219191058,0.00117601,0.422855459,0,0,-0.001363994,0.578508535,1.001363994
1.03663128E+01,1.989460597,0.357218986,0.2189728,0.001178871,0.42400156,0,0,-0.001372217,0.577370657,1.001372217
1.03719135E+01,1.991543152,0.356292896,0.218752437,0.001181742,0.425151761,0,0,-0.001378836,0.576227075,1.001378837
1.03775010E+01,1.993863894,0.355352104,0.218520819,0.001184623,0.426277892,0,0,-0.001335437,0.575057546,1.001335438
1.03830822E+01,1.995832043,0.354431683,0.218300917,0.001187547,0.427470278,0,0,-0.001390427,0.573920148,1.001390426
1.03886576E+01,1.997888698,0.353497754,0.218074927,0.001190441,0.428640524,0,0,-0.001403644,0.572763122,1.001403646
1.03942272E+01,1.999956787,0.352560011,0.217847181,0.001193344,0.429812135,0,0,-0.001412671,0.571600536,1.001412671
1.03997910E+01,2.002021444,0.351619395,0.217617405,0.001196255,0.430989008,0,0,-0.001422063,0.570433055,1.001422063
1.04053490E+01,2.00408347,0.350675409,0.217385714,0.001199174,0.432171261,0,0,-0.00143156,0.569260298,1.001431559
1.04109012E+01,2.006159862,0.349727615,0.217151485,0.001202103,0.433356951,0,0,-0.001438156,0.568081204,1.001438154
1.04164476E+01,2.008234155,0.348776537,0.216915183,0.001205043,0.434549402,0,0,-0.001446164,0.566896763,1.001446165
1.04219883E+01,2.010303668,0.347822352,0.216676764,0.001207991,0.435748318,0,0,-0.001455426,0.565707107,1.001455425
1.04275232E+01,2.012375661,0.346864372,0.216436169,0.001210949,0.436952578,0,0,-0.001464069,0.56451149,1.001464068
1.04330476E+01,2.014586967,0.345895844,0.216187707,0.001213913,0.438144891,0,0,-0.001442354,0.563297464,1.001442355
1.04385660E+01,2.016596458,0.344937855,0.215945262,0.00121691,0.439378565,0,0,-0.001478593,0.562100027,1.001478592
1.04440787E+01,2.018655047,0.343969923,0.215698184,0.001219894,0.440602886,0,0,-0.001490886,0.560888001,1.001490887
1.04495858E+01,2.020727343,0.342997924,0.21544869,0.001222887,0.441829904,0,0,-0.001499405,0.559669501,1.001499405
1.04550871E+01,2.022793955,0.342022371,0.215197071,0.00122589,0.44306405,0,0,-0.001509383,0.558445333,1.001509383
1.04605828E+01,2.024860801,0.341043059,0.214943053,0.001228902,0.444304127,0,0,-0.00151914,0.557215014,1.00151914
1.04660680E+01,2.02706388,0.340053122,0.214681197,0.001231918,0.445532578,0,0,-0.001498816,0.555966237,1.001498816
1.04715475E+01,2.029064492,0.339073134,0.214425103,0.001234967,0.446803009,0,0,-0.001536213,0.554733204,1.001536213
1.04770213E+01,2.031114942,0.338082948,0.21416423,0.001238003,0.44806412,0,0,-0.001549302,0.553485182,1.001549302
1.04824895E+01,2.033173179,0.337088621,0.213900883,0.001241047,0.449329033,0,0,-0.001559584,0.552230552,1.001559585
1.04879521E+01,2.035230114,0.336090126,0.213635169,0.001244102,0.450600658,0,0,-0.001570054,0.550969396,1.001570054
1.04934092E+01,2.037288966,0.335087583,0.213366774,0.001247164,0.451878572,0,0,-0.001580094,0.549701521,1.001580093
1.04988560E+01,2.039473539,0.334074596,0.213090659,0.001250231,0.453146535,0,0,-0.001562022,0.548415486,1.001562021
1.05042971E+01,2.041461829,0.333070685,0.212819925,0.00125333,0.454455951,0,0,-0.00159989,0.54714394,1.001599891
1.05097327E+01,2.043503138,0.332056316,0.212544184,0.001256416,0.455756084,0,0,-0.001613,0.545856917,1.001613
1.05151628E+01,2.045546324,0.331037525,0.212265858,0.001259511,0.45706181,0,0,-0.001624705,0.544562894,1.001624704
1.05205874E+01,2.047585701,0.330014502,0.211984979,0.001262614,0.458374645,0,0,-0.00163674,0.543262094,1.00163674
1.05260020E+01,2.04976321,0.328980379,0.211695903,0.001265721,0.459675805,0,0,-0.001617807,0.541942002,1.001617807
1.05314109E+01,2.051732775,0.327955366,0.211412289,0.001268861,0.461021178,0,0,-0.001657695,0.540636516,1.001657694
1.05368144E+01,2.053746158,0.32691985,0.211123607,0.001271985,0.462358266,0,0,-0.001673707,0.539315442,1.001673708
1.05422125E+01,2.05575765,0.325879607,0.210832375,0.001275116,0.463700832,0,0,-0.001687929,0.537987097,1.001687929
1.05476053E+01,2.057775731,0.324834126,0.210538132,0.001278255,0.465049218,0,0,-0.001699731,0.536650512,1.00169973
1.05529927E+01,2.059798929,0.323783838,0.210240793,0.001281403,0.466404624,0,0,-0.001710658,0.535306034,1.001710658
1.05583703E+01,2.061937219,0.322723016,0.209935513,0.001284553,0.467752434,0,0,-0.001695516,0.533943083,1.001695517
1.05637424E+01,2.063884997,0.321669933,0.209635073,0.001287737,0.469141971,0,0,-0.001734713,0.532592743,1.001734714
1.05691093E+01,2.065885403,0.320605849,0.209329167,0.001290908,0.470523452,0,0,-0.001749377,0.531225924,1.001749376
1.05744708E+01,2.067891609,0.319536486,0.209020192,0.001294087,0.471911183,0,0,-0.001761949,0.529850766,1.001761949
1.05798271E+01,2.069907823,0.318461553,0.208707868,0.001297278,0.473306125,0,0,-0.001772823,0.528466698,1.001772823
1.05851737E+01,2.072026507,0.317376435,0.208387641,0.001300469,0.474695654,0,0,-0.001760198,0.527064545,1.001760199
1.05905149E+01,2.073967603,0.316297884,0.208071699,0.001303694,0.476125571,0,0,-0.001798848,0.525673277,1.001798847
1.05958509E+01,2.075949445,0.315208521,0.207750373,0.001306905,0.477549898,0,0,-0.001815698,0.5242658,1.001815698
1.06011818E+01,2.077929047,0.314113583,0.207425874,0.001310123,0.478981658,0,0,-0.00183124,0.522849581,1.00183124
1.06065032E+01,2.080060122,0.31300648,0.207092547,0.001313346,0.480400539,0,0,-0.001812911,0.521412373,1.001812912
1.06118192E+01,2.081943853,0.311908019,0.206764457,0.001316598,0.48187215,0,0,-0.001861221,0.519989074,1.001861224
1.06171302E+01,2.083896864,0.310796899,0.206430343,0.001319832,0.48333119,0,0,-0.001878265,0.518547075,1.001878264
1.06224361E+01,2.085837956,0.309680243,0.206093044,0.001323072,0.484799678,0,0,-0.001896038,0.51709636,1.001896038
1.06277369E+01,2.08778973,0.30855717,0.20575202,0.001326321,0.486274765,0,0,-0.001910274,0.515635511,1.001910275
1.06330286E+01,2.089871151,0.307422374,0.205402142,0.00132957,0.487741366,0,0,-0.001895451,0.514154087,1.001895453
1.06383150E+01,2.091736005,0.306294473,0.205056701,0.001332853,0.489256674,0,0,-0.001940701,0.512684027,1.0019407
1.06435966E+01,2.093659876,0.305154183,0.204705017,0.001336118,0.490763224,0,0,-0.001958542,0.511195318,1.001958542
1.06488731E+01,2.095584362,0.30400744,0.204349657,0.001339392,0.49227843,0,0,-0.001974921,0.50969649,1.00197492
1.06541407E+01,2.097667497,0.302848056,0.203984869,0.001342671,0.493781179,0,0,-0.001956775,0.508175595,1.001956774
1.06594031E+01,2.099497327,0.301696091,0.203624748,0.00134598,0.495340159,0,0,-0.002006978,0.50666682,1.002006979
1.06646606E+01,2.10139355,0.30053106,0.203258169,0.00134927,0.496888015,0,0,-0.002026511,0.505138499,1.002026514
1.06699134E+01,2.103273713,0.299359638,0.20288798,0.001352565,0.498446956,0,0,-0.002047139,0.503600183,1.002047139
1.06751613E+01,2.105178859,0.298180244,0.202513247,0.00135587,0.500011975,0,0,-0.002061337,0.502049361,1.002061337
1.06804004E+01,2.107167052,0.296990147,0.202130029,0.001359168,0.501576161,0,0,-0.002055503,0.500479344,1.002055505
1.06856346E+01,2.108983825,0.295803591,0.201749856,0.001362502,0.50318256,0,0,-0.002098507,0.498915948,1.002098508
1.06908640E+01,2.110825091,0.294605423,0.201363397,0.001365816,0.504787661,0,0,-0.002122295,0.497334635,1.002122296
1.06960888E+01,2.11269149,0.293398857,0.20097236,0.001369138,0.506398305,0,0,-0.002138661,0.495740355,1.00213866
1.07013050E+01,2.114645249,0.292180775,0.200572523,0.001372455,0.508007847,0,0,-0.002133597,0.494125753,1.0021336
1.07065164E+01,2.116426667,0.290965847,0.20017534,0.001375806,0.509660839,0,0,-0.00217783,0.492516993,1.002177831
1.07117232E+01,2.118234192,0.289738838,0.199771607,0.001379137,0.511312882,0,0,-0.002202464,0.490889582,1.002202464
1.07169235E+01,2.120125629,0.288500408,0.199360627,0.001382472,0.512962692,0,0,-0.0022062,0.489243507,1.002206199
1.07221191E+01,2.121900959,0.287260422,0.19894878,0.001385826,0.514646419,0,0,-0.002241444,0.487595027,1.002241446
1.07273084E+01,2.123755526,0.286007437,0.198528688,0.001389166,0.516325281,0,0,-0.002250572,0.485925291,1.002250572
1.07324930E+01,2.125509337,0.284751613,0.198107527,0.001392526,0.518034511,0,0,-0.002286177,0.484251667,1.002286178
1.07376713E+01,2.127340244,0.283482654,0.197677923,0.001395871,0.519739596,0,0,-0.002296044,0.482556449,1.002296045
1.07428452E+01,2.129078405,0.282210533,0.197246925,0.001399236,0.521474422,0,0,-0.002331115,0.480856694,1.002331116
1.07480109E+01,2.130946891,0.280922762,0.196805192,0.001402583,0.52319792,0,0,-0.002328458,0.479130538,1.002328457
1.07531722E+01,2.132594545,0.279637817,0.196365989,0.001405956,0.524973991,0,0,-0.002383754,0.477409763,1.002383754
1.07583291E+01,2.134282704,0.278338621,0.195919445,0.001409304,0.526745584,0,0,-0.002412955,0.47566737,1.002412954
1.07634801E+01,2.13603907,0.27702745,0.195465107,0.00141265,0.528518034,0,0,-0.002423242,0.473905208,1.002423242
1.07686268E+01,2.137686477,0.275712651,0.195008887,0.001416012,0.530324691,0,0,-0.002462239,0.47213755,1.00246224
1.07737675E+01,2.139409963,0.274383677,0.194543631,0.001419358,0.532128573,0,0,-0.002475241,0.470346667,1.002475239
1.07789040E+01,2.141048514,0.273050192,0.194075986,0.001422722,0.533963029,0,0,-0.002511931,0.468548901,1.00251193
1.07840330E+01,2.142802735,0.271700623,0.19359726,0.001426065,0.535789819,0,0,-0.002513768,0.466723949,1.002513768
1.07891577E+01,2.144364353,0.270351615,0.193119684,0.001429436,0.537667108,0,0,-0.002567842,0.464900735,1.002567843
1.07942784E+01,2.145965245,0.268987685,0.192633992,0.001432784,0.539543668,0,0,-0.002598131,0.463054461,1.002598129
1.07993935E+01,2.147609913,0.267611461,0.192140172,0.001436124,0.541426598,0,0,-0.002614355,0.461187757,1.002614356
1.08045028E+01,2.149228921,0.266227446,0.191641106,0.001439476,0.543331908,0,0,-0.002639934,0.459308028,1.002639936
1.08096082E+01,2.150762531,0.26483595,0.191138131,0.001442831,0.545266296,0,0,-0.002683208,0.457416912,1.002683208
1.08147081E+01,2.152353649,0.263429555,0.190625725,0.001446165,0.547201767,0,0,-0.002703213,0.455501444,1.002703211
1.08198024E+01,2.153911113,0.262014868,0.19010792,0.001449505,0.549160429,0,0,-0.002732721,0.453572293,1.002732721
1.08248929E+01,2.155385421,0.260591989,0.189585901,0.001452848,0.551147734,0,0,-0.002778473,0.451630738,1.002778471
1.08299781E+01,2.15691589,0.25915365,0.189054012,0.001456166,0.553136692,0,0,-0.002800518,0.449663828,1.00280052
1.08350579E+01,2.158416494,0.257706235,0.188516338,0.001459491,0.555149237,0,0,-0.002831303,0.447682065,1.002831302
1.08401341E+01,2.159839801,0.256249958,0.187973807,0.001462818,0.557190806,0,0,-0.00287739,0.445686582,1.002877389
1.08452051E+01,2.16131226,0.254777966,0.187421181,0.00146612,0.559236508,0,0,-0.002901772,0.443665266,1.002901774
1.08502709E+01,2.162713892,0.253297177,0.186862865,0.001469419,0.561311954,0,0,-0.002941413,0.44162946,1.002941414
1.08553333E+01,2.164065617,0.251805797,0.186299117,0.001472718,0.563410666,0,0,-0.002988296,0.439577632,1.002988298
1.08603892E+01,2.165499192,0.250296743,0.185722931,0.00147598,0.565508796,0,0,-0.003004449,0.437495654,1.00300445
1.08654416E+01,2.166768015,0.248783581,0.185145397,0.001479268,0.56765705,0,0,-0.003065297,0.435408246,1.003065296
1.08704893E+01,2.168106388,0.247251802,0.184555915,0.001482515,0.569803731,0,0,-0.003093961,0.433290232,1.003093963
1.08755322E+01,2.169405221,0.245709398,0.183959605,0.001485764,0.571977336,0,0,-0.003132101,0.431154766,1.003132103
1.08805719E+01,2.170619959,0.244156247,0.18335722,0.001489007,0.574183198,0,0,-0.003185669,0.429002473,1.003185672
1.08856070E+01,2.171878239,0.242585846,0.182743583,0.001492217,0.576395466,0,0,-0.003217112,0.426821646,1.003217112
1.08906376E+01,2.173093191,0.241004152,0.182122608,0.001495424,0.57863593,0,0,-0.003258116,0.424622184,1.003258115
1.08956638E+01,2.174281332,0.239409145,0.181493094,0.001498619,0.580899689,0,0,-0.003300548,0.422400858,1.003300547
1.09006855E+01,2.175430504,0.237800884,0.180855046,0.001501796,0.583188467,0,0,-0.003346189,0.420157725,1.003346192
1.09057044E+01,2.17651179,0.236180247,0.180210016,0.001504966,0.585507368,0,0,-0.0034026,0.417895229,1.003402597
1.09107176E+01,2.177668715,0.234540151,0.179551181,0.001508089,0.5878282,0,0,-0.003427621,0.415599421,1.00342762
1.09157281E+01,2.178657517,0.232893318,0.178889189,0.001511232,0.590203687,0,0,-0.003497427,0.41329374,1.003497427
1.09207345E+01,2.179706037,0.231226175,0.178213729,0.001514326,0.592581352,0,0,-0.003535579,0.41095423,1.003535582
1.09257370E+01,2.180710527,0.229546143,0.177529722,0.001517411,0.594989497,0,0,-0.003582775,0.408593277,1.003582774
1.09307356E+01,2.181675658,0.227851485,0.176836059,0.001520477,0.597425211,0,0,-0.003633231,0.406208021,1.003633232
1.09357304E+01,2.182604061,0.226141901,0.176132565,0.001523519,0.599887196,0,0,-0.00368518,0.403797984,1.00368518
1.09407214E+01,2.18349213,0.2244172,0.175419149,0.001526537,0.602376062,0,0,-0.003738948,0.401362886,1.003738947
1.09457089E+01,2.18433814,0.222677111,0.174695652,0.001529529,0.604892134,0,0,-0.003794428,0.398902292,1.003794426
1.09506928E+01,2.185143401,0.220921448,0.173961782,0.001532493,0.607435178,0,0,-0.003850901,0.396415723,1.0038509
1.09556733E+01,2.185915487,0.219149828,0.173217424,0.001535431,0.610004439,0,0,-0.003907124,0.393902683,1.003907122
1.09606518E+01,2.18663734,0.217363093,0.172463615,0.00153836,0.612605779,0,0,-0.003970844,0.391365067,1.003970846
1.09656258E+01,2.187377326,0.215556196,0.171694513,0.00154122,0.615221715,0,0,-0.004013643,0.388791929,1.004013644
1.09705966E+01,2.188028255,0.213737547,0.170918063,0.001544087,0.617880193,0,0,-0.004079892,0.386199697,1.00407989
1.09755643E+01,2.188651232,0.21190106,0.170129255,0.001546914,0.62056393,0,0,-0.004141159,0.383577228,1.004141158
1.09805292E+01,2.189218387,0.210048107,0.169329114,0.001549708,0.623279244,0,0,-0.004206171,0.380926929,1.004206172
1.09854912E+01,2.18975598,0.208178088,0.168517218,0.001552469,0.626021088,0,0,-0.004268862,0.378247775,1.004268863
1.09904504E+01,2.190255295,0.206291228,0.167693311,0.001555198,0.628792759,0,0,-0.004332496,0.375539737,1.004332496
1.09954070E+01,2.190693007,0.204387785,0.16685764,0.001557892,0.631597944,0,0,-0.004401263,0.372803316,1.004401261
1.10003611E+01,2.191094219,0.202466952,0.166009696,0.00156055,0.634431394,0,0,-0.004468593,0.370037198,1.004468592
1.10053128E+01,2.191456437,0.200528979,0.165149307,0.001563173,0.637294863,0,0,-0.004536323,0.367241458,1.004536321
1.10102621E+01,2.191771084,0.19857395,0.164276365,0.00156576,0.640190091,0,0,-0.00460617,0.364416075,1.004606166
1.10152081E+01,2.192060983,0.196600808,0.163389336,0.001568295,0.643110835,0,0,-0.004669275,0.361558439,1.004669274
1.10201520E+01,2.19227725,0.194613167,0.162492165,0.001570822,0.646071755,0,0,-0.004747909,0.358676154,1.004747909
1.10250938E+01,2.192435901,0.192607514,0.161581121,0.001573294,0.649063737,0,0,-0.004825666,0.355761928,1.004825666
1.10300339E+01,2.192535329,0.190584726,0.160657303,0.001575723,0.652086897,0,0,-0.004904648,0.352817752,1.00490465
1.10349722E+01,2.192609402,0.188544345,0.159720159,0.001578117,0.655136423,0,0,-0.004979045,0.349842621,1.004979044
1.10399077E+01,2.192675848,0.186485912,0.158768014,0.00158046,0.658209804,0,0,-0.005044192,0.346834386,1.00504419
1.10448418E+01,2.192629319,0.184414243,0.157805393,0.001582789,0.66133115,0,0,-0.005133575,0.343802425,1.005133575
1.10497744E+01,2.192554645,0.18232426,0.156828202,0.001585068,0.664476725,0,0,-0.005214255,0.34073753,1.005214255
1.10547046E+01,2.192460961,0.180216901,0.155836098,0.001587293,0.667645612,0,0,-0.005285905,0.337640293,1.005285905
1.10596337E+01,2.192286376,0.17809617,0.154833091,0.001589512,0.670856005,0,0,-0.005374777,0.334518773,1.005374778
1.10645617E+01,2.192089784,0.17595814,0.153815265,0.001591687,0.674090761,0,0,-0.005455855,0.331365092,1.005455853
1.10694877E+01,2.191906654,0.173803259,0.152781982,0.001593818,0.677344493,0,0,-0.005523551,0.328179059,1.005523551
1.10744127E+01,2.191622917,0.171636719,0.151737914,0.001595948,0.680644927,0,0,-0.005615508,0.32497058,1.005615507
1.10793370E+01,2.191282432,0.16945474,0.150679503,0.001598029,0.683973452,0,0,-0.005705722,0.321732271,1.005705723
1.10842595E+01,2.190923809,0.167257379,0.149606386,0.00160006,0.6873203,0,0,-0.005784124,0.318463825,1.005784125
1.10891815E+01,2.190529509,0.165048689,0.148522559,0.001602108,0.690698671,0,0,-0.005872029,0.315173356,1.005872027
1.10941020E+01,2.190112889,0.162825392,0.147422747,0.001604098,0.694097897,0,0,-0.005950131,0.311852237,1.005950134
1.10990221E+01,2.189635487,0.160592405,0.146312829,0.001606108,0.697531854,0,0,-0.006043197,0.308511341,1.006043195
1.11039409E+01,2.189154323,0.158345866,0.145187276,0.001608067,0.700979878,0,0,-0.006121088,0.305141209,1.006121087
1.11088585E+01,2.188635725,0.156090385,0.144050667,0.001610034,0.704454155,0,0,-0.006205243,0.301751087,1.006205241
1.11137759E+01,2.188058328,0.153826606,0.142903334,0.001612016,0.707959061,0,0,-0.006301017,0.298341956,1.006301017
1.11186923E+01,2.187519091,0.151551315,0.141741087,0.001613969,0.711467295,0,0,-0.006373666,0.29490637,1.006373665
1.11236087E+01,2.186955192,0.149270699,0.140569756,0.001615976,0.715003424,0,0,-0.006459854,0.291456431,1.006459855
1.11285241E+01,2.186403994,0.146981434,0.139384124,0.001617963,0.718549026,0,0,-0.006532545,0.287983521,1.006532547
1.11334386E+01,2.185822776,0.144688352,0.138189057,0.001619988,0.722116357,0,0,-0.006613757,0.284497397,1.006613754
1.11383522E+01,2.185242453,0.142391246,0.136983692,0.001622046,0.725696116,0,0,-0.006693103,0.280996984,1.0066931
1.11432659E+01,2.184654054,0.140092215,0.135770025,0.001624172,0.729292639,0,0,-0.006779051,0.277486412,1.006779051
1.11481788E+01,2.184195213,0.137788316,0.134543546,0.001626332,0.732872726,0,0,-0.00683092,0.273958195,1.006830921
1.11530907E+01,2.183676397,0.135487161,0.133309591,0.001628562,0.736482114,0,0,-0.006907425,0.270425313,1.006907428
1.11580018E+01,2.183172705,0.133187672,0.132068096,0.001630863,0.740094147,0,0,-0.006980779,0.266886631,1.006980777
1.11629119E+01,2.182720644,0.130891204,0.130819576,0.001633256,0.743702065,0,0,-0.0070461,0.263344036,1.007046101
1.11678211E+01,2.182334141,0.12859951,0.129564444,0.001635759,0.747305272,0,0,-0.007104984,0.259799712,1.007104985
1.11727301E+01,2.182031627,0.126314933,0.128304837,0.00163842,0.750905482,0,0,-0.007163673,0.25625819,1.007163672
1.11776378E+01,2.181832884,0.124036613,0.127036984,0.001641176,0.754488954,0,0,-0.007203726,0.252714773,1.007203727
1.11825442E+01,2.18169007,0.121770023,0.125766607,0.001644101,0.758070096,0,0,-0.007250828,0.249180731,1.007250827
1.11874490E+01,2.181711124,0.119514832,0.124492933,0.001647217,0.761625612,0,0,-0.007280596,0.245654982,1.007280594
1.11923521E+01,2.181818686,0.117274308,0.12321691,0.00165052,0.765173051,0,0,-0.00731479,0.242141737,1.007314788
1.11972533E+01,2.182009339,0.115050146,0.12194016,0.001654022,0.76870583,0,0,-0.007350155,0.238644327,1.007350157
1.12021523E+01,2.182355056,0.112843468,0.120663673,0.001657755,0.772207398,0,0,-0.007372297,0.235164896,1.007372294
1.12070488E+01,2.182891597,0.110656099,0.119388022,0.001661749,0.775675266,0,0,-0.007381134,0.23170587,1.007381136
1.12119419E+01,2.183673728,0.108488923,0.118112095,0.001665998,0.779098026,0,0,-0.007365038,0.228267015,1.007365041
1.12168318E+01,2.184554289,0.10634839,0.116842204,0.001670579,0.782516575,0,0,-0.007377749,0.224861173,1.007377748
1.12217181E+01,2.185638021,0.104231941,0.115575243,0.001675446,0.785890986,0,0,-0.007373618,0.221482631,1.007373617
1.12266006E+01,2.186966986,0.102142047,0.114313505,0.001680653,0.789217863,0,0,-0.007354069,0.218136205,1.007354068
1.12314788E+01,2.188561303,0.100080519,0.113057656,0.001686225,0.792497902,0,0,-0.007322301,0.2148244,1.007322302
1.12363521E+01,2.190472842,0.098048709,0.111808254,0.001692192,0.795725077,0,0,-0.007274231,0.211549155,1.007274231
1.12412193E+01,2.192535844,0.096027304,0.110548847,0.001698412,0.79900857,0,0,-0.007283134,0.208274564,1.007283134
1.12460804E+01,2.194886625,0.094050499,0.109305562,0.001704967,0.802175593,0,0,-0.00723662,0.205061029,1.007236622
1.12509351E+01,2.197668023,0.092105545,0.108073307,0.001712063,0.805270337,0,0,-0.007161251,0.201890915,1.007161252
1.12557826E+01,2.200702217,0.090193259,0.106847323,0.001719567,0.80834538,0,0,-0.00710553,0.198760149,1.007105529
1.12606223E+01,2.204060183,0.088318872,0.105633164,0.001727512,0.811353108,0,0,-0.007032655,0.195679548,1.007032656
1.12654529E+01,2.207728113,0.086482098,0.104430348,0.001735894,0.81429667,0,0,-0.006945008,0.19264834,1.00694501
1.12702745E+01,2.211811684,0.084683166,0.103242585,0.001744874,0.81718684,0,0,-0.006857463,0.189670625,1.006857464
1.12750862E+01,2.216346938,0.082920024,0.102063412,0.001754327,0.820011732,0,0,-0.006749495,0.186737763,1.006749495
1.12798873E+01,2.22120866,0.081199411,0.10089915,0.001764284,0.822780616,0,0,-0.00664346,0.183862845,1.006643461
1.12846763E+01,2.226487207,0.0795166,0.099746752,0.001774735,0.825479973,0,0,-0.006518061,0.181038088,1.006518061
1.12894531E+01,2.232184443,0.077875009,0.098611565,0.001785811,0.82813253,0,0,-0.006404914,0.178272385,1.006404915
1.12942170E+01,2.238277917,0.076272343,0.097488118,0.001797367,0.830727688,0,0,-0.006285517,0.175557829,1.006285517
1.12989671E+01,2.244879066,0.074713406,0.096383118,0.001809515,0.833226207,0,0,-0.006132245,0.172906039,1.006132247
1.13037019E+01,2.251931413,0.073188457,0.095286403,0.001822159,0.835688152,0,0,-0.005985171,0.170297019,1.00598517
1.13084213E+01,2.259356074,0.071711125,0.094212121,0.00183541,0.838089769,0,0,-0.005848426,0.167758656,1.005848425
1.13131244E+01,2.267133123,0.070273202,0.093152736,0.001849182,0.840444101,0,0,-0.005719223,0.16527512,1.005719222
1.13178107E+01,2.275508305,0.068871338,0.092107259,0.001863529,0.842715083,0,0,-0.005557208,0.162842126,1.005557209
1.13224784E+01,2.284364103,0.0675092,0.091074982,0.001878331,0.844911066,0,0,-0.005373582,0.160462513,1.005373579
1.13271275E+01,2.293654149,0.066193509,0.090067927,0.001893845,0.847050856,0,0,-0.005206137,0.158155281,1.005206137
1.13317572E+01,2.303380193,0.064908989,0.089068959,0.001909837,0.849174546,0,0,-0.005062331,0.155887785,1.005062331
1.13363667E+01,2.313527861,0.06366588,0.088087914,0.001926282,0.851217732,0,0,-0.004897807,0.153680076,1.004897808
1.13409553E+01,2.324202441,0.062454655,0.087119495,0.001943278,0.853218134,0,0,-0.004735563,0.151517428,1.004735562
1.13455222E+01,2.335319308,0.061279338,0.08616459,0.001960701,0.855167528,0,0,-0.004572158,0.149404629,1.004572157
1.13500668E+01,2.346882016,0.060144733,0.085230318,0.001978642,0.857035751,0,0,-0.004389445,0.147353694,1.004389444
1.13545877E+01,2.358808706,0.05904102,0.084306416,0.001996955,0.858875446,0,0,-0.004219838,0.14534439,1.004219837
1.13590851E+01,2.371145509,0.057974881,0.083404264,0.002015856,0.860674671,0,0,-0.004069672,0.143395001,1.004069671
1.13635585E+01,2.383918242,0.056937196,0.082511342,0.0020351,0.862435831,0,0,-0.003919469,0.141483639,1.003919469
1.13680072E+01,2.397159115,0.055932445,0.081633889,0.00205474,0.864127336,0,0,-0.003748411,0.139621074,1.00374841
1.13724307E+01,2.410797059,0.054955428,0.080767509,0.002074756,0.865800355,0,0,-0.003598049,0.137797693,1.003598048
1.13768284E+01,2.424844581,0.054009808,0.079915951,0.002095107,0.867414904,0,0,-0.00343577,0.136020866,1.00343577
1.13812001E+01,2.439436412,0.053085161,0.079070872,0.002115821,0.869010481,0,0,-0.003282337,0.134271854,1.003282335
1.13855449E+01,2.454370198,0.052197613,0.078245769,0.002136809,0.870521102,0,0,-0.003101291,0.13258019,1.003101292
1.13898626E+01,2.469575142,0.051333048,0.077431002,0.002158159,0.872052084,0,0,-0.002974292,0.130922209,1.002974293
1.13941536E+01,2.485268487,0.050491681,0.076627833,0.00217987,0.873556387,0,0,-0.002855769,0.129299384,1.002855771
1.13984167E+01,2.501404357,0.049677392,0.075834398,0.002201598,0.874950183,0,0,-0.002663572,0.127713387,1.00266357
1.14026517E+01,2.517823392,0.048884466,0.075052506,0.002223693,0.876372532,0,0,-0.002533196,0.126160665,1.002533197
1.14068583E+01,2.534614996,0.048111623,0.074277745,0.00224589,0.877771414,0,0,-0.002406671,0.124635258,1.002406672
1.14110362E+01,2.551746196,0.04736314,0.07351617,0.002268251,0.879119602,0,0,-0.002267163,0.123147561,1.002267163
1.14151852E+01,2.569170881,0.046638665,0.072768818,0.00229083,0.880430464,0,0,-0.002128775,0.121698313,1.002128777
1.14193060E+01,2.58706701,0.045928748,0.072028846,0.002313764,0.881765598,0,0,-0.002036957,0.120271358,1.002036956
1.14233972E+01,2.605208755,0.045244066,0.071297858,0.002336403,0.882988527,0,0,-0.001866853,0.118878327,1.001866854
1.14274592E+01,2.623614697,0.044571268,0.070573915,0.002359347,0.884270481,0,0,-0.00177501,0.11750453,1.001775011
1.14314917E+01,2.642286367,0.043922348,0.069863944,0.002382248,0.885478864,0,0,-0.001647404,0.11616854,1.001647404
1.14354955E+01,2.661386392,0.043290484,0.069167773,0.002405587,0.886687738,0,0,-0.001551582,0.114863844,1.001551582
1.14394695E+01,2.680782187,0.042669155,0.068467018,0.00242847,0.887858395,0,0,-0.001423038,0.113564643,1.001423038
1.14434138E+01,2.700478575,0.042067897,0.067782541,0.002451557,0.888993026,0,0,-0.001295022,0.112301995,1.001295021
1.14473291E+01,2.720499754,0.041482546,0.067109987,0.00247495,0.890150648,0,0,-0.001218129,0.111067483,1.001218131
1.14512145E+01,2.740788106,0.040903833,0.066429997,0.002497761,0.891279962,0,0,-0.001111552,0.10983159,1.001111552
1.14550708E+01,2.761394732,0.040349388,0.065775746,0.002521063,0.89236525,0,0,-0.001011449,0.108646197,1.001011447
1.14588972E+01,2.782159018,0.039803031,0.065117379,0.002543874,0.893433411,0,0,-0.000897694,0.107464284,1.000897694
1.14626947E+01,2.803371804,0.039266817,0.064470361,0.002567105,0.894544258,0,0,-0.000848543,0.106304283,1.000848541
1.14664622E+01,2.824578526,0.038746692,0.063825506,0.002589539,0.895568262,0,0,-0.000729998,0.105161738,1.00073
1.14702011E+01,2.846194067,0.038240367,0.06320064,0.002612702,0.896613899,0,0,-0.00066761,0.104053709,1.000667608
1.14739104E+01,2.867929089,0.037742777,0.062570679,0.002635042,0.897606126,0,0,-0.000554624,0.102948498,1.000554624
1.14775911E+01,2.890102303,0.037258283,0.06195887,0.002658001,0.898619034,0,0,-0.000494189,0.101875153,1.000494188
1.14812423E+01,2.912370799,0.036781753,0.0613414,0.002680068,0.899579978,0,0,-0.0003832,0.100803221,1.000383199
1.14848653E+01,2.934932923,0.036318499,0.060742816,0.002702737,0.900581202,0,0,-0.000345254,0.099764052,1.000345255
1.14884589E+01,2.957643922,0.035859932,0.060136183,0.002724454,0.901527571,0,0,-0.000248138,0.098720569,1.000248139
1.14920246E+01,2.980721355,0.03541599,0.059550822,0.002746815,0.902484624,0,0,-0.000198251,0.097713627,1.000198251
1.14955612E+01,3.003881644,0.034978251,0.058959414,0.002768224,0.903384598,0,0,-9.05E-05,0.09670589,1.000090487
1.14990701E+01,3.02735753,0.03455231,0.058386865,0.002790312,0.90433275,0,0,-6.22E-05,0.095729486,1.000062236
1.15025511E+01,3.0510838,0.034132792,0.057812556,0.002811814,0.905248443,0,0,-5.61E-06,0.094757162,1.000005605
1.15060037E+01,3.074841295,0.033720755,0.057239715,0.002832622,0.906105188,0,0,0.000101721,0.093793092,0.99989828
1.15094291E+01,3.099002774,0.033319357,0.05668591,0.002854219,0.907010731,0,0,0.000129784,0.092859486,0.999870217
1.15128272E+01,3.123383833,0.032925389,0.056131285,0.002875168,0.907874729,0,0,0.00019343,0.091931843,0.999806572
1.15161973E+01,3.147676234,0.03253642,0.055575569,0.002895333,0.908711426,0,0,0.000281253,0.091007321,0.999718747
1.15195408E+01,3.172394498,0.032157613,0.055039643,0.002916335,0.909590548,0,0,0.000295859,0.090113591,0.999704139
1.15228576E+01,3.197412025,0.03178317,0.054499858,0.002936616,0.910431858,0,0,0.0003485,0.089219644,0.999651501
1.15261477E+01,3.222709527,0.031415093,0.053965653,0.002956724,0.911254336,0,0,0.000408195,0.088337471,0.999591806
1.15294106E+01,3.247846355,0.03105344,0.053431259,0.002975893,0.912031087,0,0,0.000508321,0.087460591,0.999491678
1.15326477E+01,3.27330629,0.030705206,0.052922438,0.002996148,0.912847001,0,0,0.000529205,0.086623792,0.999470793
1.15358589E+01,3.299065658,0.030356318,0.052404429,0.003015614,0.913669082,0,0,0.000554557,0.085776361,0.999445442
1.15390442E+01,3.325017152,0.030013769,0.051891682,0.003034733,0.914464543,0,0,0.000595274,0.084940185,0.999404728
1.15422040E+01,3.351196556,0.029677038,0.051384828,0.00305367,0.915243334,0,0,0.000641131,0.084115535,0.99935887
1.15453376E+01,3.377142755,0.02934753,0.050879521,0.00307158,0.915949495,0,0,0.000751874,0.083298631,0.999248126
1.15484466E+01,3.403517837,0.029024936,0.050393899,0.003090748,0.916758774,0,0,0.000731643,0.082509582,0.999268356
1.15515307E+01,3.43019795,0.028704858,0.049901882,0.0031089,0.91751702,0,0,0.000767341,0.08171564,0.99923266
1.15545900E+01,3.457092938,0.028393154,0.049419631,0.003126936,0.918224528,0,0,0.000835752,0.080939721,0.999164248
1.15576248E+01,3.484146975,0.028082815,0.048937884,0.003144744,0.918978721,0,0,0.000855837,0.080165444,0.999144164
1.15606354E+01,3.511273364,0.027782832,0.048467002,0.003162256,0.919670631,0,0,0.000917279,0.07941209,0.999082721
1.15636220E+01,3.538691338,0.027481916,0.047995341,0.003179639,0.920410818,0,0,0.000932284,0.078656897,0.999067716
1.15665839E+01,3.565776972,0.027186172,0.047521651,0.003195569,0.921068677,0,0,0.001027932,0.077903392,0.998972069
1.15695227E+01,3.59345348,0.026898139,0.047071284,0.003213135,0.92181006,0,0,0.001007382,0.077182558,0.998992618
1.15724380E+01,3.62135226,0.026613165,0.04661492,0.003229573,0.922498517,0,0,0.001043826,0.076457658,0.998956175
1.15753300E+01,3.649442472,0.026330836,0.046161999,0.003245825,0.9231939,0,0,0.001067438,0.075738661,0.998932561
1.15781991E+01,3.677729666,0.026052843,0.045713639,0.003261785,0.923871741,0,0,0.00109999,0.075028268,0.998900009
1.15810454E+01,3.706145198,0.025780607,0.045271959,0.003277541,0.924529193,0,0,0.0011407,0.074330107,0.9988593
1.15838691E+01,3.734744067,0.025510781,0.044833053,0.003293078,0.925199949,0,0,0.00116314,0.073636912,0.998836861
1.15866704E+01,3.763559878,0.025244894,0.044398348,0.003308317,0.925852938,0,0,0.001195503,0.072951559,0.998804497
1.15894495E+01,3.792540262,0.024984236,0.043969847,0.003323355,0.926484577,0,0,0.001237984,0.072277439,0.998762016
1.15922067E+01,3.821674847,0.024725857,0.043543855,0.003338153,0.927134466,0,0,0.001257669,0.071607865,0.998742331
1.15949421E+01,3.850863991,0.024474436,0.043126041,0.003352698,0.927747017,0,0,0.001299809,0.070953175,0.998700192
1.15976561E+01,3.880362733,0.024221656,0.042707135,0.003367049,0.92840001,0,0,0.001304152,0.070295839,0.998695849
1.16003486E+01,3.910036486,0.023974281,0.042293759,0.003380989,0.929011871,0,0,0.001339098,0.069649029,0.9986609
1.16030200E+01,3.939784307,0.023733209,0.041888735,0.003394845,0.929597408,0,0,0.001385802,0.069016789,0.998614197
1.16056705E+01,3.969815079,0.023490768,0.041482262,0.003408474,0.930229617,0,0,0.00138888,0.068381503,0.99861112
1.16083002E+01,3.999860417,0.023256464,0.04108489,0.003421736,0.930802246,0,0,0.001434663,0.06776309,0.998565336
1.16109094E+01,4.030165352,0.023020851,0.040687058,0.003434885,0.931422935,0,0,0.001434271,0.067142794,0.998565728
1.16134983E+01,4.060525807,0.022792987,0.040298098,0.003447684,0.931979645,0,0,0.001481587,0.066538768,0.998518413
1.16160678E+01,4.091984707,0.02256453,0.039916157,0.003461817,0.932651887,0,0,0.001405609,0.065942503,0.998594391
1.16186159E+01,4.122084061,0.022338011,0.039512913,0.003471433,0.933073948,0,0,0.001603695,0.065322357,0.998396306
1.16211458E+01,4.153788379,0.022119077,0.03915344,0.00348648,0.933780185,0,0,0.001460818,0.064758997,0.998539182
1.16236553E+01,4.185048111,0.021897968,0.038763001,0.003496943,0.934282237,0,0,0.001559852,0.064157912,0.998440148
1.16261456E+01,4.216368596,0.021681944,0.038391007,0.003508721,0.934835134,0,0,0.001583193,0.063581672,0.998416806
1.16286166E+01,4.247831391,0.021469959,0.038023442,0.003520187,0.935370996,0,0,0.001615417,0.063013588,0.998384584
1.16310686E+01,4.279499766,0.021259421,0.037658073,0.003531448,0.935919584,0,0,0.001631475,0.062448942,0.998368526
1.16335018E+01,4.311249331,0.021053011,0.037297803,0.003542431,0.936449913,0,0,0.001656844,0.061893245,0.998343158
1.16359163E+01,4.343256597,0.020847863,0.036939922,0.003553256,0.93698598,0,0,0.001672977,0.061341041,0.998327022
1.16383131E+01,4.376408673,0.020645897,0.036592556,0.003565402,0.937593561,0,0,0.001602585,0.060803855,0.998397415
1.16406908E+01,4.408920126,0.020442471,0.036227023,0.003574212,0.938056758,0,0,0.001699536,0.060243706,0.998300464
1.16430505E+01,4.441401624,0.020246342,0.035882129,0.00358442,0.938549668,0,0,0.001737441,0.05971289,0.998262558
1.16453923E+01,4.474040118,0.02005157,0.035538728,0.003594362,0.9390655,0,0,0.001749839,0.059184661,0.998250161
1.16477163E+01,4.506735437,0.019860598,0.035200173,0.003604032,0.939564987,0,0,0.001770212,0.058664803,0.998229789
1.16500235E+01,4.540901496,0.019669727,0.034869325,0.003615259,0.940160606,0,0,0.001685083,0.058154312,0.998314917
1.16523124E+01,4.574281232,0.019479536,0.034522208,0.003622847,0.940573317,0,0,0.001802093,0.057624591,0.998197908
1.16545841E+01,4.607876652,0.019292563,0.034191237,0.003632019,0.941057515,0,0,0.001826666,0.057115819,0.998173334
1.16568387E+01,4.641208843,0.019112136,0.033867142,0.003640785,0.941525531,0,0,0.001854406,0.056620063,0.998145594
1.16590764E+01,4.674925034,0.018930177,0.033542843,0.003649507,0.942025739,0,0,0.001851734,0.056122527,0.998148266
1.16612980E+01,4.71018232,0.018752439,0.033230311,0.003659735,0.942557489,0,0,0.001800026,0.055642485,0.998199974
1.16635021E+01,4.744718891,0.018570572,0.032896012,0.003666233,0.942972014,0,0,0.00189517,0.055132816,0.998104831
1.16656898E+01,4.779064104,0.018397018,0.032583277,0.003674252,0.943412039,0,0,0.001933414,0.054654547,0.998066586
1.16678611E+01,4.81337571,0.018225021,0.032272749,0.003682082,0.943889813,0,0,0.001930335,0.054179852,0.998069665
1.16700169E+01,4.849502259,0.018054353,0.031971288,0.003691608,0.944423925,0,0,0.001858826,0.053717249,0.998141175
1.16721559E+01,4.884603575,0.017882358,0.031651102,0.003697146,0.944807125,0,0,0.001962269,0.053230606,0.998037731
1.16742790E+01,4.919637656,0.017716967,0.031351323,0.003704464,0.945229488,0,0,0.001997758,0.052772754,0.998002241
1.16763865E+01,4.954850189,0.017553384,0.031053843,0.003711576,0.945663364,0,0,0.002017831,0.052318804,0.997982168
1.16784790E+01,4.991827842,0.017389489,0.030762495,0.003720332,0.946208761,0,0,0.001918924,0.051872317,0.998081078
1.16805552E+01,5.027616143,0.017226279,0.03045531,0.003724956,0.94655976,0,0,0.002033696,0.051406544,0.997966304
1.16826163E+01,5.06336277,0.017068448,0.030167502,0.003731566,0.946971771,0,0,0.002060714,0.050967516,0.997939287
1.16846628E+01,5.100988918,0.01691013,0.029884987,0.00373981,0.94750229,0,0,0.001962784,0.050534927,0.998037217
1.16866934E+01,5.137336591,0.016752499,0.02958662,0.003743806,0.947838878,0,0,0.002078198,0.050082924,0.997921802
1.16887093E+01,5.173785103,0.016598229,0.029304972,0.003749794,0.948255989,0,0,0.002091017,0.049652995,0.997908984
1.16907110E+01,5.212045472,0.016446301,0.02903185,0.003757442,0.94875264,0,0,0.002011766,0.049235593,0.997988232
1.16926972E+01,5.24900769,0.016293145,0.028741116,0.003760877,0.949089475,0,0,0.002115387,0.048795138,0.997884612
1.16946691E+01,5.28587336,0.016146101,0.028470183,0.003766326,0.949471232,0,0,0.002146158,0.04838261,0.997853842
1.16966273E+01,5.324758335,0.015999151,0.028205392,0.003773595,0.949966975,0,0,0.002054884,0.047978139,0.997945114
1.16985705E+01,5.362194712,0.01585193,0.027923873,0.003776429,0.950285224,0,0,0.002162546,0.047552232,0.997837455
1.17004997E+01,5.39969191,0.015708941,0.027660031,0.003781371,0.950667824,0,0,0.002181831,0.047150343,0.997818168
1.17024155E+01,5.439249081,0.015566856,0.027402816,0.003788062,0.951148648,0,0,0.002093618,0.046757734,0.997906382
1.17043167E+01,5.477471102,0.015422713,0.027127104,0.003790272,0.951467835,0,0,0.002192076,0.046340089,0.997807924
1.17062043E+01,5.515576341,0.015285404,0.026871942,0.003794639,0.951817459,0,0,0.002230556,0.045951985,0.997769444
1.17080789E+01,5.555817994,0.015147279,0.026621368,0.003800864,0.952304312,0,0,0.002126176,0.045569511,0.997873823
1.17099392E+01,5.594447208,0.015009723,0.026355803,0.003802536,0.952591155,0,0,0.002240783,0.045168062,0.997759217
1.17117869E+01,5.635114151,0.014875393,0.026112136,0.003808605,0.953048206,0,0,0.00215566,0.044796135,0.997844341
1.17136205E+01,5.674135766,0.014740746,0.025851743,0.003809965,0.953329819,0,0,0.002267728,0.044402453,0.997732272
1.17154413E+01,5.713296368,0.014609209,0.02560718,0.003813539,0.953691519,0,0,0.002278552,0.044029928,0.997721447
1.17172495E+01,5.75453797,0.014480263,0.025370805,0.003818914,0.954131245,0,0,0.002198772,0.043669982,0.997801228
1.17190442E+01,5.794301947,0.014348363,0.025115991,0.003819761,0.954425444,0,0,0.00229044,0.043284115,0.997709559
1.17208267E+01,5.836153554,0.014221278,0.024883889,0.003824921,0.954855132,0,0,0.002214781,0.042930088,0.99778522
1.17225958E+01,5.876178529,0.014093884,0.024636008,0.003825433,0.955117839,0,0,0.002326836,0.042555325,0.997673164
1.17243530E+01,5.918439412,0.013969461,0.024408697,0.003830409,0.955552793,0,0,0.002238639,0.042208568,0.997761361
1.17260971E+01,5.959068504,0.013843153,0.024163438,0.003830498,0.955824296,0,0,0.002338616,0.041837089,0.997661385
1.17278290E+01,5.999567861,0.013723016,0.023937333,0.003832945,0.956131547,0,0,0.002375158,0.041493294,0.997624841
1.17295492E+01,6.04253168,0.013602494,0.023715691,0.003837334,0.95656721,0,0,0.002277271,0.041155519,0.997722729
1.17312566E+01,6.083709064,0.013481043,0.023478482,0.00383698,0.956822515,0,0,0.00238098,0.040796505,0.99761902
1.17329526E+01,6.127139567,0.013363171,0.023261895,0.003841133,0.957239356,0,0,0.002294446,0.0404662,0.997705555
1.17346360E+01,6.168836574,0.013243523,0.023028466,0.003840454,0.957492527,0,0,0.00239503,0.040112443,0.99760497
1.17363082E+01,6.212810812,0.013128194,0.022816147,0.003844285,0.957893931,0,0,0.002317445,0.039788626,0.997682557
1.17379680E+01,6.254805538,0.013012457,0.022589014,0.003843372,0.958122924,0,0,0.002432233,0.039444843,0.997567767
1.17396168E+01,6.299252978,0.012899368,0.022380765,0.00384701,0.958529659,0,0,0.002343198,0.039127142,0.997656801
1.17412534E+01,6.341814622,0.01278462,0.022156046,0.003845684,0.958773292,0,0,0.002440358,0.03878635,0.997559642
1.17428792E+01,6.386774535,0.01267405,0.021951926,0.00384895,0.959163737,0,0,0.002361337,0.038474926,0.997638663
1.17444930E+01,6.429592445,0.012563162,0.021733521,0.003847418,0.959382534,0,0,0.002473366,0.038144102,0.997526636
1.17460963E+01,6.47497275,0.012454783,0.02153343,0.003850497,0.959779048,0,0,0.002382242,0.03783871,0.997617758
1.17476877E+01,6.518432685,0.012344751,0.021317421,0.003848595,0.960006988,0,0,0.002482245,0.037510767,0.997517755
1.17492687E+01,6.564401771,0.01223868,0.021121139,0.003851307,0.960384748,0,0,0.002404128,0.037211125,0.997595873
1.17508381E+01,6.608155134,0.012132298,0.020911087,0.003849211,0.960589752,0,0,0.002517652,0.036892595,0.997482347
1.17523973E+01,6.654778487,0.012026948,0.020716881,0.003851677,0.960989198,0,0,0.002415294,0.036595506,0.997584704
1.17539450E+01,6.699015289,0.011922837,0.020510769,0.003849193,0.961180899,0,0,0.002536302,0.036282799,0.997463698
1.17554827E+01,6.745948976,0.011821009,0.020322119,0.003851475,0.961557332,0,0,0.002448064,0.035994603,0.997551935
1.17570092E+01,6.790803456,0.011717627,0.020118448,0.00384877,0.961769831,0,0,0.002545325,0.035684844,0.997454675
1.17585258E+01,6.838224726,0.011618027,0.019933385,0.003850661,0.962133376,0,0,0.002464551,0.035402072,0.997535448
1.17600317E+01,6.886256701,0.011516566,0.019737521,0.003849921,0.962430808,0,0,0.002465182,0.035104008,0.997534816
1.17615268E+01,6.931595578,0.011417633,0.019542055,0.003846985,0.962606959,0,0,0.002586368,0.034806672,0.997413631
1.17630122E+01,6.980047467,0.011319588,0.019360952,0.003848573,0.96298452,0,0,0.002486366,0.034529113,0.997513633
1.17644869E+01,7.025926658,0.011222707,0.019168621,0.003845177,0.963155589,0,0,0.002607905,0.034236505,0.997392094
1.17659521E+01,7.074660831,0.011127944,0.018992558,0.003846558,0.96351489,0,0,0.002518049,0.03396706,0.99748195
1.17674067E+01,7.121175582,0.011031722,0.018802555,0.003842965,0.963706929,0,0,0.00261583,0.033677242,0.997384171
1.17688520E+01,7.170384638,0.010939483,0.018630466,0.003844009,0.964043804,0,0,0.002542239,0.033413958,0.997457762
1.17702873E+01,7.220483884,0.010843704,0.018445953,0.003842335,0.964341896,0,0,0.002526112,0.033131992,0.997473888
1.17717122E+01,7.267565942,0.01075164,0.018263504,0.003838457,0.964491103,0,0,0.002655295,0.032853601,0.997344704
1.17731281E+01,7.317665661,0.010661564,0.018096028,0.00383926,0.964834182,0,0,0.002568965,0.032596852,0.997431034
1.17745339E+01,7.365387883,0.010570063,0.017915192,0.003835081,0.965015224,0,0,0.00266444,0.032320335,0.99733556
1.17759307E+01,7.416043951,0.010481884,0.017750809,0.003835509,0.96534503,0,0,0.002586767,0.032068202,0.997413232
1.17773178E+01,7.467312199,0.010391983,0.017576556,0.003833272,0.965611867,0,0,0.002586321,0.031801812,0.997413678
1.17786951E+01,7.51578417,0.010303231,0.017401601,0.003828866,0.965773703,0,0,0.002692598,0.031533698,0.997307401
1.17800637E+01,7.567408074,0.010217024,0.017241351,0.00382895,0.966102923,0,0,0.002609752,0.031287326,0.997390249
1.17814225E+01,7.61618925,0.01013125,0.017070851,0.003824293,0.966251641,0,0,0.002721965,0.031026394,0.997278035
1.17827728E+01,7.668153413,0.010047293,0.016914382,0.003824249,0.966579242,0,0,0.002634834,0.030785925,0.997365166
1.17841138E+01,7.721000365,0.009960694,0.016747113,0.003821368,0.96684815,0,0,0.002622673,0.030529176,0.997377326
1.17854454E+01,7.770576601,0.009877461,0.016582093,0.003816461,0.966974999,0,0,0.002748987,0.030276015,0.997251014
1.17867686E+01,7.82355536,0.009795368,0.016429558,0.00381609,0.967300242,0,0,0.002658742,0.030041016,0.997341258
1.17880827E+01,7.877074736,0.00971239,0.016268419,0.00381291,0.967543429,0,0,0.002662852,0.029793719,0.997337148
1.17893877E+01,7.927607192,0.009630416,0.0161069,0.003807719,0.967688381,0,0,0.002766584,0.029545035,0.997233416
1.17906844E+01,7.981355201,0.009551358,0.015959455,0.003806962,0.967990507,0,0,0.002691719,0.029317775,0.997308282
1.17919723E+01,8.03584581,0.009470198,0.015802349,0.003803496,0.968238832,0,0,0.002685126,0.029076043,0.997314875
1.17932513E+01,8.086952366,0.009391672,0.015646824,0.003798036,0.968359545,0,0,0.002803922,0.028836533,0.997196077
1.17945223E+01,8.14150682,0.009314827,0.015503682,0.003797054,0.968664368,0,0,0.002720068,0.028615563,0.997279931
1.17957846E+01,8.196971895,0.009235494,0.015350465,0.003793227,0.968913416,0,0,0.002707397,0.028379186,0.997292602
1.17970382E+01,8.249038072,0.009158721,0.015198837,0.003787415,0.969031207,0,0,0.002823819,0.028144973,0.997176181
1.17982840E+01,8.304486434,0.009084177,0.01505988,0.003786089,0.969323611,0,0,0.002746241,0.027930146,0.997253757
1.17995214E+01,8.360593632,0.009008142,0.014912362,0.00378206,0.969552554,0,0,0.002744882,0.027702564,0.997255119
1.18007502E+01,8.413560093,0.00893305,0.014764628,0.003776044,0.969679877,0,0,0.002846402,0.027473722,0.997153599
1.18019714E+01,8.470012358,0.008860138,0.014628924,0.003774303,0.969969829,0,0,0.002766805,0.027263365,0.997233194
1.18031844E+01,8.527053425,0.008786365,0.014485781,0.003769978,0.970186971,0,0,0.002770907,0.027042124,0.997229095
1.18043893E+01,8.584432814,0.008713196,0.014344311,0.003765678,0.970396483,0,0,0.002780333,0.026823185,0.997219667
1.18055859E+01,8.638316596,0.008641374,0.014202853,0.003759339,0.970511589,0,0,0.002884843,0.026603567,0.997115156
1.18067752E+01,8.69610362,0.008570743,0.014071916,0.003757249,0.970803169,0,0,0.002796923,0.026399909,0.997203077
1.18079565E+01,8.754398343,0.008499762,0.013934186,0.003752492,0.971007226,0,0,0.002806333,0.02618644,0.997193666
1.18091297E+01,8.809179186,0.008430037,0.013796933,0.00374595,0.971117321,0,0,0.002909758,0.02597292,0.99709024
1.18102957E+01,8.867582385,0.008362375,0.013670819,0.003743627,0.971389603,0,0,0.002833576,0.025776821,0.997166424
1.18114539E+01,8.927008432,0.008292479,0.013536029,0.003738638,0.971609459,0,0,0.002823396,0.025567145,0.997176604
1.18126045E+01,8.986722823,0.008223691,0.01340333,0.003733596,0.97180427,0,0,0.002835114,0.025360616,0.997164886
1.18137472E+01,9.042534804,0.008157106,0.013272017,0.003726754,0.971895251,0,0,0.002948873,0.025155877,0.997051128
1.18148829E+01,9.102049793,0.008092373,0.013151255,0.003724168,0.972158058,0,0,0.002874148,0.024967795,0.997125853
1.18160112E+01,9.162674358,0.008025039,0.013021563,0.003718855,0.972377397,0,0,0.002857146,0.024765456,0.997142853
1.18171320E+01,9.223357748,0.007959641,0.012894966,0.003713541,0.972554842,0,0,0.002877009,0.024568148,0.99712299
1.18182452E+01,9.280264086,0.007895448,0.012768759,0.003706478,0.972649435,0,0,0.002979881,0.024370685,0.99702012
1.18193517E+01,9.341158775,0.007832679,0.012652048,0.003703476,0.972910635,0,0,0.002901162,0.024188202,0.997098837
1.18204510E+01,9.402992636,0.007768225,0.012527771,0.003697835,0.973112279,0,0,0.00289389,0.023993832,0.99710611
1.18215429E+01,9.465364352,0.007704043,0.012404581,0.003692138,0.973302912,0,0,0.002896326,0.023800762,0.997103674
1.18226277E+01,9.527989503,0.007640893,0.012283115,0.003686386,0.973480144,0,0,0.002909462,0.023610394,0.997090537
1.18237052E+01,9.586452087,0.007579767,0.012163014,0.003678917,0.973558518,0,0,0.003019784,0.023421698,0.996980216
1.18247763E+01,9.649136964,0.007519527,0.012051372,0.003675493,0.973816885,0,0,0.002936722,0.023246393,0.997063277
1.18258403E+01,9.712772892,0.007457825,0.011932665,0.003669425,0.974010421,0,0,0.002929664,0.023059915,0.997070336
1.18268973E+01,9.776418383,0.007397892,0.011816826,0.003663459,0.974170523,0,0,0.002951299,0.022878177,0.9970487
1.18279474E+01,9.840744338,0.007337242,0.011700711,0.003657421,0.974357769,0,0,0.002946857,0.022695374,0.997053143
1.18289906E+01,9.900894024,0.007278545,0.011585887,0.003649554,0.974434091,0,0,0.003051923,0.022513986,0.996948077
1.18300275E+01,9.965138957,0.007221594,0.011480109,0.003645756,0.974670559,0,0,0.002981983,0.022347459,0.997018018
1.18310576E+01,10.03028608,0.00716312,0.011367536,0.003639421,0.974854537,0,0,0.002975387,0.022170077,0.997024614
1.18320810E+01,10.09597927,0.007104863,0.011255918,0.003633026,0.975028254,0,0,0.002977931,0.021993807,0.997022062
1.18330978E+01,10.16191786,0.007047534,0.011145872,0.003626586,0.975189508,0,0,0.002990491,0.021819992,0.997009501
1.18341080E+01,10.22804241,0.006991098,0.011037377,0.003620164,0.975347598,0,0,0.00300376,0.021648639,0.996996237
1.18351115E+01,10.29001221,0.006935593,0.010929213,0.003612037,0.975424693,0,0,0.003098469,0.021476843,0.996901536
1.18361091E+01,10.35644683,0.006881377,0.010828951,0.003607751,0.975658405,0,0,0.003023509,0.021318079,0.996976484
1.18371002E+01,10.42382544,0.006825878,0.010722484,0.003600959,0.975832371,0,0,0.003018301,0.021149321,0.996981693
1.18380849E+01,10.49148539,0.006771258,0.010617726,0.003594209,0.975987691,0,0,0.003029127,0.020983193,0.996970884
1.18390633E+01,10.55928982,0.006717516,0.010514484,0.00358748,0.976138289,0,0,0.003042237,0.020819481,0.99695777
1.18400354E+01,10.62760465,0.006663811,0.010411764,0.003580683,0.976297496,0,0,0.003046235,0.020656258,0.996953754
1.18410010E+01,10.691564,0.006611427,0.010309943,0.00357224,0.976363664,0,0,0.003142716,0.02049361,0.996857274
1.18419611E+01,10.76022815,0.006559951,0.010215044,0.00356752,0.976591067,0,0,0.003066403,0.020342515,0.996933583
1.18429149E+01,10.82956195,0.00650793,0.01011513,0.003560396,0.976747901,0,0,0.003068651,0.020183455,0.996931356
1.18438626E+01,10.89928804,0.006456361,0.010016439,0.003553343,0.97689723,0,0,0.003076624,0.020026144,0.996923374
1.18448042E+01,10.9691971,0.006405627,0.009919158,0.003546279,0.977039806,0,0,0.003089121,0.019871064,0.99691087
1.18457399E+01,11.03961836,0.006354923,0.009822369,0.003539147,0.977191389,0,0,0.003092165,0.019716439,0.996907828
1.18466696E+01,11.11044439,0.006304698,0.009726522,0.00353191,0.977336848,0,0,0.003100029,0.01956313,0.996899978
1.18475934E+01,11.18176472,0.006254657,0.009631311,0.003524592,0.977486011,0,0,0.003103433,0.01941056,0.996896571
1.18485113E+01,11.25332884,0.006205417,0.00953742,0.003517235,0.977625834,0,0,0.003114098,0.019260073,0.996885907
1.18494232E+01,11.3202597,0.006157323,0.009444448,0.003508418,0.977682535,0,0,0.003207283,0.019110189,0.996792724
1.18503298E+01,11.39184848,0.006110709,0.009358346,0.003503228,0.977884916,0,0,0.003142801,0.018972283,0.996857199
1.18512307E+01,11.46439656,0.006062875,0.009266923,0.003495694,0.978036946,0,0,0.003137564,0.018825492,0.996862439
1.18521259E+01,11.53735989,0.006015503,0.009176627,0.003488156,0.978175762,0,0,0.003143946,0.018680286,0.996856048
1.18530154E+01,11.61074107,0.005968559,0.009087259,0.003480594,0.978311206,0,0,0.003152393,0.018536411,0.996847617
1.18538993E+01,11.6846253,0.005921776,0.008998454,0.003472948,0.978450854,0,0,0.003155974,0.018393178,0.996844032
1.18547776E+01,11.758749,0.005875739,0.008910882,0.003465271,0.97858188,0,0,0.003166223,0.018251892,0.996833772
1.18556504E+01,11.83325872,0.005830099,0.008824161,0.00345758,0.978713994,0,0,0.003174156,0.01811184,0.996825833
1.18565177E+01,11.90814132,0.005784871,0.008738276,0.003449833,0.978845547,0,0,0.003181466,0.01797298,0.996818527
1.18573795E+01,11.98354773,0.005739799,0.008652953,0.003442013,0.978980538,0,0,0.003184709,0.017834764,0.996815302
1.18582360E+01,12.05919201,0.005695482,0.008568838,0.00343416,0.979105623,0,0,0.003195902,0.01769848,0.996804103
1.18590870E+01,12.13521011,0.005651548,0.008485548,0.003426304,0.979232893,0,0,0.003203703,0.0175634,0.996796293
1.18599328E+01,12.21159212,0.005608016,0.008403065,0.003418394,0.979359971,0,0,0.003210546,0.017429476,0.996789446
1.18607732E+01,12.2883604,0.005564887,0.00832141,0.003410446,0.979485758,0,0,0.003217506,0.017296743,0.996782501
1.18616084E+01,12.36534905,0.005522469,0.008240917,0.003402502,0.979604664,0,0,0.003229444,0.017165887,0.996770552
1.18624385E+01,12.44323434,0.005479507,0.008160182,0.00339442,0.979741623,0,0,0.003224266,0.017034109,0.996775732
1.18632633E+01,12.52124404,0.005437622,0.008080966,0.003386299,0.979856966,0,0,0.003238137,0.016904888,0.996761854
1.18640829E+01,12.59415923,0.005396656,0.008002675,0.003376951,0.979899052,0,0,0.003325179,0.016776283,0.996675335
1.18648978E+01,12.67239146,0.00535669,0.007929537,0.003370862,0.980081774,0,0,0.003262213,0.016657089,0.996738863
1.18657076E+01,12.75149133,0.005316038,0.007852406,0.003362617,0.980208124,0,0,0.003262541,0.016531061,0.996739186
1.18665125E+01,12.83100103,0.005275738,0.007776194,0.003354408,0.980326832,0,0,0.003269204,0.01640634,0.996733173
1.18673123E+01,12.91095418,0.005235781,0.007700738,0.003346178,0.980442825,0,0,0.003277536,0.016282697,0.996725522
1.18681072E+01,12.99144293,0.005195966,0.007625789,0.003337879,0.980561741,0,0,0.003282401,0.016159634,0.996721375
1.18688971E+01,13.07218785,0.005156763,0.00755185,0.003329562,0.980673767,0,0,0.003292554,0.016038175,0.996711942
1.18696822E+01,13.15331709,0.005117889,0.007478627,0.003321236,0.98078779,0,0,0.003299589,0.015917752,0.996705542
1.18704625E+01,13.23490444,0.005079345,0.007406108,0.003312872,0.980899292,0,0,0.003308208,0.015798324,0.996697616
1.18712379E+01,13.3168611,0.005041176,0.007334324,0.003304477,0.98101093,0,0,0.003315508,0.015679977,0.996690907
1.18720086E+01,13.39921112,0.005003339,0.007263242,0.003296048,0.981122298,0,0,0.003322257,0.015562628,0.996684926
1.18727746E+01,13.4819788,0.004965841,0.007192866,0.003287595,0.98123251,0,0,0.003328851,0.015446303,0.996678813
1.18735358E+01,13.56554636,0.004928157,0.007122612,0.003279031,0.9813505,0,0,0.003328038,0.0153298,0.9966803
1.18742924E+01,13.64919348,0.004891445,0.007053712,0.003270486,0.981450715,0,0,0.003342478,0.015215644,0.996666359
1.18750443E+01,13.73325708,0.004855014,0.006985439,0.00326197,0.981555586,0,0,0.003351498,0.015102424,0.996658009
1.18757917E+01,13.81770766,0.004818904,0.006917806,0.003253411,0.98166178,0,0,0.003358123,0.014990121,0.996651902
1.18765344E+01,13.90254182,0.004783144,0.006850879,0.003244829,0.981766513,0,0,0.003365192,0.014878852,0.996645365
1.18772727E+01,13.98782467,0.004747693,0.0067846,0.003236224,0.981870335,0,0,0.003372227,0.014768517,0.996638852
1.18780064E+01,14.07396608,0.004712049,0.006718427,0.003227515,0.981981257,0,0,0.003372195,0.01465799,0.996639247
1.18787357E+01,14.16018574,0.004677332,0.006653514,0.003218825,0.982076228,0,0,0.003386043,0.014549671,0.996625899
1.18794605E+01,14.24674989,0.004642888,0.006589202,0.003210155,0.982176511,0,0,0.003393541,0.014442245,0.996618756
1.18801810E+01,14.33396633,0.004608504,0.006525256,0.003201427,0.98228029,0,0,0.003397376,0.014335188,0.996615477
1.18808970E+01,14.42141153,0.004574719,0.00646224,0.003192689,0.982375794,0,0,0.003407764,0.014229648,0.996605442
1.18816087E+01,14.50927459,0.004541218,0.006399826,0.003183962,0.982473769,0,0,0.003414775,0.014125006,0.996598775
1.18823162E+01,14.59754793,0.00450803,0.006338042,0.003175206,0.982570803,0,0,0.003421945,0.014021278,0.996592082
1.18830193E+01,14.6862819,0.004475125,0.006276847,0.003166432,0.982667138,0,0,0.003428823,0.013918404,0.996585542
1.18837182E+01,14.77584443,0.004442063,0.006215787,0.003157559,0.982770336,0,0,0.003428937,0.013815409,0.996585745
1.18844129E+01,14.8654801,0.004409846,0.00615588,0.003148716,0.982858831,0,0,0.003441732,0.013714443,0.996573274
1.18851033E+01,14.95551491,0.004377911,0.006096554,0.003139905,0.982951038,0,0,0.003449921,0.01361437,0.996565408
1.18857897E+01,15.0462277,0.004345968,0.006037508,0.003131024,0.983048183,0,0,0.003452991,0.013514499,0.996562682
1.18864719E+01,15.13714566,0.004314634,0.005979365,0.003122149,0.983136804,0,0,0.003463031,0.013416148,0.996552952
1.18871500E+01,15.22846782,0.004283552,0.005921779,0.003113283,0.983227858,0,0,0.003469796,0.013318613,0.996546471
1.18878240E+01,15.32069793,0.004252307,0.005864303,0.00310433,0.983324961,0,0,0.003470547,0.01322094,0.996545901
1.18884940E+01,15.41297486,0.004221851,0.005807895,0.003095393,0.983408546,0,0,0.003483036,0.013125138,0.996533684
1.18891600E+01,15.5058165,0.004191425,0.005751816,0.003086459,0.983501075,0,0,0.003486281,0.0130297,0.996530775
1.18898219E+01,15.59895948,0.004161515,0.00569652,0.00307752,0.983584413,0,0,0.003497371,0.012935554,0.996519967
1.18904800E+01,15.69246613,0.004131886,0.005641801,0.0030686,0.983670965,0,0,0.00350422,0.012842287,0.996513251
1.18911341E+01,15.78639735,0.004102502,0.0055876,0.003059663,0.983758185,0,0,0.003509808,0.012749764,0.996507949
1.18917844E+01,15.88104111,0.004073148,0.005533707,0.003050667,0.983847135,0,0,0.003513284,0.012657523,0.996504658
1.18924307E+01,15.97596609,0.004044323,0.005480621,0.003041692,0.983927977,0,0,0.003523584,0.012566636,0.996494613
1.18930733E+01,16.07168419,0.004015334,0.005427617,0.003032649,0.984019647,0,0,0.003523217,0.0124756,0.996495247
1.18937120E+01,16.16726214,0.003987319,0.005375853,0.003023684,0.984092338,0,0,0.003539423,0.012386857,0.996479195
1.18943469E+01,16.26391628,0.003958835,0.005323888,0.003014651,0.984184112,0,0,0.003537394,0.012297373,0.996481486
1.18949781E+01,16.36058656,0.003931142,0.005272956,0.003005632,0.984259485,0,0,0.003549801,0.012209729,0.996469214
1.18956055E+01,16.45787085,0.003903448,0.005222288,0.002996608,0.984343652,0,0,0.003553178,0.012122344,0.996465997
1.18962293E+01,16.55540121,0.003876234,0.00517236,0.002987595,0.984420123,0,0,0.003563094,0.012036189,0.996456313
1.18968493E+01,16.65380058,0.003848856,0.005122528,0.002978531,0.984506054,0,0,0.003563553,0.011949915,0.996455969
1.18974657E+01,16.75203802,0.003822398,0.005073844,0.002969539,0.984574801,0,0,0.003579208,0.011865781,0.996440582
1.18980785E+01,16.8513124,0.003795486,0.005024978,0.002960478,0.984662921,0,0,0.00357604,0.011780941,0.996443863
1.18986877E+01,16.9504702,0.0037695,0.004977256,0.002951468,0.984729704,0,0,0.003592147,0.011698224,0.996427928
1.18992934E+01,17.05063784,0.00374311,0.004929397,0.002942403,0.984815516,0,0,0.003589837,0.01161491,0.996430426
1.18998954E+01,17.1511336,0.003717189,0.004882248,0.002933317,0.984889337,0,0,0.003598324,0.011532754,0.996422091
1.19004940E+01,17.25175492,0.003691755,0.004835805,0.002924296,0.984960236,0,0,0.003608436,0.011451857,0.996412093
1.19010891E+01,17.35279675,0.003666532,0.004789814,0.002915294,0.985033361,0,0,0.003615721,0.01137164,0.996405001
1.19016807E+01,17.45457224,0.003641316,0.004744078,0.002906249,0.985110575,0,0,0.003618667,0.011291643,0.996402219
1.19022688E+01,17.5567692,0.003616372,0.004698839,0.002897183,0.985184427,0,0,0.003624186,0.011212394,0.996396821
1.19028536E+01,17.65969221,0.003591459,0.004653882,0.002888091,0.985259748,0,0,0.00362796,0.011133432,0.99639318
1.19034349E+01,17.76262552,0.003567223,0.004609782,0.002879058,0.985323863,0,0,0.003641387,0.011056063,0.996379926
1.19040129E+01,17.8661189,0.003542973,0.004565905,0.002870023,0.985398474,0,0,0.003644078,0.010978901,0.996377375
1.19045875E+01,17.97007625,0.003518975,0.004522514,0.002860979,0.985469224,0,0,0.003649889,0.010902468,0.996371692
1.19051588E+01,18.07431679,0.003495407,0.00447976,0.002851982,0.985533263,0,0,0.003661275,0.010827148,0.996360411
1.19057268E+01,18.17863585,0.003472224,0.004437584,0.002843029,0.985598812,0,0,0.003670166,0.010752836,0.996351649
1.19062916E+01,18.28330019,0.003449193,0.004395809,0.002834084,0.98566755,0,0,0.003675301,0.010679086,0.996346636
1.19068531E+01,18.38922514,0.003425789,0.004353948,0.002825036,0.985743818,0,0,0.003673453,0.010604773,0.996348591
1.19074114E+01,18.49543159,0.003402868,0.004312759,0.00281599,0.985808204,0,0,0.003682347,0.010531617,0.996339821
1.19079665E+01,18.60205825,0.003380181,0.004271996,0.002806984,0.985875211,0,0,0.003687898,0.010459161,0.996334371
1.19085184E+01,18.70882101,0.003357926,0.004231837,0.002798019,0.985936804,0,0,0.00369785,0.010387782,0.996324587
1.19090672E+01,18.81632042,0.003335632,0.004191865,0.002789029,0.986003761,0,0,0.00370226,0.010316525,0.996320286
1.19096128E+01,18.92420613,0.003313571,0.00415234,0.002780032,0.986069152,0,0,0.003707576,0.010245943,0.996315095
1.19101554E+01,19.03254039,0.003291738,0.00411324,0.002771057,0.986133428,0,0,0.003713322,0.010176035,0.996309463
1.19106948E+01,19.14141548,0.003270114,0.004074536,0.002762093,0.986195547,0,0,0.003720615,0.010106743,0.996302289
1.19112312E+01,19.25093865,0.003248534,0.004036075,0.002753098,0.986261078,0,0,0.00372419,0.010037707,0.996298785
1.19117645E+01,19.36059009,0.003227367,0.003998193,0.002744137,0.986320903,0,0,0.003732502,0.009969697,0.9962906
1.19122948E+01,19.47065179,0.003206385,0.003960699,0.002735205,0.986381556,0,0,0.003739365,0.009902289,0.996283845
1.19128221E+01,19.5812738,0.003185596,0.00392359,0.002726293,0.98644148,0,0,0.003746365,0.009835479,0.996276959
1.19133465E+01,19.69191217,0.003165202,0.00388703,0.002717414,0.986498484,0,0,0.003755274,0.009769646,0.99626813
1.19138679E+01,19.80324361,0.003144763,0.003850662,0.002708526,0.986560822,0,0,0.003758735,0.009703951,0.996264773
1.19143864E+01,19.9149963,0.003124542,0.003814706,0.002699644,0.986619902,0,0,0.003764824,0.009638892,0.996258795
1.19149019E+01,20.02727909,0.003104506,0.003779112,0.002690769,0.986678181,0,0,0.00377117,0.009574387,0.996252568
1.19154146E+01,20.140207,0.003084512,0.003743751,0.002681871,0.98673883,0,0,0.003774868,0.009510135,0.996248965
1.19159244E+01,20.25318548,0.003064955,0.003708973,0.002673023,0.986792498,0,0,0.003784467,0.009446951,0.996239449
1.19164314E+01,20.3665426,0.003045552,0.003674528,0.002664209,0.986848573,0,0,0.003791175,0.009384289,0.996232862
1.19169356E+01,20.48041299,0.003026324,0.003640451,0.002655421,0.986904659,0,0,0.003797275,0.009322196,0.996226855
1.19174369E+01,20.59468435,0.003007265,0.003606706,0.002646629,0.986959798,0,0,0.003803824,0.0092606,0.996220398
1.19179355E+01,20.70915125,0.002988432,0.003573351,0.002637851,0.987014796,0,0,0.003809863,0.009199633,0.996214429
1.19184313E+01,20.82412251,0.002969769,0.003540378,0.00262913,0.98706806,0,0,0.003817054,0.009139276,0.996207336
1.19189244E+01,20.93960138,0.002951253,0.003507685,0.002620394,0.987121484,0,0,0.003823686,0.009079332,0.996200816
1.19194147E+01,21.05559992,0.002932773,0.003475239,0.002611628,0.98717826,0,0,0.0038267,0.009019641,0.996197901
1.19199024E+01,21.17165215,0.002914692,0.003443347,0.002602954,0.987227981,0,0,0.003835717,0.008960994,0.996188974
1.19203874E+01,21.28825972,0.002896719,0.00341171,0.002594268,0.98727895,0,0,0.003843123,0.008902696,0.996181646
1.19208698E+01,21.40570076,0.002878663,0.003380202,0.002585584,0.987335749,0,0,0.00384467,0.008844448,0.996180198
1.19213495E+01,21.52289317,0.002861115,0.00334929,0.00257691,0.987382715,0,0,0.003854937,0.008787315,0.99617003
1.19218266E+01,21.64037788,0.002843777,0.003318753,0.002568344,0.987430978,0,0,0.003863196,0.008730874,0.996161852
1.19223011E+01,21.75837964,0.002826538,0.003288461,0.002559764,0.987480095,0,0,0.003870289,0.008674763,0.996154858
1.19227730E+01,21.87682637,0.002809338,0.003258434,0.002551184,0.987532722,0,0,0.003873568,0.008618956,0.996151678
1.19232424E+01,21.99527874,0.002792466,0.003228841,0.00254264,0.987580197,0,0,0.003881191,0.008563946,0.996144143
1.19237093E+01,22.11485621,0.002775479,0.00319935,0.002534116,0.987630961,0,0,0.003885523,0.008508945,0.996139906
1.19241736E+01,22.23413611,0.002758969,0.00317042,0.002525598,0.987674155,0,0,0.003896376,0.008454987,0.996129142
1.19246354E+01,22.35377473,0.002742481,0.003141687,0.002517132,0.987724273,0,0,0.003900026,0.008401299,0.996125573
1.19250948E+01,22.47349202,0.002726374,0.003113455,0.002508748,0.987767454,0,0,0.003909661,0.008348577,0.996116032
1.19255518E+01,22.59397376,0.002710155,0.003085322,0.002500309,0.987815023,0,0,0.003914981,0.008295786,0.996110809
1.19260063E+01,22.71418925,0.002694339,0.003057679,0.002491941,0.987857684,0,0,0.003924235,0.008243958,0.996101643
1.19264584E+01,22.83496341,0.002678525,0.003030269,0.002483611,0.987906339,0,0,0.003927232,0.008192405,0.996098744
1.19269081E+01,22.95572693,0.002663051,0.003003284,0.002475321,0.98794576,0,0,0.003938642,0.008141656,0.996087416
1.19273554E+01,23.07708289,0.002647518,0.002976416,0.002467055,0.987992135,0,0,0.003943033,0.008090989,0.996083124
1.19278004E+01,23.19833577,0.00263234,0.002949985,0.002458808,0.988033639,0,0,0.003951475,0.008041133,0.996074772
1.19282431E+01,23.31998571,0.002617153,0.002923746,0.002450581,0.988078967,0,0,0.00395587,0.00799148,0.996070447
1.19286835E+01,23.44221258,0.002602024,0.002897744,0.002442368,0.98812238,0,0,0.003961916,0.007942135,0.996064515
1.19291216E+01,23.56439587,0.002587243,0.002872173,0.00243422,0.988161069,0,0,0.003971818,0.007893637,0.996054706
1.19295574E+01,23.68651349,0.00257262,0.002846891,0.002426114,0.988202654,0,0,0.003978334,0.007845626,0.99604828
1.19299910E+01,23.80851126,0.002558318,0.002822058,0.002418103,0.988238943,0,0,0.003989267,0.007798479,0.996037422
1.19304223E+01,23.93098861,0.002543962,0.002797321,0.002410074,0.988281115,0,0,0.003994325,0.007751357,0.996032472
1.19308514E+01,24.05349728,0.002529783,0.002772922,0.00240208,0.98832031,0,0,0.004001788,0.007704785,0.996025095
1.19312784E+01,24.17614268,0.002515777,0.002748852,0.002394147,0.98835948,0,0,0.004008712,0.007658776,0.996018256
1.19317032E+01,24.2988181,0.002501929,0.00272496,0.00238625,0.988397069,0,0,0.004016862,0.007613139,0.996010208
1.19321259E+01,24.42183935,0.002488095,0.002701339,0.002378354,0.988436569,0,0,0.004022814,0.007567788,0.996004358
1.19325464E+01,24.54463341,0.002474596,0.002678139,0.002370542,0.988471207,0,0,0.004032766,0.007523277,0.995994483
1.19329648E+01,24.66730309,0.002461241,0.002655211,0.002362779,0.988506725,0,0,0.004041392,0.007479231,0.995985957
1.19333812E+01,24.78993112,0.002448046,0.002632581,0.002355078,0.988542678,0,0,0.004049071,0.007435704,0.995978382
1.19337955E+01,24.91249761,0.002435001,0.002610234,0.002347423,0.988576982,0,0,0.004057904,0.007392657,0.995969639
1.19342078E+01,25.03470337,0.002422195,0.002588278,0.002339854,0.98860962,0,0,0.004067693,0.007350327,0.995959947
1.19346180E+01,25.15698437,0.002409467,0.002566441,0.002332291,0.988643306,0,0,0.004076233,0.007308199,0.995951505
1.19350263E+01,25.27889523,0.002396905,0.002544998,0.002324814,0.988677016,0,0,0.004084109,0.007266716,0.995943732
1.19354326E+01,25.40058155,0.002384548,0.002523901,0.002317395,0.988708095,0,0,0.004093977,0.007225843,0.995933939
1.19358369E+01,25.52273786,0.002372026,0.002502761,0.002309974,0.988745182,0,0,0.004098076,0.007184762,0.995929944
1.19362394E+01,25.6435915,0.002360181,0.002482289,0.00230269,0.988766632,0,0,0.004116333,0.007145161,0.995911793
1.19366399E+01,25.76498536,0.002348014,0.002461842,0.00229544,0.98880565,0,0,0.00411727,0.007105296,0.995910946
1.19370385E+01,25.88521461,0.002336349,0.002441842,0.002288229,0.988830025,0,0,0.004131875,0.00706642,0.995896444
1.19374353E+01,26.00517795,0.002324815,0.002422201,0.002281176,0.988857402,0,0,0.00414283,0.007028192,0.995885594
1.19378303E+01,26.12483703,0.002313297,0.00240266,0.002274112,0.988886375,0,0,0.004152083,0.006990069,0.995876445
1.19382235E+01,26.24350817,0.002302163,0.002383592,0.002267184,0.988911282,0,0,0.00416441,0.006952938,0.99586422
1.19386149E+01,26.36162756,0.002291014,0.00236471,0.002260299,0.988940768,0,0,0.004171944,0.006916023,0.995856791
1.19390045E+01,26.47934634,0.002280063,0.002346162,0.002253511,0.988964409,0,0,0.00418471,0.006879737,0.995844146
1.19393924E+01,26.59625572,0.00226929,0.002327906,0.002246797,0.98898719,0,0,0.004197786,0.006843992,0.995831182
1.19397787E+01,26.7125901,0.002258584,0.002309883,0.002240157,0.989014098,0,0,0.004206348,0.006808624,0.995822722
1.19401632E+01,26.82754673,0.002248214,0.002292278,0.002233637,0.989035131,0,0,0.004219918,0.006774128,0.995809259
1.19405461E+01,26.94153958,0.002237983,0.002274944,0.002227192,0.989056973,0,0,0.004232211,0.00674012,0.995797093
1.19409274E+01,27.05463941,0.002227924,0.002257916,0.002220842,0.989074687,0,0,0.004248053,0.006706682,0.995781369
1.19413071E+01,27.16645123,0.002218055,0.002241208,0.002214602,0.989094559,0,0,0.004261098,0.006673865,0.995768424
1.19416852E+01,27.27642822,0.002208518,0.002224926,0.002208505,0.989110982,0,0,0.004276719,0.00664195,0.995752931
1.19420618E+01,27.38534144,0.002198992,0.002208725,0.002202508,0.989132031,0,0,0.004287523,0.006610225,0.995742257
1.19424369E+01,27.49288529,0.002189669,0.002193003,0.002196618,0.989147054,0,0,0.004303545,0.00657929,0.995726344
1.19428106E+01,27.59903581,0.002180554,0.002177614,0.002190857,0.989159643,0,0,0.004321368,0.006549025,0.995708668
1.19431828E+01,27.70322568,0.002171639,0.002162558,0.002185215,0.989173741,0,0,0.004336995,0.006519413,0.995693154
1.19435537E+01,27.80614224,0.002162747,0.00214765,0.002179671,0.98919102,0,0,0.004349188,0.006490067,0.995681087
1.19439231E+01,27.90626924,0.002154346,0.002133405,0.002174321,0.989198028,0,0,0.00437033,0.006462073,0.9956601
1.19442913E+01,28.00420899,0.002146174,0.002119413,0.002169128,0.989206194,0,0,0.004389659,0.006434715,0.99564091
1.19446582E+01,28.10055257,0.002138011,0.002105768,0.002164067,0.989214199,0,0,0.00440865,0.006407846,0.995622045
1.19450238E+01,28.19386007,0.002130297,0.002092523,0.002159175,0.98921754,0,0,0.004431323,0.006381994,0.995599534
1.19453882E+01,28.28454846,0.002122761,0.00207975,0.002154501,0.98922294,0,0,0.004451033,0.006357012,0.995579953
1.19457515E+01,28.37272704,0.002115314,0.002067154,0.002149905,0.989228958,0,0,0.004469825,0.006332373,0.995561331
1.19461136E+01,28.45829847,0.002108083,0.002054985,0.002145524,0.989232354,0,0,0.004490348,0.006308591,0.995540945
1.19464746E+01,28.54033655,0.002101259,0.002043327,0.002141352,0.989228177,0,0,0.004517353,0.006285938,0.995514115
1.19468347E+01,28.61922375,0.002094714,0.002032094,0.002137415,0.989223092,0,0,0.004544326,0.006264223,0.995487315
1.19471937E+01,28.69453623,0.00208842,0.002021275,0.00213367,0.989217727,0,0,0.004570707,0.006243365,0.995461092
1.19475518E+01,28.76601748,0.002082372,0.002010875,0.002130106,0.989211291,0,0,0.004597324,0.006223352,0.995434644
1.19479090E+01,28.83321829,0.002076765,0.002001041,0.002126834,0.989199596,0,0,0.004627921,0.006204639,0.995404236
1.19482654E+01,28.89657962,0.002071281,0.001991569,0.002123775,0.989190717,0,0,0.004655003,0.006186625,0.995377342
1.19486211E+01,28.95551876,0.002066126,0.00198239,0.002120974,0.989176866,0,0,0.004686174,0.00616949,0.995346356
1.19489760E+01,29.00996334,0.002061305,0.001973919,0.002118446,0.989160433,0,0,0.004718633,0.006153669,0.995314102
1.19493303E+01,29.05962663,0.002056827,0.001965958,0.002116191,0.989140076,0,0,0.004753897,0.006138976,0.995279053
1.19496839E+01,29.10415469,0.002052711,0.001958527,0.00211423,0.989117444,0,0,0.004790243,0.006125468,0.995242913
1.19500371E+01,29.14333309,0.002048973,0.001951636,0.002112572,0.989092236,0,0,0.004827962,0.006113181,0.995205417
1.19503898E+01,29.17767013,0.002045432,0.001945079,0.002111171,0.989068036,0,0,0.004863891,0.006101682,0.995169718
1.19507421E+01,29.20556955,0.002042578,0.001939431,0.002110165,0.989031751,0,0,0.004909909,0.006092173,0.995123925
1.19510940E+01,29.22755793,0.00204005,0.001934154,0.002109472,0.988998669,0,0,0.004951741,0.006083676,0.995082345
1.19514457E+01,29.24296739,0.002038097,0.001929708,0.002109174,0.988958853,0,0,0.004998513,0.006076979,0.995035832
1.19517973E+01,29.25161778,0.002036695,0.001925762,0.002109236,0.988916279,0,0,0.005046644,0.006071693,0.994987972
1.19521487E+01,29.25387895,0.002035771,0.001922443,0.002109679,0.988873197,0,0,0.005093786,0.006067893,0.99494109
1.19525002E+01,29.24917224,0.002035633,0.001919833,0.002110515,0.988823969,0,0,0.005145216,0.006065981,0.994889951
1.19528517E+01,29.2371422,0.002036524,0.001917941,0.002111776,0.98876985,0,0,0.005199373,0.00606624,0.99483609
1.19532034E+01,29.21770366,0.002038821,0.001916439,0.002113458,0.988711818,0,0,0.005255239,0.006068718,0.994780535
1.19535553E+01,29.19070473,0.002043336,0.001915985,0.00211557,0.988647231,0,0,0.005313988,0.006074891,0.994722121
1.19539076E+01,29.15495933,0.002051796,0.001916454,0.002118199,0.988570129,0,0,0.005379862,0.006086448,0.994656577
1.19542603E+01,29.11154066,0.002066352,0.001917615,0.002121289,0.988491122,0,0,0.005440408,0.006105256,0.994596379
1.19546136E+01,29.0604336,0.002091643,0.001919535,0.002124814,0.988398253,0,0,0.005502913,0.006135992,0.994534244
1.19549676E+01,29.00113734,0.002135254,0.001922346,0.002128816,0.98828032,0,0,0.005570781,0.006186416,0.994466736
1.19553222E+01,28.93367641,0.002207288,0.00192607,0.002133288,0.988129939,0,0,0.005641329,0.006266646,0.994396585
1.19556778E+01,28.85806518,0.002317063,0.001930566,0.002138146,0.987941081,0,0,0.005711478,0.006385776,0.994326856
1.19560343E+01,28.77357138,0.002465506,0.001936419,0.002143601,0.987704978,0,0,0.005788254,0.006545525,0.994250504
1.19563918E+01,28.68107268,0.002635689,0.001942902,0.00214946,0.987447977,0,0,0.005863153,0.006728051,0.994176028
1.19567506E+01,28.57886257,0.00280048,0.001950554,0.002155986,0.987183637,0,0,0.005948999,0.00690702,0.994090657
1.19571106E+01,28.46698352,0.002937208,0.001959066,0.002163244,0.986945012,0,0,0.006035603,0.007059518,0.994004531
1.19574721E+01,28.34552205,0.003040537,0.001968201,0.002171162,0.986734651,0,0,0.006126084,0.007179901,0.993914551
1.19578352E+01,28.21433054,0.003118395,0.001977933,0.002179756,0.986547374,0,0,0.006217693,0.007276084,0.993823458
1.19582000E+01,28.07482191,0.003181365,0.001988097,0.002188979,0.986374656,0,0,0.006308596,0.007358441,0.993733097
1.19585666E+01,27.92533682,0.00323977,0.001998712,0.002198858,0.986195579,0,0,0.00640933,0.00743734,0.993632919
1.19589353E+01,27.76713361,0.003297766,0.002010467,0.002209307,0.986017811,0,0,0.006507482,0.00751754,0.993535351
1.19593061E+01,27.60107645,0.003358274,0.002022997,0.002220214,0.985835159,0,0,0.006606805,0.007601485,0.993436645
1.19596791E+01,27.42705895,0.003423046,0.002036239,0.002231617,0.985648441,0,0,0.00670474,0.007690902,0.993339343
1.19600546E+01,27.24589634,0.003492624,0.002049737,0.002243564,0.985458458,0,0,0.006800367,0.007785926,0.993244384
1.19604326E+01,27.05601618,0.003570793,0.002064434,0.002256659,0.985242344,0,0,0.006911178,0.007891887,0.993134231
1.19608133E+01,26.85925671,0.003655764,0.002079403,0.002270597,0.985035468,0,0,0.00700488,0.008005763,0.993041231
1.19611968E+01,26.65634926,0.003750498,0.002096188,0.002285639,0.984809673,0,0,0.007104851,0.008132325,0.992941998
1.19615832E+01,26.44758551,0.003855997,0.002115702,0.002302333,0.984571831,0,0,0.007201739,0.008274032,0.992845863
1.19619728E+01,26.23608867,0.003969903,0.002139462,0.002321597,0.984336759,0,0,0.007280643,0.008430962,0.992767721
1.19623655E+01,26.02179613,0.004095365,0.002170104,0.002345975,0.984075964,0,0,0.00736176,0.008611444,0.992687407
1.19627615E+01,25.80700286,0.004230295,0.002209263,0.002379321,0.98380728,0,0,0.007423805,0.008818879,0.992626159
1.19631608E+01,25.59436328,0.004373207,0.002257956,0.002427335,0.983522673,0,0,0.007469606,0.009058499,0.992581172
1.19635635E+01,25.38739323,0.004519703,0.002315209,0.002497227,0.983240105,0,0,0.007479362,0.009332139,0.992572245
1.19639694E+01,25.19439709,0.004658117,0.002379064,0.002595776,0.9829947,0,0,0.007424761,0.009632956,0.992627656
1.19643785E+01,25.02707413,0.00476654,0.002442551,0.002725032,0.982868683,0,0,0.007250361,0.009934123,0.992802806
1.19647901E+01,24.9095952,0.004800544,0.00249043,0.002873746,0.98305447,0,0,0.006834614,0.01016472,0.99321919
1.19652036E+01,24.87612383,0.00470552,0.002503448,0.003007373,0.983794411,0,0,0.006043522,0.010216342,0.994010753
1.19656173E+01,24.96694129,0.004439759,0.002458947,0.003065571,0.985317257,0,0,0.004772892,0.009964278,0.995281535
1.19660289E+01,25.20157016,0.0040366,0.00235654,0.003000189,0.987448982,0,0,0.003211926,0.009393329,0.99684231
1.19666397E+01,25.4816291,0.003657162,0.002037621,0.002592799,0.990448013,0,0,0.001318211,0.008287583,0.998735595
1.19675558E+01,25.41193876,0.004950355,0.003272011,0.004324542,0.982390625,0,0,0.005116932,0.012546908,0.994937533
1.19689044E+01,25.55788019,0.005700295,0.00372337,0.005099498,0.981573175,0,0,0.003958355,0.014523163,0.996096337
1.19702438E+01,26.00323016,0.005260277,0.003545598,0.004881727,0.983308137,0,0,0.003058527,0.013687602,0.996995739
1.19715590E+01,26.45096251,0.00506188,0.00341246,0.004814172,0.983737601,0,0,0.003027807,0.013288512,0.997026112
1.19728519E+01,26.87569229,0.004981463,0.003360685,0.004763123,0.983886231,0,0,0.003062132,0.013105271,0.996991503
1.19741244E+01,27.29269425,0.004928763,0.003242182,0.00470605,0.984115011,0,0,0.003061318,0.012876994,0.996992005
1.19753775E+01,27.71285312,0.004876161,0.003186247,0.004647413,0.984303734,0,0,0.003039484,0.012709822,0.997013555
1.19766115E+01,28.13014365,0.004833696,0.003075799,0.004591316,0.984517731,0,0,0.003034189,0.01250081,0.997018541
1.19778273E+01,28.55294442,0.004781878,0.003000288,0.004534832,0.984724156,0,0,0.003011291,0.012316998,0.997041154
1.19790250E+01,28.97558948,0.004737834,0.002952737,0.004480804,0.984873627,0,0,0.003007149,0.012171375,0.997045002
1.19802052E+01,29.39726383,0.004698665,0.002870268,0.004428122,0.985049863,0,0,0.003004934,0.011997055,0.997046918
1.19813686E+01,29.82201676,0.004658353,0.002770679,0.004376012,0.985250509,0,0,0.002996032,0.011805043,0.997055552
1.19825153E+01,30.25198456,0.004612167,0.002721209,0.004323622,0.985413461,0,0,0.002980862,0.011656997,0.997070458
1.19836457E+01,30.68232529,0.004573983,0.002668022,0.00427329,0.985554553,0,0,0.002981201,0.011515294,0.997069848
1.19847603E+01,31.11497096,0.004536541,0.002611557,0.004223746,0.985702887,0,0,0.002976049,0.011371844,0.997074731
1.19858593E+01,31.54935247,0.004502238,0.002525024,0.004174852,0.985874234,0,0,0.002974175,0.011202115,0.997076349
1.19869432E+01,31.98692411,0.004464024,0.002482736,0.004126144,0.986011946,0,0,0.002965416,0.011072904,0.997084851
1.19880123E+01,32.42677663,0.004429522,0.002436121,0.004078903,0.986142695,0,0,0.002962777,0.010944546,0.997087241
1.19890669E+01,32.86898551,0.004398504,0.002404906,0.00403253,0.986250792,0,0,0.002963038,0.01083594,0.997086732
1.19901073E+01,33.31489125,0.004365749,0.002343893,0.003986227,0.986396979,0,0,0.002956692,0.010695868,0.997092847
1.19911338E+01,33.76719533,0.00432885,0.002272355,0.003940272,0.98655957,0,0,0.002948269,0.010541477,0.997101047
1.19921465E+01,34.22277012,0.004295899,0.002225804,0.003895516,0.986687565,0,0,0.002944352,0.01041722,0.997104784
1.19931457E+01,34.67485151,0.004273071,0.002183147,0.003852091,0.986787643,0,0,0.002952939,0.010308308,0.997095951
1.19941319E+01,35.13653895,0.004241338,0.002145992,0.003808105,0.986911404,0,0,0.002941878,0.010195435,0.997106839
1.19951051E+01,35.60097811,0.004211758,0.002065071,0.003764778,0.987066234,0,0,0.002940675,0.010041607,0.997107841
1.19960657E+01,36.06591377,0.004186615,0.002022239,0.003722737,0.987175518,0,0,0.002941224,0.009931591,0.997107109
1.19970138E+01,36.53488629,0.004160887,0.001983116,0.003681045,0.987284066,0,0,0.002939039,0.009825048,0.997109114
1.19979498E+01,37.00717297,0.004136753,0.001947848,0.003640078,0.987383382,0,0,0.0029399,0.009724679,0.997108061
1.19988738E+01,37.48437897,0.004112968,0.001932601,0.003598975,0.987467111,0,0,0.002936151,0.009644544,0.997111655
1.19997861E+01,37.96486676,0.004087819,0.001858219,0.003558496,0.987609395,0,0,0.002933707,0.009504535,0.99711393
1.20006868E+01,38.44819003,0.004066325,0.00182339,0.003519196,0.987701636,0,0,0.002936939,0.009408912,0.997110548
1.20015762E+01,38.93562137,0.004042194,0.001785781,0.003480188,0.987808905,0,0,0.002930247,0.009308163,0.997117068
1.20024545E+01,39.42962984,0.004017988,0.001740678,0.00344161,0.987919508,0,0,0.002927406,0.009200276,0.997119784
1.20033218E+01,39.92233549,0.004004133,0.001743678,0.003403779,0.987956719,0,0,0.00293874,0.00915159,0.997108309
1.20041783E+01,40.41790511,0.003985381,0.001667551,0.003365921,0.988095798,0,0,0.002932261,0.009018853,0.997114651
1.20050244E+01,40.92181145,0.003960523,0.00164557,0.003328755,0.988186636,0,0,0.002925293,0.008934848,0.997121484
1.20058600E+01,41.431859,0.003940267,0.001602945,0.00329231,0.988281894,0,0,0.002929235,0.008835522,0.997117417
1.20066854E+01,41.93886569,0.003924831,0.001587897,0.003256672,0.988348383,0,0,0.002928739,0.0087694,0.997117784
1.20075007E+01,42.4561716,0.003903705,0.001562387,0.003220825,0.988436268,0,0,0.002923243,0.008686917,0.997123185
1.20083062E+01,42.96961772,0.003896662,0.001539877,0.003185526,0.988484698,0,0,0.002939542,0.008622064,0.997106762
1.20091020E+01,43.48928825,0.003877834,0.00147881,0.003150409,0.988612567,0,0,0.002926584,0.008507054,0.997119621
1.20098883E+01,44.01802574,0.0038571,0.001452692,0.003116007,0.988697357,0,0,0.002922954,0.0084258,0.997123157
1.20106651E+01,44.54976628,0.003841809,0.00142663,0.003082538,0.988765288,0,0,0.002929732,0.008350977,0.997116265
1.20114327E+01,45.08515738,0.003824647,0.001402235,0.003049357,0.988847951,0,0,0.002921738,0.008276239,0.997124191
1.20121912E+01,45.6178392,0.003816646,0.001395609,0.003016853,0.988885649,0,0,0.002931064,0.008229108,0.997114756
1.20129408E+01,46.15612916,0.003808134,0.001333624,0.002983856,0.988983197,0,0,0.002936918,0.008125614,0.997108812
1.20136817E+01,46.70565747,0.003785189,0.001316425,0.002951077,0.989074134,0,0,0.002918835,0.008052692,0.997126825
1.20144138E+01,47.25150111,0.003778849,0.001329053,0.002919783,0.9890858,0,0,0.002932092,0.008027685,0.997113486
1.20151375E+01,47.81202523,0.003759098,0.001276705,0.002888111,0.989197092,0,0,0.002924506,0.007923915,0.997121006
1.20158527E+01,48.36166451,0.003749044,0.001254063,0.002858099,0.989267838,0,0,0.002916391,0.007861206,0.997129045
1.20165598E+01,48.93135699,0.003737794,0.001236879,0.002827868,0.989306638,0,0,0.002936193,0.007802541,0.997109179
1.20172586E+01,49.49461496,0.003730176,0.0011936,0.002796653,0.989397922,0,0,0.002926978,0.007720429,0.997118351
1.20179495E+01,50.06028295,0.003720714,0.001170076,0.002766876,0.989461287,0,0,0.002926311,0.007657666,0.997118954
1.20186326E+01,50.64105212,0.003709704,0.001150772,0.002737422,0.989510626,0,0,0.002936684,0.007597897,0.997108524
1.20193079E+01,51.21549564,0.003701818,0.001134443,0.002708316,0.989571169,0,0,0.0029294,0.007544577,0.997115747
1.20199756E+01,51.80455888,0.003685032,0.001114052,0.002679687,0.989641638,0,0,0.002924683,0.007478771,0.997120409
1.20206357E+01,52.3882607,0.003680501,0.001108601,0.00265244,0.989669083,0,0,0.002934394,0.007441541,0.997110624
1.20212884E+01,52.98738536,0.003668781,0.001092254,0.002624387,0.98972451,0,0,0.002935054,0.007385421,0.997109931
1.20219338E+01,53.56848204,0.00366725,0.001078464,0.002597021,0.989776409,0,0,0.0029258,0.007342735,0.997119144
1.20225721E+01,54.1710034,0.003656968,0.001066677,0.002569197,0.989820202,0,0,0.002931877,0.007292842,0.997113044
1.20232034E+01,54.77658588,0.003647271,0.001022542,0.002542393,0.989898064,0,0,0.002934587,0.007212205,0.997110269
1.20238277E+01,55.38767306,0.003637231,0.00101624,0.002516255,0.989944628,0,0,0.00293047,0.007169726,0.997114354
1.20244450E+01,55.99904105,0.003633687,0.000988773,0.002490144,0.989993737,0,0,0.002938433,0.007112604,0.997106341
1.20250557E+01,56.61330642,0.003622778,0.000975057,0.002464074,0.990061225,0,0,0.002921638,0.00706191,0.997123134
1.20256597E+01,57.23628796,0.003617513,0.00097293,0.00243904,0.990082572,0,0,0.002932699,0.007029483,0.997112055
1.20262572E+01,57.85808031,0.00361713,0.000961276,0.002413918,0.990111431,0,0,0.002940961,0.006992324,0.997103755
1.20268482E+01,58.48859379,0.003609911,0.000914331,0.002387742,0.990197969,0,0,0.002934739,0.006911985,0.997109954
1.20274329E+01,59.11726859,0.003604815,0.000908207,0.002363328,0.990234739,0,0,0.002933567,0.00687635,0.997111089
1.20280113E+01,59.75729909,0.003600037,0.000922474,0.002339272,0.990244236,0,0,0.002938631,0.006861782,0.997106018
1.20285835E+01,60.40771246,0.003586489,0.000885555,0.002315019,0.990327903,0,0,0.002929683,0.006787063,0.997114966
1.20291496E+01,61.05192753,0.003587199,0.000869327,0.002292577,0.990354702,0,0,0.002940808,0.006749103,0.997103805
1.20297097E+01,61.70644262,0.00357974,0.000859196,0.002268582,0.990402506,0,0,0.002934574,0.006707518,0.997110024
1.20302639E+01,62.36261531,0.003576629,0.000846512,0.002245969,0.990438966,0,0,0.002936535,0.006669109,0.997108075
1.20308123E+01,63.01820665,0.003578041,0.000837548,0.002223374,0.990459899,0,0,0.002945724,0.006638963,0.997098862
1.20313549E+01,63.68354195,0.003572664,0.000809004,0.002199287,0.990525793,0,0,0.00293783,0.006580955,0.997106748
1.20318919E+01,64.35698203,0.003565108,0.00080284,0.002177161,0.990560494,0,0,0.002938985,0.006545109,0.997105603
1.20324232E+01,65.02140805,0.003570331,0.000784394,0.002155368,0.990587679,0,0,0.002946799,0.006510093,0.997097772
1.20329491E+01,65.70605003,0.003559966,0.000772462,0.002133331,0.990639406,0,0,0.002939398,0.00646576,0.997105167
1.20334696E+01,66.39432806,0.003552589,0.000760874,0.002112181,0.990681223,0,0,0.002937705,0.006425644,0.997106866
1.20339846E+01,67.07668018,0.003553798,0.000750656,0.002091856,0.990705545,0,0,0.002942723,0.00639631,0.997101855
1.20344944E+01,67.77263167,0.00354923,0.000751192,0.00207123,0.990730024,0,0,0.002942902,0.006371652,0.997101676
1.20349990E+01,68.46962826,0.003547236,0.000742768,0.002050642,0.990762388,0,0,0.002941563,0.006340646,0.997103034
1.20354984E+01,69.16411114,0.003552349,0.000736993,0.002029855,0.990775029,0,0,0.002950352,0.006319196,0.997094225
1.20359929E+01,69.87290184,0.003546478,0.000709343,0.002008518,0.990836032,0,0,0.00294422,0.00626434,0.997100372
1.20364823E+01,70.58012123,0.00354423,0.000694905,0.001989118,0.990870211,0,0,0.002946141,0.006228253,0.997098464
1.20369668E+01,71.29382077,0.003545576,0.000681196,0.001969306,0.990898879,0,0,0.002949668,0.006196078,0.997094957
1.20374464E+01,72.02238686,0.003534242,0.000676967,0.001949882,0.990942983,0,0,0.002940561,0.006161091,0.997104074
1.20379212E+01,72.73996873,0.003540366,0.000662465,0.001931095,0.990958874,0,0,0.002951824,0.006133927,0.997092801
1.20383914E+01,73.47424803,0.003532803,0.000660346,0.00191274,0.990994727,0,0,0.002944044,0.00610589,0.997100617
1.20388568E+01,74.21237151,0.003530805,0.000654662,0.001894033,0.991018062,0,0,0.002947116,0.006079499,0.997097561
1.20393176E+01,74.94961218,0.003534318,0.000658522,0.001875846,0.991025284,0,0,0.002950742,0.006068686,0.99709397
1.20397738E+01,75.68532149,0.003540425,0.000627346,0.001856201,0.991064557,0,0,0.002956184,0.006023972,0.997088529
1.20402256E+01,76.43847606,0.003531557,0.000623231,0.00183809,0.991104751,0,0,0.002947109,0.005992878,0.997097629
1.20406730E+01,77.19729449,0.003530525,0.000627279,0.001821098,0.991114895,0,0,0.002950987,0.005978902,0.997093797
1.20411160E+01,77.94802217,0.003534228,0.000604653,0.001802825,0.991148638,0,0,0.002954439,0.005941707,0.997090344
1.20415547E+01,78.71611291,0.003527259,0.000600956,0.001786462,0.991181747,0,0,0.002948381,0.005914677,0.997096424
1.20419891E+01,79.48677742,0.003526862,0.000587903,0.001768851,0.991209006,0,0,0.002952223,0.005883616,0.997092621
1.20424193E+01,80.2508147,0.003532804,0.000588359,0.001752919,0.991213451,0,0,0.002957319,0.005874082,0.997087533
1.20428455E+01,81.03242949,0.003527836,0.000583468,0.001735738,0.991245812,0,0,0.002952035,0.005847042,0.997092855
1.20432675E+01,81.81625942,0.00353132,0.000579484,0.001718828,0.991258138,0,0,0.002957153,0.005829631,0.997087769
1.20436855E+01,82.60708742,0.003531095,0.00057557,0.001701946,0.99128002,0,0,0.00295635,0.005808611,0.997088631
1.20440994E+01,83.40565744,0.00352687,0.000549444,0.001685177,0.991330018,0,0,0.002953493,0.005761491,0.997091509
1.20445094E+01,84.19428439,0.003534797,0.000543589,0.001669423,0.991335635,0,0,0.002961569,0.005747808,0.997083444
1.20449156E+01,84.97788152,0.003546246,0.000539332,0.001653958,0.99133879,0,0,0.002966696,0.005739537,0.997078326
1.20453180E+01,85.71680207,0.003568323,0.000535215,0.001639899,0.991321388,0,0,0.002980113,0.005743437,0.997064825
1.20457170E+01,86.4661735,0.003574766,0.000528579,0.00162618,0.991339202,0,0,0.00297611,0.005729524,0.997068726
1.20461125E+01,87.24694122,0.003560047,0.000522806,0.00161177,0.991384931,0,0,0.002965277,0.005694622,0.997079553
1.20465045E+01,88.06878199,0.003539092,0.000515828,0.001597045,0.991439119,0,0,0.002953788,0.005651964,0.997091083
1.20468928E+01,88.89627025,0.003534524,0.000510854,0.001582542,0.991457666,0,0,0.00295934,0.00562792,0.997085586
1.20472775E+01,89.71259931,0.003541968,0.000514915,0.001568256,0.991455792,0,0,0.002964018,0.005625139,0.997080931
1.20476586E+01,90.54811839,0.003541669,0.000512013,0.001553073,0.991474063,0,0,0.002964171,0.005606755,0.997080818
1.20480363E+01,91.3888011,0.003541095,0.000485602,0.001537306,0.991519235,0,0,0.002961812,0.005564003,0.997083239
1.20484105E+01,92.24591435,0.003536222,0.000484331,0.001523049,0.991539837,0,0,0.002961645,0.005543602,0.997083439
1.20487812E+01,93.09725803,0.003540158,0.000495375,0.001510397,0.991535509,0,0,0.002963697,0.005545931,0.99708144
1.20491485E+01,93.96235001,0.003539198,0.000470989,0.001495075,0.991575478,0,0,0.002964443,0.005505262,0.997080739
1.20495125E+01,94.81653493,0.003542925,0.000469169,0.001482593,0.991585361,0,0,0.002965175,0.005494687,0.997080047
1.20498732E+01,95.68451282,0.003545235,0.000460814,0.001468305,0.991602268,0,0,0.002968648,0.005474354,0.997076622
1.20502305E+01,96.56054315,0.00354241,0.000460779,0.001455717,0.991622238,0,0,0.00296417,0.005458906,0.997081144
1.20505847E+01,97.44246909,0.003543732,0.000458414,0.001442275,0.991632956,0,0,0.002967986,0.005444422,0.997077378
1.20509356E+01,98.3268463,0.003547424,0.000460546,0.001429751,0.991639202,0,0,0.002968507,0.005437721,0.997076923
1.20512834E+01,99.22092238,0.003547576,0.000450877,0.001416592,0.991661333,0,0,0.0029691,0.005415044,0.997076377
1.20516281E+01,100.0911364,0.003563803,0.000438036,0.001402496,0.991662543,0,0,0.002978632,0.005404335,0.997066878
1.20519697E+01,101.0005829,0.003552251,0.000436363,0.001389673,0.991701366,0,0,0.002965908,0.005378287,0.997079654
1.20523083E+01,101.9025777,0.003560846,0.000442498,0.001377914,0.991686347,0,0,0.002978029,0.005381258,0.997067605
1.20526439E+01,102.8204026,0.003554999,0.000425505,0.001364606,0.991732306,0,0,0.002968277,0.005345109,0.997077416
1.20529765E+01,103.7509806,0.003551177,0.000423446,0.001353508,0.991747157,0,0,0.002970438,0.005328131,0.997075287
1.20533061E+01,104.6507295,0.003566135,0.00041665,0.001341124,0.991743474,0,0,0.002978378,0.005323908,0.997067382
1.20536329E+01,105.5791594,0.003562803,0.00041712,0.001329819,0.99176194,0,0,0.002974132,0.005309742,0.997071682
1.20539568E+01,106.5103569,0.003562953,0.000408609,0.001317885,0.991782453,0,0,0.002973968,0.005289447,0.9970719
1.20542779E+01,107.4491366,0.003565659,0.000410973,0.001306932,0.991786536,0,0,0.002975833,0.005283565,0.997070101
1.20545961E+01,108.3942538,0.003567249,0.000408876,0.001295251,0.991797768,0,0,0.00297687,0.005271376,0.997069144
1.20549116E+01,109.3297085,0.003580319,0.000397565,0.001282105,0.991801995,0,0,0.002984073,0.005259989,0.997061984
1.20552244E+01,110.2692676,0.003583766,0.000411805,0.001271142,0.991798879,0,0,0.002980496,0.005266714,0.997065593
1.20555345E+01,111.240963,0.003574825,0.000399913,0.0012612,0.991832999,0,0,0.002977219,0.005235937,0.997068937
1.20558420E+01,112.2040079,0.003578191,0.000387268,0.001248773,0.991853046,0,0,0.002978931,0.005214231,0.997067277
1.20561467E+01,113.1883294,0.003573337,0.000379044,0.001238178,0.991879089,0,0,0.002976637,0.005190559,0.997069647
1.20564489E+01,114.1573057,0.00358409,0.000390657,0.001228493,0.991860068,0,0,0.002983031,0.00520324,0.997063308
1.20567484E+01,115.1432438,0.003582798,0.000371902,0.001216443,0.991896201,0,0,0.002979052,0.005171143,0.997067344
1.20570454E+01,116.1227414,0.003585946,0.000376425,0.001207501,0.991894487,0,0,0.002982068,0.005169873,0.997064359
1.20573399E+01,117.1139287,0.003587523,0.000365547,0.001196154,0.991915832,0,0,0.002981438,0.005149224,0.997065056
1.20576319E+01,118.1091516,0.003589537,0.000371566,0.001187217,0.991916608,0,0,0.002981635,0.00514832,0.997064928
1.20579215E+01,119.119771,0.003587313,0.000365434,0.001176351,0.991937006,0,0,0.002980516,0.005129098,0.997066104
1.20582085E+01,120.1100755,0.00360406,0.00037335,0.001165576,0.991913488,0,0,0.002990216,0.005142986,0.997056474
1.20584933E+01,121.128001,0.003601142,0.00035137,0.001155004,0.991956443,0,0,0.002982804,0.005107516,0.997063959
1.20587756E+01,122.1559344,0.003598835,0.000362222,0.001146656,0.991955156,0,0,0.002983951,0.005107713,0.997062869
1.20590555E+01,123.1721806,0.003601108,0.000356105,0.001137477,0.991968969,0,0,0.002983195,0.00509469,0.997063659
1.20593332E+01,124.2079346,0.003598759,0.000346593,0.001127245,0.991993003,0,0,0.002981338,0.005072597,0.9970656
1.20596085E+01,125.2367907,0.003607788,0.000340616,0.001117162,0.99199317,0,0,0.002988268,0.005065566,0.997058735
1.20598816E+01,126.2882398,0.003604214,0.00034269,0.001107555,0.992009899,0,0,0.002982723,0.005054459,0.997064358
1.20601524E+01,127.304472,0.003619701,0.000335567,0.00109866,0.992002347,0,0,0.00299084,0.005053929,0.997056276
1.20604210E+01,128.3579345,0.003616142,0.000333439,0.001089314,0.992021775,0,0,0.002986498,0.005038895,0.99706067
1.20606874E+01,129.4205228,0.003612594,0.000330499,0.001080438,0.992039726,0,0,0.002983989,0.005023532,0.997063258
1.20609517E+01,130.4955584,0.00360961,0.000333336,0.001071748,0.992050485,0,0,0.002982121,0.005014693,0.997065178
1.20612137E+01,131.5663541,0.003614258,0.000330817,0.001063426,0.992052526,0,0,0.002986353,0.005008501,0.997061027
1.20614736E+01,132.6404785,0.003618227,0.000329862,0.001055142,0.992058001,0,0,0.002986212,0.005003232,0.997061233
1.20617315E+01,133.6977905,0.003634596,0.0003368,0.001045592,0.992036537,0,0,0.002994,0.005016988,0.997053525
1.20619872E+01,134.769895,0.003634106,0.00032784,0.001038202,0.992058093,0,0,0.002989324,0.005000147,0.99705824
1.20622410E+01,135.861805,0.003630188,0.000317422,0.001028229,0.992085318,0,0,0.002986465,0.004975839,0.997061157
1.20624927E+01,136.9706163,0.003624752,0.000317289,0.001020135,0.992101522,0,0,0.002984009,0.004962175,0.997063697
1.20627424E+01,138.054291,0.00364168,0.00031481,0.001011619,0.992085367,0,0,0.002994312,0.004968109,0.997053476
1.20629901E+01,139.1824798,0.003629004,0.000312604,0.001003425,0.992120188,0,0,0.002982638,0.004945033,0.997065221
1.20632358E+01,140.2861672,0.003640038,0.000316611,0.000996964,0.99210329,0,0,0.002991031,0.004953612,0.997056902
1.20634796E+01,141.3840116,0.003647556,0.000303862,0.000987678,0.992117436,0,0,0.002991438,0.004939096,0.997056532
1.20637214E+01,142.5175868,0.003640209,0.000306567,0.000981339,0.992133688,0,0,0.002986241,0.004928115,0.997061803
1.20639614E+01,143.6486471,0.003641323,0.00030358,0.000972208,0.992143699,0,0,0.002987301,0.004917111,0.99706081
1.20641995E+01,144.7790025,0.00364595,0.00030432,0.000966008,0.992143153,0,0,0.002988766,0.004916277,0.99705943
1.20644357E+01,145.9233865,0.003645519,0.000298699,0.000958091,0.992158697,0,0,0.002987254,0.004902309,0.997061006
1.20646700E+01,147.0501697,0.003659357,0.000305553,0.000950444,0.992138746,0,0,0.002994251,0.004915353,0.9970541
1.20649026E+01,148.1921401,0.003658214,0.000293274,0.000941905,0.992165481,0,0,0.002989515,0.004893393,0.997058874
1.20651333E+01,149.3328178,0.003666016,0.000292375,0.000934473,0.992162166,0,0,0.002993439,0.004892864,0.99705503
1.20653623E+01,150.5077488,0.003656545,0.000295396,0.000928809,0.992181467,0,0,0.002986324,0.00488075,0.997062217
1.20655896E+01,151.6785436,0.003657979,0.00029313,0.000921756,0.992187948,0,0,0.002987821,0.004872865,0.997060813
1.20658150E+01,152.8635531,0.003656979,0.000290036,0.000914418,0.99220054,0,0,0.002986727,0.004861433,0.997061973
1.20660387E+01,154.0163263,0.003668557,0.000284758,0.000907016,0.99219667,0,0,0.002991753,0.004860332,0.997057002
1.20662608E+01,155.1937403,0.003668434,0.000282177,0.000900183,0.992209066,0,0,0.002988959,0.004850794,0.997059859
1.20664811E+01,156.3912101,0.00366637,0.000281139,0.00089279,0.992220643,0,0,0.002987977,0.0048403,0.997060943
1.20666998E+01,157.5836879,0.003670485,0.000280291,0.000885916,0.992222806,0,0,0.002989492,0.004836691,0.997059497
1.20669168E+01,158.7855911,0.003671501,0.000279066,0.00087949,0.992230699,0,0,0.002988304,0.004830056,0.997060755
1.20671322E+01,159.9872782,0.003676141,0.000279418,0.00087376,0.992230112,0,0,0.002989712,0.004829319,0.997059431
1.20673459E+01,161.1986127,0.003677865,0.000275159,0.000865947,0.992241324,0,0,0.002988934,0.004818971,0.997060296
1.20675581E+01,162.3906911,0.003686716,0.000273859,0.000859796,0.992236808,0,0,0.002992117,0.00482037,0.997057179
1.20677687E+01,163.6102281,0.003684249,0.000272375,0.000853508,0.992250845,0,0,0.002988385,0.004810132,0.997060977
1.20679777E+01,164.8368019,0.00368431,0.000271437,0.000847642,0.992257367,0,0,0.00298869,0.004803389,0.997060755
1.20681851E+01,166.0630155,0.003692589,0.000274227,0.000841972,0.992248427,0,0,0.002992323,0.004808788,0.997057215
1.20683911E+01,167.3125892,0.003687011,0.000269545,0.000835402,0.992271489,0,0,0.002986174,0.004791958,0.997063447
1.20685955E+01,168.5471409,0.003696703,0.000265559,0.000827989,0.992267386,0,0,0.002992066,0.00479025,0.997057636
1.20687984E+01,169.7766344,0.003703193,0.00026925,0.000823691,0.992261848,0,0,0.002991778,0.004796134,0.997057982
1.20689998E+01,171.0369644,0.003696303,0.000264305,0.000817109,0.992285285,0,0,0.002986825,0.004777717,0.997063003
1.20691997E+01,172.2931852,0.003703623,0.000266709,0.000811782,0.992276205,0,0,0.002991618,0.004782114,0.997058319
1.20693982E+01,173.5699107,0.003698227,0.000261373,0.000805307,0.992299174,0,0,0.002985924,0.004764906,0.99706408
1.20695952E+01,174.8298118,0.003709492,0.000263309,0.000800214,0.992284178,0,0,0.002992905,0.004773016,0.997057194
1.20697909E+01,176.1220695,0.003701716,0.000257866,0.000793447,0.992312499,0,0,0.002984656,0.004753028,0.997065528
1.20699850E+01,177.4157657,0.003703699,0.000257063,0.000788113,0.992313864,0,0,0.002987531,0.004748875,0.997062738
1.20701778E+01,178.6977935,0.003712346,0.000257414,0.00078309,0.992307026,0,0,0.002990472,0.004752851,0.997059877
1.20703691E+01,179.9857989,0.003717755,0.000253073,0.000775882,0.992313578,0,0,0.002990144,0.00474671,0.997060288
1.20705591E+01,181.3027953,0.003712928,0.000254334,0.000771821,0.992324485,0,0,0.002986951,0.004739084,0.997063569
1.20707478E+01,182.5956554,0.003725466,0.000250609,0.0007649,0.992316578,0,0,0.00299307,0.004740975,0.997057553
1.20709351E+01,183.9258154,0.00371516,0.000250099,0.000760335,0.992341475,0,0,0.002983638,0.004725595,0.99706707
1.20711210E+01,185.2444904,0.003719656,0.000249346,0.000755483,0.992338555,0,0,0.002987758,0.004724486,0.997063041
1.20713056E+01,186.5374046,0.003732412,0.000249764,0.000750911,0.992326233,0,0,0.002991538,0.004733087,0.997059319
1.20714889E+01,187.8751888,0.003726233,0.000246919,0.000745026,0.992346324,0,0,0.002986452,0.004718179,0.997064503
1.20716709E+01,189.2080501,0.003728602,0.000245896,0.000740099,0.992348666,0,0,0.002987766,0.004714597,0.997063263
1.20718517E+01,190.5357922,0.003736006,0.000243518,0.000733968,0.992348077,0,0,0.002989563,0.004713492,0.997061569
1.20720312E+01,191.8975677,0.00373205,0.000244313,0.000730228,0.992357841,0,0,0.002986774,0.004706591,0.997064432
1.20722094E+01,193.2553475,0.003732126,0.000241546,0.000724532,0.992368121,0,0,0.002984981,0.004698204,0.997066324
1.20723863E+01,194.6050339,0.003740054,0.000240104,0.000719233,0.99236287,0,0,0.002989138,0.004699391,0.997062262
1.20725621E+01,195.9538677,0.003748853,0.000243555,0.000715728,0.992352482,0,0,0.002990872,0.004708136,0.997060618
1.20727366E+01,197.3388895,0.003743927,0.000241937,0.000710743,0.992369408,0,0,0.002985576,0.004696607,0.997066015
1.20729099E+01,198.7246771,0.003743727,0.000239222,0.000706048,0.992376075,0,0,0.002986623,0.004688998,0.997065072
1.20730820E+01,200.1101281,0.003744581,0.000236251,0.000700691,0.992384553,0,0,0.002985693,0.004681522,0.997066075
1.20732528E+01,201.4707532,0.003759664,0.00023982,0.00069678,0.992364568,0,0,0.002991041,0.004696263,0.997060831
1.20734226E+01,202.867959,0.003756601,0.000237787,0.000692148,0.992378678,0,0,0.002986737,0.004686536,0.997065214
1.20735912E+01,204.2931806,0.003748662,0.000234254,0.000687423,0.992399058,0,0,0.002982661,0.004670338,0.997069396
1.20737585E+01,205.6676378,0.003763494,0.00023193,0.0006823,0.992382701,0,0,0.002991699,0.004677724,0.997060425
1.20739248E+01,206.8962123,0.003803885,0.000233023,0.000679661,0.992333169,0,0,0.003002331,0.004716569,0.997049738
1.20740901E+01,208.107384,0.003828826,0.000238783,0.000675925,0.992302719,0,0,0.003005773,0.004743534,0.997046253
1.20742545E+01,209.5587214,0.003833957,0.000236413,0.000672337,0.992226912,0,0,0.003082349,0.004742707,0.996969619
1.20744177E+01,210.5720911,0.003794909,0.000233063,0.000668224,0.992475982,0,0,0.002879843,0.004696197,0.997172179
1.20745801E+01,211.8789148,0.003793694,0.000229727,0.000664654,0.992388087,0,0,0.002975875,0.004688075,0.997076162
1.20747415E+01,213.2539381,0.003786374,0.00022474,0.000659241,0.992408285,0,0,0.00297351,0.004670354,0.997078639
1.20749018E+01,214.680234,0.003773317,0.000225617,0.000654632,0.992430523,0,0,0.002968171,0.004653566,0.99708409
1.20750611E+01,216.1091225,0.003769206,0.000224625,0.000650973,0.992439826,0,0,0.002967727,0.004644804,0.99708463
1.20752193E+01,217.5354898,0.003772949,0.000223962,0.000647245,0.992438517,0,0,0.002969771,0.004644156,0.997082674
1.20753765E+01,218.9593272,0.003778175,0.000223443,0.000643695,0.992436348,0,0,0.002970897,0.004645313,0.997081661
1.20755327E+01,220.3811982,0.003787316,0.000224757,0.000640515,0.992426318,0,0,0.002973768,0.004652588,0.997078905
1.20756879E+01,221.811567,0.003787023,0.000221682,0.000635662,0.99243763,0,0,0.002970763,0.004644367,0.997081998
1.20758421E+01,223.2505461,0.003789725,0.000221408,0.000632467,0.992437778,0,0,0.002971486,0.0046436,0.997081378
1.20759952E+01,224.6661432,0.003807229,0.000217628,0.000627827,0.992421634,0,0,0.002978654,0.004652685,0.997074319
1.20761475E+01,226.1417247,0.003799359,0.000223401,0.000624885,0.992434485,0,0,0.002970938,0.004647645,0.99708213
1.20762987E+01,227.6160435,0.003795454,0.000219446,0.000621347,0.992447736,0,0,0.002969193,0.004636247,0.997083983
1.20764489E+01,229.083843,0.003802759,0.000217183,0.000616401,0.99244402,0,0,0.002972916,0.004636343,0.997080363
1.20765982E+01,230.5312579,0.003816354,0.000221536,0.000614036,0.99242485,0,0,0.002976605,0.004651927,0.997076776
1.20767465E+01,232.0464454,0.003801664,0.000216704,0.000610251,0.992458185,0,0,0.002966669,0.004628619,0.997086804
1.20768939E+01,233.4877661,0.003825414,0.000212974,0.000606041,0.992429787,0,0,0.002979372,0.004644429,0.997074216
1.20770404E+01,235.0255513,0.003805319,0.000214359,0.000602588,0.992466592,0,0,0.002964838,0.004622266,0.997088858
1.20771859E+01,236.5177343,0.003814116,0.000214112,0.000599753,0.992454307,0,0,0.002971517,0.004627981,0.997082288
1.20773305E+01,238.0002482,0.003825692,0.00021489,0.00059692,0.992442146,0,0,0.002974271,0.004637502,0.997079648
1.20774741E+01,239.5101099,0.00382483,0.000211877,0.000591988,0.992454365,0,0,0.002970954,0.004628694,0.997083059
1.20776169E+01,240.999993,0.00383805,0.000209279,0.00058884,0.992441585,0,0,0.00297637,0.004636169,0.997077754
1.20777588E+01,242.5507992,0.003823204,0.000210788,0.000585874,0.992468402,0,0,0.002965947,0.004619866,0.997088268
1.20778998E+01,244.0674704,0.003831277,0.000210538,0.000583142,0.992458055,0,0,0.002971319,0.004624957,0.997083012
1.20780399E+01,245.5693835,0.003845315,0.000212242,0.000580401,0.992441104,0,0,0.002975389,0.004637959,0.997079062
1.20781792E+01,247.1251637,0.003835224,0.000208452,0.000575917,0.992467531,0,0,0.002967419,0.004619592,0.997087123
1.20783175E+01,248.6288321,0.003847497,0.000207891,0.000572902,0.992453135,0,0,0.00297321,0.004628291,0.997081426
1.20784551E+01,250.1838722,0.003848146,0.000207018,0.000569272,0.992458862,0,0,0.002971462,0.004624437,0.997083299
1.20785918E+01,251.741688,0.003846989,0.000207501,0.000567449,0.992463687,0,0,0.002969249,0.004621938,0.997085626
1.20787276E+01,253.226382,0.003872725,0.000204103,0.000563666,0.992435042,0,0,0.002979429,0.004640494,0.997075536
1.20788627E+01,254.8315994,0.003848868,0.000205055,0.000560385,0.992476936,0,0,0.00296381,0.004614308,0.997091244
1.20789969E+01,256.385565,0.003858129,0.000204424,0.000557434,0.99246415,0,0,0.002971043,0.004619986,0.997084136
1.20791302E+01,257.9160388,0.003876215,0.000202006,0.000554587,0.99244607,0,0,0.002976402,0.004632809,0.997078878
1.20792628E+01,259.5440636,0.003855155,0.000203058,0.000551497,0.992482415,0,0,0.002963264,0.004609709,0.997092124
1.20793946E+01,261.1150655,0.003866001,0.000202483,0.000548668,0.992467863,0,0,0.00297048,0.004617153,0.997085016
1.20795255E+01,262.6625402,0.003883033,0.000200087,0.000545848,0.992451694,0,0,0.002974952,0.004628968,0.997080662
1.20796557E+01,264.2828612,0.003868428,0.000201492,0.000543294,0.992477831,0,0,0.00296467,0.004613214,0.997091045
1.20797851E+01,265.8748146,0.003874032,0.000200921,0.000540666,0.992471538,0,0,0.002968663,0.004615619,0.997087157
1.20799138E+01,267.4695765,0.00387875,0.000200267,0.000537796,0.992470342,0,0,0.002968764,0.004616813,0.997087155
1.20800416E+01,269.0842572,0.003880067,0.000196667,0.000534736,0.992476616,0,0,0.002967948,0.00461147,0.997088086
1.20801687E+01,270.6677919,0.003894068,0.000196035,0.00053183,0.992461627,0,0,0.002972596,0.004621933,0.99708356
1.20802950E+01,272.2973595,0.003886765,0.000198798,0.000529949,0.992474894,0,0,0.002965839,0.004615512,0.997090406
1.20804206E+01,273.9184276,0.003891021,0.000198501,0.000527573,0.992471143,0,0,0.00296812,0.004617096,0.997088239
1.20805455E+01,275.5287424,0.003899956,0.000198842,0.000525261,0.992462255,0,0,0.002970152,0.004624059,0.997086314
1.20806696E+01,277.1489388,0.003905085,0.000199051,0.000522647,0.992459885,0,0,0.002969898,0.004626783,0.997086668
1.20807930E+01,278.7381415,0.003918854,0.00019432,0.000519042,0.992450949,0,0,0.002973515,0.004632217,0.997083165
1.20809156E+01,280.4089621,0.003902221,0.000192584,0.000516167,0.992482579,0,0,0.002963214,0.004610973,0.997093552
1.20810376E+01,282.0386583,0.003912183,0.000196889,0.000515168,0.992463443,0,0,0.002969208,0.00462424,0.997087684
1.20811588E+01,283.6811965,0.003917649,0.000197228,0.000512529,0.992460581,0,0,0.002969017,0.004627406,0.997087987
1.20812794E+01,285.3230383,0.003924428,0.000191951,0.00050896,0.99246174,0,0,0.002970037,0.004625339,0.997087079
1.20813992E+01,287.0283669,0.003909402,0.000190315,0.000506284,0.992489642,0,0,0.002961573,0.004606001,0.997095643
1.20815184E+01,288.6709224,0.003925272,0.000194947,0.000505375,0.99246217,0,0,0.002969555,0.004625594,0.997087764
1.20816368E+01,290.3228844,0.003935014,0.000197455,0.000501957,0.992452743,0,0,0.002970271,0.004634427,0.99708717
1.20817546E+01,292.032489,0.003922067,0.000188736,0.000499114,0.992485435,0,0,0.002962182,0.004609916,0.997095352
1.20818717E+01,293.728123,0.003923999,0.000189381,0.000497955,0.992482262,0,0,0.002964055,0.004611335,0.997093597
1.20819882E+01,295.4234802,0.003926661,0.000188233,0.000495254,0.992483775,0,0,0.002963852,0.004610149,0.997093924
1.20821039E+01,297.1118544,0.003931813,0.000187532,0.000492778,0.99248115,0,0,0.002964609,0.004612123,0.997093273
1.20822190E+01,298.7910469,0.003940582,0.000186832,0.000490224,0.992473767,0,0,0.002966572,0.004617637,0.997091405
1.20823335E+01,300.5068181,0.003938272,0.000189706,0.000488939,0.992477881,0,0,0.002963313,0.004616917,0.997094798
1.20824473E+01,302.1866541,0.003944856,0.000186494,0.000486561,0.992475667,0,0,0.002964612,0.00461791,0.997093577
1.20825604E+01,303.888951,0.003947303,0.000185411,0.000483791,0.992477746,0,0,0.002964063,0.004616504,0.99709425
1.20826729E+01,305.6118149,0.003953118,0.000189975,0.000482613,0.992466934,0,0,0.002965793,0.004625706,0.99709264
1.20827848E+01,307.2846668,0.00396775,0.000191475,0.000480019,0.992450512,0,0,0.002968786,0.004639244,0.997089756
1.20828961E+01,309.0315641,0.003957344,0.000184646,0.000477221,0.992477897,0,0,0.002961518,0.004619211,0.997097109
1.20830068E+01,310.803113,0.003948042,0.000183315,0.000475301,0.99249366,0,0,0.002958426,0.004606658,0.997100317
1.20831168E+01,312.5057841,0.003967561,0.000183708,0.000473242,0.992467614,0,0,0.002966752,0.00462451,0.997092124
1.20832262E+01,314.2794685,0.003956956,0.00018243,0.000471201,0.992490014,0,0,0.002958385,0.004610587,0.997100601
1.20833350E+01,315.9960472,0.00397301,0.000182775,0.000469195,0.992468465,0,0,0.002965652,0.004624979,0.997093445
1.20834433E+01,317.7978465,0.003959309,0.000181469,0.000467214,0.992494334,0,0,0.002956883,0.004607992,0.997102326
1.20835509E+01,319.5284186,0.003976303,0.00018097,0.000465127,0.992472255,0,0,0.002964673,0.0046224,0.997094655
1.20836579E+01,321.3059515,0.003970193,0.000180823,0.000463588,0.992486552,0,0,0.002958268,0.004614604,0.997101156
1.20837643E+01,323.0497059,0.00398218,0.000180097,0.000461302,0.99247262,0,0,0.002963345,0.004623579,0.997096199
1.20838702E+01,324.8532305,0.003973258,0.000179844,0.000459727,0.992489908,0,0,0.002956929,0.004612829,0.997102737
1.20839754E+01,326.5863507,0.003989652,0.000179259,0.000457605,0.992469769,0,0,0.00296349,0.004626516,0.997096285
1.20840801E+01,328.4059825,0.00397917,0.000179145,0.000456175,0.992489106,0,0,0.002956284,0.004614491,0.997103597
1.20841843E+01,330.1440389,0.003993228,0.000178417,0.000454044,0.992472704,0,0,0.002961597,0.004625688,0.997098393
1.20842879E+01,331.9586502,0.003991449,0.000179431,0.000453073,0.992477141,0,0,0.002959017,0.004623953,0.997101093
1.20843909E+01,333.7235771,0.003999027,0.000178789,0.000451347,0.992470897,0,0,0.002960153,0.004629163,0.99710006
1.20844933E+01,335.5327915,0.003995443,0.000177784,0.000449283,0.992480856,0,0,0.002956955,0.00462251,0.997103366
1.20845953E+01,337.3586188,0.003993168,0.000176582,0.000446923,0.992487923,0,0,0.002955843,0.004616674,0.997104597
1.20846966E+01,339.1120795,0.004017635,0.00017701,0.000445169,0.99245595,0,0,0.002964796,0.004639815,0.997095765
1.20847975E+01,340.964379,0.004003771,0.000175574,0.000443043,0.992483526,0,0,0.002954768,0.004622388,0.997105914
1.20848978E+01,342.8177814,0.003998557,0.000175259,0.000441755,0.992491669,0,0,0.002953546,0.004615571,0.99710724
1.20849975E+01,344.604441,0.004019358,0.000175481,0.000439918,0.99246456,0,0,0.002961598,0.004634757,0.997099317
1.20850967E+01,346.4883286,0.004005347,0.000174187,0.000437974,0.992491246,0,0,0.002952276,0.004617509,0.997108755
1.20851954E+01,348.3183946,0.004015272,0.000175116,0.00043749,0.992476319,0,0,0.002956941,0.004627877,0.997104196
1.20852936E+01,350.1818075,0.004013686,0.000174116,0.000435532,0.992483951,0,0,0.002953971,0.004623335,0.997107287
1.20853913E+01,352.0418625,0.004014918,0.000173125,0.000433408,0.992486225,0,0,0.002953693,0.004621451,0.997107676
1.20854884E+01,353.8287515,0.004041106,0.00017766,0.00043193,0.992448207,0,0,0.002962593,0.004650696,0.997098903
1.20855850E+01,355.7365919,0.004024953,0.000172818,0.00042984,0.992482084,0,0,0.00295192,0.004627611,0.997109695
1.20856812E+01,357.6417572,0.00401814,0.000171707,0.000428469,0.99249313,0,0,0.002950296,0.004618316,0.997111446
1.20857768E+01,359.4222843,0.004047149,0.000174082,0.000428238,0.992451911,0,0,0.002960457,0.004649469,0.99710138
1.20858719E+01,361.3098322,0.004040888,0.000173725,0.000426368,0.992467088,0,0,0.002953902,0.004640981,0.997108069
1.20859666E+01,363.1721775,0.004047527,0.000175178,0.000424176,0.992459002,0,0,0.002956212,0.004646881,0.997105883
1.20860607E+01,365.0966096,0.004038829,0.000170707,0.000422267,0.99247934,0,0,0.00295105,0.004631802,0.997111142
1.20861544E+01,367.0251966,0.004033426,0.000169571,0.000420769,0.992489533,0,0,0.002949012,0.004623766,0.997113299
1.20862476E+01,368.9187343,0.004041865,0.000170175,0.000420274,0.992478221,0,0,0.002951903,0.004632315,0.997110536
1.20863403E+01,370.8431147,0.004039645,0.000169087,0.000418274,0.992486511,0,0,0.002949049,0.004627007,0.997113518
1.20864325E+01,372.7153163,0.004055398,0.00016923,0.000416589,0.992467016,0,0,0.002954455,0.004641217,0.997108233
1.20865242E+01,374.6777297,0.004042451,0.000168062,0.000415104,0.992490614,0,0,0.002946566,0.004625617,0.997116231
1.20866155E+01,376.549929,0.004063501,0.000170111,0.000414846,0.992459367,0,0,0.002955103,0.004648458,0.997107824
1.20867063E+01,378.4837169,0.004061657,0.000169652,0.000413299,0.992467811,0,0,0.002950645,0.004644608,0.997112419
1.20867966E+01,380.4086205,0.004065932,0.000169838,0.000411825,0.992464147,0,0,0.002951431,0.004647595,0.997111742
1.20868865E+01,382.3325382,0.004071845,0.000167341,0.000409713,0.992462472,0,0,0.002951944,0.004648899,0.997111371
1.20869760E+01,384.2684955,0.004068159,0.000166867,0.000408252,0.992472072,0,0,0.002948061,0.004643278,0.99711535
1.20870650E+01,386.250567,0.004058677,0.000165734,0.000406943,0.992487692,0,0,0.002944468,0.004631354,0.997119047
1.20871535E+01,388.175508,0.004072115,0.000166693,0.000406677,0.99246835,0,0,0.002949813,0.004645485,0.997113835
1.20872416E+01,390.1551285,0.004067081,0.000165618,0.000404974,0.992480849,0,0,0.002945262,0.004637673,0.997118522
1.20873292E+01,392.1276079,0.004067732,0.000164702,0.000403193,0.992483004,0,0,0.00294526,0.004635627,0.997118631
1.20874164E+01,393.8733075,0.004114334,0.000169141,0.000402768,0.992418619,0,0,0.002959098,0.004686242,0.997104861
1.20875033E+01,395.6919545,0.004113021,0.000165359,0.000401425,0.992433744,0,0,0.002950461,0.004679806,0.99711355
1.20875897E+01,397.5670195,0.004100546,0.000164224,0.000400207,0.992453834,0,0,0.00294527,0.004664976,0.997118811
1.20876757E+01,399.4526163,0.004100137,0.000164191,0.000399565,0.992454857,0,0,0.002945385,0.004663893,0.997118749
1.20877613E+01,401.299492,0.00410618,0.000163494,0.00039792,0.992449415,0,0,0.002947231,0.004667593,0.997117008
1.20878465E+01,403.1691657,0.004104755,0.000163455,0.000397179,0.992454595,0,0,0.002944309,0.00466539,0.997119984
1.20879313E+01,405.0608969,0.004106812,0.000162731,0.00039557,0.992454127,0,0,0.002945169,0.004665113,0.99711924
1.20880158E+01,406.9974329,0.004100951,0.000162579,0.000394757,0.992464213,0,0,0.002942005,0.004658287,0.9971225
1.20880998E+01,408.8774882,0.004111215,0.000162015,0.000393323,0.992452964,0,0,0.002945067,0.004666553,0.997119517
1.20881834E+01,410.8410117,0.004103627,0.000161877,0.000392513,0.992465841,0,0,0.002940829,0.004658017,0.997123857
1.20882666E+01,412.8469685,0.004099,0.000160913,0.000390689,0.992473939,0,0,0.002940274,0.004650602,0.997124541
1.20883495E+01,414.8464423,0.004102777,0.000161288,0.000390275,0.992469278,0,0,0.002941324,0.00465434,0.997123618
1.20884319E+01,416.8854905,0.004098385,0.000160348,0.00038868,0.992479013,0,0,0.002938638,0.004647413,0.997126425
1.20885139E+01,418.8989772,0.004104663,0.000159752,0.000387208,0.992472898,0,0,0.002940686,0.004651623,0.997124521
1.20885956E+01,420.942688,0.004105195,0.000159948,0.000386712,0.992474047,0,0,0.002939435,0.004651855,0.997125902
1.20886768E+01,422.9571198,0.004109128,0.000159205,0.000385298,0.99247258,0,0,0.002939241,0.00465363,0.99712621
1.20887576E+01,424.945838,0.004123592,0.000159341,0.000384084,0.992455064,0,0,0.002943495,0.004667017,0.997122081
1.20888381E+01,427.0612727,0.004105633,0.000158183,0.000382743,0.992484323,0,0,0.00293483,0.004646558,0.997130881
1.20889182E+01,429.0853629,0.004119852,0.000159005,0.000382765,0.992463451,0,0,0.002940769,0.004661623,0.997125073
1.20889979E+01,431.1187288,0.004122609,0.000158365,0.000381613,0.992464793,0,0,0.002938561,0.004662586,0.997127379
1.20890772E+01,433.2119819,0.004115629,0.000157475,0.000380129,0.992477313,0,0,0.002935528,0.004653233,0.997130547
1.20891561E+01,435.2559734,0.004125244,0.000156904,0.00037881,0.992466533,0,0,0.002938698,0.004660958,0.997127491
1.20892347E+01,437.3345615,0.004123533,0.000156883,0.000378238,0.992471856,0,0,0.002935821,0.004658654,0.99713051
1.20893129E+01,439.4105198,0.004125843,0.000156202,0.000376852,0.992471403,0,0,0.002936146,0.004658897,0.9971303
1.20893907E+01,441.4434324,0.004140528,0.000157322,0.000376916,0.992451859,0,0,0.00293996,0.004674766,0.997126625
1.20894682E+01,443.539385,0.004136251,0.00015669,0.000375787,0.992462236,0,0,0.002935747,0.004668729,0.997130966
1.20895453E+01,445.6383422,0.004135326,0.000156004,0.000374721,0.992465825,0,0,0.00293496,0.004666051,0.997131877
1.20896220E+01,447.7188711,0.004137844,0.000155354,0.000373602,0.992465562,0,0,0.002934581,0.0046668,0.997132362
1.20896984E+01,449.8586545,0.004132627,0.000154425,0.000372035,0.992475707,0,0,0.002932296,0.004659087,0.997134793
1.20897744E+01,451.8841099,0.004158578,0.000156733,0.000372083,0.992439106,0,0,0.002940715,0.004687395,0.997126501
1.20898501E+01,453.9581422,0.004159741,0.000154607,0.000370461,0.992446004,0,0,0.002936529,0.004684809,0.997130813
1.20899254E+01,456.1147743,0.004145588,0.000153509,0.000369317,0.99246818,0,0,0.002930868,0.004668415,0.997136595
1.20900003E+01,458.2627638,0.004141543,0.000153136,0.000368553,0.992474305,0,0,0.002930036,0.004663232,0.997137537
1.20900750E+01,460.323281,0.004163094,0.000153442,0.000367705,0.992446337,0,0,0.002937122,0.004684241,0.997130578
1.20901493E+01,462.4946678,0.004148893,0.000152462,0.000366627,0.992471189,0,0,0.002928658,0.004667982,0.997139171
1.20902232E+01,464.5990848,0.004159726,0.000153068,0.000366741,0.992455304,0,0,0.002933119,0.004679535,0.997134839
1.20902968E+01,466.750541,0.004156699,0.000152337,0.000365603,0.992463563,0,0,0.002929881,0.004674639,0.997138202
1.20903701E+01,468.902124,0.004156025,0.000151604,0.00036435,0.992467172,0,0,0.002929053,0.004671979,0.997139151
1.20904430E+01,471.0071827,0.004170527,0.000151723,0.000363387,0.992449402,0,0,0.002933301,0.004685637,0.997135039
1.20905156E+01,473.1971606,0.004159005,0.000150867,0.000362551,0.992469508,0,0,0.002926535,0.004672423,0.997141931
1.20905878E+01,475.2603024,0.004186655,0.00015134,0.000362086,0.992432077,0,0,0.002936446,0.004700081,0.997132158
1.20906598E+01,477.4361727,0.004174855,0.000150739,0.000360934,0.992454332,0,0,0.002927862,0.004686528,0.99714086
1.20907314E+01,479.6403707,0.004164904,0.000149869,0.000360155,0.992468985,0,0,0.002924921,0.004674928,0.997143913
1.20908027E+01,481.7272124,0.004190567,0.000152079,0.000360316,0.992432036,0,0,0.002933968,0.004702962,0.997134997
1.20908737E+01,483.9018584,0.004186797,0.000149915,0.000358726,0.992444874,0,0,0.002928798,0.004695438,0.997140312
1.20909444E+01,486.1075317,0.004177967,0.000148947,0.000357844,0.992459457,0,0,0.002925001,0.004684758,0.997144215
1.20910147E+01,488.3167146,0.004174048,0.000148681,0.000357249,0.992465641,0,0,0.002923731,0.004679979,0.997145619
1.20910847E+01,490.463971,0.004188361,0.000148417,0.000356435,0.992448,0,0,0.002928261,0.004693213,0.997141213
1.20911544E+01,492.7008256,0.004178685,0.000148133,0.000355821,0.992464383,0,0,0.00292259,0.004682639,0.997147023
1.20912238E+01,494.8808972,0.004187027,0.000147688,0.000354899,0.992454651,0,0,0.002925466,0.004689613,0.997144264
1.20912929E+01,497.0644803,0.004192307,0.000148006,0.000354891,0.992449484,0,0,0.002925183,0.004695204,0.997144688
1.20913617E+01,499.2441792,0.004193588,0.000147443,0.000354023,0.992451257,0,0,0.002923657,0.004695054,0.997146311
1.20914302E+01,501.481666,0.004190853,0.000146788,0.000352886,0.992457642,0,0,0.002921946,0.004690527,0.99714817
1.20914984E+01,503.6219497,0.004209825,0.000147048,0.000352289,0.992433075,0,0,0.002928017,0.004709161,0.997142236
1.20915663E+01,505.875667,0.004195165,0.000146136,0.000351381,0.992458224,0,0,0.002919461,0.004692682,0.997150906
1.20916339E+01,508.0468231,0.004210264,0.000147132,0.000351783,0.992435923,0,0,0.002925389,0.004709179,0.997145102
1.20917012E+01,510.2435576,0.004213731,0.000147126,0.0003511,0.992435068,0,0,0.002923601,0.004711957,0.997147025
1.20917682E+01,512.4645875,0.004217207,0.000148417,0.000349778,0.992431371,0,0,0.002923979,0.004715402,0.997146773
1.20918350E+01,514.7440082,0.004205793,0.000145293,0.00034863,0.992452695,0,0,0.002918455,0.004699716,0.997152411
1.20919014E+01,517.0171984,0.004201772,0.000144658,0.000348301,0.99245902,0,0,0.002917248,0.00469473,0.99715375
1.20919675E+01,519.2448646,0.004210822,0.000144274,0.000347487,0.992448594,0,0,0.002919951,0.004702583,0.997151177
1.20920334E+01,521.4665435,0.004220097,0.000144993,0.000347739,0.992437251,0,0,0.002921198,0.004712829,0.99715008
1.20920990E+01,523.6959436,0.004224289,0.000144961,0.000347216,0.992434496,0,0,0.002920443,0.004716465,0.997150961
1.20921643E+01,525.9018033,0.004232183,0.000145355,0.000346653,0.992426095,0,0,0.002921227,0.004724191,0.997150286
1.20922293E+01,528.1708517,0.004226842,0.000143626,0.000345123,0.992438118,0,0,0.00291794,0.004715591,0.997153709
1.20922940E+01,530.5370888,0.004208627,0.000142664,0.000344289,0.992464144,0,0,0.002912053,0.00469558,0.997159724
1.20923585E+01,532.6878977,0.004239146,0.000143124,0.000344073,0.992423574,0,0,0.00292198,0.004726344,0.997149918
1.20924227E+01,535.0178232,0.004220285,0.000142273,0.000343345,0.992454199,0,0,0.002911918,0.004705903,0.997160102
1.20924866E+01,537.2514175,0.004232875,0.000142026,0.000342822,0.992437115,0,0,0.002917316,0.004717723,0.997154839
1.20925502E+01,539.5352449,0.004231422,0.000142092,0.000342746,0.992441602,0,0,0.002914435,0.00471626,0.997157862
1.20926136E+01,541.8227423,0.00423099,0.000141635,0.000342006,0.99244429,0,0,0.002913494,0.004714631,0.997158922
1.20926767E+01,544.1188732,0.004231204,0.00014107,0.000341148,0.992446358,0,0,0.002912759,0.004713423,0.997159781
1.20927395E+01,546.3674522,0.004242327,0.000140891,0.000340585,0.992433592,0,0,0.002915283,0.004723803,0.997157395
1.20928021E+01,548.6753255,0.004238837,0.000140868,0.000340497,0.992440505,0,0,0.002912089,0.004720202,0.997160707
1.20928645E+01,550.9760738,0.004239598,0.000140424,0.000339853,0.992441425,0,0,0.002911642,0.004719876,0.997161301
1.20929265E+01,553.2487737,0.004243943,0.000140053,0.000339201,0.99243829,0,0,0.002911573,0.004723196,0.997161487
1.20929883E+01,555.5438574,0.004246433,0.000139679,0.000338442,0.99243718,0,0,0.00291144,0.004724555,0.997161734
1.20930499E+01,557.7848189,0.004262183,0.000140778,0.000338982,0.992416185,0,0,0.002915203,0.004741942,0.997158127
1.20931112E+01,560.0971593,0.004260812,0.000139614,0.000337594,0.992423116,0,0,0.002912324,0.00473802,0.997161136
1.20931722E+01,562.5048353,0.004241157,0.000138626,0.000336745,0.992451956,0,0,0.002905086,0.004716528,0.997168483
1.20932330E+01,564.7342141,0.0042699,0.00013907,0.000336703,0.992412802,0,0,0.00291525,0.004745673,0.997158476
1.20932936E+01,567.1591331,0.004245758,0.000138087,0.00033576,0.992450549,0,0,0.002903683,0.004719605,0.997170154
1.20933539E+01,569.4356198,0.004264775,0.000138303,0.000335481,0.992424203,0,0,0.002911205,0.004738559,0.997162762
1.20934139E+01,571.8215784,0.004254023,0.000137712,0.000335163,0.992442299,0,0,0.002904899,0.004726898,0.997169197
1.20934737E+01,574.1650989,0.00425769,0.000137352,0.000334518,0.992438363,0,0,0.002906304,0.004729561,0.997167924
1.20935333E+01,576.4690295,0.004270259,0.000137434,0.000334028,0.992423677,0,0,0.002908964,0.004741721,0.997165398
1.20935926E+01,578.825959,0.004265417,0.000137061,0.000334032,0.992433131,2.76950676625761e-16,2.82565899905459e-07,0.002904565,0.004736509,0.99716964
1.20936516E+01,581.2150749,0.004262199,0.000136605,0.000333337,0.992438517,4.63906670097394e-16,4.4187561214084e-07,0.002903534,0.00473214,0.997170657
1.20937105E+01,583.563607,0.004267096,0.000136277,0.000332745,0.992434161,6.41088296985356e-16,5.68278792606258e-07,0.002903914,0.004736118,0.99717028
1.20937691E+01,585.9000297,0.00427498,0.000136003,0.000332271,0.992426026,8.16238466943902e-16,6.81347999290996e-07,0.002904928,0.004743254,0.99716928
1.20938274E+01,588.2288352,0.004282669,0.000136578,0.000332733,0.992416893,1.01007188258727e-15,7.91266928987648e-07,0.002905368,0.00475198,0.997168873
1.20938856E+01,590.5787551,0.004289277,0.000137668,0.000332041,0.992409241,1.23248014385815e-15,9.01279425371364e-07,0.002906043,0.004758986,0.997168227
1.20939435E+01,593.0125166,0.004275291,0.00013536,0.000330813,0.992433327,1.44148140238359e-15,9.97560779042141e-07,0.002899511,0.004741465,0.997174793
1.20940011E+01,595.4344939,0.004274476,0.00013508,0.000330954,0.992434026,1.68172129805851e-15,1.09421744737402e-06,0.002899802,0.004740511,0.997174537
1.20940586E+01,597.7978242,0.004283034,0.000134948,0.00033067,0.992424612,1.9258462032072e-15,1.18572641504938e-06,0.002901121,0.004748652,0.997173264
1.20941157E+01,600.2164032,0.004281859,0.000134641,0.000330199,0.992428247,2.21320390933167e-15,1.28411845776793e-06,0.002899471,0.004746698,0.997174946
1.20941727E+01,602.6107017,0.004286182,0.00013444,0.000329896,0.992424244,2.55042591452393e-15,1.39699548583681e-06,0.002899688,0.004750518,0.997174762
1.20942295E+01,605.0051339,0.004290031,0.000134275,0.000329602,0.992421309,2.86787291982368e-15,1.48470775469346e-06,0.002899276,0.004753907,0.997175216
1.20942860E+01,607.3610399,0.004303079,0.000134747,0.000329581,0.992405685,3.20309728838272e-15,1.57372868062809e-06,0.002901457,0.004767407,0.997173092
1.20943423E+01,609.797276,0.004293598,0.000133533,0.000328106,0.992422624,3.604708919814e-15,1.67468491616395e-06,0.002896716,0.004755237,0.997177862
1.20943984E+01,612.2342901,0.004289077,0.000133097,0.000328113,0.992429625,3.98686937219715e-15,1.75799294048e-06,0.002894712,0.004750286,0.997179911
1.20944542E+01,614.6597288,0.004291643,0.000132738,0.000327647,0.992427463,4.4292828250201e-15,1.84972790103218e-06,0.002895189,0.004752028,0.99717949
1.20945098E+01,617.088311,0.004293337,0.000132409,0.00032714,0.992427346,4.88420967683089e-15,1.9369185718023e-06,0.002894478,0.004752885,0.997180232
1.20945652E+01,619.5119242,0.004296439,0.000132116,0.000326662,0.992425283,5.35281616105169e-15,2.0132256236127e-06,0.002894286,0.004755217,0.997180501
1.20946204E+01,621.9113173,0.004305047,0.00013199,0.000326332,0.992415825,5.86951087481276e-15,2.09442659071858e-06,0.002895637,0.00476337,0.997179195
1.20946754E+01,624.3146987,0.00431204,0.000132484,0.000326896,0.992407619,6.39333571354098e-15,2.1641961701488e-06,0.002895881,0.00477142,0.99717904
1.20947302E+01,626.7613539,0.004310937,0.000131689,0.000325672,0.992412672,6.98332386489038e-15,2.24421424731731e-06,0.002894005,0.004768297,0.997180969
1.20947847E+01,629.2830877,0.004297229,0.000131004,0.000325367,0.9924327,7.56166512852844e-15,2.30238930362277e-06,0.002888745,0.0047536,0.9971863
1.20948391E+01,631.6897064,0.004307871,0.000130857,0.000325109,0.992419638,8.1453951007444e-15,2.35321851037477e-06,0.002891665,0.004763837,0.997183475
1.20948932E+01,634.1411122,0.004308569,0.000130554,0.000324594,0.992421144,8.76853595008236e-15,2.39983418619902e-06,0.002890364,0.004763717,0.997184861
1.20949471E+01,636.57487,0.00431466,0.000130301,0.000324289,0.99241476,9.39124241638304e-15,2.43203724031707e-06,0.002891329,0.004769251,0.997184011
1.20950008E+01,638.9697083,0.004329172,0.000131361,0.000324972,0.992395822,1.00029144997803e-14,2.44735116501643e-06,0.002894144,0.004785505,0.997181327
1.20950544E+01,641.5082117,0.004311749,0.000129709,0.000323517,0.99242409,1.05557732328847e-14,2.43162255991395e-06,0.002886563,0.004764975,0.997189065
1.20951077E+01,643.933664,0.004327747,0.000130532,0.000324269,0.992401048,1.11404061186626e-14,2.41390344533223e-06,0.002892188,0.004782548,0.997183596
1.20951608E+01,646.4520842,0.004319699,0.000129414,0.000322875,0.992416641,1.17474608177941e-14,2.39613924651503e-06,0.002887309,0.004771989,0.99718863
1.20952137E+01,648.9346589,0.004323042,0.000129364,0.000323361,0.992412375,1.2383510341724e-14,2.37861568765332e-06,0.00288797,0.004775767,0.997188142
1.20952663E+01,651.3584626,0.004338856,0.000129177,0.00032272,0.992393914,1.30608299084609e-14,2.36086816737325e-06,0.002891599,0.004790753,0.997184666
1.20953188E+01,653.9595104,0.004313681,0.000128323,0.000322002,0.992430962,1.37574859104188e-14,2.34280989218442e-06,0.002881452,0.004764007,0.997194969
1.20953711E+01,656.4497844,0.004322142,0.00012808,0.000321769,0.99241899,1.45027277132518e-14,2.32468672601843e-06,0.002885595,0.004771991,0.997190981
1.20954232E+01,658.9383742,0.004327484,0.000127885,0.00032143,0.99241445,1.52811774135437e-14,2.30486726768016e-06,0.002885494,0.004776799,0.997191248
1.20954751E+01,661.4029841,0.004336677,0.000127929,0.000321218,0.992404271,1.61008513062344e-14,2.28698697531344e-06,0.002886814,0.004785824,0.997190094
1.20955268E+01,663.8490376,0.004344492,0.000128207,0.000321972,0.992395495,1.69347668864854e-14,2.26676183094753e-06,0.002886911,0.00479467,0.997190165
1.20955783E+01,666.3872974,0.004336302,0.000127386,0.000320649,0.992409639,1.78387827116668e-14,2.24854541174936e-06,0.002883246,0.004784337,0.997193976
1.20956296E+01,668.8841732,0.00434188,0.000127449,0.000321262,0.99240224,1.87857547000741e-14,2.23055457108702e-06,0.002884569,0.004790591,0.997192831
1.20956807E+01,671.3929707,0.004345496,0.000126939,0.000320239,0.992400549,1.97895801409688e-14,2.21241194769056e-06,0.002884324,0.004792673,0.997193222
1.20957317E+01,673.9712951,0.00433461,0.000126466,0.000320171,0.99241687,2.08240831664207e-14,2.19262723923575e-06,0.00287959,0.004781247,0.997198116
1.20957824E+01,676.474702,0.00434457,0.000126469,0.000320243,0.992403794,2.19293012086959e-14,2.17464188338841e-06,0.0028828,0.004791282,0.997195076
1.20958330E+01,678.931877,0.004360807,0.000127642,0.000320191,0.992383563,2.3086626554863e-14,2.15694273557565e-06,0.002885834,0.004808639,0.997192202
1.20958833E+01,681.5985847,0.004332826,0.00012546,0.000318967,0.992425849,2.43052815407948e-14,2.13850554068911e-06,0.002875094,0.004777253,0.997203102
1.20959335E+01,684.1270618,0.004342908,0.000125308,0.000318842,0.992411572,2.55741236935994e-14,2.12067858598302e-06,0.002879732,0.004787058,0.99719863
1.20959835E+01,686.6169495,0.004351141,0.000125182,0.000318707,0.992403813,2.6843453127427e-14,2.09972557636563e-06,0.002879667,0.004795029,0.997198842
1.20960333E+01,689.1097902,0.004354721,0.000124982,0.000318515,0.992401469,2.81743675328801e-14,2.08045224485118e-06,0.002878978,0.004798217,0.997199686
1.20960829E+01,691.5975403,0.004358612,0.000124811,0.000318311,0.992398314,2.95685220220028e-14,2.06004685822392e-06,0.002878765,0.004801733,0.997200047
1.20961323E+01,694.0644973,0.004367134,0.000124732,0.000318223,0.992388875,3.10310506926547e-14,2.04138106111351e-06,0.002879999,0.004810089,0.997198964
1.20961816E+01,696.4954441,0.004378079,0.000125326,0.000319075,0.992375646,3.25194814846447e-14,2.02136119027893e-06,0.002881,0.00482248,0.997198126
1.20962307E+01,699.114919,0.004353674,0.000123928,0.000317668,0.992411775,3.41190441683711e-14,2.00271247538278e-06,0.002872229,0.00479527,0.997207046
1.20962796E+01,701.6229237,0.004361388,0.000123741,0.000317538,0.992401077,3.57965945144415e-14,1.98339625615004e-06,0.002875676,0.004802666,0.997203743
1.20963283E+01,704.1402822,0.004364811,0.000123538,0.000317345,0.992398787,3.75522850598955e-14,1.96561555268583e-06,0.002875087,0.004805694,0.997204482
1.20963769E+01,706.6559825,0.004368099,0.000123361,0.000317317,0.992396033,3.9391036219003e-14,1.94685959522183e-06,0.002874921,0.004808777,0.99720481
1.20964253E+01,709.1601284,0.004374152,0.000123286,0.000317451,0.99238947,4.13184948292607e-14,1.92966968266161e-06,0.002875524,0.004814889,0.997204359
1.20964735E+01,711.5958064,0.004393068,0.000123318,0.000317209,0.992366909,4.33436525680408e-14,1.91295455625546e-06,0.002879535,0.004833596,0.997200505
1.20965215E+01,714.2699675,0.004362967,0.000122478,0.000316548,0.99240997,4.54519420884058e-14,1.8945678685966e-06,0.002868212,0.004801993,0.997211963
1.20965694E+01,716.7606588,0.004379758,0.000122604,0.000316944,0.992386351,4.76481494601541e-14,1.87831980365911e-06,0.002874688,0.004819305,0.997205657
1.20966171E+01,719.2725891,0.00438752,0.000122401,0.000316221,0.992379632,4.99786063656348e-14,1.86098868536486e-06,0.002874715,0.004826142,0.997205773
1.20966646E+01,721.8363528,0.004383879,0.00012231,0.000316712,0.992385841,5.23820513541368e-14,1.84511480322636e-06,0.0028719,0.004822901,0.997208742
1.20967120E+01,724.4248007,0.004379341,0.000121675,0.000315598,0.992394013,5.49201098023785e-14,1.82927181489816e-06,0.002870166,0.004816614,0.997210627
1.20967592E+01,726.9260124,0.004393862,0.000121701,0.000315728,0.992375906,5.75683288036052e-14,1.81298796225156e-06,0.002873765,0.004831291,0.997207197
1.20968063E+01,729.5316196,0.004385267,0.000121439,0.000315997,0.992389293,6.03438665500243e-14,1.79767273231368e-06,0.002869115,0.004822703,0.997211995
1.20968531E+01,732.1208748,0.004387333,0.000121038,0.0003151,0.992387801,6.33114672624084e-14,1.78285890328264e-06,0.002869983,0.004823472,0.997211272
1.20968998E+01,734.6382724,0.004401884,0.00012188,0.000315926,0.992368901,6.63594853855228e-14,1.76831640663368e-06,0.002872816,0.00483969,0.997208591
1.20969464E+01,737.3354421,0.004378561,0.000120345,0.000314821,0.992403906,6.95263269221901e-14,1.75351909883294e-06,0.002863918,0.004813727,0.997217634
1.20969927E+01,739.856596,0.004396653,0.000120482,0.000315375,0.992379042,7.28361533725527e-14,1.73864517388019e-06,0.002870169,0.00483251,0.997211552
1.20970390E+01,742.4427488,0.004396447,0.000120121,0.000314453,0.992383096,7.63009174651616e-14,1.72479358447846e-06,0.002867737,0.004831021,0.997214117
1.20970850E+01,744.9806284,0.004407221,0.000120069,0.000314631,0.992370201,7.99408269575851e-14,1.71032096871083e-06,0.002869891,0.004841922,0.997212123
1.20971309E+01,747.6507615,0.004394787,0.000119757,0.000314803,0.992387932,8.38085852710988e-14,1.69771067632762e-06,0.002864891,0.004829347,0.997217279
1.20971766E+01,750.2660072,0.004396194,0.000119333,0.000313866,0.992387713,8.77501153889075e-14,1.68377641790634e-06,0.002865216,0.004829393,0.997217106
1.20972222E+01,752.8389321,0.004405403,0.000119194,0.000313898,0.992377223,9.19015891010927e-14,1.67092378769442e-06,0.002866767,0.004838494,0.997215718
1.20972676E+01,755.3787269,0.004417944,0.000119216,0.000314147,0.99236279,9.62326446454556e-14,1.65767487934566e-06,0.002868537,0.004851307,0.997214097
1.20973129E+01,758.1128011,0.004395506,0.000118577,0.000313942,0.992394159,1.00827016354767e-13,1.6458352478844e-06,0.002860589,0.004828025,0.997222185
1.20973580E+01,760.6794784,0.004411625,0.000118496,0.000313544,0.992373247,1.05565034925245e-13,1.63287042090023e-06,0.002866018,0.004843665,0.997216912
1.20974029E+01,763.2452145,0.004422471,0.000119718,0.000314059,0.992360131,1.10517077203487e-13,1.62104163437584e-06,0.002866714,0.004856247,0.997216378
1.20974477E+01,765.9968259,0.004399367,0.000117858,0.000313445,0.99239401,1.15732822393353e-13,1.60915698133841e-06,0.00285856,0.004830671,0.997224681
1.20974924E+01,768.5630656,0.004417987,0.000117824,0.000313171,0.99236963,1.21124822234707e-13,1.59784584366048e-06,0.00286478,0.004848982,0.997218612
1.20975369E+01,771.1429988,0.004427531,0.000117816,0.000313315,0.992360005,1.26764738769291e-13,1.58584929366033e-06,0.002864875,0.004858663,0.997218667
1.20975812E+01,773.885091,0.004408759,0.000117297,0.000313313,0.9923861,1.32720945517915e-13,1.57529401221774e-06,0.002858224,0.004839369,0.997225468
1.20976254E+01,776.527678,0.00441432,0.000116957,0.000312559,0.992379755,1.3885382589794e-13,1.56434967417473e-06,0.002860266,0.004843836,0.997223591
1.20976694E+01,779.1534536,0.004420276,0.000116836,0.000312502,0.992373917,1.45235181185843e-13,1.55317160498216e-06,0.002860468,0.004849614,0.997223531
1.20977133E+01,781.809692,0.004421827,0.000116625,0.000312407,0.99237343,1.52027365768474e-13,1.54262055384094e-06,0.002859864,0.004850859,0.99722429
1.20977570E+01,784.4343266,0.004428589,0.000116503,0.000312475,0.992366176,1.59019435752121e-13,1.53226166837289e-06,0.002860557,0.004857566,0.997223742
1.20978006E+01,787.0380515,0.00443768,0.000117967,0.000312763,0.992354594,1.66300578168673e-13,1.52240615020323e-06,0.002861454,0.00486841,0.997223004
1.20978441E+01,789.799892,0.004419809,0.000115954,0.000312675,0.992381084,1.73989660414258e-13,1.51223686168515e-06,0.002855078,0.004848438,0.997229522
1.20978874E+01,792.4684665,0.004422643,0.000115587,0.000311839,0.992378533,1.8179856119638e-13,1.50164287959897e-06,0.002856137,0.004850069,0.997228601
1.20979305E+01,795.1456914,0.004425208,0.000115399,0.000311692,0.992376624,1.90143867517439e-13,1.49235961768376e-06,0.002855967,0.004852299,0.997228923
1.20979735E+01,797.8281949,0.004425622,0.000115143,0.000311581,0.99237774,1.98793238973014e-13,1.482538844355e-06,0.002854961,0.004852346,0.997230086
1.20980164E+01,800.5071771,0.004426379,0.000114871,0.000311535,0.992378314,2.07760669443686e-13,1.47339649637503e-06,0.00285411,0.004852785,0.997231099
1.20980591E+01,803.1994455,0.004427674,0.000114615,0.000311613,0.992377606,2.17266713727914e-13,1.46421933746865e-06,0.002853844,0.004853902,0.997231508
1.20981017E+01,805.8011818,0.004443861,0.00011479,0.000312387,0.9923573,2.27055987420414e-13,1.45555168753669e-06,0.002857181,0.004871038,0.997228337
1.20981441E+01,808.5768256,0.004427406,0.00011415,0.000311146,0.992382252,2.37369618958413e-13,1.44650264874822e-06,0.002850702,0.004852702,0.997234954
1.20981864E+01,811.2654486,0.00443203,0.000113947,0.000311195,0.992376538,2.47987224574374e-13,1.43782503243924e-06,0.002852086,0.004857172,0.99723371
1.20982285E+01,813.9193248,0.004440933,0.000113857,0.000311642,0.992366324,2.59059900141012e-13,1.42887660311575e-06,0.002853196,0.004866432,0.997232755
1.20982705E+01,816.5913026,0.004446653,0.000113716,0.000311229,0.99236095,2.70786550501846e-13,1.42112886374077e-06,0.002853562,0.004871598,0.997232549
1.20983124E+01,819.2847291,0.004447036,0.00011347,0.000311172,0.992362528,2.82802718961073e-13,1.41256229837846e-06,0.002852051,0.004871678,0.997234206
1.20983541E+01,821.985128,0.004448088,0.000113239,0.000311088,0.99236264,2.95375683497929e-13,1.40411368858569e-06,0.002851347,0.004872415,0.997235055
1.20983957E+01,824.6866988,0.004449678,0.000113015,0.000311004,0.992362114,3.08434033621631e-13,1.39630909727006e-06,0.002850743,0.004873697,0.997235812
1.20984372E+01,827.4174199,0.004448856,0.000112751,0.00031085,0.992364532,3.22209336655356e-13,1.38866484120201e-06,0.002849709,0.004872457,0.997236989
1.20984785E+01,830.1581578,0.004448471,0.000112485,0.0003107,0.992366368,3.36583115356744e-13,1.38087405296549e-06,0.002848827,0.004871656,0.997238024
1.20985197E+01,832.892248,0.004448283,0.000112257,0.00031056,0.992367989,3.51499458293224e-13,1.37306613514737e-06,0.002847912,0.0048711,0.997239088
1.20985607E+01,835.6456754,0.004447396,0.000111975,0.000310429,0.992370669,3.66943216498272e-13,1.36577656480384e-06,0.002846682,0.0048698,0.997240469
1.20986017E+01,838.4019891,0.004447165,0.000111719,0.00031041,0.992372044,3.83182214709289e-13,1.35828062767658e-06,0.002845958,0.004869294,0.997241338
1.20986424E+01,841.0771414,0.004459583,0.000111702,0.000311066,0.992356837,3.99925482965037e-13,1.35119981748461e-06,0.002848265,0.00488235,0.997239188
1.20986831E+01,843.8255672,0.004455607,0.000110538,0.000310364,0.992365685,4.17327309918646e-13,1.34354700078883e-06,0.002845405,0.004876509,0.997242194
1.20987236E+01,846.6000504,0.00445197,0.000111048,0.000310252,0.992370562,4.35658426690834e-13,1.33646045667718e-06,0.002843927,0.00487327,0.997243832
1.20987640E+01,849.3092811,0.004462353,0.000111013,0.000310833,0.992357518,4.54798821346367e-13,1.3299941907443e-06,0.002846184,0.004884199,0.997241717
1.20988043E+01,852.057905,0.00446167,0.000109901,0.000310227,0.992362,4.7446843297302e-13,1.32266016587863e-06,0.002844257,0.004881798,0.997243798
1.20988444E+01,854.8472521,0.004457441,0.000110416,0.000310056,0.992367926,4.95157980511402e-13,1.31609233956639e-06,0.002842363,0.004877913,0.997245839
1.20988844E+01,857.6068476,0.004460992,0.000110228,0.000310272,0.992364171,5.16724703454037e-13,1.30929298565907e-06,0.002842698,0.004881492,0.997245663
1.20989243E+01,860.2750549,0.004479698,0.000110293,0.00031046,0.992341324,5.39266443160004e-13,1.30323032569941e-06,0.002846733,0.004900451,0.997241775
1.20989640E+01,863.096191,0.004468173,0.000109891,0.00031009,0.992359219,5.6262109143429e-13,1.29664823185893e-06,0.002841301,0.004888154,0.997247373
1.20990036E+01,865.902792,0.004465633,0.000108764,0.000309935,0.992363901,5.86933211981389e-13,1.29003407802723e-06,0.002840582,0.004884332,0.997248234
1.20990431E+01,868.7111985,0.004464398,0.000108506,0.000309801,0.992366724,6.12231315691656e-13,1.28396303852735e-06,0.002839536,0.004882706,0.997249429
1.20990825E+01,871.4704188,0.004471709,0.00010917,0.000310227,0.992357416,6.3860725274723e-13,1.27756839013971e-06,0.002840593,0.004891106,0.997248522
1.20991217E+01,874.2308744,0.004476855,0.000109014,0.000309917,0.992352727,6.66066247544566e-13,1.27169298471815e-06,0.002840748,0.004895786,0.997248513
1.20991608E+01,877.0681495,0.004469059,0.000107874,0.00030973,0.992365432,6.94559450543891e-13,1.26519569846883e-06,0.002837317,0.004886664,0.997252096
1.20991998E+01,879.8173257,0.004479848,0.00010863,0.000310376,0.992350856,7.24302583516481e-13,1.25947447007303e-06,0.002839854,0.004898854,0.99724971
1.20992386E+01,882.6420422,0.004474922,0.000107479,0.000309691,0.992360743,7.55173923463251e-13,1.25322711490047e-06,0.002836891,0.004892092,0.997252835
1.20992774E+01,885.4488332,0.004476346,0.00010805,0.000309885,0.992358878,7.87311123848689e-13,1.24720878107978e-06,0.002836714,0.004894281,0.997253159
1.20993160E+01,888.1449689,0.004496237,0.000107306,0.00031017,0.992335252,8.20888577319479e-13,1.2417594520929e-06,0.002841068,0.004913713,0.997248966
1.20993545E+01,891.0131836,0.004482646,0.000107714,0.000309745,0.992355009,8.55618128901924e-13,1.23599988220123e-06,0.002835071,0.004900106,0.997255115
1.20993929E+01,893.8722192,0.004477708,0.000106594,0.000309579,0.992362607,8.91737507710153e-13,1.22999571564027e-06,0.002833842,0.00489388,0.997256488
1.20994311E+01,896.6472482,0.00448835,0.000107309,0.000310155,0.99234869,9.29411212300735e-13,1.22416130997459e-06,0.002835986,0.004905815,0.997254504
1.20994693E+01,899.4869979,0.004485122,0.000106227,0.000309583,0.992356003,9.68521920849718e-13,1.21849702390423e-06,0.00283369,0.004900932,0.997256935
1.20995073E+01,902.3103313,0.004486856,0.000106799,0.000309845,0.992353854,1.00919667369408e-12,1.21300024173323e-06,0.002833414,0.0049035,0.997257354
1.20995452E+01,905.068771,0.004499295,0.000105954,0.000309854,0.992340047,1.05160851034219e-12,1.20735764512725e-06,0.002835778,0.004915103,0.997255151
1.20995829E+01,907.9624959,0.004486946,0.000105576,0.00030953,0.992358387,1.09551080197109e-12,1.20208515767537e-06,0.002830633,0.004902052,0.99726044
1.20996206E+01,910.7752913,0.0044936,0.00010621,0.000309968,0.99234908,1.1412647223952e-12,1.19647273086866e-06,0.002832383,0.004909778,0.997258858
1.20996581E+01,913.599956,0.004496417,0.000105235,0.000309632,0.992348305,1.1888222660599e-12,1.19088141677196e-06,0.002831809,0.004911283,0.997259589
1.20996956E+01,916.4674609,0.004492512,0.000104988,0.000309662,0.992354698,1.23818995040056e-12,1.18576837293295e-06,0.002829675,0.004907162,0.997261859
1.20997329E+01,919.1925166,0.00451401,0.000105019,0.000310079,0.992327845,1.28977541542639e-12,1.18044208407173e-06,0.00283475,0.004929109,0.997256953
1.20997701E+01,922.125602,0.004495834,0.000104565,0.000309555,0.992354462,1.34302056822695e-12,1.17514823103006e-06,0.002827431,0.004909954,0.997264417
1.20998071E+01,924.9908783,0.004497289,0.000104384,0.000309743,0.992352333,1.39846252582501e-12,1.16970991326498e-06,0.00282826,0.004911415,0.997263748
1.20998441E+01,927.7857333,0.004509385,0.000104268,0.000309733,0.992338282,1.45623386044706e-12,1.16476730700869e-06,0.002830496,0.004923386,0.997261669
1.20998810E+01,930.7036562,0.00449855,0.000103936,0.000309566,0.992354395,1.5160269228903e-12,1.15944661099763e-06,0.002825861,0.004912052,0.997266447
1.20999177E+01,933.4124731,0.004526028,0.000104057,0.000310274,0.992319166,1.57862051616217e-12,1.15436783963043e-06,0.002832946,0.004940359,0.997259525
1.20999543E+01,936.3910197,0.00450253,0.000103539,0.000309573,0.992353058,1.64307828427476e-12,1.14923362932935e-06,0.002823919,0.004915641,0.997268699
1.20999908E+01,939.2734143,0.004504692,0.000103362,0.000309761,0.992349641,1.71024412654007e-12,1.14418346527515e-06,0.002825307,0.004917815,0.997267455
1.21000272E+01,942.0753059,0.004518714,0.000103274,0.000309822,0.99233316,1.78021724970484e-12,1.13910025380471e-06,0.002827945,0.00493181,0.997264969
1.21000635E+01,945.0189124,0.004506058,0.000102916,0.000309574,0.992351754,1.85255524209207e-12,1.13412601162053e-06,0.002822762,0.004918548,0.997270301
1.21000997E+01,947.7270796,0.004536325,0.000104601,0.000310852,0.992310869,1.92833915932623e-12,1.12926482001592e-06,0.00283059,0.004951778,0.997262647
1.21001358E+01,950.7150086,0.004513719,0.000102575,0.000309727,0.992345581,2.00637126038689e-12,1.12421806784674e-06,0.002821792,0.00492602,0.997271602
1.21001717E+01,953.6479071,0.004510018,0.000102321,0.000309741,0.992349947,2.08748081464523e-12,1.1194230302934e-06,0.002821509,0.00492208,0.997272027
1.21002076E+01,956.4666243,0.004525254,0.000102253,0.000309866,0.992331458,2.17205667953844e-12,1.11451399656964e-06,0.002824864,0.004937373,0.997268831
1.21002433E+01,959.4183708,0.004514482,0.000101935,0.000309736,0.992347654,2.25951714711263e-12,1.10957239556543e-06,0.00282004,0.004926153,0.997273806
1.21002790E+01,962.2073943,0.004534124,0.000101941,0.000310156,0.992322654,2.35084603742346e-12,1.10510444664203e-06,0.002825133,0.004946221,0.997268875
1.21003145E+01,965.2034821,0.004515689,0.000101509,0.000309697,0.992349199,2.44502451954004e-12,1.10033068646341e-06,0.002818061,0.004926895,0.997276093
1.21003499E+01,967.9293301,0.004547726,0.000101694,0.000310647,0.992307501,2.54374251659867e-12,1.09572315564288e-06,0.002826755,0.004960067,0.997267569
1.21003853E+01,970.966173,0.004521282,0.000101152,0.000309844,0.992345373,2.64523158628357e-12,1.09085023707967e-06,0.002816816,0.004932278,0.997277651
1.21004205E+01,973.8873618,0.004524125,0.000100996,0.000310099,0.992340947,2.75090701974278e-12,1.08635110332498e-06,0.002818443,0.004935221,0.997276168
1.21004556E+01,976.7925532,0.004528215,0.000100782,0.000309883,0.992337375,2.86067377447691e-12,1.08161333392163e-06,0.002818509,0.00493888,0.997276255
1.21004906E+01,979.6304367,0.004541591,0.000100937,0.000310862,0.992320803,2.97493602777611e-12,1.07708341889685e-06,0.002820734,0.004953389,0.997274193
1.21005255E+01,982.5228515,0.004543178,0.00010056,0.000310423,0.992321483,3.09338405230055e-12,1.07272332479518e-06,0.002819437,0.004954161,0.997275644
1.21005603E+01,985.5571205,0.00452476,0.000100117,0.000309906,0.992346704,3.21570256464604e-12,1.06793344404538e-06,0.002813751,0.004934783,0.997281486
1.21005950E+01,988.3125722,0.00455657,0.00010029,0.000310802,0.992305647,3.3439016997282e-12,1.06370450967078e-06,0.002822091,0.004967662,0.997273308
1.21006296E+01,991.3964969,0.004527669,9.97303051880467e-05,0.000309945,0.992346444,3.47549906693359e-12,1.05916907439584e-06,0.002811756,0.004937344,0.997283788
1.21006641E+01,994.2127538,0.004551704,0.000100066,0.000311216,0.992313733,3.61325878806906e-12,1.05478072571115e-06,0.002818991,0.004962985,0.997276718
1.21006984E+01,997.1873258,0.004543245,9.94859925860064e-05,0.000310332,0.992328453,3.75558143706682e-12,1.05037373913118e-06,0.002814356,0.004953062,0.997281515
1.21007327E+01,1000.184938,0.004535796,9.92201259573489e-05,0.000310348,0.992338561,3.90304297018009e-12,1.04608430956574e-06,0.002812091,0.004945363,0.997283925
1.21007669E+01,1003.12148,0.00454063,9.90216759482536e-05,0.00031022,0.992333243,4.05632994839263e-12,1.04164430843225e-06,0.002813073,0.004949872,0.997283115
1.21008010E+01,1005.898012,0.004568353,9.91683064007583e-05,0.00031115,0.99229879,4.21637094196916e-12,1.03752341405532e-06,0.002818886,0.004978671,0.997277462
1.21008350E+01,1009.016667,0.004536272,9.85756625761084e-05,0.000310235,0.992343331,4.38055770984985e-12,1.0331753320766e-06,0.002808078,0.004945083,0.997288413
1.21008689E+01,1011.795492,0.004569267,9.96902257630662e-05,0.000311544,0.992298501,4.55285284180208e-12,1.0292026486346e-06,0.00281767,0.0049805,0.997279002
1.21009027E+01,1014.914062,0.004539766,9.81935280022971e-05,0.000310307,0.992341487,4.72961195251107e-12,1.02475277325973e-06,0.002807053,0.004948266,0.997289753
1.21009363E+01,1017.725556,0.004568722,9.87875999068697e-05,0.000311739,0.992302212,4.91472294525535e-12,1.02083896223293e-06,0.002815517,0.004979249,0.997281461
1.21009699E+01,1020.812924,0.004546165,9.78532524468242e-05,0.000310499,0.992335575,5.10510053804524e-12,1.01658381777434e-06,0.002807037,0.004954518,0.997290092
1.21010034E+01,1023.701383,0.004563063,9.80250839442097e-05,0.000311534,0.992312736,5.30368512760786e-12,1.01268811124051e-06,0.002811938,0.004972622,0.997285358
1.21010368E+01,1026.682147,0.004560214,9.75968972704582e-05,0.000310884,0.992319525,5.50906326581244e-12,1.0084992354618e-06,0.002809239,0.004968695,0.99728822
1.21010701E+01,1029.716994,0.004551558,9.73335281751253e-05,0.000310903,0.99233153,5.72158481130785e-12,1.00440401248184e-06,0.002806281,0.004959795,0.997291325
1.21011033E+01,1032.697082,0.00455466,9.71193389808033e-05,0.000310766,0.99232829,5.94216574753584e-12,1.00049852731526e-06,0.002806924,0.004962545,0.997290835
1.21011364E+01,1035.617403,0.004565482,9.70262190347329e-05,0.000310979,0.992315827,6.1713421483573e-12,9.96534672748334e-07,0.00280861,0.004973487,0.997289314
1.21011695E+01,1038.595365,0.004564788,9.69322716224373e-05,0.000311506,0.992318091,6.40843777664836e-12,9.92657559439522e-07,0.00280676,0.004973225,0.997291317
1.21012024E+01,1041.605777,0.004561063,9.66347539609647e-05,0.00031128,0.992324229,6.65395875482696e-12,9.88709675564335e-07,0.002805025,0.004968978,0.997293207
1.21012352E+01,1044.610002,0.004560708,9.63842771640024e-05,0.000311075,0.992325842,6.9083495691139e-12,9.84737986073896e-07,0.002804397,0.004968167,0.997294009
1.21012679E+01,1047.570331,0.004567346,9.62419534104291e-05,0.000311171,0.992318548,7.17225857485017e-12,9.80950299460725e-07,0.002805243,0.004974759,0.997293307
1.21013006E+01,1050.423913,0.004588189,9.68633689016736e-05,0.000312443,0.992292185,7.44691383380752e-12,9.77228828452542e-07,0.002809041,0.004997495,0.997289681
1.21013331E+01,1053.582747,0.004559091,9.57638451594668e-05,0.000311136,0.99233324,7.72869491924609e-12,9.73247961198342e-07,0.002799644,0.004965992,0.997299231
1.21013656E+01,1056.449763,0.004584865,9.5840966178216e-05,0.000311851,0.992299499,8.02318673092524e-12,9.69487774921496e-07,0.002807,0.004992557,0.997292056
1.21013979E+01,1059.575579,0.004563878,9.54336623471722e-05,0.000311392,0.992329298,8.32578200000199e-12,9.65780828344726e-07,0.002799191,0.004970704,0.997300002
1.21014302E+01,1062.566892,0.004571076,9.52779497642356e-05,0.000311443,0.992319898,8.64031359835654e-12,9.61958195067712e-07,0.00280166,0.004977796,0.997297694
1.21014624E+01,1065.485711,0.004586017,9.52464926740945e-05,0.000311868,0.992302439,8.96699716220214e-12,9.58310392272469e-07,0.002803959,0.004993132,0.997295571
1.21014945E+01,1068.551578,0.004575356,9.5012305526829e-05,0.000312011,0.992317855,9.30366281299984e-12,9.54648461528095e-07,0.002799428,0.004982379,0.997300234
1.21015265E+01,1071.567393,0.004577258,9.48078633553722e-05,0.000312011,0.99231601,9.65282367182867e-12,9.51000913589099e-07,0.002799742,0.004984077,0.997300087
1.21015584E+01,1074.591696,0.004577844,9.45961609647935e-05,0.000311946,0.992316667,1.00140464931489e-11,9.47410299421458e-07,0.002798941,0.004984386,0.997301054
1.21015902E+01,1077.616767,0.004578506,9.43869315496543e-05,0.000311898,0.992317095,1.03880622920895e-11,9.43759508370623e-07,0.002798254,0.004984791,0.997301887
1.21016219E+01,1080.625446,0.004581882,9.42120263264608e-05,0.000311939,0.992314019,1.07754306909906e-11,9.40159287787703e-07,0.002798249,0.004988033,0.997302052
1.21016535E+01,1083.563157,0.004595275,9.41642195079352e-05,0.000312381,0.992298246,1.11774618007049e-11,9.36860480266676e-07,0.00280042,0.005001819,0.997300065
1.21016851E+01,1086.634476,0.004586146,9.39659814183404e-05,0.000312602,0.992311641,1.15918565771469e-11,9.33287901501087e-07,0.002796281,0.004992713,0.997304354
1.21017166E+01,1089.647608,0.004590607,9.38232133107826e-05,0.00031278,0.992306377,1.20213474508381e-11,9.29728604142817e-07,0.002797204,0.00499721,0.997303587
1.21017479E+01,1092.659736,0.004594579,9.37066266696314e-05,0.000312993,0.992302676,1.24659177470151e-11,9.26430485389126e-07,0.002797013,0.005001278,0.997303954
1.21017792E+01,1095.726664,0.004589953,9.33290868891021e-05,0.000312442,0.99231057,1.29250769097973e-11,9.22928384909834e-07,0.002794811,0.004995724,0.997306294
1.21018104E+01,1098.634467,0.004611054,9.39302234376288e-05,0.000313667,0.992283405,1.34026306627056e-11,9.19570730729651e-07,0.00279924,0.005018651,0.997302056
1.21018416E+01,1101.852497,0.00458184,9.28685838834757e-05,0.000312404,0.992324275,1.38918797646566e-11,9.16034889597845e-07,0.002790043,0.004987112,0.997311388
1.21018726E+01,1104.871395,0.004592345,9.27640994565378e-05,0.000312591,0.99231025,1.44006197171258e-11,9.12784215695119e-07,0.002793644,0.004997701,0.997307951
1.21019035E+01,1107.867163,0.004601495,9.26621344712398e-05,0.000312805,0.992300455,1.49274743018137e-11,9.09481834994552e-07,0.002794327,0.005006962,0.997307417
1.21019344E+01,1110.805164,0.004616529,9.31342627568961e-05,0.000314039,0.992281739,1.54737410840911e-11,9.06289584149529e-07,0.002796485,0.005023702,0.997305442
1.21019652E+01,1114.025957,0.004588272,9.21725964972453e-05,0.000312807,0.992320981,1.60333729134375e-11,9.02948924928596e-07,0.002787837,0.004993251,0.997314232
1.21019959E+01,1117.060693,0.004597801,9.20591510260888e-05,0.000312962,0.992308258,1.66151659653961e-11,8.99722671033398e-07,0.002791152,0.005002823,0.997311081
1.21020265E+01,1120.096964,0.004602797,9.19185323501495e-05,0.000313078,0.992303708,1.72167371430215e-11,8.96500635638063e-07,0.002790893,0.005007794,0.997311501
1.21020570E+01,1123.099852,0.004611292,9.18194395804019e-05,0.000313409,0.992294183,1.78393724876696e-11,8.93427435011172e-07,0.002791847,0.00501652,0.997310703
1.21020874E+01,1126.094066,0.004619432,9.20347252651321e-05,0.000314414,0.992284556,1.84837066687733e-11,8.90331642928925e-07,0.002792291,0.00502588,0.997310436
1.21021178E+01,1129.301123,0.004596823,9.13085340152085e-05,0.000313276,0.992315988,1.91451100687512e-11,8.87080681693232e-07,0.002785482,0.005001407,0.997317395
1.21021481E+01,1132.349128,0.00460562,9.11918660448427e-05,0.000313432,0.992304566,1.98315308803365e-11,8.84068654457207e-07,0.002788221,0.005010244,0.99731481
1.21021783E+01,1135.403294,0.004609607,9.10462005100333e-05,0.000313551,0.992301234,2.05410307644976e-11,8.80984170954858e-07,0.002787768,0.005014204,0.997315438
1.21022084E+01,1138.437702,0.004615405,9.09267646475082e-05,0.000313841,0.992295079,2.12748338854395e-11,8.77952431829734e-07,0.002788111,0.005020172,0.997315252
1.21022384E+01,1141.426602,0.004627062,9.08704885708547e-05,0.000314343,0.992281587,2.20345601319194e-11,8.75153235580749e-07,0.002789674,0.005032276,0.997313863
1.21022683E+01,1144.573087,0.004614401,9.0650361387514e-05,0.000314431,0.99229928,2.28155026439951e-11,8.72023343076182e-07,0.002784926,0.005019482,0.997318761
1.21022982E+01,1147.689214,0.004612146,9.03291664435099e-05,0.000313953,0.992302939,2.36229424123795e-11,8.69039318473813e-07,0.002784467,0.005016428,0.997319367
1.21023280E+01,1150.728184,0.004621431,9.02269228025492e-05,0.000314177,0.992292277,2.44588437981959e-11,8.66217646438624e-07,0.002785894,0.005025835,0.997318112
1.21023577E+01,1153.723609,0.004633961,9.019835439409e-05,0.000314797,0.992277787,2.53241135572901e-11,8.6338689771263e-07,0.002787435,0.005038956,0.997316743
1.21023874E+01,1156.885692,0.004620624,8.99805950519874e-05,0.000314876,0.992296203,2.62132136320162e-11,8.60435174043616e-07,0.002782626,0.005025481,0.997321684
1.21024169E+01,1160.025617,0.004616437,8.96344981145354e-05,0.000314331,0.992302422,2.71316185889759e-11,8.5768484266732e-07,0.002781655,0.005020403,0.997322825
1.21024464E+01,1163.093048,0.004623728,8.95210861687736e-05,0.000314529,0.992294032,2.8081775183402e-11,8.54809100136236e-07,0.002782833,0.005027778,0.99732181
1.21024758E+01,1166.156668,0.004628832,8.93841040690554e-05,0.000314715,0.992289116,2.90634306876251e-11,8.52018925938882e-07,0.002782759,0.005032932,0.997322048
1.21025051E+01,1169.186898,0.004637797,8.93104756583662e-05,0.000315193,0.992278961,3.00784691122573e-11,8.49433159609419e-07,0.002783711,0.005042301,0.997321262
1.21025343E+01,1172.263546,0.004639195,8.94211539142023e-05,0.000315917,0.992278037,3.11249496034866e-11,8.46633562178614e-07,0.002782559,0.005044533,0.997322569
1.21025635E+01,1175.49612,0.004620309,8.87917265039162e-05,0.000314964,0.992304041,3.21998790584067e-11,8.43807261514226e-07,0.00277716,0.005024064,0.997328105
1.21025926E+01,1178.548312,0.004633367,8.87702294226163e-05,0.000315462,0.992287264,3.33152326603276e-11,8.41280390715856e-07,0.002780577,0.005037599,0.997324864
1.21026216E+01,1181.535296,0.004650373,8.90855832386176e-05,0.000316363,0.992266836,3.44695749021252e-11,8.38694871824177e-07,0.002782941,0.005055822,0.997322657
1.21026505E+01,1184.782907,0.00462731,8.83497097801511e-05,0.0003155,0.992298904,3.56512074446428e-11,8.35910463440636e-07,0.002775695,0.005031159,0.997330063
1.21026794E+01,1187.782001,0.004648018,8.85360502974146e-05,0.000316425,0.992271838,3.68796462280092e-11,8.33444919190205e-07,0.002781112,0.00505298,0.997324818
1.21027082E+01,1191.013324,0.004629646,8.79881634327494e-05,0.000315559,0.992298261,3.81387525108558e-11,8.30802894548842e-07,0.002774622,0.005033193,0.997331454
1.21027369E+01,1194.058433,0.004644278,8.80153509509497e-05,0.000316251,0.992279279,3.94444786910432e-11,8.28223417725205e-07,0.002778415,0.005048544,0.997327822
1.21027655E+01,1197.245684,0.004634097,8.76491562503241e-05,0.000315673,0.992294628,4.07859741447496e-11,8.25716973938837e-07,0.002774348,0.00503742,0.997332048
1.21027941E+01,1200.3507,0.004639368,8.75304125837661e-05,0.00031594,0.992288346,4.21731734798933e-11,8.23200103230226e-07,0.00277537,0.005042838,0.997331184
1.21028225E+01,1203.429713,0.004646417,8.7469286237055e-05,0.000316414,0.992280611,4.36055042096496e-11,8.2071465382344e-07,0.002775808,0.0050503,0.997330911
1.21028509E+01,1206.395476,0.004667354,8.85384768965394e-05,0.000317133,0.992254417,4.50893576541991e-11,8.18355032371127e-07,0.002779451,0.005073025,0.997327442
1.21028793E+01,1209.651254,0.004644528,8.71696339329584e-05,0.000316845,0.992286468,4.66062661551071e-11,8.15893735252307e-07,0.002772038,0.005048542,0.99733501
1.21029075E+01,1212.847843,0.004639705,8.68258088992078e-05,0.000316321,0.992292856,4.81723823474427e-11,8.13413006478829e-07,0.002771474,0.005042851,0.997335708
1.21029357E+01,1215.92677,0.004651764,8.68102978044358e-05,0.000316851,0.992278293,4.97926426169005e-11,8.11098267137355e-07,0.002773643,0.005055425,0.997333719
1.21029639E+01,1218.918729,0.004670929,8.67867368990403e-05,0.000317446,0.99225576,5.14695925398142e-11,8.0881344906016e-07,0.002776607,0.005075162,0.997330922
1.21029919E+01,1222.124949,0.004656463,8.66594410854693e-05,0.000317607,0.992275791,5.31881388753171e-11,8.0643589099801e-07,0.00277116,0.005060729,0.99733652
1.21030199E+01,1225.348801,0.004647277,8.623422894169e-05,0.00031704,0.992288163,5.49569983418664e-11,8.04085556339759e-07,0.00276911,0.005050551,0.997338714
1.21030478E+01,1228.322423,0.004674719,8.67639937152036e-05,0.00031818,0.992253212,5.6795682702498e-11,8.01896734488073e-07,0.00277513,0.005079663,0.997332875
1.21030756E+01,1231.570166,0.004656371,8.60608675738035e-05,0.000317705,0.992279558,5.86755227354519e-11,7.99503401307069e-07,0.002768449,0.005060137,0.997339694
1.21031034E+01,1234.780749,0.004651089,8.57289037519571e-05,0.000317275,0.99228668,6.06140108278877e-11,7.97165882821737e-07,0.00276754,0.005054093,0.997340773
1.21031311E+01,1237.812631,0.004670911,8.58827429523955e-05,0.000318236,0.99226197,6.26233595190333e-11,7.94992443493283e-07,0.002771482,0.005075031,0.997337001
1.21031587E+01,1241.049632,0.004656683,8.54661604959939e-05,0.000317697,0.992282483,6.46812363941158e-11,7.92773960789415e-07,0.002766284,0.005059846,0.997342329
1.21031862E+01,1244.045286,0.004680853,8.54855230575312e-05,0.000318408,0.992252142,6.68183917583868e-11,7.90673976979284e-07,0.002771907,0.005084746,0.997336888
1.21032137E+01,1247.18262,0.004678956,8.53113548336352e-05,0.000318583,0.992256972,6.90123534836163e-11,7.88472486365685e-07,0.002769127,0.005082851,0.997339823
1.21032411E+01,1250.369582,0.004673914,8.54374854682514e-05,0.000318942,0.992263574,7.1269526607361e-11,7.86373719484004e-07,0.002767248,0.005078293,0.997341867
1.21032685E+01,1253.588733,0.004667842,8.4981068533063e-05,0.000318674,0.992272472,7.3591268251409e-11,7.84124073081674e-07,0.002765302,0.005071498,0.997343969
1.21032957E+01,1256.807634,0.004663576,8.46717764280905e-05,0.000318314,0.992279062,7.59824900134646e-11,7.82028527201237e-07,0.002763798,0.005066562,0.997345624
1.21033229E+01,1259.840484,0.00468478,8.46597472804154e-05,0.000318873,0.992253119,7.84606566825297e-11,7.79998308817131e-07,0.002768162,0.005088313,0.997341432
1.21033501E+01,1263.024718,0.004679098,8.44430979675719e-05,0.000318871,0.992262497,8.10023798739615e-11,7.7785961428613e-07,0.002764832,0.005082412,0.997344908
1.21033771E+01,1266.201402,0.004678417,8.42611782341019e-05,0.000318931,0.992264089,8.36207793221855e-11,7.75854565141821e-07,0.002764197,0.005081609,0.997345698
1.21034041E+01,1269.389437,0.004677413,8.40753112566365e-05,0.00031891,0.992266505,8.63162019696552e-11,7.7376346656913e-07,0.002763154,0.005080398,0.997346904
1.21034311E+01,1272.587725,0.00467567,8.38827641231013e-05,0.000318866,0.992269849,8.90905897742947e-11,7.71680069954789e-07,0.00276194,0.005078419,0.997348268
1.21034579E+01,1275.790342,0.004674192,8.37102574892858e-05,0.000318917,0.992272593,9.19463999471398e-11,7.69607442510732e-07,0.002760962,0.005076819,0.997349412
1.21034847E+01,1278.987706,0.004673795,8.35416427246532e-05,0.000318979,0.992274065,9.48866837518187e-11,7.67640803931104e-07,0.002760137,0.005076316,0.997350381
1.21035115E+01,1282.104516,0.004683823,8.35353745685151e-05,0.000319654,0.992262077,9.79218857822104e-11,7.65661871997568e-07,0.002761609,0.005087012,0.997349088
1.21035381E+01,1285.261653,0.004685892,8.33146229690378e-05,0.000319539,0.992261286,1.0104408292338e-10,7.63673813842744e-07,0.00276081,0.005088746,0.997350032
1.21035647E+01,1288.486463,0.004679756,8.31007046747166e-05,0.000319496,0.992270247,1.04251837257442e-10,7.61689461660016e-07,0.002758399,0.005082352,0.997352599
1.21035913E+01,1291.690394,0.00467953,8.29374387692827e-05,0.000319573,0.992271217,1.07554295979182e-10,7.59785280748146e-07,0.002757894,0.005082041,0.997353258
1.21036177E+01,1294.757216,0.004697349,8.30815983892791e-05,0.000320629,0.992249176,1.10969206632984e-10,7.57913174886555e-07,0.002761081,0.00510106,0.997350236
1.21036441E+01,1297.968013,0.00469129,8.28360806233388e-05,0.00032059,0.992258851,1.14470001165163e-10,7.55958998150473e-07,0.002757912,0.005094716,0.997353567
1.21036705E+01,1301.172872,0.004690214,8.2631033393584e-05,0.000320593,0.992260973,1.18073179482144e-10,7.54115533341828e-07,0.002757227,0.005093438,0.997354411
1.21036967E+01,1304.378465,0.004689885,8.24355000537387e-05,0.000320562,0.992262633,1.21780576185696e-10,7.52200768813767e-07,0.002756285,0.005092883,0.997355516
1.21037230E+01,1307.568441,0.004692338,8.22141577022334e-05,0.000320359,0.992260871,1.25597504400664e-10,7.50313232082214e-07,0.002756179,0.005094911,0.997355782
1.21037491E+01,1310.81128,0.004687217,8.20207131544406e-05,0.000320354,0.992268521,1.29517133079943e-10,7.48465737163878e-07,0.002753994,0.005089591,0.997358112
1.21037752E+01,1313.931698,0.004700061,8.20607647593797e-05,0.000321164,0.992252666,1.33565775324331e-10,7.46645056441288e-07,0.002756316,0.005103286,0.997355952
1.21038012E+01,1317.142824,0.004697099,8.18578722542888e-05,0.000321185,0.992258179,1.37720737448676e-10,7.44780594311258e-07,0.002754096,0.005100142,0.997358322
1.21038272E+01,1320.363134,0.004695275,8.16074079826104e-05,0.000320926,0.992261648,1.4199383268533e-10,7.43011186383062e-07,0.002753128,0.005097809,0.997359457
1.21038531E+01,1323.589825,0.004694209,8.14499159311544e-05,0.000321028,0.992263921,1.46388094176017e-10,7.41184093614194e-07,0.002752144,0.005096687,0.997360608
1.21038789E+01,1326.59153,0.004722669,8.1547676565998e-05,0.000322125,0.992228852,1.50941762792457e-10,7.39511294191898e-07,0.002757714,0.005126341,0.997355193
1.21039047E+01,1329.918416,0.004701192,8.11810872650996e-05,0.000321529,0.992258588,1.55580978112263e-10,7.37633843594746e-07,0.002750577,0.005103901,0.99736249
1.21039304E+01,1333.197805,0.004695705,8.0967526037771e-05,0.000321368,0.992265457,1.60355610531381e-10,7.35876498767286e-07,0.002749723,0.00509804,0.997363498
1.21039560E+01,1336.374623,0.004704846,8.09330753127272e-05,0.000321867,0.992254572,1.65280182081805e-10,7.3411799969816e-07,0.00275115,0.005107646,0.997362218
1.21039816E+01,1339.570762,0.004707438,8.07574142710646e-05,0.000321879,0.99225295,1.70344399425944e-10,7.32410766627522e-07,0.002750498,0.005110075,0.997363024
1.21040071E+01,1342.834807,0.004701623,8.05563807277695e-05,0.00032186,0.992261403,1.75537955003657e-10,7.30685938127029e-07,0.002748251,0.005104039,0.997365442
1.21040326E+01,1345.852018,0.004729777,8.06490019390027e-05,0.00032295,0.99222648,1.80922050689266e-10,7.29082081061313e-07,0.002754011,0.005133376,0.997359855
1.21040580E+01,1349.214718,0.004705876,8.02612694433894e-05,0.000322224,0.99225924,1.86402803562285e-10,7.27298337377457e-07,0.002746407,0.005108362,0.997367602
1.21040833E+01,1352.485351,0.004704106,8.00968394160771e-05,0.000322246,0.992261231,1.92047316993092e-10,7.25550390632761e-07,0.002746468,0.005106449,0.997367681
1.21041086E+01,1355.491785,0.004735562,8.07732087930367e-05,0.000323715,0.992221697,1.97900150253786e-10,7.24060424832926e-07,0.002752596,0.00514005,0.997361748
1.21041338E+01,1358.851881,0.004712407,7.98522219305021e-05,0.000322781,0.992254365,2.03855592947635e-10,7.223010023926e-07,0.002745084,0.00511504,0.997369405
1.21041590E+01,1362.151271,0.004707326,7.96527179478119e-05,0.000322661,0.992260594,2.09981415475877e-10,7.20629369012668e-07,0.002744403,0.005109639,0.997370234
1.21041841E+01,1365.20896,0.004733807,7.99665415199096e-05,0.000324034,0.992227358,2.1632902772227e-10,7.19039765054627e-07,0.002749627,0.005137807,0.997365165
1.21042091E+01,1368.48572,0.004723763,7.94887519823561e-05,0.000323479,0.992242959,2.22811581817381e-10,7.17430993650405e-07,0.002745263,0.005126731,0.99736969
1.21042341E+01,1371.828212,0.004711128,7.92202500629168e-05,0.000323118,0.992259452,2.29456024625202e-10,7.15717489546692e-07,0.002742188,0.005113466,0.997372918
1.21042590E+01,1374.963755,0.004729186,7.93279143588971e-05,0.000324083,0.992236635,2.36326411389379e-10,7.14209126210064e-07,0.002746029,0.005132597,0.997369232
1.21042839E+01,1378.082412,0.00474259,7.92033510112428e-05,0.000324518,0.992221937,2.43396066214487e-10,7.12669154942023e-07,0.002747189,0.005146312,0.997368249
1.21043087E+01,1381.496376,0.00471685,7.87966402877971e-05,0.00032365,0.992256153,2.50596746404671e-10,7.10994200962763e-07,0.002740123,0.005119297,0.997375451
1.21043334E+01,1384.759075,0.004720233,7.87010512949686e-05,0.000323884,0.99225158,2.5802022274252e-10,7.09374669333462e-07,0.002741334,0.005122818,0.997374398
1.21043581E+01,1387.946513,0.004730605,7.85996974740234e-05,0.000324091,0.992239901,2.65665316821837e-10,7.07876230881475e-07,0.002742707,0.005133296,0.997373197
1.21043827E+01,1391.241071,0.004723756,7.84301802799005e-05,0.0003242,0.992249905,2.73495353156891e-10,7.06281273306405e-07,0.002739754,0.005126386,0.997376291
1.21044073E+01,1394.430939,0.004733272,7.83190705112163e-05,0.000324442,0.992238606,2.81562808987742e-10,7.04742599167908e-07,0.002741567,0.005136034,0.997374639
1.21044318E+01,1397.723703,0.004727215,7.81595273772143e-05,0.000324558,0.992247586,2.89823357966451e-10,7.03208971246587e-07,0.00273884,0.005129933,0.997377519
1.21044563E+01,1400.934272,0.004734158,7.80399931308918e-05,0.00032476,0.992239606,2.98331889807085e-10,7.01708234512876e-07,0.002739953,0.005136957,0.997376563
1.21044807E+01,1404.191113,0.004733624,7.79325527780157e-05,0.000325069,0.99224151,3.07055784005461e-10,7.00155686157125e-07,0.002738551,0.005136625,0.997378135
1.21045050E+01,1407.477335,0.004730538,7.77062616100057e-05,0.000324852,0.992246486,3.1601003721662e-10,6.9863718553801e-07,0.002737242,0.005133096,0.997379582
1.21045293E+01,1410.529424,0.004757881,7.8198384339357e-05,0.000326359,0.992212191,3.25271898108858e-10,6.97292016346949e-07,0.002742379,0.005162439,0.99737463
1.21045536E+01,1413.962527,0.004730332,7.74129157472055e-05,0.000325225,0.992249895,3.34679703205805e-10,6.95712370708089e-07,0.002734277,0.00513297,0.997382866
1.21045777E+01,1417.18018,0.004741166,7.74127118875999e-05,0.000325848,0.992235673,3.44393724765391e-10,6.94234832373583e-07,0.002737217,0.005144427,0.9973801
1.21046019E+01,1420.283985,0.004761544,7.80573632969913e-05,0.000326701,0.99221097,3.54410060470602e-10,6.92902984481755e-07,0.002740206,0.005166303,0.997377273
1.21046259E+01,1423.755976,0.004731204,7.69685794765806e-05,0.000325583,0.992251962,3.64580543099781e-10,6.91318489641389e-07,0.002731889,0.005133756,0.997385717
1.21046499E+01,1426.89866,0.004753165,7.71341750564351e-05,0.000326708,0.99222347,3.75120754642311e-10,6.89925113709565e-07,0.002737295,0.005157007,0.997380477
1.21046739E+01,1430.201931,0.004747284,7.67917925697231e-05,0.000326222,0.992233481,3.85892233906727e-10,6.88450113806266e-07,0.002734167,0.005150297,0.997383778
1.21046978E+01,1433.541038,0.004740043,7.66171969216829e-05,0.000326222,0.992243153,3.96931853317113e-10,6.87013273374957e-07,0.00273205,0.005142883,0.997386036
1.21047217E+01,1436.790805,0.00474615,7.64930006610579e-05,0.000326339,0.99223618,4.0829502732112e-10,6.85603390933537e-07,0.002733075,0.005148982,0.997385162
1.21047455E+01,1439.91445,0.004765652,7.6751627156481e-05,0.000327635,0.992212329,4.20004721127606e-10,6.84253211732375e-07,0.002736052,0.005170038,0.997382367
1.21047692E+01,1443.328276,0.004744136,7.61898784926743e-05,0.00032667,0.992241802,4.31924457669021e-10,6.82778794089356e-07,0.002729748,0.005146995,0.997388798
1.21047929E+01,1446.507334,0.004760658,7.6307479669466e-05,0.000327653,0.992220645,4.44236976049117e-10,6.81474882055294e-07,0.002733466,0.005164618,0.997385263
1.21048165E+01,1449.836403,0.00475322,7.59545378808165e-05,0.00032709,0.992232266,4.56818890452287e-10,6.80047732898727e-07,0.002730349,0.005156265,0.997388532
1.21048401E+01,1453.124416,0.004754432,7.58908059030931e-05,0.000327513,0.992231095,4.69745618841539e-10,6.78673398650589e-07,0.002730101,0.005157836,0.997388931
1.21048636E+01,1456.45379,0.004750349,7.56643648810826e-05,0.000327263,0.992237412,4.82986286845111e-10,6.77310123235019e-07,0.002728501,0.005153277,0.997390689
1.21048871E+01,1459.690293,0.004758733,7.55768162040414e-05,0.000327579,0.992227692,4.96611904869987e-10,6.7596188974628e-07,0.002729769,0.005161889,0.997389581
1.21049105E+01,1462.870628,0.00477151,7.57142148477667e-05,0.000328627,0.992212539,5.10622999639788e-10,6.746635056534e-07,0.00273111,0.005175852,0.997388391
1.21049339E+01,1466.268619,0.004754942,7.52604301497027e-05,0.000327829,0.992235318,5.24901226074143e-10,6.73297609344512e-07,0.002726295,0.005158032,0.99739335
1.21049572E+01,1469.429654,0.004774565,7.5464601302843e-05,0.000328993,0.992210397,5.39652462920164e-10,6.72024016358185e-07,0.002730391,0.005179023,0.997389419
1.21049805E+01,1472.853055,0.004755908,7.49785333979916e-05,0.000328062,0.992236282,5.5467137542277e-10,6.70633871057337e-07,0.002724731,0.005158949,0.997395231
1.21050037E+01,1475.954264,0.004783814,7.54437611820217e-05,0.000329546,0.992200603,5.70223576430911e-10,6.69459185273312e-07,0.002730721,0.005188804,0.997389407
1.21050268E+01,1479.463755,0.004753403,7.46759882532632e-05,0.00032825,0.9922418,5.8598336051678e-10,6.68025732679168e-07,0.002722155,0.005156329,0.99739813
1.21050499E+01,1482.614626,0.004777646,7.47127669517529e-05,0.000329093,0.992210993,6.02316381205548e-10,6.66792635082238e-07,0.002728008,0.005181452,0.997392445
1.21050730E+01,1486.011054,0.004763581,7.45059706713057e-05,0.000328928,0.992230681,6.18949278054628e-10,6.65447922070835e-07,0.002722891,0.005167014,0.997397695
1.21050960E+01,1489.326784,0.004764947,7.4349475324904e-05,0.000328933,0.992229278,6.36035982825283e-10,6.64186367577624e-07,0.002723246,0.005168229,0.997397507
1.21051190E+01,1492.61166,0.004769048,7.422480873599e-05,0.000329076,0.992225285,6.535769028022e-10,6.62907799358081e-07,0.002723273,0.005172349,0.997397634
1.21051419E+01,1495.781612,0.004785731,7.42168055271216e-05,0.00032987,0.992205452,6.71635512845224e-10,6.61708317001889e-07,0.002725791,0.005189818,0.99739527
1.21051647E+01,1499.202577,0.004768214,7.39789043299509e-05,0.000329616,0.992229011,6.90009393000682e-10,6.6042345332414e-07,0.002720409,0.005171809,0.99740082
1.21051875E+01,1502.518541,0.004770704,7.38341064964502e-05,0.000329629,0.992226152,7.08904536375485e-10,6.59167810378455e-07,0.002721066,0.005174167,0.997400318
1.21052103E+01,1505.822944,0.004773449,7.36986798327097e-05,0.000329708,0.992223864,7.28280781423633e-10,6.57917031518492e-07,0.002720803,0.005176856,0.99740072
1.21052330E+01,1509.064456,0.004782682,7.36171821939544e-05,0.000330132,0.992213417,7.4818175957203e-10,6.56745751354422e-07,0.002721839,0.005186431,0.997399848
1.21052556E+01,1512.296684,0.004790902,7.37331868476737e-05,0.000331107,0.992203908,7.68605831111098e-10,6.55564430066303e-07,0.002722208,0.005195742,0.99739965
1.21052782E+01,1515.754199,0.004771372,7.32696060319407e-05,0.000330165,0.992230172,7.8939755589055e-10,6.54274954786234e-07,0.002717016,0.005174807,0.997404979
1.21053008E+01,1518.98005,0.004786988,7.32318492195919e-05,0.000330669,0.992210826,8.10846297737792e-10,6.53103930432397e-07,0.002720435,0.005190889,0.997401715
1.21053233E+01,1522.232535,0.004793962,7.33306984488115e-05,0.000331545,0.992203244,8.32830458403731e-10,6.51939736617346e-07,0.00272023,0.005198837,0.997402082
1.21053458E+01,1525.691477,0.004775436,7.28866882392843e-05,0.000330661,0.99222811,8.55212046512779e-10,6.5070970197107e-07,0.002715357,0.005178984,0.997407094
1.21053682E+01,1528.940413,0.004789061,7.28304498184929e-05,0.000331081,0.992211284,8.7829451617419e-10,6.49560113509913e-07,0.002718361,0.005192972,0.997404256
1.21053905E+01,1532.090889,0.004809073,7.34883105111776e-05,0.000332358,0.992186907,9.02031217405958e-10,6.48509756814257e-07,0.00272096,0.00521492,0.997401826
1.21054128E+01,1535.651082,0.004776091,7.2500688683207e-05,0.000331215,0.992230695,9.26067403560388e-10,6.47203348369334e-07,0.002712421,0.005179807,0.997410502
1.21054351E+01,1538.956733,0.004785704,7.24150651010294e-05,0.00033141,0.992218278,9.50856114876389e-10,6.46076962236565e-07,0.002715277,0.005189528,0.997407807
1.21054573E+01,1542.270281,0.004789585,7.23056661114139e-05,0.000331582,0.992214918,9.76255360966661e-10,6.44919585871579e-07,0.002714864,0.005193472,0.99740839
1.21054795E+01,1545.546123,0.004796603,7.22081355895601e-05,0.000331965,0.992207212,1.00230724083794e-09,6.43826459965653e-07,0.002715411,0.005200776,0.997407988
1.21055016E+01,1548.71805,0.004814254,7.22366934375545e-05,0.000333015,0.992186215,1.02910965620022e-09,6.42771825376227e-07,0.002717841,0.005219505,0.99740572
1.21055237E+01,1552.244001,0.004786806,7.1922709929359e-05,0.000332298,0.99222215,1.05627687998086e-09,6.41545466156202e-07,0.002710527,0.005191027,0.997413177
1.21055457E+01,1555.541779,0.004797075,7.18708269348102e-05,0.000332644,0.992209049,1.08427346831463e-09,6.40433737200458e-07,0.002713229,0.005201589,0.997410639
1.21055677E+01,1558.852522,0.004801311,7.17918246939643e-05,0.00033295,0.992205207,1.11295467996752e-09,6.39361530859492e-07,0.00271277,0.005206053,0.99741126
1.21055896E+01,1562.233297,0.004796239,7.15498838836966e-05,0.000332678,0.99221281,1.14227075009881e-09,6.38225932651071e-07,0.002710902,0.005200468,0.997413278
1.21056115E+01,1565.500353,0.004806926,7.14794504867568e-05,0.000333133,0.992200274,1.17240649353968e-09,6.37162404220818e-07,0.002712531,0.005211538,0.997411812
1.21056333E+01,1568.702469,0.004821925,7.19601787174332e-05,0.00033429,0.992182158,1.20334341769729e-09,6.36177643582003e-07,0.002714179,0.005228175,0.997410333
1.21056551E+01,1572.248865,0.004793909,7.1171298934565e-05,0.00033329,0.992219339,1.23471460066042e-09,6.34980314478598e-07,0.002706941,0.00519837,0.997417709
1.21056768E+01,1575.540277,0.004806531,7.1140183222824e-05,0.000333743,0.992203235,1.26705707800613e-09,6.33957113257714e-07,0.002710148,0.005211414,0.997414649
1.21056985E+01,1578.825419,0.00481433,7.11345298990289e-05,0.000334278,0.992194932,1.30020139960148e-09,6.32914061767819e-07,0.002710298,0.005219742,0.997414675
1.21057202E+01,1582.2917,0.004799197,7.07795604267224e-05,0.0003336,0.992215367,1.33395232994351e-09,6.31789104332779e-07,0.002706164,0.005203576,0.997418943
1.21057418E+01,1585.622245,0.004805652,7.06900438295155e-05,0.000333842,0.992207624,1.36863063492439e-09,6.30768780596442e-07,0.00270746,0.005210185,0.997417809
1.21057634E+01,1588.967667,0.004807526,7.05735499538825e-05,0.000334014,0.992206546,1.40413409711015e-09,6.29713512098449e-07,0.002706762,0.005212114,0.997418659
1.21057849E+01,1592.314024,0.004808974,7.04537197634139e-05,0.000334215,0.992205675,1.44048509017899e-09,6.28698959570646e-07,0.002706254,0.005213643,0.997419318
1.21058063E+01,1595.660962,0.004810297,7.03326563110886e-05,0.000334397,0.992205066,1.47770226054888e-09,6.2766003186965e-07,0.002705644,0.005215027,0.997420093
1.21058278E+01,1599.010369,0.004811654,7.02125340621914e-05,0.000334576,0.992204329,1.51580247819077e-09,6.26628281728764e-07,0.002705121,0.005216442,0.997420771
1.21058491E+01,1602.361088,0.004813045,7.0093845778156e-05,0.000334761,0.992203581,1.5548059349948e-09,6.25604139639448e-07,0.002704573,0.005217899,0.99742148
1.21058705E+01,1605.711619,0.004814634,6.99787307130954e-05,0.000334963,0.992202579,1.59473412252042e-09,6.2458831214376e-07,0.002704061,0.005219576,0.997422155
1.21058918E+01,1609.057115,0.004816867,6.98728963494889e-05,0.000335213,0.992200759,1.6356139541966e-09,6.23614712489534e-07,0.002703645,0.005221953,0.997422711
1.21059130E+01,1612.386525,0.004820986,6.97928017013397e-05,0.000335585,0.992196521,1.67748344964981e-09,6.22625421684618e-07,0.002703639,0.005226364,0.997422885
1.21059342E+01,1615.65452,0.004831795,6.98281585502401e-05,0.000336356,0.992183867,1.7204356842512e-09,6.21678265639492e-07,0.00270484,0.005237979,0.997421846
1.21059554E+01,1619.144578,0.004815131,6.94765467483459e-05,0.000335664,0.992206268,1.76410329746989e-09,6.20664814834102e-07,0.002700276,0.005220272,0.99742654
1.21059765E+01,1622.444539,0.004826873,6.94617549535661e-05,0.000336241,0.992191795,1.80902408636215e-09,6.19717996994912e-07,0.002702603,0.005232576,0.997424371
1.21059976E+01,1625.658466,0.004844434,6.97335949643007e-05,0.000337283,0.99217088,1.8551786267311e-09,6.18855203109234e-07,0.002704826,0.00525145,0.99742233
1.21060186E+01,1629.168746,0.004824041,6.92135920677487e-05,0.000336665,0.992198294,1.9019760276369e-09,6.17867143859928e-07,0.0026991,0.005229919,0.997428213
1.21060396E+01,1632.608074,0.004820449,6.898939174816e-05,0.000336281,0.992203099,1.94993202616735e-09,6.16878855332815e-07,0.00269863,0.00522572,0.997428818
1.21060605E+01,1635.941539,0.004829019,6.89423040455072e-05,0.000336693,0.992193297,1.99915746469105e-09,6.15939571079548e-07,0.002699659,0.005234655,0.997427952
1.21060814E+01,1639.209076,0.004841805,6.90026993251362e-05,0.000337586,0.992178249,2.04964705189761e-09,6.15043715155811e-07,0.002701124,0.005248394,0.997426642
1.21061023E+01,1642.69029,0.004826958,6.86844207284427e-05,0.000337069,0.992198396,2.10097987500097e-09,6.14087309205254e-07,0.002696805,0.00523271,0.997431106
1.21061231E+01,1645.9209,0.004847155,6.88296551742071e-05,0.000338129,0.992173208,2.15389926679891e-09,6.13223758152655e-07,0.002700764,0.005254114,0.997427322
1.21061438E+01,1649.41371,0.004831298,6.8483745069917e-05,0.000337568,0.992195051,2.20762626677942e-09,6.12252532005672e-07,0.002695836,0.00523735,0.997432401
1.21061646E+01,1652.835987,0.004829909,6.82985546776164e-05,0.000337375,0.992197195,2.2626750025109e-09,6.11311266348728e-07,0.002695595,0.005235583,0.997432778
1.21061853E+01,1656.167927,0.004838554,6.82613152562783e-05,0.000337868,0.99218731,2.31913945849412e-09,6.1044514469792e-07,0.002696544,0.005244684,0.997431993
1.21062059E+01,1659.379307,0.004857942,6.85171771874075e-05,0.000339075,0.992163867,2.37714639643848e-09,6.09623336703238e-07,0.002699305,0.005265533,0.9974294
1.21062265E+01,1662.860435,0.004842188,6.81201408410649e-05,0.00033871,0.992185373,2.4360265695521e-09,6.08693068266488e-07,0.002694478,0.005249018,0.997434391
1.21062471E+01,1666.311878,0.004837332,6.78850289219088e-05,0.000338396,0.992191913,2.4962683313106e-09,6.07772064550509e-07,0.002693494,0.005243614,0.997435527
1.21062676E+01,1669.487532,0.004864997,6.79176045536937e-05,0.000339469,0.992158365,2.5583984176856e-09,6.07016638714812e-07,0.002698429,0.005272384,0.997430749
1.21062880E+01,1672.937322,0.0048531,6.79624463633954e-05,0.000339613,0.992174661,2.62150258885038e-09,6.0614166281386e-07,0.002694002,0.005260676,0.997435337
1.21063085E+01,1676.383432,0.004848155,6.76725973469043e-05,0.000339464,0.9921814,2.68598185460505e-09,6.052807374293e-07,0.002692789,0.005255291,0.997436691
1.21063289E+01,1679.838575,0.004844359,6.74532057292244e-05,0.000339196,0.992187091,2.75189854456557e-09,6.04386347017066e-07,0.002691536,0.005251008,0.9974381
1.21063492E+01,1683.274522,0.004843033,6.72758373756879e-05,0.00033905,0.992189698,2.81931859480125e-09,6.03502944249028e-07,0.002690725,0.005249358,0.997439056
1.21063695E+01,1686.536443,0.004861044,6.73846962851717e-05,0.000340111,0.992167804,2.88863645348182e-09,6.02706258787715e-07,0.002693617,0.005268539,0.997436344
1.21063898E+01,1690.003173,0.004850477,6.71380970252693e-05,0.000339867,0.992182622,2.95910255079927e-09,6.01858006107374e-07,0.002689997,0.005257482,0.997440104
1.21064100E+01,1693.441506,0.00484813,6.69529550408361e-05,0.000339733,0.992186116,3.0311862692126e-09,6.00995644982832e-07,0.002689315,0.005254816,0.997440932
1.21064302E+01,1696.619015,0.004875717,6.73924628991143e-05,0.000341144,0.992152125,3.10550220435228e-09,6.00258856699656e-07,0.00269405,0.005284254,0.997436378
1.21064504E+01,1700.024655,0.004869642,6.68453258218075e-05,0.000341062,0.992162187,3.18101507681066e-09,5.99472652776457e-07,0.002690858,0.005277549,0.997439736
1.21064705E+01,1703.45545,0.004866015,6.66907514475855e-05,0.000341051,0.992167327,3.25817969638047e-09,5.98654986933437e-07,0.002689658,0.005273757,0.997441084
1.21064905E+01,1706.89981,0.004863456,6.65419079366191e-05,0.000340945,0.992171415,3.33700363509017e-09,5.97827215251873e-07,0.002688528,0.005270943,0.997442359
1.21065106E+01,1710.355939,0.004860567,6.63916214251252e-05,0.000340833,0.992175927,3.41753023270642e-09,5.96997558669388e-07,0.002687327,0.005267792,0.99744372
1.21065305E+01,1713.819461,0.004857501,6.62405560242681e-05,0.000340721,0.992180582,3.49979863553114e-09,5.96167410539554e-07,0.002686141,0.005264463,0.997445045
1.21065505E+01,1717.263464,0.004856685,6.61376832420182e-05,0.00034081,0.992182316,3.58390971471887e-09,5.95370571644652e-07,0.002685385,0.005263633,0.997445949
1.21065704E+01,1720.648341,0.004862178,6.60871488452922e-05,0.000341238,0.992176298,3.67002371766198e-09,5.94587549251345e-07,0.002685688,0.005269502,0.9974458
1.21065903E+01,1723.871739,0.004883612,6.60835173557134e-05,0.00034226,0.992150733,3.75852840003326e-09,5.93885210069734e-07,0.002688986,0.005291955,0.997442688
1.21066101E+01,1727.38049,0.004867799,6.58464152462065e-05,0.000341884,0.992172142,3.84825785077217e-09,5.93100614616101e-07,0.002684152,0.00527553,0.997447672
1.21066299E+01,1730.852302,0.004863705,6.57110770638729e-05,0.000341771,0.992177477,3.94001156672588e-09,5.92299671578895e-07,0.002683293,0.005271187,0.997448664
1.21066496E+01,1734.31448,0.004862161,6.55811073103157e-05,0.000341701,0.992180328,4.03376742342434e-09,5.91530654927634e-07,0.002682362,0.005269443,0.997449771
1.21066693E+01,1737.630536,0.004876539,6.56360478443378e-05,0.000342598,0.992162991,4.1300103049012e-09,5.90806445156821e-07,0.002684506,0.005284773,0.997447764
1.21066890E+01,1741.045817,0.004875007,6.55099578109865e-05,0.000342803,0.992166308,4.2281444975923e-09,5.9007033596527e-07,0.002682816,0.00528332,0.997449628
1.21067087E+01,1744.444714,0.004877551,6.54220744885807e-05,0.000343094,0.992163842,4.32844732811496e-09,5.89326352353999e-07,0.002682691,0.005286067,0.997449909
1.21067283E+01,1747.83117,0.004881649,6.53652606630964e-05,0.000343444,0.992159706,4.43099269793917e-09,5.88595791090805e-07,0.002682594,0.005290458,0.997450164
1.21067478E+01,1751.188836,0.004888535,6.54247603788038e-05,0.000343941,0.992152048,4.53585162539914e-09,5.87911531067114e-07,0.002682976,0.005297901,0.997449949
1.21067673E+01,1754.654684,0.004882688,6.50023534873781e-05,0.000343575,0.992160963,4.64271616834025e-09,5.87169224551222e-07,0.00268083,0.005291265,0.997452227
1.21067868E+01,1758.192366,0.004872154,6.48243367522273e-05,0.000343187,0.992174744,4.75160564463713e-09,5.86396505875522e-07,0.002678305,0.005280166,0.997454909
1.21068063E+01,1761.657552,0.004872998,6.47171584802905e-05,0.000343214,0.992174335,4.86300352689438e-09,5.85676120001162e-07,0.002678109,0.005280929,0.997455264
1.21068257E+01,1764.840413,0.004903165,6.51528960802075e-05,0.000344853,0.99213714,4.97783639092834e-09,5.85060984908738e-07,0.002683223,0.005313171,0.997450311
1.21068450E+01,1768.40877,0.004881829,6.45241699434201e-05,0.00034405,0.992166172,5.09389398718486e-09,5.84296904411136e-07,0.002677114,0.005290403,0.997456575
1.21068644E+01,1771.931342,0.004875282,6.43771422198478e-05,0.000343798,0.99217434,5.21247091899268e-09,5.83579417305753e-07,0.002676034,0.005283457,0.997457797
1.21068837E+01,1775.307018,0.004886646,6.43799747386449e-05,0.000344402,0.992160844,5.33411331768584e-09,5.82901661096293e-07,0.002677721,0.005295429,0.997456273
1.21069029E+01,1778.747284,0.00488593,6.42193222259703e-05,0.000344409,0.992163123,5.45820940752039e-09,5.82217996464535e-07,0.002676469,0.005294558,0.997457681
1.21069221E+01,1782.2268,0.004882234,6.40916992198017e-05,0.000344452,0.992168561,5.58472163061179e-09,5.81533085499638e-07,0.002674968,0.005290777,0.997459339
1.21069413E+01,1785.472477,0.004905432,6.41070301894871e-05,0.000345506,0.992140541,5.71490724732729e-09,5.80925611136677e-07,0.00267889,0.005315045,0.997455586
1.21069605E+01,1789.083663,0.00488217,6.38520066757437e-05,0.000344812,0.992171085,5.84650299799322e-09,5.80184292890435e-07,0.002672704,0.005290834,0.99746192
1.21069796E+01,1792.49701,0.004890069,6.38173410264894e-05,0.00034524,0.992161248,5.98155703353888e-09,5.79520057209614e-07,0.002674395,0.005299127,0.997460374
1.21069986E+01,1795.916374,0.004893982,6.36698833406533e-05,0.000345314,0.992157812,6.11949557409002e-09,5.78876736830384e-07,0.002674153,0.005302966,0.997460778
1.21070177E+01,1799.408137,0.004888978,6.35662814122508e-05,0.000345406,0.992164909,6.26007044736694e-09,5.78191705770572e-07,0.002672213,0.005297951,0.99746286
1.21070367E+01,1802.711586,0.004906307,6.35328473368654e-05,0.000346164,0.99214422,6.40441470960967e-09,5.77594728938701e-07,0.002675014,0.005316004,0.997460223
1.21070556E+01,1806.305149,0.004887363,6.33173498071926e-05,0.000345634,0.992169203,6.55055343459012e-09,5.76906731608624e-07,0.002669878,0.005296315,0.997465517
1.21070745E+01,1809.542301,0.004914699,6.35562633219721e-05,0.000347124,0.992135005,6.70140796964003e-09,5.76345841262374e-07,0.002675176,0.005325379,0.997460384
1.21070934E+01,1813.084604,0.004900036,6.31510491916003e-05,0.000346469,0.992155587,6.85410105755221e-09,5.75676395817797e-07,0.002670471,0.005309656,0.997465243
1.21071123E+01,1816.636308,0.004891542,6.30073743843049e-05,0.000346213,0.992166386,7.00984128826697e-09,5.74995531687768e-07,0.002668719,0.005300762,0.997467148
1.21071311E+01,1819.845085,0.00492232,6.3080592939749e-05,0.000347558,0.992128899,7.17056177466127e-09,5.74461468617126e-07,0.002674185,0.005332958,0.997461857
1.21071499E+01,1823.523061,0.004892515,6.27883350830327e-05,0.000346598,0.992167765,7.332380370884e-09,5.73772968517108e-07,0.002666494,0.005301901,0.997469666
1.21071686E+01,1826.868384,0.004910476,6.28625263765152e-05,0.000347532,0.992145075,7.4991087026726e-09,5.73193739050286e-07,0.002670395,0.00532087,0.997465945
1.21071874E+01,1830.211206,0.004921704,6.27413145840822e-05,0.000348042,0.992132954,7.6695289908439e-09,5.72632315246874e-07,0.002671052,0.005332487,0.997465441
1.21072060E+01,1833.882811,0.004895656,6.24733212404764e-05,0.000347148,0.992166429,7.84171900726088e-09,5.71953629438379e-07,0.002664938,0.005305277,0.997471705
1.21072247E+01,1837.1825,0.00491938,6.26230856090324e-05,0.000348346,0.992136709,8.01934102738511e-09,5.71409748236427e-07,0.002669753,0.00533035,0.997467059
1.21072433E+01,1840.685325,0.004912648,6.23356406504257e-05,0.000348006,0.992147156,8.19967334504386e-09,5.70812455259103e-07,0.002666812,0.00532299,0.997470145
1.21072618E+01,1844.250501,0.004902847,6.21954571607936e-05,0.000347783,0.99215978,8.38336597739164e-09,5.70167181569477e-07,0.002664494,0.005312826,0.997472605
1.21072804E+01,1847.601346,0.004919234,6.21517180851464e-05,0.000348399,0.992140179,8.57195981857993e-09,5.69634549244025e-07,0.002667299,0.005329785,0.997469964
1.21072989E+01,1851.15967,0.004907623,6.20131525476875e-05,0.000348242,0.992155874,8.76328372086068e-09,5.69029715331665e-07,0.002663653,0.005317878,0.997473752
1.21073173E+01,1854.563551,0.00491732,6.19484390007263e-05,0.000348663,0.992144275,8.95947296752901e-09,5.68450139949383e-07,0.002665365,0.005327931,0.997472206
1.21073358E+01,1858.022291,0.004918128,6.18982407018561e-05,0.000349041,0.992144421,9.15933193164495e-09,5.67895414974433e-07,0.00266425,0.005329067,0.997473488
1.21073542E+01,1861.352856,0.004933085,6.18150506097797e-05,0.000349736,0.992126901,9.3642524807984e-09,5.6738083623518e-07,0.002666355,0.005344636,0.997471537
1.21073725E+01,1865.040427,0.004906721,6.15569241102037e-05,0.00034882,0.992160906,9.57108583054047e-09,5.66731543697176e-07,0.002660039,0.005317098,0.997478005
1.21073909E+01,1868.302049,0.004935661,6.16061295272025e-05,0.000349996,0.992125112,9.78474364678592e-09,5.6626405821856e-07,0.00266584,0.005347263,0.997472376
1.21074092E+01,1871.974032,0.004910531,6.13689426317151e-05,0.000349214,0.992158143,1.0000259552956e-08,5.65627141026504e-07,0.002659097,0.005321115,0.997479258
1.21074274E+01,1875.328354,0.004929055,6.13367252458429e-05,0.000349915,0.992135178,1.02220664228132e-08,5.65133112659305e-07,0.002663018,0.005340307,0.997475485
1.21074457E+01,1878.858353,0.004921808,6.12501361748797e-05,0.000349982,0.992145649,1.04473437629392e-08,5.64543409071732e-07,0.002659981,0.00533304,0.997478689
1.21074639E+01,1882.369208,0.004919952,6.10958341798837e-05,0.000349882,0.992148529,1.06771757177649e-08,5.64001597275892e-07,0.00265935,0.00533093,0.997479458
1.21074820E+01,1885.686839,0.004939318,6.10843903696906e-05,0.0003508,0.992125506,1.0913134976777e-08,5.63508488215937e-07,0.002662288,0.005351202,0.997476708
1.21075001E+01,1889.313031,0.004920154,6.09013710873215e-05,0.000350344,0.992150644,1.11516668516489e-08,5.62939117318586e-07,0.002657101,0.005331399,0.997482043
1.21075182E+01,1892.767325,0.004926965,6.0814760220458e-05,0.000350552,0.992142418,1.13962050799396e-08,5.62407183467536e-07,0.002658532,0.005338332,0.99748075
1.21075363E+01,1895.995185,0.004955097,6.15002542967118e-05,0.000352039,0.992108158,1.16475118602824e-08,5.61967002151808e-07,0.002662664,0.005368637,0.997476795
1.21075543E+01,1899.771508,0.004917376,6.05507043976302e-05,0.000350711,0.992157158,1.18997498412719e-08,5.61362714171521e-07,0.0026538,0.005328638,0.997485796
1.21075723E+01,1903.110476,0.004940772,6.0549988784235e-05,0.000351528,0.992127884,1.21602780748777e-08,5.608787315543e-07,0.002659038,0.00535285,0.997480734
1.21075903E+01,1906.654532,0.00493324,6.04733831342242e-05,0.000351585,0.992138827,1.24244337955124e-08,5.60365557701896e-07,0.002655788,0.005345298,0.997484125
1.21076082E+01,1910.188429,0.00493023,6.03132828407815e-05,0.000351459,0.992143111,1.26939494195138e-08,5.59829843873727e-07,0.002654965,0.005342002,0.997485113
1.21076261E+01,1913.63264,0.00493737,6.02431582610575e-05,0.00035179,0.99213512,1.29694278191139e-08,5.59357385261335e-07,0.002655705,0.005349404,0.997484524
1.21076440E+01,1916.892729,0.004961816,6.07328893548293e-05,0.000353291,0.992105433,1.32522602433888e-08,5.58934516226672e-07,0.002659136,0.00537584,0.997481273
1.21076618E+01,1920.672331,0.004925435,5.99649826505978e-05,0.000351887,0.992152503,1.35363459876548e-08,5.58331550231989e-07,0.002650739,0.005337287,0.99748979
1.21076796E+01,1924.071958,0.004943071,5.99231164654145e-05,0.000352406,0.992130509,1.38290769716876e-08,5.57873257176818e-07,0.002654789,0.005355399,0.997485908
1.21076974E+01,1927.43038,0.004957653,6.0116145935319e-05,0.000353575,0.992113614,1.41282389151707e-08,5.57432149657921e-07,0.002655913,0.005371344,0.997484958
1.21077151E+01,1931.130798,0.004932634,5.96942030790527e-05,0.000352507,0.992146049,1.44301534290867e-08,5.56890362566445e-07,0.002650116,0.005344835,0.997490884
1.21077328E+01,1934.496374,0.004952407,5.96718730296085e-05,0.000353264,0.992121767,1.47410521852831e-08,5.56450766473188e-07,0.002654055,0.005365343,0.997487109
1.21077505E+01,1937.99856,0.004950638,5.96719896453737e-05,0.000353665,0.992125304,1.5056871198748e-08,5.56000516350864e-07,0.002652055,0.005363975,0.997489279
1.21077681E+01,1941.569138,0.004943285,5.94387945128717e-05,0.000353291,0.992135249,1.53782872947359e-08,5.55498585723847e-07,0.002650211,0.005356015,0.997491264
1.21077857E+01,1944.862354,0.004968113,5.94698338118222e-05,0.000354507,0.992105305,1.57088074802227e-08,5.55105381923757e-07,0.002654258,0.005382089,0.997487395
1.21078033E+01,1948.591259,0.004939978,5.92421311971977e-05,0.000353623,0.9921416,1.60414611118644e-08,5.54591479948786e-07,0.002647349,0.005352844,0.997494444
1.21078208E+01,1952.088262,0.004946723,5.91586893151546e-05,0.000353765,0.992133265,1.63827732201457e-08,5.54126051124979e-07,0.002649037,0.005359646,0.997492911
1.21078383E+01,1955.567676,0.004951439,5.90785608933591e-05,0.000354011,0.992128661,1.67308215457692e-08,5.53699467192027e-07,0.002648905,0.005364528,0.99749319
1.21078558E+01,1958.939079,0.004965836,5.90338787274846e-05,0.000354865,0.992111894,1.708709457371e-08,5.53290907229364e-07,0.002650631,0.005379735,0.997491629
1.21078733E+01,1962.510911,0.004955995,5.89695004217673e-05,0.000354924,0.992125108,1.74483225067818e-08,5.52823744246263e-07,0.002647429,0.005369888,0.997494997
1.21078907E+01,1966.074498,0.004951891,5.87700039411397e-05,0.000354606,0.992130828,1.78163765078233e-08,5.52378178480766e-07,0.002646488,0.005365267,0.997496095
1.21079081E+01,1969.447009,0.004969215,5.87448098150027e-05,0.000355421,0.992110334,1.81938893666258e-08,5.51996359833871e-07,0.002649031,0.005383381,0.997493715
1.21079254E+01,1973.011107,0.004961295,5.87038210870495e-05,0.000355566,0.992121217,1.85767086555427e-08,5.51547320946689e-07,0.002646103,0.005375565,0.997496782
1.21079428E+01,1976.608142,0.004953883,5.84767716653799e-05,0.000355116,0.99213112,1.89662382749087e-08,5.51105854911249e-07,0.002644448,0.005367476,0.997498596
1.21079600E+01,1980.043311,0.004965772,5.84102268687373e-05,0.000355608,0.992117222,1.93652958441787e-08,5.5070400429804e-07,0.002646197,0.005379791,0.997497013
1.21079773E+01,1983.362054,0.004985356,5.89148636581055e-05,0.00035697,0.992093696,1.97736154221498e-08,5.50384685318421e-07,0.002648442,0.00540124,0.997494936
1.21079945E+01,1987.139975,0.004953142,5.82033507835481e-05,0.000355792,0.992135227,2.01843608461756e-08,5.49879386427116e-07,0.002641151,0.005367137,0.997502364
1.21080117E+01,1990.635982,0.004962472,5.81438063179204e-05,0.000356016,0.992123607,2.06060986369502e-08,5.49467833278682e-07,0.002643424,0.005376631,0.997500238
1.21080289E+01,1994.16367,0.004963751,5.80463834169937e-05,0.000356122,0.992123309,2.10355394221908e-08,5.49050906066641e-07,0.002642593,0.005377919,0.997501229
1.21080461E+01,1997.683258,0.00496509,5.79498429084478e-05,0.000356323,0.992122491,2.14732987932497e-08,5.48648213093738e-07,0.002642126,0.005379363,0.997501854
1.21080632E+01,2001.19376,0.004967169,5.78588477140409e-05,0.00035654,0.992120818,2.19193835095318e-08,5.48274695828593e-07,0.002641761,0.005381568,0.997502386
1.21080803E+01,2004.682227,0.004971337,5.77757529114864e-05,0.000356878,0.992116568,2.23745269454679e-08,5.47886759972347e-07,0.002641741,0.00538599,0.997502558
1.21080973E+01,2008.134419,0.004978683,5.76859038339382e-05,0.000357367,0.992108581,2.28390037828954e-08,5.47519727468352e-07,0.002642143,0.005393736,0.997502317
1.21081143E+01,2011.499181,0.004993738,5.76919931748586e-05,0.000358409,0.992090998,2.33138797428536e-08,5.47193208230188e-07,0.002643781,0.005409839,0.997500838
1.21081313E+01,2015.232414,0.004968607,5.75236861924941e-05,0.000357655,0.99212305,2.37925886175163e-08,5.467465153053e-07,0.002637928,0.005383785,0.997506836
1.21081483E+01,2018.799321,0.004970247,5.73714671849683e-05,0.000357448,0.992121297,2.42821508750961e-08,5.46384862777022e-07,0.002638551,0.005385066,0.997506363
1.21081652E+01,2022.292774,0.00497735,5.73135895574163e-05,0.000357792,0.992113603,2.4782236108627e-08,5.46018610326617e-07,0.002639032,0.005392456,0.997506059
1.21081821E+01,2025.769509,0.004983261,5.72140337261745e-05,0.000358232,0.992107459,2.52921480338795e-08,5.45666101290637e-07,0.002639087,0.005398707,0.997506166
1.21081990E+01,2029.182228,0.004994433,5.71928343369616e-05,0.000359057,0.992094639,2.58127540640412e-08,5.45378968326224e-07,0.002640091,0.005410683,0.997505322
1.21082158E+01,2032.753605,0.004987456,5.72105319099027e-05,0.000359231,0.992104048,2.63410496780555e-08,5.45014013071143e-07,0.002637622,0.005403898,0.997507946
1.21082326E+01,2036.428658,0.004974307,5.69239524152321e-05,0.000358519,0.9921211,2.68773616481916e-08,5.44609744064626e-07,0.002634865,0.005389751,0.997510851
1.21082494E+01,2039.915322,0.004984538,5.69044806653316e-05,0.000358954,0.99210899,2.74265549635582e-08,5.44277871744313e-07,0.00263649,0.005400396,0.997509386
1.21082662E+01,2043.392147,0.00499128,5.68835488437013e-05,0.00035952,0.992101728,2.79863932061737e-08,5.43954248644175e-07,0.002636614,0.005407684,0.997509412
1.21082829E+01,2047.035527,0.004979369,5.66517559102302e-05,0.000359045,0.992117564,2.85538831332886e-08,5.43579906390941e-07,0.002633543,0.005395066,0.99751263
1.21082996E+01,2050.54767,0.00498559,5.66014649122665e-05,0.000359356,0.992110381,2.91338352046873e-08,5.43276460354898e-07,0.002634396,0.005401547,0.997511928
1.21083163E+01,2054.059123,0.004989343,5.65394611514931e-05,0.000359707,0.992106823,2.97248898582694e-08,5.42950909929654e-07,0.002634087,0.005405589,0.997512412
1.21083329E+01,2057.538688,0.004995765,5.65134787908855e-05,0.000360279,0.992099678,3.0327701232059e-08,5.42651866799246e-07,0.002634417,0.005412558,0.997512236
1.21083495E+01,2061.173879,0.004985212,5.62990096077678e-05,0.000359854,0.992113839,3.09389015449471e-08,5.4230012399877e-07,0.002631602,0.005401365,0.997515204
1.21083661E+01,2064.686794,0.004991494,5.62532188095845e-05,0.000360193,0.992106641,3.15635484215893e-08,5.41987527219503e-07,0.002632393,0.00540794,0.997514581
1.21083827E+01,2068.183171,0.004997273,5.62138768008616e-05,0.000360676,0.99210051,3.22002002144578e-08,5.41691202926216e-07,0.002632464,0.005414163,0.997514673
1.21083992E+01,2071.578858,0.005011951,5.63263134147367e-05,0.000361726,0.992083131,3.28509488056914e-08,5.41446841790044e-07,0.002634157,0.005430003,0.997513134
1.21084157E+01,2075.253572,0.004995431,5.60340252314419e-05,0.000361188,0.992104858,3.35085833111014e-08,5.41111170845248e-07,0.002629927,0.005412653,0.997517511
1.21084322E+01,2078.873724,0.004991796,5.58610807662995e-05,0.000360866,0.99210986,3.41787754490724e-08,5.40804704496444e-07,0.002629207,0.005408523,0.997518383
1.21084486E+01,2082.350493,0.005002963,5.58669274967269e-05,0.000361469,0.992096891,3.48642460784283e-08,5.40538316643081e-07,0.002630568,0.005420298,0.99751719
1.21084650E+01,2085.709503,0.005021877,5.61088386487548e-05,0.00036272,0.992074393,3.55652609222699e-08,5.40322920382445e-07,0.002632818,0.005440706,0.997515099
1.21084814E+01,2089.366177,0.005006511,5.57746541903124e-05,0.000362396,0.992094743,3.62731242774498e-08,5.40044896108885e-07,0.002628651,0.005424681,0.997519424
1.21084978E+01,2092.998321,0.005001329,5.55759041080462e-05,0.000362081,0.992101656,3.6994397517633e-08,5.39749295797908e-07,0.002627599,0.005418986,0.997520641
1.21085141E+01,2096.60791,0.0049995,5.54350989677256e-05,0.000361869,0.992104871,3.77288639969891e-08,5.3946107161117e-07,0.002626718,0.005416803,0.997521674
1.21085304E+01,2100.053554,0.005013812,5.54836469570381e-05,0.000362733,0.992087928,3.84801122966168e-08,5.3925329554497e-07,0.002628598,0.005432028,0.997519956
1.21085467E+01,2103.686694,0.005004292,5.52894398836134e-05,0.000362482,0.992100932,3.92412103650105e-08,5.38967738519257e-07,0.002625689,0.005422063,0.997522995
1.21085629E+01,2107.045869,0.005026581,5.54726661264812e-05,0.000363771,0.99207379,4.00225475124878e-08,5.38771161436435e-07,0.00262925,0.005445824,0.997519614
1.21085792E+01,2110.679587,0.005014921,5.52479394366514e-05,0.000363545,0.992089682,4.0812154068862e-08,5.38499517847167e-07,0.002625628,0.005433713,0.997523395
1.21085954E+01,2114.291627,0.005011586,5.50815859495718e-05,0.000363402,0.992094323,4.16159343193376e-08,5.38257975022616e-07,0.002624772,0.00543007,0.997524393
1.21086115E+01,2117.898633,0.00500972,5.49456551872367e-05,0.000363258,0.992097586,4.24340973206455e-08,5.37992877632318e-07,0.002623831,0.005427924,0.997525509
1.21086277E+01,2121.228874,0.005035606,5.52363624947559e-05,0.000364711,0.992066206,4.32740679422683e-08,5.37825919760307e-07,0.002627738,0.005455553,0.997521759
1.21086438E+01,2124.827508,0.005026801,5.50508051057224e-05,0.000364744,0.992078553,4.41231300272624e-08,5.37579867521044e-07,0.0026245,0.005446596,0.99752515
1.21086599E+01,2128.398038,0.00502661,5.49231031457002e-05,0.00036487,0.992079339,4.49877898639977e-08,5.37352675273868e-07,0.002624066,0.005446403,0.997525743
1.21086759E+01,2131.97398,0.005026908,5.48078771547647e-05,0.000364956,0.992079903,4.58672427109723e-08,5.37154008761094e-07,0.002623399,0.005446672,0.997526576
1.21086920E+01,2135.523574,0.0050301,5.47508514595407e-05,0.000365225,0.992076817,4.67633902083587e-08,5.36940413042919e-07,0.002623244,0.005450075,0.997526892
1.21087080E+01,2139.05785,0.005034072,5.4747462774651e-05,0.000365566,0.99207279,4.76759490229178e-08,5.36737840051367e-07,0.00262311,0.005454385,0.997527176
1.21087240E+01,2142.624517,0.00503425,5.43704522570124e-05,0.000365582,0.99207396,4.86038735108852e-08,5.36536061704041e-07,0.002622292,0.005454203,0.997528163
1.21087399E+01,2146.260387,0.005028474,5.42400002809554e-05,0.000365394,0.992081899,4.95462622515489e-08,5.3630734505073e-07,0.002620587,0.005448109,0.997530007
1.21087558E+01,2149.898863,0.005024742,5.41203807341774e-05,0.000365211,0.992087212,5.05045515739524e-08,5.36075645180164e-07,0.002619464,0.005444073,0.997531285
1.21087717E+01,2153.530019,0.005022003,5.40657241657246e-05,0.000365125,0.992091311,5.1479403589566e-08,5.35847770738467e-07,0.002618407,0.005441193,0.997532504
1.21087876E+01,2157.139741,0.005021825,5.3974904250693e-05,0.000365171,0.992092269,5.24715524104345e-08,5.35643851809337e-07,0.002617815,0.005440971,0.99753324
1.21088034E+01,2160.637553,0.005031678,5.39716181737818e-05,0.000365858,0.99208092,5.34843962430415e-08,5.35465158705743e-07,0.002618787,0.005451507,0.997532426
1.21088193E+01,2164.112831,0.005040634,5.38475458958268e-05,0.000366423,0.992071101,5.45161773919119e-08,5.35312837351191e-07,0.002619384,0.005460905,0.997532006
1.21088351E+01,2167.7944,0.005027902,5.36803490285622e-05,0.000366042,0.992087788,5.55595687555325e-08,5.35113371517696e-07,0.00261611,0.005447624,0.997535412
1.21088508E+01,2171.416882,0.005026329,5.36372812439383e-05,0.000365999,0.992090182,5.6622269089248e-08,5.34915160513502e-07,0.002615527,0.005445965,0.997536147
1.21088666E+01,2174.907646,0.005037739,5.36481524766303e-05,0.000366709,0.992076944,5.77078807218222e-08,5.34766242737042e-07,0.002616814,0.005458096,0.99753504
1.21088823E+01,2178.436725,0.005041469,5.34869902987112e-05,0.000367004,0.992073616,5.88111949747291e-08,5.34615105593404e-07,0.002616438,0.00546196,0.997535576
1.21088980E+01,2182.119197,0.00503003,5.33908771602594e-05,0.000366673,0.992088509,5.99281795308774e-08,5.34421424624254e-07,0.002613549,0.005450094,0.997538602
1.21089136E+01,2185.678549,0.005035567,5.33458326002679e-05,0.000366994,0.992082221,6.10679800343916e-08,5.34269369328654e-07,0.002614179,0.005455907,0.997538128
1.21089293E+01,2189.017633,0.005060305,5.33289532334254e-05,0.000368333,0.992052963,6.22361980642966e-08,5.34204390199911e-07,0.002617546,0.005481967,0.99753493
1.21089449E+01,2192.78171,0.005036443,5.3100866125612e-05,0.000367549,0.992083695,6.34096861517199e-08,5.34008207435951e-07,0.002611851,0.005457093,0.997540787
1.21089605E+01,2196.429561,0.005034309,5.30567422218764e-05,0.000367394,0.992086402,6.46061255739271e-08,5.3382945261976e-07,0.002611606,0.00545476,0.997541162
1.21089760E+01,2199.914641,0.00504807,5.30884129962782e-05,0.000368177,0.992070301,6.58286568593634e-08,5.33722576457288e-07,0.00261331,0.005469336,0.997539637
1.21089916E+01,2203.440055,0.005052386,5.30619254740163e-05,0.00036872,0.992066067,6.70711534200909e-08,5.3360426900648e-07,0.002612875,0.005474168,0.997540235
1.21090071E+01,2206.873959,0.005065707,5.29168408265468e-05,0.00036951,0.992050856,6.83388375676338e-08,5.33511451945851e-07,0.002614273,0.005488133,0.997538989
1.21090226E+01,2210.667823,0.005041761,5.26857702388613e-05,0.000368546,0.992081369,6.96144456416891e-08,5.33317623617418e-07,0.002609053,0.005462993,0.997544361
1.21090380E+01,2214.327074,0.005040284,5.26494763992387e-05,0.000368359,0.992083363,7.09152332889075e-08,5.33161814301362e-07,0.002608905,0.005461293,0.997544656
1.21090535E+01,2217.740921,0.005061671,5.27619934741523e-05,0.00036958,0.992057864,7.22480978207967e-08,5.33093103354314e-07,0.002611858,0.005484013,0.997541877
1.21090689E+01,2221.252758,0.00506584,5.25609692969175e-05,0.00037003,0.9920543,7.36003903341052e-08,5.32996961231582e-07,0.002611162,0.00548843,0.99754273
1.21090843E+01,2225.040242,0.005044134,5.2417313990369e-05,0.000369178,0.992081639,7.49634176768087e-08,5.32847347064845e-07,0.002606671,0.005465729,0.997547368
1.21090996E+01,2228.634145,0.005049481,5.2365937802211e-05,0.000369348,0.992075472,7.63560651766614e-08,5.3273858469631e-07,0.002607533,0.005471195,0.997546667
1.21091150E+01,2232.068507,0.00506719,5.22967702865814e-05,0.00037025,0.992054909,7.77798967270058e-08,5.32693954514082e-07,0.002609703,0.005489737,0.997544646
1.21091303E+01,2235.83227,0.005047138,5.21688301874882e-05,0.000369613,0.992080587,7.92129362335382e-08,5.32555449795797e-07,0.002604998,0.00546892,0.997549507
1.21091456E+01,2239.291286,0.005064792,5.22310311989418e-05,0.00037059,0.992059119,8.0682226186668e-08,5.32504635589536e-07,0.002607924,0.005487613,0.997546732
1.21091608E+01,2242.719298,0.005078884,5.21082152900709e-05,0.000371461,0.992043406,8.21792549734669e-08,5.32478148835714e-07,0.002608971,0.005502453,0.997545859
1.21091761E+01,2246.555696,0.005050673,5.19373346499533e-05,0.000370371,0.99207897,8.36822667353883e-08,5.32322319921393e-07,0.002603022,0.005472982,0.997551951
1.21091913E+01,2250.135596,0.005058485,5.19020636872124e-05,0.000370643,0.992069546,8.52198775730507e-08,5.32252008374837e-07,0.002604555,0.00548103,0.997550576
1.21092065E+01,2253.658721,0.005067773,5.17752953998744e-05,0.000371086,0.992059423,8.67859961203186e-08,5.32198344376406e-07,0.002605229,0.005490634,0.997550057
1.21092217E+01,2257.34781,0.005057347,5.17144901018774e-05,0.000370889,0.992073118,8.83704243876588e-08,5.32097054091399e-07,0.002602358,0.00547995,0.997553068
1.21092368E+01,2260.735948,0.00508056,5.16773208861897e-05,0.000372057,0.992045313,8.99946418870069e-08,5.32102402896123e-07,0.00260599,0.005504295,0.997549607
1.21092519E+01,2264.541323,0.005055874,5.15339344099141e-05,0.000371178,0.992076862,9.16256492680762e-08,5.31988927668075e-07,0.002600283,0.005478586,0.997555448
1.21092670E+01,2267.877749,0.005086628,5.17396456019538e-05,0.00037284,0.992039113,9.33063888018578e-08,5.32003751326844e-07,0.002605592,0.005511207,0.99755032
1.21092821E+01,2271.655915,0.005064222,5.13305902615391e-05,0.000371878,0.992068493,9.4993193534733e-08,5.31880388177691e-07,0.00260012,0.00548743,0.997555923
1.21092971E+01,2275.264601,0.005067371,5.13525556360637e-05,0.00037209,0.992064747,9.67137782222787e-08,5.3184493775703e-07,0.002600637,0.005490813,0.99755556
1.21093122E+01,2278.830482,0.005072712,5.1286892082322e-05,0.000372324,0.99205922,9.84654088053137e-08,5.31793702785815e-07,0.002600824,0.005496323,0.997555543
1.21093272E+01,2282.426862,0.005073306,5.12291999026924e-05,0.000372652,0.992059394,1.00242925967787e-07,5.31774139169703e-07,0.002599934,0.005497187,0.997556581
1.21093421E+01,2286.055659,0.005071018,5.11060334636769e-05,0.000372577,0.992063002,1.02048351315901e-07,5.31727534850161e-07,0.002598974,0.005494701,0.997557703
1.21093571E+01,2289.505441,0.005087606,5.11883181806641e-05,0.000373695,0.992043329,1.0389169674843e-07,5.31761024934345e-07,0.002601007,0.005512489,0.997555818
1.21093720E+01,2293.176856,0.005077782,5.08958010329487e-05,0.000373331,0.992056772,1.05753829826893e-07,5.31712526563957e-07,0.002598201,0.005502009,0.997558781
1.21093869E+01,2296.834696,0.005074309,5.08897245421078e-05,0.000373302,0.992061503,1.07645521650629e-07,5.31655174013077e-07,0.002597133,0.005498501,0.997560003
1.21094018E+01,2300.422465,0.005078386,5.08143481482804e-05,0.00037344,0.992057309,1.09570494501809e-07,5.31662696250776e-07,0.002597346,0.00550264,0.997559949
1.21094167E+01,2303.919179,0.005089982,5.0854036063394e-05,0.000374353,0.992043919,1.11532519186132e-07,5.31664574578981e-07,0.002598331,0.005515188,0.997559107
1.21094315E+01,2307.556907,0.005084643,5.05968042018391e-05,0.000374198,0.992051703,1.1351800565503e-07,5.31636765430766e-07,0.00259646,0.005509438,0.997561141
1.21094463E+01,2311.221134,0.00507981,5.0589681489733e-05,0.000374143,0.992058262,1.15532552952534e-07,5.31605246313427e-07,0.002594947,0.005504543,0.997562804
1.21094611E+01,2314.831961,0.005081717,5.0500135208615e-05,0.000374166,0.99205668,1.17581099890736e-07,5.31621288671814e-07,0.002594841,0.005506383,0.997563063
1.21094759E+01,2318.223265,0.005104083,5.06517563530593e-05,0.000375641,0.992029993,1.19677063536933e-07,5.31681968907836e-07,0.002597692,0.005530376,0.99756037
1.21094906E+01,2322.051299,0.005077588,5.03147243331728e-05,0.000374503,0.992063901,1.21779134299798e-07,5.3162626101174e-07,0.00259191,0.005502406,0.997566307
1.21095053E+01,2325.405846,0.005107576,5.05155773923359e-05,0.000376119,0.992027165,1.23943452473945e-07,5.31714750756104e-07,0.002596989,0.00553421,0.997561376
1.21095200E+01,2329.263279,0.005078702,5.01561609924114e-05,0.000374819,0.992064307,1.26110096134954e-07,5.31663909067921e-07,0.002590533,0.005503678,0.997567984
1.21095347E+01,2332.540429,0.005116733,5.05815511346883e-05,0.000376777,0.992017566,1.28346894328299e-07,5.3180312521103e-07,0.002597029,0.005544092,0.997561658
1.21095494E+01,2336.488673,0.005077437,4.99974968162458e-05,0.00037512,0.99206772,1.30576588064893e-07,5.31746326975861e-07,0.002588538,0.005502555,0.997570274
1.21095640E+01,2339.891286,0.005105501,4.99606365120498e-05,0.00037631,0.99203332,1.32874777091973e-07,5.31861457680955e-07,0.002593903,0.005531772,0.997565091
1.21095786E+01,2343.635404,0.005089971,4.99093002301787e-05,0.000375893,0.992053784,1.35187202532342e-07,5.31868659246701e-07,0.002589567,0.005515773,0.997569557
1.21095932E+01,2347.259795,0.005091964,4.98223602073566e-05,0.000375935,0.992051713,1.3754128610148e-07,5.31931204518381e-07,0.002589852,0.005517721,0.997569434
1.21096077E+01,2350.682153,0.005112075,4.97522661096139e-05,0.000377057,0.992028168,1.39947831153117e-07,5.32030916458099e-07,0.002592385,0.005538884,0.997567052
1.21096223E+01,2354.456115,0.005092544,4.968045326938e-05,0.000376504,0.992053122,1.42367068918046e-07,5.32048808205475e-07,0.002587735,0.005518729,0.997571851
1.21096368E+01,2358.072807,0.005096105,4.96039573823278e-05,0.000376551,0.99204911,1.44832210885475e-07,5.32132148982103e-07,0.002588368,0.00552226,0.99757137
1.21096513E+01,2361.511582,0.005114703,4.95219112482469e-05,0.000377593,0.992027499,1.47350222027043e-07,5.32244969415865e-07,0.002590576,0.005541817,0.997569316
1.21096658E+01,2365.238557,0.005100122,4.94902886926541e-05,0.000377316,0.992046347,1.49885139488342e-07,5.32311726617535e-07,0.002586761,0.005526928,0.997573275
1.21096802E+01,2368.897993,0.005098703,4.9367226171593e-05,0.00037717,0.992048508,1.52463852838176e-07,5.323984205752e-07,0.002586442,0.00552524,0.997573748
1.21096946E+01,2372.45356,0.005106965,4.93565138543087e-05,0.000377564,0.992039296,1.55088646291115e-07,5.32511194879062e-07,0.002587165,0.005533886,0.997573182
1.21097090E+01,2375.835132,0.005128894,4.95323902862884e-05,0.000379153,0.992013241,1.57769422211284e-07,5.32669680276293e-07,0.002589693,0.005557579,0.99757082
1.21097234E+01,2379.750079,0.005094704,4.91203311671717e-05,0.000377664,0.992056477,1.60448251389781e-07,5.32685155017578e-07,0.002582668,0.005521487,0.997577964
1.21097378E+01,2383.28588,0.005109475,4.91301857561888e-05,0.00037812,0.992038525,1.63195539085616e-07,5.3280798186929e-07,0.002585552,0.005536726,0.997575251
1.21097521E+01,2386.653326,0.00513361,4.90630623769176e-05,0.000379608,0.9920105,1.65999825656707e-07,5.33013989171634e-07,0.002588195,0.005562281,0.997572781
1.21097665E+01,2390.55511,0.00510034,4.89290518842536e-05,0.000378393,0.992052181,1.68803690968782e-07,5.33053927421044e-07,0.002581255,0.005527661,0.997579842
1.21097808E+01,2394.153547,0.005109018,4.88690423242128e-05,0.00037856,0.992041648,1.71671577865916e-07,5.33178229862036e-07,0.002583147,0.005536447,0.997578095
1.21097950E+01,2397.706165,0.005117127,4.88346181416789e-05,0.000379027,0.992032941,1.74586958590822e-07,5.33333941618426e-07,0.002583485,0.005544989,0.99757793
1.21098093E+01,2401.062473,0.005141004,4.87854607431216e-05,0.000380622,0.99200483,1.77566178665063e-07,5.33536471710288e-07,0.00258633,0.005570411,0.997575241
1.21098235E+01,2404.998833,0.005104334,4.86382019765271e-05,0.000379186,0.99205066,1.80538970753483e-07,5.33592445997099e-07,0.002578877,0.005532159,0.997582819
1.21098377E+01,2408.594665,0.005114236,4.85844043073441e-05,0.00037937,0.9920386,1.83582390382714e-07,5.33743372791766e-07,0.002581052,0.00554219,0.99758079
1.21098519E+01,2412.1746,0.005120086,4.85348390691017e-05,0.000379714,0.992032683,1.86672964746248e-07,5.33915360104254e-07,0.002580987,0.005548335,0.997581018
1.21098661E+01,2415.632144,0.005135261,4.84357526399232e-05,0.000380779,0.99201514,1.89822913278663e-07,5.34112395034445e-07,0.002582561,0.005564475,0.997579615
1.21098802E+01,2419.338853,0.005123435,4.84485593446277e-05,0.000380637,0.992030404,1.92995994090882e-07,5.34275117491165e-07,0.002579375,0.00555252,0.997582924
1.21098944E+01,2423.046954,0.005117193,4.83068302948846e-05,0.000380178,0.992038634,1.96215653282743e-07,5.34424455910804e-07,0.002578146,0.005545677,0.997584311
1.21099085E+01,2426.564446,0.0051309,4.81747386519411e-05,0.000380866,0.992022798,1.99499119766514e-07,5.34648157492357e-07,0.002579862,0.005559942,0.997582739
1.21099226E+01,2429.968143,0.005149842,4.82033665096334e-05,0.000382215,0.992000828,2.02845673691547e-07,5.34892325146729e-07,0.002581679,0.00558026,0.997581088
1.21099366E+01,2433.879821,0.00511723,4.80923289630594e-05,0.000380958,0.992041468,2.0619073288034e-07,5.34995659545316e-07,0.002575143,0.00554628,0.997587748
1.21099507E+01,2437.476852,0.005126863,4.80405710972024e-05,0.00038119,0.992029872,2.09612574416132e-07,5.35196262068989e-07,0.002577084,0.005556094,0.997585966
1.21099647E+01,2441.111631,0.005127765,4.7967368024452e-05,0.000381296,0.99202995,2.13081119832111e-07,5.35379940566627e-07,0.002576232,0.005557028,0.997586978
1.21099787E+01,2444.736744,0.005128796,4.78960232726952e-05,0.000381491,0.992029439,2.16600884425435e-07,5.35572614540006e-07,0.002575714,0.005558183,0.997587622
1.21099927E+01,2448.358164,0.005129827,4.78265254265814e-05,0.000381656,0.992029065,2.20172050336502e-07,5.35766935208877e-07,0.002575129,0.005559309,0.997588374
1.21100066E+01,2451.966656,0.005131963,4.77662490657388e-05,0.000381874,0.992027299,2.23796407107269e-07,5.35970363498821e-07,0.002574752,0.005561603,0.997588902
1.21100206E+01,2455.541736,0.005136869,4.77343794668167e-05,0.000382261,0.992022157,2.27477352113226e-07,5.36191375187623e-07,0.002574776,0.005566864,0.997589022
1.21100345E+01,2459.049777,0.005147371,4.75682802715789e-05,0.00038306,0.992010366,2.31220515863238e-07,5.3644394362069e-07,0.002575578,0.005577999,0.997588365
1.21100484E+01,2462.566233,0.005154843,4.77643953064919e-05,0.000383942,0.992001916,2.350185766985e-07,5.36712386667737e-07,0.002575646,0.00558655,0.997588465
1.21100623E+01,2466.406748,0.005131845,4.74771260162966e-05,0.000382886,0.992031015,2.38832961914464e-07,5.36910787676436e-07,0.00257101,0.005562208,0.997593223
1.21100761E+01,2469.976948,0.005142945,4.74526687834494e-05,0.000383303,0.992017845,2.4273137268278e-07,5.37160608424988e-07,0.002572844,0.005573701,0.997591547
1.21100900E+01,2473.567465,0.005146985,4.7410283993287e-05,0.000383694,0.99201401,2.46684202712636e-07,5.37419022816764e-07,0.002572433,0.005578089,0.997592099
1.21101038E+01,2477.306887,0.005135973,4.72675269327574e-05,0.000383198,0.992028332,2.50674657334245e-07,5.37640797356125e-07,0.002569898,0.005566439,0.997594771
1.21101176E+01,2480.912058,0.005141625,4.72139339236736e-05,0.00038346,0.992022048,2.54735234099594e-07,5.3792943020003e-07,0.002570472,0.005572299,0.997594346
1.21101314E+01,2484.533975,0.005143077,4.71491539895357e-05,0.00038366,0.992021254,2.58853148058681e-07,5.38190024053141e-07,0.002569836,0.005573886,0.99759514
1.21101451E+01,2488.152185,0.005144565,4.70846412431427e-05,0.000383888,0.992020221,2.63029837919228e-07,5.38457726963741e-07,0.002569357,0.005575538,0.997595759
1.21101589E+01,2491.771648,0.005145912,4.70195762508545e-05,0.000384093,0.992019394,2.67265460521132e-07,5.38733575811476e-07,0.002568841,0.005577024,0.997596418
1.21101726E+01,2495.39109,0.005147292,4.69549015733976e-05,0.000384297,0.992018538,2.71560867080191e-07,5.39015754122768e-07,0.002568325,0.005578544,0.997597082
1.21101863E+01,2499.010783,0.005148667,4.68903282916096e-05,0.000384502,0.9920177,2.75916729452799e-07,5.39305228047975e-07,0.002567804,0.005580059,0.99759776
1.21102000E+01,2502.630367,0.005150016,4.68256077871608e-05,0.000384707,0.992016905,2.80333809282937e-07,5.39603058375223e-07,0.002567264,0.005581549,0.997598454
1.21102136E+01,2506.252424,0.005151372,4.67606550239437e-05,0.000384912,0.992016034,2.84812503391184e-07,5.39906514228401e-07,0.002566783,0.005583045,0.997599079
1.21102272E+01,2509.875331,0.005152649,4.66948519529886e-05,0.000385114,0.992015296,2.89353689818515e-07,5.40217911730769e-07,0.002566245,0.005584458,0.997599754
1.21102409E+01,2513.499308,0.005153854,4.66279519656815e-05,0.000385312,0.992014667,2.93958056659605e-07,5.40535171689293e-07,0.002565697,0.005585794,0.997600461
1.21102545E+01,2517.125098,0.005155015,4.65597927923524e-05,0.000385509,0.992014073,2.98626138036274e-07,5.40859940186221e-07,0.002565142,0.005587084,0.997601156
1.21102680E+01,2520.750024,0.005156067,4.64895471122461e-05,0.000385708,0.992013641,3.03356685396229e-07,5.41214839630485e-07,0.002564524,0.005588264,0.997601906
1.21102816E+01,2524.365581,0.005158105,4.64209823247746e-05,0.000385971,0.992011973,3.08156528106295e-07,5.41553323530603e-07,0.00256411,0.005590496,0.997602469
1.21102951E+01,2527.954541,0.005162379,4.63679417848952e-05,0.000386388,0.992007577,3.13027101204369e-07,5.41906425803055e-07,0.00256401,0.005595134,0.997602711
1.21103087E+01,2531.486991,0.005171167,4.63555176865303e-05,0.000387122,0.991997679,3.17975145341692e-07,5.42287127960568e-07,0.002564559,0.005604645,0.997602324
1.21103222E+01,2535.209537,0.005160574,4.62233011784104e-05,0.000386743,0.99201158,3.22965294940895e-07,5.42650037275788e-07,0.002561903,0.005593541,0.997605121
1.21103356E+01,2538.707056,0.005175702,4.62387413878518e-05,0.000387645,0.991993666,3.28053767049271e-07,5.43080449947432e-07,0.002563921,0.005609586,0.997603252
1.21103491E+01,2542.43255,0.005164761,4.61026350575052e-05,0.000387272,0.992008185,3.33179644855985e-07,5.43431183702134e-07,0.00256099,0.005598136,0.997606322
1.21103625E+01,2545.867987,0.005185596,4.61757359844649e-05,0.000388526,0.991983223,3.38422148178474e-07,5.43862221958934e-07,0.002563949,0.005620298,0.997603521
1.21103760E+01,2549.59671,0.00517297,4.6019811507424e-05,0.000388178,0.991999856,3.43691578228333e-07,5.44232915239101e-07,0.002560591,0.005607167,0.997607024
1.21103894E+01,2553.280921,0.005170218,4.59168570323829e-05,0.000388003,0.99200379,3.4903696995092e-07,5.44609364648519e-07,0.00255982,0.005604138,0.997607928
1.21104028E+01,2556.70164,0.005192697,4.57914369724509e-05,0.000389185,0.991977429,3.54500307295134e-07,5.45066619531146e-07,0.002562793,0.005627674,0.997605103
1.21104161E+01,2560.364577,0.005185662,4.56894049628071e-05,0.000389236,0.991987189,3.60001872142176e-07,5.45474637743779e-07,0.002560258,0.005620588,0.997607777
1.21104295E+01,2564.004895,0.005185522,4.5615578277459e-05,0.00038935,0.991987938,3.65579780585078e-07,5.45894437498802e-07,0.002559765,0.005620488,0.997608426
1.21104428E+01,2567.660026,0.005184834,4.55391955319914e-05,0.00038938,0.991989642,3.71229897733766e-07,5.46316391422593e-07,0.002558941,0.005619753,0.997609395
1.21104561E+01,2571.329664,0.00518321,4.54583842958563e-05,0.00038937,0.991992394,3.7695255093696e-07,5.46739070408764e-07,0.002558039,0.005618038,0.997610433
1.21104694E+01,2575.004427,0.005181679,4.53778423763972e-05,0.000389348,0.991995021,3.82749768786499e-07,5.47166010788211e-07,0.002557187,0.005616406,0.997611426
1.21104827E+01,2578.685689,0.005179784,4.52957211931757e-05,0.000389302,0.99199811,3.8861884734266e-07,5.47618015716437e-07,0.002556258,0.005614382,0.997612492
1.21104959E+01,2582.369002,0.005177579,4.53957346491659e-05,0.000389185,0.992001433,3.94567088996935e-07,5.48047764930111e-07,0.002555286,0.005612159,0.997613592
1.21105092E+01,2586.024351,0.005178298,4.53325015936123e-05,0.000389289,0.99200132,4.00598876693778e-07,5.48486204163823e-07,0.002554781,0.00561292,0.99761424
1.21105224E+01,2589.609204,0.005184403,4.5272792053109e-05,0.000389798,0.991994717,4.06723488739855e-07,5.48956552093349e-07,0.002554971,0.005619474,0.997614191
1.21105356E+01,2593.006587,0.005205922,4.53529731051857e-05,0.000391322,0.991969262,4.1296949856773e-07,5.49493220404831e-07,0.002557476,0.005642597,0.997611859
1.21105488E+01,2596.596576,0.005204305,4.50676874884699e-05,0.000391601,0.991972652,4.19270405828917e-07,5.50013033774344e-07,0.002555853,0.005640973,0.997613625
1.21105619E+01,2600.312179,0.005195213,4.49524879993129e-05,0.000391293,0.991984371,4.25626084105074e-07,5.50508358887606e-07,0.002553782,0.005631458,0.997615829
1.21105751E+01,2604.029441,0.005190498,4.48554920959442e-05,0.000390975,0.99199082,4.32063052884943e-07,5.50978444219115e-07,0.002552603,0.005626329,0.997617149
1.21105882E+01,2607.760303,0.00518518,4.49623210564478e-05,0.000390577,0.991997921,4.38578123344468e-07,5.51446859637282e-07,0.002551226,0.005620719,0.997618641
1.21106013E+01,2611.425136,0.005186609,4.48875686300105e-05,0.000390667,0.991996919,4.45189729590689e-07,5.51931947160463e-07,0.00255094,0.005622164,0.997619083
1.21106144E+01,2614.958675,0.005198234,4.48537130290428e-05,0.000391504,0.991983577,4.51914785961924e-07,5.52468547095605e-07,0.002552,0.005634592,0.997618168
1.21106275E+01,2618.505015,0.005204919,4.46434592761342e-05,0.00039211,0.991976534,4.58729810763975e-07,5.5301790209428e-07,0.002552094,0.005641672,0.997618206
1.21106405E+01,2622.279199,0.005190088,4.47155875071054e-05,0.000391479,0.991995277,4.65586372485174e-07,5.53503318960636e-07,0.002548884,0.005626282,0.997621559
1.21106536E+01,2625.937771,0.005192128,4.46052040170798e-05,0.00039156,0.991993344,4.72548905700251e-07,5.54051065570442e-07,0.002548931,0.005628294,0.997621637
1.21106666E+01,2629.444812,0.005206332,4.4619636998693e-05,0.000392507,0.991976914,4.79642457013853e-07,5.54643072783704e-07,0.002550365,0.005643459,0.997620373
1.21106796E+01,2633.01007,0.005210647,4.45890345648689e-05,0.000393122,0.991972602,4.86816231670523e-07,5.55217675358138e-07,0.002549919,0.005648358,0.99762096
1.21106926E+01,2636.523702,0.005220118,4.43736636593733e-05,0.000393819,0.991962154,4.94098451994607e-07,5.55809549016894e-07,0.002550559,0.005658311,0.997620465
1.21107055E+01,2640.353709,0.005199942,4.42087704437777e-05,0.000392951,0.991987536,5.01402355911053e-07,5.56351126418514e-07,0.002546507,0.005637102,0.997624638
1.21107185E+01,2644.093144,0.005195846,4.4316798855072e-05,0.000392493,0.991992849,5.08814155524319e-07,5.5688771537851e-07,0.002545781,0.005632656,0.997625505
1.21107314E+01,2647.670826,0.005206027,4.42791569369661e-05,0.000393076,0.991981354,5.16357164504693e-07,5.57466444008577e-07,0.002546695,0.005643382,0.997624736
1.21107443E+01,2651.162572,0.005219567,4.40914541477374e-05,0.000394041,0.991965954,5.24021338582986e-07,5.58095774809499e-07,0.002547911,0.0056577,0.997623654
1.21107572E+01,2654.98126,0.005199671,4.41462524664194e-05,0.000393217,0.991990919,5.31707881045744e-07,5.58633261301919e-07,0.002543729,0.005637035,0.997627954
1.21107701E+01,2658.59155,0.005206865,4.40860800968273e-05,0.000393565,0.991982642,5.39536575379877e-07,5.59226903519248e-07,0.002544676,0.005644516,0.997627158
1.21107829E+01,2661.986386,0.005230308,4.39377480036785e-05,0.000395005,0.991955351,5.47522574826371e-07,5.5990582748996e-07,0.002547393,0.00566925,0.997624601
1.21107958E+01,2665.859642,0.005203245,4.39682037839192e-05,0.000393897,0.991989116,5.55496323457457e-07,5.60453696228196e-07,0.00254188,0.005641111,0.997630227
1.21108086E+01,2669.501505,0.005208478,4.3872136348702e-05,0.000394077,0.991983071,5.63620266673696e-07,5.61059537643274e-07,0.002542749,0.005646427,0.997629498
1.21108214E+01,2672.824417,0.005239568,4.37779557344812e-05,0.000395893,0.991946532,5.71933491198698e-07,5.61776827023355e-07,0.00254663,0.005679238,0.99762577
1.21108342E+01,2676.754244,0.005205707,4.35530696329692e-05,0.000394503,0.991988867,5.80201691360033e-07,5.62333229920695e-07,0.002539901,0.005643763,0.99763263
1.21108469E+01,2680.395067,0.005212302,4.36909440846269e-05,0.00039469,0.991980784,5.88638182253329e-07,5.6296237391987e-07,0.002541182,0.005650684,0.997631467
1.21108597E+01,2683.778689,0.005238096,4.35682444585052e-05,0.000396187,0.991950719,5.97253647068435e-07,5.63687153540006e-07,0.00254425,0.005677851,0.99762857
1.21108724E+01,2687.682664,0.00520841,4.35835698097587e-05,0.000394963,0.991987654,6.05838331284346e-07,5.6430482306646e-07,0.00253831,0.005646956,0.99763461
1.21108851E+01,2691.230215,0.005223033,4.35348018029134e-05,0.000395681,0.991970161,6.14622246364163e-07,5.64984523335594e-07,0.002540652,0.005662248,0.99763241
1.21108978E+01,2694.859887,0.005224124,4.33025666959078e-05,0.000395868,0.991970085,6.23501807275372e-07,5.65677572797619e-07,0.002539827,0.005663295,0.997633379
1.21109105E+01,2698.565911,0.005218266,4.3397791584601e-05,0.00039572,0.99197782,6.32460853668065e-07,5.66363813293076e-07,0.00253813,0.005657383,0.997635203
1.21109232E+01,2701.98367,0.005240851,4.32469756507414e-05,0.00039703,0.991951254,6.41619292162595e-07,5.67107672344224e-07,0.002541099,0.005681129,0.997632383
1.21109358E+01,2705.863473,0.005214723,4.32737524211654e-05,0.000395916,0.991983911,6.50763099399645e-07,5.67736726386905e-07,0.002535791,0.005653913,0.997637824
1.21109485E+01,2709.268702,0.005241919,4.33151373674215e-05,0.000397434,0.99195117,6.60152272295343e-07,5.68495593944991e-07,0.002539914,0.005682668,0.997633838
1.21109611E+01,2712.973802,0.005232338,4.30126785269154e-05,0.000397188,0.991964282,6.69577048115944e-07,5.6921206862623e-07,0.002537076,0.005672539,0.997636821
1.21109737E+01,2716.75891,0.005220604,4.30925481045975e-05,0.000396574,0.991978884,6.79090048619741e-07,5.69888073077117e-07,0.002534858,0.005660271,0.997639154
1.21109863E+01,2720.067366,0.005255474,4.29839791729572e-05,0.000398476,0.991937492,6.88863968432756e-07,5.70700141300083e-07,0.002539732,0.005696934,0.997634425
1.21109988E+01,2724.033787,0.005219062,4.27526712570197e-05,0.000396917,0.991983001,6.98564455733068e-07,5.71349590917534e-07,0.002532559,0.005658732,0.997641733
1.21110114E+01,2727.486628,0.005243705,4.29794671813145e-05,0.000398181,0.991952966,7.08531924746498e-07,5.72135640991919e-07,0.002536587,0.005684866,0.997637832
1.21110239E+01,2731.110048,0.005242887,4.27322004475786e-05,0.000398354,0.991955477,7.18575892501415e-07,5.72912172233434e-07,0.002535109,0.005683974,0.997639451
1.21110364E+01,2734.929527,0.005226325,4.27938284513919e-05,0.000397589,0.991976058,7.28678435920289e-07,5.73620305232879e-07,0.002531913,0.005666708,0.997642766
1.21110489E+01,2738.302986,0.005255517,4.26563432154447e-05,0.000399125,0.991941437,7.39044474013278e-07,5.74456270188065e-07,0.002536106,0.005697299,0.997638736
1.21110614E+01,2742.21063,0.00522666,4.26702346367899e-05,0.000397907,0.991977473,7.4936890974649e-07,5.75160355233352e-07,0.002530229,0.005667237,0.99764471
1.21110739E+01,2745.511202,0.005263453,4.25630344980245e-05,0.000399858,0.991933338,7.60013431588656e-07,5.76033501127782e-07,0.002535898,0.005705874,0.997639211
1.21110863E+01,2749.485034,0.00522725,4.23354710354575e-05,0.000398268,0.991978617,7.70565347384192e-07,5.76770144464572e-07,0.002528737,0.005667853,0.99764647
1.21110987E+01,2752.753731,0.005268184,4.2455117821718e-05,0.000400388,0.991929147,7.81480313867354e-07,5.77666731270442e-07,0.002535204,0.005711027,0.997640174
1.21111112E+01,2756.756517,0.005228961,4.22150335954586e-05,0.000398649,0.991978172,7.9228577357097e-07,5.78381692357943e-07,0.002527484,0.005669825,0.997647997
1.21111236E+01,2760.023819,0.005270643,4.23372081816343e-05,0.000400785,0.991927733,8.03466432046006e-07,5.79295859386291e-07,0.002534146,0.005713765,0.997641498
1.21111359E+01,2764.028457,0.005231514,4.20984764842316e-05,0.000399048,0.991976639,8.14533213026192e-07,5.80027450847239e-07,0.002526444,0.00567266,0.997649299
1.21111483E+01,2767.329228,0.005270134,4.22062206516556e-05,0.000401007,0.99192992,8.25971997520996e-07,5.80949817574584e-07,0.002532621,0.005713347,0.997643268
1.21111607E+01,2771.295139,0.005235458,4.19882207276105e-05,0.000399488,0.991973392,8.37318258635987e-07,5.81708017049981e-07,0.002525683,0.005676934,0.997650327
1.21111730E+01,2774.686557,0.005265156,4.20554821676722e-05,0.00040097,0.991937519,8.48998465947947e-07,5.82623646689746e-07,0.002530442,0.005708181,0.997645701
1.21111853E+01,2778.534285,0.005243223,4.20962471603516e-05,0.000400097,0.991965258,8.60657420356282e-07,5.8342830924165e-07,0.002525605,0.005685416,0.997650674
1.21111976E+01,2782.104572,0.005254363,4.18766178523414e-05,0.000400562,0.991952286,8.72549502329403e-07,5.84313974455865e-07,0.002527311,0.005696801,0.997649087
1.21112099E+01,2785.64898,0.005263548,4.20470083808204e-05,0.000401415,0.991941957,8.84600560896969e-07,5.85215216208796e-07,0.002527564,0.005707011,0.997648967
1.21112222E+01,2789.371698,0.005254339,4.17569910471025e-05,0.000401114,0.991954117,8.96726213373472e-07,5.86104720808248e-07,0.002525328,0.00569721,0.997651327
1.21112344E+01,2792.916939,0.005265296,4.19316927663096e-05,0.000401828,0.991941336,9.09063518760371e-07,5.87021152407989e-07,0.002526408,0.005709056,0.997650392
1.21112466E+01,2796.666821,0.005254147,4.16263950879222e-05,0.000401261,0.991956053,9.21467151931363e-07,5.87904135716031e-07,0.002523834,0.005697035,0.997653087
1.21112589E+01,2800.152279,0.005271314,4.18307853711337e-05,0.000402394,0.991935603,9.34116969058578e-07,5.88883462594689e-07,0.002525915,0.005715539,0.997651142
1.21112711E+01,2803.972823,0.00525285,4.14958026854066e-05,0.000401489,0.991959247,9.46791391196251e-07,5.89766589894648e-07,0.002522099,0.005695835,0.997655082
1.21112833E+01,2807.278374,0.005287412,4.18144713066896e-05,0.000403562,0.99191758,9.59815038438332e-07,5.90812149460069e-07,0.002526956,0.005732789,0.997650369
1.21112954E+01,2811.282764,0.005248367,4.13545817851031e-05,0.000401722,0.991966402,9.72719491138516e-07,5.91664937118293e-07,0.002519576,0.005691444,0.997657846
1.21113076E+01,2814.753384,0.00527215,4.13933155364458e-05,0.000402773,0.991937694,9.85973803363218e-07,5.92678576820812e-07,0.002523554,0.005716316,0.99765401
1.21113197E+01,2818.377545,0.005272228,4.1525413871736e-05,0.000403129,0.991938711,9.99331727244005e-07,5.9363696429178e-07,0.002522103,0.005716883,0.997655594
1.21113319E+01,2822.132759,0.005261563,4.1222536265569e-05,0.000402592,0.991952487,1.01279327876631e-06,5.94591669973077e-07,0.002519944,0.005705377,0.997657864
1.21113440E+01,2825.443063,0.005294783,4.13085237975036e-05,0.000404526,0.991912977,1.02659520488795e-06,5.956793545525e-07,0.002524377,0.005740618,0.997653595
1.21113561E+01,2829.44776,0.005255682,4.10782081358713e-05,0.000402827,0.991961449,1.04026642636078e-06,5.9656656814377e-07,0.00251704,0.005699587,0.997661036
1.21113681E+01,2833.024237,0.005269705,4.10696648761819e-05,0.000403219,0.991944645,1.05426445032989e-06,5.97571400161481e-07,0.002519559,0.005713993,0.997658638
1.21113802E+01,2836.403483,0.005294501,4.11214482351427e-05,0.000404846,0.991915804,1.06852686444971e-06,5.98636590379047e-07,0.002522065,0.005740469,0.997656273
1.21113923E+01,2840.323454,0.005263825,4.09296130827503e-05,0.000403646,0.991953852,1.08271384575028e-06,5.99573121727453e-07,0.002516202,0.0057084,0.997662252
1.21114043E+01,2843.961874,0.005270618,4.0890450063574e-05,0.000403715,0.991945907,1.09717529559683e-06,6.00591876948359e-07,0.002517435,0.005715223,0.99766113
1.21114163E+01,2847.470346,0.005285215,4.08955774215525e-05,0.000404647,0.991929227,1.11187078179303e-06,6.01646816889811e-07,0.002518722,0.005730758,0.997659985
1.21114283E+01,2851.03573,0.005289558,4.10487160091304e-05,0.000405372,0.991924693,1.12671583401984e-06,6.02704870410653e-07,0.002518166,0.005735979,0.997660671
1.21114403E+01,2854.898944,0.005268065,4.07006416927932e-05,0.00040424,0.991951661,1.14158535682587e-06,6.03704832865364e-07,0.002514282,0.005713005,0.997664666
1.21114523E+01,2858.401953,0.005286541,4.07182985086953e-05,0.000405123,0.991929825,1.15679251337064e-06,6.0478981197516e-07,0.002516886,0.005732383,0.997662208
1.21114642E+01,2861.855093,0.005301773,4.09305912344121e-05,0.000406417,0.991912308,1.17220830912744e-06,6.05906659634901e-07,0.002517789,0.00574912,0.997661428
1.21114762E+01,2865.794798,0.005270707,4.05332234825033e-05,0.000404935,0.991950942,1.18756012204481e-06,6.06919096666906e-07,0.00251221,0.005716176,0.997667118
1.21114881E+01,2869.410479,0.005280242,4.05066803274225e-05,0.00040512,0.991939773,1.20323248113083e-06,6.07997894613931e-07,0.002513808,0.005725868,0.997665641
1.21115000E+01,2872.993544,0.005287379,4.04769816705797e-05,0.000405586,0.991932219,1.21909339403926e-06,6.0912710157615e-07,0.002513911,0.005733442,0.997665661
1.21115119E+01,2876.370593,0.005310337,4.05210341434217e-05,0.000407269,0.99190527,1.23525940603528e-06,6.10295479446866e-07,0.002516319,0.005758127,0.997663397
1.21115238E+01,2880.277554,0.005280681,4.03379281382839e-05,0.000406093,0.991942025,1.25134087328943e-06,6.113389896841e-07,0.00251068,0.005727112,0.997669137
1.21115357E+01,2883.923328,0.005286409,4.02957009584562e-05,0.00040613,0.991935435,1.26771950033754e-06,6.124633248868e-07,0.002511678,0.005732835,0.99766827
1.21115475E+01,2887.591468,0.005286575,4.0234907627455e-05,0.000406135,0.991936246,1.28427242582065e-06,6.13574734979551e-07,0.002510877,0.005732944,0.99766919
1.21115593E+01,2891.218273,0.005289607,4.01873988886462e-05,0.000406401,0.991933323,1.30103172959657e-06,6.14706000155118e-07,0.002510672,0.005736195,0.997669519
1.21115712E+01,2894.762247,0.005299192,4.01721457848115e-05,0.000407162,0.991922478,1.31802874792789e-06,6.15871963865089e-07,0.002511318,0.005746527,0.997669005
1.21115830E+01,2898.220073,0.005313845,4.01774986292459e-05,0.000408306,0.991905707,1.33527335152762e-06,6.17082759455728e-07,0.002512422,0.005762328,0.997668035
1.21115948E+01,2902.014312,0.005296287,4.00492638863529e-05,0.000407751,0.991927685,1.35253298138617e-06,6.1821053477341e-07,0.002508777,0.005744087,0.997671773
1.21116065E+01,2905.783143,0.005288568,3.99485076107743e-05,0.000407085,0.991937584,1.3699787025423e-06,6.1936592356804e-07,0.002507486,0.005735602,0.997673185
1.21116183E+01,2909.392266,0.005296401,3.99193152339565e-05,0.000407384,0.991928931,1.38770567564222e-06,6.20550154472857e-07,0.002508161,0.005743705,0.997672636
1.21116300E+01,2912.947316,0.005305421,3.99024127066231e-05,0.000408141,0.991918836,1.40566594437092e-06,6.21761780580283e-07,0.002508623,0.005753464,0.9976723
1.21116418E+01,2916.443652,0.005316904,3.98942115348286e-05,0.000409109,0.991905836,1.42386824326964e-06,6.23010905243276e-07,0.002509305,0.005765907,0.997671743
1.21116535E+01,2920.114965,0.005311052,3.98208267090941e-05,0.000409215,0.9919137,1.44217960257827e-06,6.24219851519779e-07,0.002507388,0.005760088,0.997673788
1.21116652E+01,2923.937398,0.005295752,3.96880337099771e-05,0.000408297,0.991932872,1.46058971152121e-06,6.25414498111191e-07,0.002504653,0.005743738,0.99767661
1.21116769E+01,2927.553295,0.005303559,3.96584213150854e-05,0.000408554,0.991924111,1.47931741062677e-06,6.26645097481829e-07,0.002505507,0.005751772,0.997675883
1.21116886E+01,2931.193102,0.005305106,3.96068812082614e-05,0.000408775,0.991923165,1.49823781196883e-06,6.27881223033728e-07,0.002504866,0.005753488,0.997676653
1.21117002E+01,2934.824865,0.005306773,3.9555901398632e-05,0.00040903,0.991921877,1.51737082250628e-06,6.29129131941162e-07,0.002504403,0.005755359,0.997677236
1.21117119E+01,2938.454092,0.005308462,3.95050572092668e-05,0.000409265,0.991920595,1.53670378677407e-06,6.30413970129077e-07,0.002503918,0.005757232,0.997677827
1.21117235E+01,2942.077712,0.005310517,3.94560478549713e-05,0.000409526,0.991918884,1.55626419425794e-06,6.31683718748569e-07,0.002503477,0.005759499,0.997678383
1.21117351E+01,2945.693389,0.005313207,3.94101142538042e-05,0.000409836,0.991916406,1.57604488573827e-06,6.32966939885304e-07,0.002503136,0.005762453,0.997678859
1.21117467E+01,2949.293136,0.005317022,3.93696576316004e-05,0.000410233,0.991912569,1.59605435056101e-06,6.34266464557678e-07,0.002502919,0.005766625,0.997679194
1.21117583E+01,2952.876,0.005322162,3.93364421703085e-05,0.000410746,0.99190709,1.61629889992491e-06,6.35584315143291e-07,0.002502884,0.005772244,0.997679334
1.21117699E+01,2956.654854,0.00530915,3.92211978478536e-05,0.000410116,0.991923659,1.63663163568434e-06,6.36858616553283e-07,0.002500176,0.005758488,0.997682146
1.21117814E+01,2960.253341,0.005316964,3.91938569504261e-05,0.000410488,0.991914844,1.6572954285303e-06,6.38184024176844e-07,0.002500959,0.005766647,0.99768149
1.21117930E+01,2963.857027,0.005320863,3.91542199676291e-05,0.000410889,0.991911024,1.67818299066537e-06,6.39522808466461e-07,0.002500641,0.005770907,0.997681931
1.21118045E+01,2967.410916,0.005328735,3.91336482465741e-05,0.000411599,0.991902242,1.69933761865172e-06,6.40889658920686e-07,0.002500992,0.005779468,0.99768171
1.21118160E+01,2971.181758,0.005315654,3.90197878959123e-05,0.000411022,0.991918869,1.72057095333168e-06,6.42209169741615e-07,0.002498232,0.005765696,0.997684565
1.21118275E+01,2974.733471,0.005327202,3.90095651081647e-05,0.000411653,0.991905547,1.74217766104294e-06,6.4358971952777e-07,0.002499505,0.005777864,0.997683411
1.21118390E+01,2978.241836,0.005338527,3.90085430893328e-05,0.000412599,0.991892742,1.76406096242564e-06,6.45002583945851e-07,0.002500172,0.005790135,0.997682876
1.21118505E+01,2982.000693,0.005325367,3.88935251705854e-05,0.000412137,0.991909474,1.78600526587684e-06,6.46360372994635e-07,0.002497272,0.005776398,0.997685872
1.21118620E+01,2985.427095,0.005347288,3.89556493300461e-05,0.000413432,0.991883545,1.80842366228158e-06,6.47812412990826e-07,0.002500044,0.005799676,0.997683221
1.21118734E+01,2989.18855,0.005333024,3.88186610072913e-05,0.000412979,0.991901859,1.83085105502625e-06,6.49195535074552e-07,0.002496706,0.005784822,0.997686681
1.21118848E+01,2992.897545,0.005329691,3.87409362536184e-05,0.000412719,0.991906457,1.85353984117528e-06,6.50588628844905e-07,0.002495877,0.005781151,0.997687608
1.21118963E+01,2996.300315,0.005353867,3.89498043301435e-05,0.000414079,0.991877969,1.87670437808223e-06,6.52077680579689e-07,0.002498748,0.005806896,0.997684864
1.21119077E+01,3000.0305,0.005341541,3.86951822678255e-05,0.000413926,0.991893912,1.89987993466096e-06,6.53525479194422e-07,0.002495657,0.005794163,0.997688075
1.21119191E+01,3003.729225,0.005338507,3.86139609564441e-05,0.00041375,0.991898106,1.92332508629855e-06,6.54964773099107e-07,0.002494856,0.005790871,0.997688977
1.21119304E+01,3007.43985,0.005335374,3.85393862522116e-05,0.00041351,0.991902721,1.94699519608915e-06,6.56397583532997e-07,0.002493804,0.005787424,0.997690145
1.21119418E+01,3011.130792,0.005333839,3.84736552498008e-05,0.000413395,0.991905339,1.97090588889227e-06,6.5787087207313e-07,0.002492995,0.005785708,0.997691047
1.21119531E+01,3014.581919,0.005353186,3.85042656380489e-05,0.000414652,0.991882699,1.99527733246382e-06,6.59392878799324e-07,0.002495131,0.005806342,0.997689041
1.21119645E+01,3018.294414,0.005343551,3.84088803441686e-05,0.000414484,0.991895256,2.0197119675404e-06,6.60866975265746e-07,0.002492581,0.005796444,0.997691699
1.21119758E+01,3021.977733,0.00534157,3.83413649046059e-05,0.000414386,0.991898228,2.04441727423847e-06,6.62348781742593e-07,0.002491866,0.005794298,0.997692526
1.21119871E+01,3025.655724,0.00534055,3.82788488108595e-05,0.000414306,0.991900287,2.06937837012384e-06,6.63839743658945e-07,0.002491075,0.005793134,0.997693421
1.21119984E+01,3029.011903,0.005367538,3.84433342358345e-05,0.000415997,0.991868387,2.09487686834245e-06,6.65434436838617e-07,0.002494253,0.005821978,0.997690364
1.21120097E+01,3032.721848,0.005355635,3.82334225833784e-05,0.0004158,0.991883842,2.1203790033764e-06,6.66954426170611e-07,0.0024912,0.005809668,0.99769351
1.21120210E+01,3036.402917,0.005353324,3.81677103335725e-05,0.000415713,0.991887142,2.14615571374586e-06,6.68487336939652e-07,0.002490476,0.005807205,0.997694347
1.21120322E+01,3040.109384,0.00534998,3.80978439758058e-05,0.000415503,0.991891965,2.17217218685364e-06,6.70020759906353e-07,0.002489379,0.005803581,0.997695546
1.21120435E+01,3043.811195,0.005347747,3.80327857376145e-05,0.000415384,0.991895396,2.19845293009373e-06,6.71562452181465e-07,0.002488483,0.005801164,0.99769656
1.21120547E+01,3047.530495,0.005343652,3.79575837573226e-05,0.000415104,0.991901139,2.22497881550944e-06,6.73105989805922e-07,0.002487291,0.005796714,0.997697853
1.21120659E+01,3051.189351,0.00534527,3.79082392750679e-05,0.000415217,0.991899903,2.25181078231944e-06,6.74701886059451e-07,0.002486954,0.005798395,0.997698298
1.21120771E+01,3054.782402,0.005351246,3.78784138399842e-05,0.000415704,0.991893491,2.27899074130052e-06,6.76299571746381e-07,0.002487041,0.005804829,0.99769832
1.21120883E+01,3058.197719,0.00537066,3.79116060065177e-05,0.000417156,0.991870817,2.30664473946536e-06,6.77990208856139e-07,0.002488938,0.005825728,0.997696545
1.21120995E+01,3061.772584,0.005371246,3.78868765723144e-05,0.00041768,0.991870949,2.33445129996695e-06,6.79635976414552e-07,0.002487822,0.005826812,0.997697761
1.21121106E+01,3065.453693,0.005365678,3.77798562969208e-05,0.00041748,0.991878418,2.36245236942828e-06,6.81255706091497e-07,0.002486333,0.005820937,0.997699355
1.21121218E+01,3069.20177,0.005357776,3.76931944086718e-05,0.000417016,0.991888634,2.3906614421604e-06,6.82888736874548e-07,0.002484665,0.005812485,0.997701119
1.21121329E+01,3072.96377,0.005350884,3.76069334514339e-05,0.000416465,0.991897721,2.41913090300141e-06,6.84495844201392e-07,0.002483199,0.005804956,0.997702676
1.21121440E+01,3076.61937,0.005354387,3.75650852753736e-05,0.000416617,0.991894223,2.44797936756263e-06,6.86134713469245e-07,0.002483202,0.005808569,0.997702793
1.21121551E+01,3080.124137,0.005368036,3.75678387837959e-05,0.000417601,0.991878582,2.47726895458249e-06,6.87836082574125e-07,0.002484322,0.005823205,0.997701787
1.21121662E+01,3083.706669,0.005370758,3.7526207718135e-05,0.000418067,0.99187606,2.50680603570075e-06,6.89537228500079e-07,0.002483796,0.005826351,0.997702411
1.21121773E+01,3087.504434,0.005355632,3.74116087796559e-05,0.000417332,0.991895039,2.53643351021652e-06,6.91177944983664e-07,0.002480888,0.005810376,0.997705414
1.21121884E+01,3091.140818,0.005360612,3.73753745912066e-05,0.000417514,0.991889665,2.56649783241992e-06,6.9286745116427e-07,0.002481242,0.005815501,0.997705166
1.21121994E+01,3094.558165,0.005381652,3.74112722538202e-05,0.000418961,0.991865144,2.59709808075864e-06,6.94643126961192e-07,0.002483358,0.005838025,0.997703169
1.21122105E+01,3098.094994,0.005385789,3.73728146563406e-05,0.000419625,0.99186112,2.62792228310041e-06,6.96412186892428e-07,0.00248273,0.005842786,0.997703906
1.21122215E+01,3101.942192,0.005365136,3.72408568093875e-05,0.000418683,0.991886534,2.65875248465411e-06,6.98097712989645e-07,0.002479111,0.00582106,0.997707595
1.21122325E+01,3105.687542,0.005361394,3.71666416619538e-05,0.000418175,0.991891714,2.68995300593439e-06,6.99810901892973e-07,0.002478354,0.005816736,0.99770845
1.21122435E+01,3109.219766,0.005375266,3.71679317268073e-05,0.000418978,0.991875854,2.72168426353649e-06,7.01587492655197e-07,0.002479647,0.005831412,0.997707266
1.21122545E+01,3112.757943,0.005383126,3.71472835728925e-05,0.00041972,0.991867169,2.75375122227341e-06,7.03394690540941e-07,0.00247985,0.005839994,0.997707163
1.21122655E+01,3116.585243,0.005364662,3.7022357160831e-05,0.000418874,0.991890197,2.78583809592153e-06,7.05118406344638e-07,0.002476363,0.005820558,0.997710754
1.21122765E+01,3120.149116,0.005375957,3.70118807500993e-05,0.000419432,0.991877207,2.81848232675893e-06,7.06949455961473e-07,0.002477618,0.005832401,0.997709607
1.21122874E+01,3123.592346,0.00539286,3.70260050547628e-05,0.000420616,0.991857761,2.85164755279016e-06,7.08831045985385e-07,0.002479056,0.005850502,0.997708263
1.21122984E+01,3127.469334,0.005367883,3.68782432932231e-05,0.000419516,0.991888658,2.88464774738e-06,7.10607607138653e-07,0.002474482,0.005824277,0.997712935
1.21123093E+01,3131.058918,0.005377806,3.68614567802214e-05,0.000419925,0.991877183,2.91827643550894e-06,7.12435696061744e-07,0.002475731,0.005834592,0.997711775
1.21123202E+01,3134.444468,0.005400503,3.68976653360249e-05,0.000421408,0.99185085,2.95249256576378e-06,7.14353788288527e-07,0.00247796,0.005858809,0.997709659
1.21123311E+01,3138.36954,0.005370177,3.67311164399524e-05,0.000420076,0.991888154,2.98646271924821e-06,7.16121747760815e-07,0.002472556,0.005826984,0.997715138
1.21123420E+01,3141.926563,0.005383636,3.6727672233553e-05,0.000420645,0.991872374,3.02114552923527e-06,7.17995002278694e-07,0.002474412,0.005841009,0.997713383
1.21123529E+01,3145.441265,0.005394948,3.6720187174688e-05,0.000421462,0.991859735,3.05624519102755e-06,7.19913331446875e-07,0.002475038,0.00585313,0.997712865
1.21123637E+01,3149.274089,0.005375586,3.65946423652227e-05,0.000420625,0.991883828,3.09132889504685e-06,7.21738259581883e-07,0.002471363,0.005832806,0.997716635
1.21123746E+01,3152.672293,0.005401188,3.66432519040618e-05,0.000422092,0.991853532,3.12725380375788e-06,7.23696815914594e-07,0.002474646,0.005859923,0.997713455
1.21123854E+01,3156.308101,0.005397456,3.65769133753078e-05,0.000422229,0.991859074,3.16328765132146e-06,7.25626560092849e-07,0.002472874,0.005856261,0.997715335
1.21123963E+01,3160.163845,0.005378191,3.64502103901298e-05,0.000421204,0.991882828,3.19940309979049e-06,7.27485106187556e-07,0.0024696,0.005835845,0.997718673
1.21124071E+01,3163.555369,0.00540559,3.65052637033984e-05,0.000422703,0.991850492,3.23641413046105e-06,7.29482250358926e-07,0.002473093,0.005864798,0.997715291
1.21124179E+01,3167.231879,0.005398389,3.64260194457446e-05,0.000422655,0.991860176,3.27347557656527e-06,7.31438227063203e-07,0.002470828,0.00585747,0.997717646
1.21124287E+01,3171.052848,0.005383102,3.63145738978107e-05,0.000421824,0.991879149,3.31070792624329e-06,7.33341228013428e-07,0.002468186,0.00584124,0.997720389
1.21124395E+01,3174.328731,0.005419637,3.64193502885335e-05,0.000423939,0.991835867,3.34897737427913e-06,7.35411328670627e-07,0.002472811,0.005879996,0.997715863
1.21124502E+01,3178.281354,0.005385792,3.62244745462729e-05,0.00042239,0.9918776,3.38679946861274e-06,7.37327901203953e-07,0.002466746,0.005844407,0.997722006
1.21124610E+01,3181.853281,0.005397787,3.62159599478858e-05,0.000422891,0.991863578,3.42542010457871e-06,7.39356309650208e-07,0.002468379,0.005856894,0.997720472
1.21124717E+01,3185.44448,0.005402983,3.61853627446638e-05,0.000423296,0.99185826,3.46444230009889e-06,7.41393220026079e-07,0.00246822,0.005862464,0.997720724
1.21124824E+01,3189.145913,0.005396538,3.61105054878954e-05,0.000423155,0.991866809,3.50365781439525e-06,7.4341625455055e-07,0.002466417,0.005855804,0.997722613
1.21124932E+01,3192.66205,0.005409242,3.61070355055461e-05,0.000423921,0.991852135,3.54352205854746e-06,7.45479494119639e-07,0.002467712,0.00586927,0.997721405
1.21125039E+01,3196.421256,0.005396671,3.60100192655232e-05,0.000423442,0.991868173,3.58345933891645e-06,7.47481686185105e-07,0.002464919,0.005856124,0.997724296
1.21125146E+01,3199.884701,0.005414881,3.60266133852098e-05,0.00042448,0.991846847,3.6241735511262e-06,7.4958556139665e-07,0.002467084,0.005875388,0.997722234
1.21125252E+01,3203.689368,0.005397461,3.59124589719567e-05,0.000423767,0.991868753,3.66483527272272e-06,7.51601273763688e-07,0.002463505,0.005857141,0.997725894
1.21125359E+01,3207.141489,0.005417472,3.59353116819953e-05,0.000424864,0.991845178,3.70635734106707e-06,7.53733833887785e-07,0.002466048,0.005878271,0.997723449
1.21125466E+01,3210.935044,0.005401004,3.58253326320625e-05,0.000424218,0.991865973,3.74782717067524e-06,7.55778935725258e-07,0.00246255,0.005861048,0.99772702
1.21125572E+01,3214.432127,0.005416843,3.58328368611639e-05,0.000425085,0.991847398,3.79009405690093e-06,7.57924959655185e-07,0.00246451,0.00587776,0.997725158
1.21125678E+01,3218.154128,0.005407534,3.5749511191327e-05,0.000424816,0.99185958,3.8324665354681e-06,7.60016047405764e-07,0.002462066,0.005868099,0.997727679
1.21125785E+01,3221.782736,0.005410243,3.57065725495384e-05,0.000424923,0.991856876,3.87536243853008e-06,7.62149881369018e-07,0.002462078,0.005870872,0.997727749
1.21125891E+01,3225.301808,0.005421336,3.5701407453558e-05,0.000425785,0.991844386,3.9188437403095e-06,7.64326471420106e-07,0.002462714,0.005882822,0.997727208
1.21125997E+01,3229.094761,0.005405785,3.55926590914088e-05,0.000425063,0.991863794,3.9623413207838e-06,7.66457816579947e-07,0.002459773,0.005866441,0.997730235
1.21126102E+01,3232.378579,0.005440025,3.56683046834443e-05,0.00042705,0.991823353,4.00701529364389e-06,7.68730487299967e-07,0.002464002,0.005902744,0.997726097
1.21126208E+01,3236.369353,0.005402643,3.54849534952107e-05,0.000425376,0.991869196,4.0511004363827e-06,7.70814439752223e-07,0.002457478,0.005863504,0.997732701
1.21126314E+01,3239.711593,0.005435385,3.55519488965581e-05,0.000427003,0.991830229,4.09652804526658e-06,7.73097755145716e-07,0.002462097,0.00589794,0.997728169
1.21126419E+01,3243.582062,0.005410917,3.54159092622762e-05,0.000425987,0.991860751,4.14163053141446e-06,7.75241036536684e-07,0.002457273,0.005872319,0.99773307
1.21126525E+01,3247.148572,0.005421471,3.54007537583162e-05,0.000426403,0.991848491,4.1875806727518e-06,7.77485453569309e-07,0.002458657,0.005883274,0.997731765
1.21126630E+01,3250.66062,0.005432647,3.53979536664053e-05,0.00042734,0.991836007,4.23406252155341e-06,7.79788097430993e-07,0.002459128,0.005895385,0.997731392
1.21126735E+01,3254.420973,0.005418925,3.52958642921168e-05,0.000426732,0.991853223,4.28064439637173e-06,7.82015756839619e-07,0.00245641,0.005880953,0.997734176
1.21126840E+01,3257.890475,0.005436575,3.53145972423656e-05,0.00042784,0.99183263,4.32808521535203e-06,7.8435283790586e-07,0.002458322,0.005899729,0.99773236
1.21126945E+01,3261.686379,0.005419674,3.5200972029468e-05,0.000427022,0.991853852,4.37550381649131e-06,7.86594731005041e-07,0.002455009,0.005881897,0.99773575
1.21127050E+01,3265.077769,0.005444534,3.52483705220527e-05,0.000428554,0.991824553,4.42397676872028e-06,7.88981280667591e-07,0.002457956,0.005908336,0.997732889
1.21127154E+01,3268.975909,0.005417459,3.50966471456128e-05,0.000427226,0.991857995,4.47214308324351e-06,7.91218957290913e-07,0.002453139,0.005879781,0.997737776
1.21127259E+01,3272.229382,0.005455885,3.5185028169893e-05,0.00042935,0.991812444,4.52176411572438e-06,7.93673546825812e-07,0.002458157,0.00592042,0.997732864
1.21127363E+01,3276.227263,0.00541784,3.5003263749598e-05,0.000427654,0.99185908,4.5706871644295e-06,7.95898813012839e-07,0.002451491,0.005880498,0.997739578
1.21127468E+01,3279.769327,0.005433018,3.50034037583217e-05,0.000428155,0.991841204,4.6207527686603e-06,7.98267526973162e-07,0.002453783,0.005896176,0.997737381
1.21127572E+01,3283.165005,0.00545398,3.50427897553906e-05,0.000429716,0.991817071,4.67159054661323e-06,8.00695102455399e-07,0.00245544,0.005918739,0.997735811
1.21127676E+01,3287.105628,0.005422415,3.48737555035717e-05,0.000428219,0.991855665,4.7219814799355e-06,8.03001633770804e-07,0.002450135,0.005885508,0.997741173
1.21127780E+01,3290.503295,0.005449297,3.49192283688033e-05,0.000429535,0.991823882,4.77375470942223e-06,8.05454628832923e-07,0.002453762,0.00591375,0.997737632
1.21127884E+01,3294.202481,0.005440276,3.48428214859361e-05,0.00042942,0.991835796,4.82552116619136e-06,8.07834267923159e-07,0.002451126,0.005904539,0.997740335
1.21127987E+01,3297.935974,0.005432946,3.47656740178317e-05,0.000428998,0.991845068,4.8776826861855e-06,8.10223431004584e-07,0.002449768,0.00589671,0.997741778
1.21128091E+01,3301.527811,0.005439835,3.47395265345576e-05,0.000429282,0.991837554,4.93057318645862e-06,8.12653932806352e-07,0.002450197,0.005903857,0.997741411
1.21128195E+01,3304.827151,0.005468536,3.47965559872734e-05,0.000431251,0.991804046,4.98452301606794e-06,8.15195369265967e-07,0.002453083,0.005934583,0.997738629
1.21128298E+01,3308.803832,0.005431812,3.46226291518899e-05,0.000429667,0.991848794,5.03778874422577e-06,8.17552843149632e-07,0.002446861,0.005896101,0.997744895
1.21128401E+01,3312.423217,0.005440106,3.45982199396097e-05,0.000429728,0.991839256,5.09211350550677e-06,8.20028925028994e-07,0.00244815,0.005904432,0.997743688
1.21128504E+01,3315.874997,0.005457736,3.46146022105137e-05,0.000430862,0.99181911,5.14725839049483e-06,8.22592477849797e-07,0.002449588,0.005923212,0.997742323
1.21128607E+01,3319.484002,0.005455919,3.45670706395056e-05,0.000431266,0.991822072,5.20268842602127e-06,8.25099921543269e-07,0.002448163,0.005921752,0.997743824
1.21128710E+01,3323.310885,0.005438485,3.44531393446962e-05,0.000430265,0.991843578,5.25823237900749e-06,8.2757338850643e-07,0.002445268,0.005903203,0.997746781
1.21128813E+01,3326.779449,0.005457708,3.44725316947482e-05,0.000431235,0.991821201,5.31489447094732e-06,8.30171642655807e-07,0.002447528,0.005923416,0.997744617
1.21128916E+01,3330.222264,0.005471246,3.44886511703427e-05,0.000432486,0.99180593,5.37220548031312e-06,8.32772583849617e-07,0.00244806,0.005938221,0.997744151
1.21129019E+01,3334.158565,0.005440466,3.43213922733303e-05,0.000430955,0.991843482,5.4291314731506e-06,8.35256702994875e-07,0.002443042,0.005905742,0.997749224
1.21129121E+01,3337.758419,0.005450237,3.43032330781469e-05,0.000431134,0.991832276,5.4871114987308e-06,8.37853672756908e-07,0.002444388,0.005915674,0.99774795
1.21129223E+01,3341.271605,0.005462151,3.43001469319189e-05,0.000431978,0.991818925,5.54585504836159e-06,8.40465832102927e-07,0.002445065,0.005928429,0.997747353
1.21129326E+01,3344.6293,0.005482724,3.44033944210546e-05,0.000433651,0.991795031,5.60549338009412e-06,8.4315234875292e-07,0.002446693,0.005950779,0.997745809
1.21129428E+01,3348.60391,0.005446892,3.41585867052545e-05,0.000431952,0.991838691,5.66448129131337e-06,8.45663466370353e-07,0.002440846,0.005913002,0.997751693
1.21129530E+01,3352.228314,0.005454933,3.41339960375155e-05,0.000431982,0.991829502,5.72461419696932e-06,8.48298144788899e-07,0.002442053,0.005921049,0.997750551
1.21129632E+01,3355.858805,0.005457332,3.40945583939383e-05,0.000432122,0.99182761,5.78530448575112e-06,8.50930818504023e-07,0.002441517,0.005923549,0.99775116
1.21129734E+01,3359.368379,0.005468596,3.4089735353322e-05,0.000433011,0.991814762,5.84681835485134e-06,8.53618715287813e-07,0.002442281,0.005935697,0.997750459
1.21129835E+01,3362.789711,0.005483773,3.40972754295262e-05,0.000434247,0.991797477,5.9091230512693e-06,8.56360866178219e-07,0.002443221,0.005952118,0.997749595
1.21129937E+01,3366.573883,0.00546549,3.39926702831556e-05,0.000433619,0.991820039,5.97127236670105e-06,8.59004614251175e-07,0.002439742,0.005933102,0.997753141
1.21130039E+01,3370.183671,0.00547037,3.39606292077568e-05,0.000433769,0.991814722,6.03430435476892e-06,8.61730728599958e-07,0.002440113,0.0059381,0.997752822
1.21130140E+01,3373.819546,0.005470957,3.39159728101759e-05,0.000433874,0.991814857,6.09787281668265e-06,8.64445629039824e-07,0.002439409,0.005938747,0.997753604
1.21130241E+01,3377.444724,0.005471946,3.38730464440674e-05,0.000434051,0.991814399,6.1620413953205e-06,8.67178221791396e-07,0.002438805,0.005939869,0.997754269
1.21130342E+01,3381.069204,0.005472855,3.38299162504572e-05,0.00043421,0.99181402,6.22679674128651e-06,8.69926068574473e-07,0.002438207,0.005940895,0.997754915
1.21130444E+01,3384.690559,0.005473957,3.37876095352233e-05,0.000434382,0.991813438,6.2921487000668e-06,8.7269000773976e-07,0.002437633,0.005942127,0.997755565
1.21130545E+01,3388.309005,0.005475207,3.37459909442196e-05,0.000434568,0.991812649,6.35810328043021e-06,8.75470228835489e-07,0.002437071,0.005943521,0.99775617
1.21130645E+01,3391.923509,0.005476668,3.37052857131529e-05,0.000434773,0.991811629,6.42466869901152e-06,8.78267334679877e-07,0.002436532,0.005945146,0.997756774
1.21130746E+01,3395.533035,0.005478409,3.3665765238188e-05,0.000435001,0.991810274,6.49185367235226e-06,8.81081874200619e-07,0.002436021,0.005947076,0.99775735
1.21130847E+01,3399.135756,0.005480558,3.36279166800663e-05,0.000435263,0.991808431,6.55966954485609e-06,8.83914787561768e-07,0.002435555,0.005949449,0.997757879
1.21130947E+01,3402.729295,0.005483353,3.35926784373135e-05,0.000435577,0.991805797,6.62808132763578e-06,8.86790431686877e-07,0.002435174,0.005952523,0.99775832
1.21131048E+01,3406.322475,0.005486164,3.35581677448046e-05,0.000435914,0.991803121,6.69717966200065e-06,8.89660386671763e-07,0.002434803,0.005955635,0.997758756
1.21131148E+01,3410.093367,0.005473534,3.34668672404482e-05,0.00043523,0.991818987,6.76647053756888e-06,8.92486739281092e-07,0.002432382,0.005942231,0.997761219
1.21131248E+01,3413.69173,0.005479851,3.3440884249379e-05,0.000435485,0.991812099,6.83676126819603e-06,8.95376399485388e-07,0.00243279,0.005948776,0.997760875
1.21131348E+01,3417.312302,0.00548109,3.34000521209096e-05,0.00043568,0.991811406,6.90763875640847e-06,8.98276659762561e-07,0.002432125,0.00595017,0.997761577
1.21131448E+01,3420.924662,0.005482589,3.33602222391311e-05,0.000435909,0.99181031,6.97917617497509e-06,9.01195435231781e-07,0.0024316,0.005951858,0.997762168
1.21131548E+01,3424.537135,0.005483933,3.33198912714658e-05,0.000436111,0.991809417,7.0513619641568e-06,9.04130508083428e-07,0.002431041,0.005953364,0.997762781
1.21131648E+01,3428.147345,0.005485432,3.32802042993801e-05,0.000436323,0.991808332,7.12420696787052e-06,9.07082700166711e-07,0.002430501,0.005955035,0.997763367
1.21131748E+01,3431.754802,0.00548709,3.32411954222937e-05,0.000436549,0.991807066,7.19771866824009e-06,9.10052364050516e-07,0.002429976,0.00595688,0.997763946
1.21131847E+01,3435.357512,0.005489033,3.32033221046419e-05,0.000436798,0.991805452,7.27190864884947e-06,9.13040380650562e-07,0.002429491,0.005959034,0.997764486
1.21131947E+01,3438.937635,0.005492846,3.31722244200355e-05,0.000437179,0.991801597,7.34683244665236e-06,9.16053265343487e-07,0.002429231,0.005963198,0.997764795
1.21132046E+01,3442.481857,0.005498722,3.31492480589745e-05,0.000437736,0.991795336,7.42254061605941e-06,9.19097578979485e-07,0.002429139,0.005969607,0.997764943
1.21132145E+01,3445.975854,0.005508257,3.31423970575566e-05,0.000438583,0.991784602,7.49910286542296e-06,9.22181290511118e-07,0.002429546,0.005979982,0.997764584
1.21132245E+01,3449.708986,0.005495862,3.3053711908734e-05,0.000438089,0.991800196,7.575746274331e-06,9.2520534709883e-07,0.00242697,0.005967005,0.997767201
1.21132344E+01,3453.149174,0.00551394,3.30762637956784e-05,0.000439167,0.991779184,7.65383913911657e-06,9.2833566075817e-07,0.002428871,0.005986183,0.997765367
1.21132443E+01,3456.893818,0.005500636,3.29830723737124e-05,0.000438672,0.991795959,7.7318634022998e-06,9.3139285993606e-07,0.002426032,0.005972291,0.99776825
1.21132542E+01,3460.573837,0.005498179,3.29269087678519e-05,0.000438433,0.991799523,7.81070148385126e-06,9.34474154505556e-07,0.00242527,0.005969539,0.997769062
1.21132640E+01,3464.048548,0.00551336,3.29359113778529e-05,0.000439373,0.991782102,7.8908060951714e-06,9.37640496251913e-07,0.002426591,0.005985669,0.997767771
1.21132739E+01,3467.754868,0.005503532,3.28583078543849e-05,0.000439083,0.991794657,7.97102106582659e-06,9.40755608353535e-07,0.002424274,0.005975473,0.99777013
1.21132837E+01,3471.152467,0.005524362,3.28980063825269e-05,0.000440409,0.991770328,8.0528100016325e-06,9.43984944929905e-07,0.002426481,0.005997669,0.997767997
1.21132936E+01,3474.856865,0.005513178,3.2809743373358e-05,0.000440128,0.991784526,8.13453736315286e-06,9.47143004117455e-07,0.002423856,0.005986116,0.997770642
1.21133034E+01,3478.522445,0.005510982,3.27540629082742e-05,0.00043998,0.991787742,8.21706452948759e-06,9.50319039769693e-07,0.002423089,0.005983717,0.997771458
1.21133132E+01,3482.185157,0.005509461,3.27024634995109e-05,0.000439847,0.991790363,8.3002484347259e-06,9.53534237887703e-07,0.002422205,0.005982011,0.997772374
1.21133231E+01,3485.546332,0.005533143,3.27348975272448e-05,0.000441311,0.991762849,8.38512093006044e-06,9.56844394668362e-07,0.002424596,0.006007189,0.997770038
1.21133329E+01,3489.218528,0.00552344,3.26628458696192e-05,0.000441226,0.991775225,8.46995576776773e-06,9.60082618125231e-07,0.002422123,0.005997329,0.997772553
1.21133427E+01,3492.853818,0.005522758,3.26166226663293e-05,0.000441235,0.991776596,8.55560560499695e-06,9.63342013618102e-07,0.002421513,0.005996609,0.997773205
1.21133524E+01,3496.513666,0.005520729,3.25659811109403e-05,0.00044113,0.991779779,8.64193347622742e-06,9.66608760290962e-07,0.002420555,0.005994425,0.997774204
1.21133622E+01,3500.172997,0.005519245,3.25173027443013e-05,0.000441076,0.991782241,8.72900743089629e-06,9.69890186266748e-07,0.002419704,0.005992838,0.99777508
1.21133720E+01,3503.837529,0.005517464,3.2467791400235e-05,0.000441005,0.991785053,8.81681671655981e-06,9.73184615877438e-07,0.002418822,0.005990937,0.99777599
1.21133817E+01,3507.528673,0.005513018,3.24074468328646e-05,0.000440717,0.991791142,8.90528680102308e-06,9.76483236163668e-07,0.002417559,0.005986142,0.997777285
1.21133915E+01,3511.161615,0.005514241,3.23675126554823e-05,0.000440785,0.991790365,8.99469482337937e-06,9.79813699139883e-07,0.002417125,0.005987393,0.997777758
1.21134012E+01,3514.769912,0.005516542,3.2332193811467e-05,0.000441021,0.991788338,9.0849579912122e-06,9.8317257073523e-07,0.002416683,0.005989895,0.997778233
1.21134109E+01,3518.275629,0.005526273,3.23225198896654e-05,0.000441792,0.991777441,9.17635296469061e-06,9.86587725321184e-07,0.002417133,0.006000387,0.997777828
1.21134206E+01,3521.586578,0.005549666,3.2356496842192e-05,0.000443499,0.991750298,9.26925894743584e-06,9.90099670271751e-07,0.002419194,0.006025521,0.99777582
1.21134304E+01,3525.331163,0.005531636,3.22594725872879e-05,0.000442968,0.991772486,9.36168832886373e-06,9.93513842667722e-07,0.002415682,0.006006863,0.997779349
1.21134400E+01,3529.024635,0.005527221,3.2201042714197e-05,0.000442595,0.991778271,9.45505700706334e-06,9.96927418825825e-07,0.002414765,0.006002017,0.997780287
1.21134497E+01,3532.760859,0.005520154,3.2132225341893e-05,0.000442014,0.991787548,9.54905416656766e-06,1.00033788616335e-06,0.002413226,0.005994301,0.997781849
1.21134594E+01,3536.392819,0.005522968,3.20975425567456e-05,0.00044212,0.991784892,9.64417454371293e-06,1.00379424511079e-06,0.002413038,0.005997186,0.997782078
1.21134691E+01,3539.922793,0.005531819,3.20845359189539e-05,0.000442791,0.99177508,9.74046461377387e-06,1.00730947497623e-06,0.002413373,0.006006695,0.997781774
1.21134787E+01,3543.225395,0.005556554,3.21517141277438e-05,0.00044465,0.991746211,9.83844373722148e-06,1.01093342092959e-06,0.002415609,0.006033356,0.997779567
1.21134884E+01,3546.985066,0.005537149,3.20223803803618e-05,0.000443966,0.991770102,9.93593963328513e-06,1.01444985040303e-06,0.002411954,0.006013137,0.997783239
1.21134980E+01,3550.717904,0.005529869,3.19555842150547e-05,0.0004434,0.991779301,1.00342067618179e-05,1.01798031493657e-06,0.002410693,0.006005224,0.997784525
1.21135076E+01,3554.405809,0.005527626,3.19024281679396e-05,0.000443069,0.991782872,1.01334428694724e-05,1.02151472711668e-06,0.002409775,0.006002597,0.997785469
1.21135172E+01,3557.921567,0.005538977,3.18969400710336e-05,0.000443804,0.991770053,1.02341313922539e-05,1.02512223817136e-06,0.002410546,0.006014678,0.99778473
1.21135268E+01,3561.261298,0.005560445,3.19245361393244e-05,0.000445393,0.991745212,1.0336404667575e-05,1.02882787690034e-06,0.002412338,0.006037763,0.997782975
1.21135364E+01,3565.09486,0.00553575,3.18080296498606e-05,0.000444412,0.991775254,1.04379665801532e-05,1.03238240352782e-06,0.002408095,0.00601197,0.997787224
1.21135460E+01,3568.802299,0.00553228,3.17506823038766e-05,0.000443921,0.991779996,1.05407068670734e-05,1.03598812157937e-06,0.002407393,0.006007952,0.997787948
1.21135556E+01,3572.320041,0.005543996,3.17458790655218e-05,0.000444575,0.991766874,1.06450018657921e-05,1.03967261262562e-06,0.002408159,0.006020318,0.997787192
1.21135652E+01,3575.688519,0.005563196,3.17661726986394e-05,0.000446022,0.99174474,1.07508341399117e-05,1.04344784802674e-06,0.002409665,0.006040984,0.997785724
1.21135747E+01,3579.527143,0.005538787,3.16510875492574e-05,0.000445016,0.991774443,1.08559988633942e-05,1.04707552139498e-06,0.002405503,0.006015455,0.997789898
1.21135843E+01,3583.188784,0.005539011,3.16059289176808e-05,0.000444759,0.99177482,1.09625669675542e-05,1.05077466110719e-06,0.002405217,0.006015376,0.997790196
1.21135938E+01,3586.563959,0.005561724,3.16393769342196e-05,0.000446194,0.991748546,1.10711542169715e-05,1.05459334983416e-06,0.002407335,0.006039558,0.997788103
1.21136033E+01,3590.062753,0.005566051,3.16112023093443e-05,0.000446905,0.991744207,1.11803579651441e-05,1.05841157691014e-06,0.002406689,0.006044568,0.997788775
1.21136128E+01,3593.953883,0.005539123,3.14852053443193e-05,0.000445486,0.991776858,1.12890212068229e-05,1.06212179521837e-06,0.002402509,0.006016093,0.997792951
1.21136224E+01,3597.554319,0.00554681,3.14652057943009e-05,0.000445614,0.991768305,1.1399626986778e-05,1.06591500227434e-06,0.002403281,0.006023888,0.997792194
1.21136319E+01,3600.828108,0.005576689,3.15316256718413e-05,0.000447627,0.991733541,1.15125847611518e-05,1.0698812425352e-06,0.00240612,0.006055848,0.997789389
1.21136413E+01,3604.644501,0.005552186,3.14050433988056e-05,0.000446695,0.991763415,1.16245122327895e-05,1.07366953901404e-06,0.002401798,0.006030286,0.997793701
1.21136508E+01,3608.366731,0.005546295,3.13418957738972e-05,0.000446112,0.991771019,1.17376051705085e-05,1.07750911139217e-06,0.002400744,0.006023749,0.997794768
1.21136603E+01,3611.737014,0.005570546,3.13788499963595e-05,0.000447537,0.991742919,1.18530969253167e-05,1.08146936348541e-06,0.002403155,0.006049462,0.997792381
1.21136698E+01,3615.301322,0.005569746,3.1335385879192e-05,0.000447919,0.991744654,1.19690328257152e-05,1.08541626279604e-06,0.002401876,0.006049,0.997793655
1.21136792E+01,3619.154389,0.005547499,3.12247676822766e-05,0.00044671,0.991771722,1.20847012036905e-05,1.08927544016367e-06,0.002398365,0.006025434,0.997797156
1.21136887E+01,3622.611154,0.005566113,3.12406615511876e-05,0.000447603,0.991750234,1.22028980804954e-05,1.09326283484924e-06,0.002400344,0.006044956,0.99779519
1.21136981E+01,3626.20857,0.005565528,3.11994345622315e-05,0.00044783,0.991751691,1.23216631181103e-05,1.09724119360383e-06,0.002399293,0.006044558,0.997796248
1.21137075E+01,3629.917127,0.005556344,3.11296886507844e-05,0.000447421,0.991763317,1.24409938344763e-05,1.10118315373457e-06,0.002397335,0.006034895,0.997798211
1.21137169E+01,3633.11956,0.005592893,3.12013926687971e-05,0.000449621,0.991720553,1.25634628995557e-05,1.1053360050035e-06,0.002401299,0.006073716,0.997794269
1.21137263E+01,3637.112462,0.005552083,3.10383589083213e-05,0.000447749,0.991769852,1.26838902222727e-05,1.1092304573015e-06,0.002394825,0.006030871,0.997800723
1.21137357E+01,3640.586045,0.00557072,3.10530144350862e-05,0.000448513,0.991748149,1.28073155604038e-05,1.1133194271943e-06,0.002397124,0.006050286,0.997798435
1.21137451E+01,3644.161705,0.00557277,3.10198946007322e-05,0.000448811,0.991746578,1.29314900143273e-05,1.11741484037587e-06,0.00239638,0.006052601,0.997799179
1.21137545E+01,3647.849901,0.005564788,3.09550370942884e-05,0.000448532,0.991756763,1.30562687315838e-05,1.12147275272295e-06,0.002394504,0.006044275,0.997801038
1.21137639E+01,3651.202499,0.005588172,3.0985996812456e-05,0.000449933,0.991729596,1.31835802071594e-05,1.1256814901303e-06,0.002396876,0.006069091,0.997798687
1.21137732E+01,3655.075481,0.005560538,3.08630266564923e-05,0.000448664,0.99176327,1.33098477592528e-05,1.12972148496606e-06,0.002392213,0.006040065,0.997803335
1.21137826E+01,3658.258329,0.005601234,3.09649975008472e-05,0.00045101,0.991715364,1.34401383348792e-05,1.13403677308954e-06,0.002396993,0.006083209,0.997798573
1.21137919E+01,3662.235768,0.005561883,3.07884601453111e-05,0.000449118,0.991763065,1.3568234800153e-05,1.1381067259226e-06,0.002390671,0.006041789,0.997804854
1.21138012E+01,3665.65873,0.005584266,3.08154780156011e-05,0.000450173,0.991736901,1.36996884603922e-05,1.14239358835783e-06,0.002393382,0.006065254,0.997802155
1.21138106E+01,3669.392255,0.005571364,3.07353433898019e-05,0.000449566,0.991753145,1.38311043541424e-05,1.1465922194249e-06,0.002390716,0.006051665,0.99780481
1.21138199E+01,3672.792898,0.005590947,3.07573626202772e-05,0.000450835,0.991730465,1.39649990405764e-05,1.15093769704211e-06,0.002392527,0.006072539,0.997803004
1.21138292E+01,3676.586092,0.005571372,3.06571678664309e-05,0.000449907,0.991754453,1.40984914542841e-05,1.15515846321659e-06,0.00238911,0.006051936,0.997806389
1.21138385E+01,3679.857066,0.005603128,3.07197882899057e-05,0.000451824,0.991717283,1.42353758481953e-05,1.15959999088044e-06,0.002392553,0.006085673,0.997802955
1.21138478E+01,3683.730077,0.005573846,3.05869720783516e-05,0.000450445,0.99175295,1.43709316909347e-05,1.16383882117892e-06,0.002387643,0.006054878,0.997807828
1.21138570E+01,3687.177797,0.005591943,3.06019712629178e-05,0.000451373,0.991731951,1.45094091845655e-05,1.16825370692309e-06,0.002389595,0.006073918,0.997805869
1.21138663E+01,3690.915308,0.005578752,3.05216358514293e-05,0.000450729,0.991748465,1.46478383770157e-05,1.17258043017299e-06,0.002386987,0.006060002,0.997808467
1.21138756E+01,3694.183975,0.005609441,3.05826536464942e-05,0.000452692,0.991712569,1.47897284153803e-05,1.17709286813016e-06,0.002390159,0.006092716,0.997805285
1.21138848E+01,3698.087051,0.005577382,3.04413026109486e-05,0.000451154,0.991751489,1.4929916748612e-05,1.18141356863466e-06,0.002384954,0.006058977,0.997810467
1.21138940E+01,3701.416529,0.00560608,3.04903750007346e-05,0.000452712,0.991717868,1.50740256505582e-05,1.18595521355917e-06,0.002388261,0.006089282,0.997807151
1.21139033E+01,3705.219747,0.005584285,3.03831903846465e-05,0.00045168,0.991744709,1.52171600188273e-05,1.19035830012008e-06,0.002384327,0.006066348,0.997811057
1.21139125E+01,3708.628829,0.005603898,3.04044667698844e-05,0.000452834,0.991721943,1.53634381933848e-05,1.19491729263355e-06,0.002386296,0.006087136,0.99780908
1.21139217E+01,3712.425952,0.005584578,3.03064320876453e-05,0.00045188,0.991745656,1.55091108999143e-05,1.19936746681547e-06,0.002382905,0.006066765,0.99781242
1.21139309E+01,3715.723507,0.005613704,3.03535095599481e-05,0.000453548,0.99171165,1.56585400625706e-05,1.20401212610372e-06,0.002386066,0.006097605,0.997809255
1.21139401E+01,3719.562752,0.005587929,3.02404684367653e-05,0.000452455,0.991743123,1.58066689878019e-05,1.20847801468062e-06,0.00238153,0.006070625,0.997813748
1.21139493E+01,3723.030722,0.005603441,3.0246399614455e-05,0.000453188,0.991725134,1.59578476873769e-05,1.21311114439404e-06,0.002383258,0.006086875,0.997812009
1.21139585E+01,3726.556241,0.005607495,3.02220397889484e-05,0.000453712,0.991721265,1.61101543657982e-05,1.21774473432606e-06,0.002382541,0.00609143,0.997812695
1.21139677E+01,3730.315545,0.005592379,3.01368725133018e-05,0.000452944,0.991739743,1.62625930369071e-05,1.22232232516672e-06,0.002379999,0.00607546,0.997815203
1.21139768E+01,3733.698368,0.005614091,3.01618871925382e-05,0.00045414,0.991714607,1.64183142961094e-05,1.22706068297321e-06,0.002382178,0.006098394,0.997813
1.21139860E+01,3737.370128,0.00560365,3.00950577974514e-05,0.000453917,0.991727868,1.65739771779314e-05,1.23171628788618e-06,0.002379607,0.006087662,0.997815531
1.21139951E+01,3741.04188,0.005598622,3.00394437205326e-05,0.000453553,0.991734348,1.6730926146649e-05,1.23640145413948e-06,0.002378544,0.006082215,0.997816563
1.21140042E+01,3744.350627,0.005624928,3.00787178392117e-05,0.000455156,0.991703876,1.68911575866535e-05,1.24127395722791e-06,0.002381037,0.006110163,0.997814039
1.21140134E+01,3748.16154,0.00560088,2.99726713516397e-05,0.000454208,0.991733185,1.70503054429224e-05,1.24595474358043e-06,0.002376782,0.006085061,0.997818245
1.21140225E+01,3751.749212,0.005605524,2.99447419457067e-05,0.000454231,0.991728162,1.72120056939058e-05,1.25076780316813e-06,0.002377128,0.0060897,0.997817862
1.21140316E+01,3754.992812,0.005635787,2.99962510282363e-05,0.000456199,0.991693139,1.73769447414928e-05,1.25574724000703e-06,0.002379859,0.006121982,0.997815121
1.21140407E+01,3758.929756,0.005599477,2.98553519995557e-05,0.000454593,0.991736862,1.75397448432934e-05,1.26045869112933e-06,0.002374122,0.006083926,0.997820788
1.21140498E+01,3762.445952,0.005612503,2.9851015647979e-05,0.000454944,0.991721911,1.77060712213999e-05,1.26535728624973e-06,0.002375675,0.006097297,0.997819208
1.21140589E+01,3765.657354,0.00564426,2.99993385965197e-05,0.000457137,0.991685063,1.78757855727804e-05,1.27040889022094e-06,0.002378388,0.006131396,0.997816459
1.21140679E+01,3769.673964,0.005600257,2.9744979031525e-05,0.000455077,0.991737964,1.80425775699835e-05,1.27517141443623e-06,0.002371748,0.006085079,0.997823042
1.21140770E+01,3773.145476,0.005618486,2.97551159157697e-05,0.000455624,0.991716846,1.82136469268039e-05,1.28016963855706e-06,0.002374031,0.006103865,0.997820711
1.21140861E+01,3776.417313,0.005644631,2.98171678775614e-05,0.000457561,0.991686723,1.83876100396502e-05,1.28528060794061e-06,0.002375973,0.006132009,0.997818732
1.21140951E+01,3780.379853,0.005606058,2.96489438510269e-05,0.000455724,0.991733113,1.8559166069658e-05,1.29016832951469e-06,0.0023701,0.006091431,0.997824544
1.21141042E+01,3783.881002,0.005620836,2.96495441931922e-05,0.000456124,0.991716121,1.87347454522428e-05,1.29523232284472e-06,0.002371869,0.006106609,0.99782273
1.21141132E+01,3787.136773,0.005648599,2.96939687536757e-05,0.000458047,0.991684147,1.89135058212853e-05,1.30043344493359e-06,0.002374072,0.00613634,0.997820487
1.21141222E+01,3791.044916,0.005614281,2.95612725432119e-05,0.000456585,0.991725422,1.90900996939266e-05,1.30540390288448e-06,0.002368647,0.006100427,0.997825849
1.21141312E+01,3794.631521,0.005620681,2.95380759292056e-05,0.000456546,0.991718313,1.92699213320806e-05,1.31052968702343e-06,0.002369361,0.006106764,0.997825077
1.21141402E+01,3798.098819,0.005632913,2.95369313316321e-05,0.000457337,0.991704637,1.94521682888778e-05,1.31572457128756e-06,0.002369954,0.006119787,0.997824424
1.21141492E+01,3801.405599,0.005653436,2.95843619109138e-05,0.000459047,0.991681001,1.9637155589746e-05,1.32102449994069e-06,0.002371259,0.006142067,0.997823068
1.21141582E+01,3805.348883,0.005617028,2.94205770484566e-05,0.000457224,0.991724813,1.98199470599675e-05,1.32611147244073e-06,0.002365773,0.006103672,0.997828486
1.21141672E+01,3808.901572,0.005627114,2.94079389742276e-05,0.000457343,0.991713398,2.00065732473023e-05,1.33135619380256e-06,0.002366929,0.006113865,0.997827263
1.21141762E+01,3812.354784,0.005639713,2.94082634889688e-05,0.000458219,0.991699305,2.01955792058031e-05,1.33667560832639e-06,0.002367489,0.00612734,0.997826645
1.21141851E+01,3815.645334,0.005660981,2.94332038694223e-05,0.000459932,0.991674878,2.03874560125079e-05,1.34210377594068e-06,0.002368863,0.006150346,0.997825223
1.21141941E+01,3819.585008,0.005624321,2.9294928317842e-05,0.000458196,0.991718865,2.05769227402195e-05,1.34731890502018e-06,0.002363326,0.006111812,0.997830677
1.21142030E+01,3823.165073,0.005631915,2.92751667421254e-05,0.00045816,0.991710407,2.0770308966534e-05,1.3526951625186e-06,0.002364179,0.00611935,0.997829757
1.21142120E+01,3826.724351,0.005635908,2.92487074396929e-05,0.000458395,0.991706557,2.09653851015608e-05,1.3581104054171e-06,0.002363748,0.006123552,0.997830108
1.21142209E+01,3830.12255,0.005651248,2.92575573095531e-05,0.000459579,0.991688989,2.11634911542665e-05,1.36360568421773e-06,0.002364722,0.006140085,0.997829074
1.21142298E+01,3833.539919,0.005660524,2.92621223101547e-05,0.000460641,0.991678691,2.13634232650768e-05,1.36913571280383e-06,0.00236462,0.006150427,0.997829118
1.21142387E+01,3837.398222,0.005633199,2.91366534120598e-05,0.000459205,0.991711696,2.15623377642944e-05,1.37452731636976e-06,0.002360416,0.00612154,0.997833237
1.21142476E+01,3840.968009,0.005640157,2.91162802541422e-05,0.000459245,0.991704068,2.17645725249611e-05,1.38006457941033e-06,0.002360985,0.006128518,0.997832586
1.21142565E+01,3844.557228,0.005640985,2.90814149352867e-05,0.000459326,0.991703906,2.19686301395818e-05,1.3856000505658e-06,0.002360188,0.006129392,0.997833298
1.21142654E+01,3848.086182,0.005645621,2.90578416651983e-05,0.000459723,0.991699052,2.21749508864876e-05,1.39119322082523e-06,0.002359942,0.006134402,0.997833454
1.21142743E+01,3851.498473,0.005658781,2.90605887002079e-05,0.000460756,0.991684106,2.23840584922819e-05,1.39687495344365e-06,0.002360621,0.006148598,0.997832704
1.21142832E+01,3854.834969,0.005674577,2.91831419267085e-05,0.000462141,0.99166604,2.25957712337492e-05,1.4026346610663e-06,0.002361308,0.006165902,0.997831942
1.21142920E+01,3858.695335,0.00564518,2.89549965216479e-05,0.000460764,0.991701528,2.28058629568851e-05,1.40820345178847e-06,0.002356735,0.006134899,0.997836427
1.21143009E+01,3862.241713,0.005653625,2.89391455292983e-05,0.000460908,0.991692096,2.30197716010889e-05,1.4139435089493e-06,0.002357494,0.006143472,0.997835568
1.21143097E+01,3865.8347,0.005653449,2.89020402246488e-05,0.000460955,0.991693145,2.32353841464043e-05,1.41968002927313e-06,0.002356528,0.006143306,0.997836451
1.21143186E+01,3869.411785,0.005654087,2.88675238559198e-05,0.000461099,0.99169302,2.3453060375077e-05,1.4254556291909e-06,0.002355814,0.006144053,0.997837074
1.21143274E+01,3872.98986,0.005654405,2.88321062080988e-05,0.000461194,0.991693306,2.36727186754993e-05,1.43126410078578e-06,0.002355048,0.006144431,0.997837737
1.21143362E+01,3876.563569,0.005654994,2.87975638798716e-05,0.000461306,0.99169329,2.38944168622003e-05,1.43710800596233e-06,0.002354313,0.006145097,0.997838388
1.21143451E+01,3880.132265,0.005655832,2.87638375112086e-05,0.000461438,0.991692965,2.4118185876758e-05,1.44298812700954e-06,0.002353595,0.006146034,0.997838999
1.21143539E+01,3883.693695,0.005657075,2.87313711538488e-05,0.000461603,0.991692163,2.43440705483016e-05,1.44890605229486e-06,0.002352917,0.006147409,0.997839572
1.21143627E+01,3887.245505,0.00565887,2.87005875666927e-05,0.000461812,0.991690722,2.45721202546276e-05,1.45486358739279e-06,0.002352293,0.006149383,0.997840105
1.21143714E+01,3890.784705,0.005661403,2.86720195147465e-05,0.000462084,0.991688387,2.48023932978997e-05,1.46086300076113e-06,0.002351738,0.006152159,0.997840546
1.21143802E+01,3894.307401,0.005664882,2.86462701869851e-05,0.000462435,0.99168495,2.50347877712887e-05,1.46692699414135e-06,0.002351269,0.006155963,0.997840913
1.21143890E+01,3897.782936,0.005672225,2.86332563484564e-05,0.000463098,0.991676857,2.52699685730946e-05,1.47303215805658e-06,0.002351264,0.006163957,0.997840814
1.21143978E+01,3901.26328,0.005677358,2.8612712343407e-05,0.000463666,0.991671503,2.55073810619177e-05,1.47918013632187e-06,0.002350823,0.006169637,0.99784114
1.21144065E+01,3904.711217,0.005685033,2.85991946144049e-05,0.000464383,0.991663115,2.57473783386404e-05,1.48538021074792e-06,0.002350739,0.006178016,0.997841131
1.21144153E+01,3908.213495,0.005687515,2.85957753194149e-05,0.000464881,0.991660749,2.59893122862834e-05,1.49159862111715e-06,0.002350013,0.006180992,0.99784174
1.21144240E+01,3911.92347,0.005674239,2.85038965741574e-05,0.000464202,0.991677097,2.62319242138205e-05,1.49777194381872e-06,0.002347584,0.006166945,0.997844041
1.21144328E+01,3915.575568,0.005670571,2.84543383366254e-05,0.000463774,0.991682174,2.64769981307838e-05,1.50398474437235e-06,0.002346546,0.006162798,0.997844972
1.21144415E+01,3919.034801,0.005682503,2.84520170574862e-05,0.00046447,0.991668762,2.67257228692605e-05,1.51034202576046e-06,0.00234719,0.006175426,0.997844188
1.21144502E+01,3922.46593,0.005692187,2.84505928171728e-05,0.00046539,0.991657919,2.69773484082131e-05,1.51673892569117e-06,0.002347317,0.006186027,0.997843946
1.21144589E+01,3926.13691,0.005680125,2.83783746092451e-05,0.000464931,0.99167286,2.72294327604581e-05,1.52306790543255e-06,0.002344849,0.006173434,0.997846294
1.21144676E+01,3929.504043,0.005698792,2.84083504597606e-05,0.000466051,0.991651345,2.74863967068389e-05,1.52957073806426e-06,0.002346434,0.006193252,0.997844597
1.21144763E+01,3933.186049,0.005685602,2.83263910288551e-05,0.000465573,0.991667689,2.77433080087028e-05,1.53597849058078e-06,0.002343693,0.006179501,0.99784719
1.21144850E+01,3936.803698,0.005683236,2.82811444346565e-05,0.000465329,0.991671135,2.80030134726029e-05,1.54244221086237e-06,0.002342771,0.006176846,0.997847981
1.21144937E+01,3940.183246,0.005700794,2.83012108936019e-05,0.000466432,0.991651029,2.82672490213612e-05,1.54905803085214e-06,0.002344058,0.006195527,0.997846556
1.21145024E+01,3943.839751,0.005689659,2.82322596869618e-05,0.000466108,0.991664879,2.85317667853039e-05,1.55559587562236e-06,0.002341589,0.006183999,0.997848878
1.21145110E+01,3947.438659,0.005688039,2.81902283031244e-05,0.000465947,0.99166745,2.87991497349321e-05,1.56218948114184e-06,0.002340715,0.006182176,0.997849626
1.21145197E+01,3950.742552,0.005711011,2.82604577596222e-05,0.000467412,0.991640941,2.90717447412715e-05,1.56896617508367e-06,0.002342589,0.006206684,0.997847624
1.21145283E+01,3954.314434,0.00570476,2.82201319256082e-05,0.00046752,0.991648984,2.93449360033691e-05,1.57568069362014e-06,0.002340569,0.0062005,0.997849483
1.21145370E+01,3957.838967,0.005707118,2.81384118809e-05,0.000467713,0.991646872,2.96210654323824e-05,1.58244824078999e-06,0.002340067,0.006202969,0.997849841
1.21145456E+01,3961.408508,0.005705978,2.81010124990461e-05,0.000467734,0.991648925,2.98992610223757e-05,1.58925342769471e-06,0.00233902,0.006201814,0.997850739
1.21145542E+01,3964.977161,0.005705712,2.80659215659472e-05,0.000467787,0.991649906,3.01803433294119e-05,1.59608374365821e-06,0.002338137,0.006201565,0.997851471
1.21145628E+01,3968.554602,0.005704956,2.80294213269234e-05,0.0004678,0.991651461,3.04640364371674e-05,1.6029514087321e-06,0.002337196,0.006200785,0.997852247
1.21145715E+01,3972.143503,0.00570343,2.799084975643e-05,0.000467755,0.991653921,3.07503326381693e-05,1.60985472840269e-06,0.002336185,0.006199175,0.997853097
1.21145801E+01,3975.733635,0.005702127,2.79528985578553e-05,0.000467706,0.991656142,3.1039340237729e-05,1.61679845776422e-06,0.002335206,0.006197786,0.997853928
1.21145887E+01,3979.327104,0.005700594,2.79144350520063e-05,0.000467642,0.991658621,3.13310689813351e-05,1.62378207441938e-06,0.002334199,0.00619615,0.997854772
1.21145972E+01,3982.944364,0.005696717,2.7867903704322e-05,0.000467385,0.991663932,3.1625310946732e-05,1.6307939896054e-06,0.002332883,0.006191969,0.997855901
1.21146058E+01,3986.523605,0.005696784,2.78336402814722e-05,0.00046738,0.991664486,3.19227278210128e-05,1.63786495369708e-06,0.002332146,0.006191998,0.997856483
1.21146144E+01,3990.073447,0.005698502,2.78042997140587e-05,0.000467549,0.991663112,3.22232832827684e-05,1.6449964035182e-06,0.002331484,0.006193856,0.997856967
1.21146230E+01,3993.544057,0.005705701,2.77903910423042e-05,0.000468137,0.991655242,3.252758355303e-05,1.6522142300553e-06,0.002331398,0.006201628,0.99785687
1.21146315E+01,3996.876232,0.005722369,2.78063876776699e-05,0.000469474,0.991636143,3.28364368546353e-05,1.65955672014346e-06,0.002332318,0.006219649,0.997855792
1.21146401E+01,4000.354417,0.005723108,2.778445142697e-05,0.000469979,0.991635889,3.31471832656454e-05,1.66688892640388e-06,0.00233118,0.006220872,0.997856761
1.21146486E+01,4003.869464,0.005723768,2.77406366493029e-05,0.00047015,0.991635763,3.34607324726775e-05,1.67424925057971e-06,0.002330328,0.006221659,0.997857422
1.21146571E+01,4007.559417,0.005711669,2.76754933528016e-05,0.000469481,0.991650687,3.37757180675369e-05,1.68158241941123e-06,0.002328055,0.006208825,0.997859512
1.21146657E+01,4011.225338,0.005705499,2.7622710681637e-05,0.000468894,0.991658719,3.40936784808929e-05,1.68894993887142e-06,0.002326624,0.006202016,0.997860735
1.21146742E+01,4014.80716,0.005706772,2.75915446458474e-05,0.000468863,0.991657908,3.44155142434066e-05,1.69639878294326e-06,0.002326021,0.006203227,0.997861135
1.21146827E+01,4018.309369,0.005712452,2.75733095229626e-05,0.000469298,0.991651882,3.47413175961407e-05,1.70393837075671e-06,0.002325756,0.006209324,0.997861206
1.21146912E+01,4021.615351,0.005731917,2.75959044583746e-05,0.000470783,0.99162949,3.50725864317118e-05,1.71163438789565e-06,0.002326996,0.006230295,0.997859786
1.21146997E+01,4025.025351,0.005737418,2.75751334050578e-05,0.000471566,0.99162367,3.54064492986924e-05,1.71934708661253e-06,0.002326353,0.006236559,0.997860229
1.21147082E+01,4028.765598,0.005717729,2.74919119259673e-05,0.000470611,0.99164741,3.5740392555784e-05,1.72695202045569e-06,0.002323132,0.006215832,0.997863241
1.21147167E+01,4032.427149,0.005712154,2.74408322635285e-05,0.000469956,0.991654766,3.60780288492067e-05,1.73462058512456e-06,0.002321853,0.00620955,0.997864316
1.21147251E+01,4035.975674,0.00571601,2.74168032530511e-05,0.000470069,0.991650955,3.64201431964007e-05,1.74238912651272e-06,0.002321497,0.006213496,0.99786445
1.21147336E+01,4039.337673,0.005732004,2.74273910663942e-05,0.000471242,0.991632736,3.67677721032246e-05,1.75031169284978e-06,0.002322321,0.006230673,0.997863409
1.21147421E+01,4042.83205,0.005732336,2.73957863250417e-05,0.000471625,0.991632883,3.71178065599389e-05,1.75823556394021e-06,0.002321279,0.006231358,0.99786424
1.21147505E+01,4046.534896,0.005717134,2.73224728888042e-05,0.000470798,0.9916515,3.74689058373273e-05,1.76611665363114e-06,0.002318534,0.006215254,0.997866754
1.21147590E+01,4050.051074,0.005723348,2.73047485035884e-05,0.000471008,0.991644835,3.78255612593611e-05,1.77411473061999e-06,0.002318569,0.00622166,0.997866496
1.21147674E+01,4053.318025,0.005746513,2.73373604827318e-05,0.000472659,0.991618184,3.81890310718488e-05,1.78233417301071e-06,0.002320173,0.006246509,0.997864694
1.21147758E+01,4056.836921,0.00574193,2.72904120049245e-05,0.000472864,0.991624186,3.85535608310368e-05,1.790471458962e-06,0.002318342,0.006242084,0.99786627
1.21147842E+01,4060.611872,0.005721099,2.72028518091373e-05,0.00047162,0.991649369,3.89187166844973e-05,1.79853650158416e-06,0.002315097,0.006219921,0.99786929
1.21147927E+01,4064.140188,0.005727965,2.71862068971854e-05,0.000471735,0.991641977,3.92902010334506e-05,1.8067499178189e-06,0.002315273,0.006226886,0.997868863
1.21148011E+01,4067.390688,0.005752824,2.72233169851962e-05,0.000473475,0.991613356,3.96689082460231e-05,1.81517908076042e-06,0.002317038,0.006253523,0.997866879
1.21148095E+01,4070.990041,0.005741337,2.71587515258305e-05,0.000473266,0.991627479,4.00480869124749e-05,1.82351995323163e-06,0.002314419,0.006241762,0.99786924
1.21148179E+01,4074.715487,0.005726253,2.70858285294602e-05,0.00047227,0.991645889,4.0429168246593e-05,1.83183407846496e-06,0.002311899,0.006225608,0.997871497
1.21148263E+01,4078.146566,0.005739806,2.70874045868317e-05,0.000472898,0.991630643,4.08175717332579e-05,1.84033014958582e-06,0.00231271,0.006239791,0.997870434
1.21148346E+01,4081.488151,0.005754584,2.70935636506642e-05,0.000474071,0.991613863,4.12114064258142e-05,1.84895334039731e-06,0.002313281,0.006255748,0.997869611
1.21148430E+01,4085.269202,0.005729674,2.69981689192437e-05,0.000472881,0.991643857,4.16042665954313e-05,1.85740181969462e-06,0.002309212,0.006229554,0.997873411
1.21148514E+01,4088.678664,0.005744874,2.70039227993149e-05,0.000473578,0.991626563,4.20053628823036e-05,1.8660917882237e-06,0.002310349,0.006245456,0.997872019
1.21148597E+01,4092.064778,0.005755676,2.69998797684075e-05,0.000474475,0.991614517,4.24113049112999e-05,1.87487734846693e-06,0.002310437,0.006257151,0.997871668
1.21148681E+01,4095.814131,0.005734152,2.69132112644801e-05,0.000473439,0.991640509,4.28171849119889e-05,1.88352507799263e-06,0.00230679,0.006234504,0.997875013
1.21148764E+01,4099.115448,0.005757217,2.6940416878755e-05,0.0004747,0.99161396,4.32326474463422e-05,1.8924641568742e-06,0.002308717,0.006258858,0.997872817
1.21148848E+01,4102.764131,0.00574365,2.68727831955342e-05,0.000474153,0.991630647,4.3648487769115e-05,1.90130321913709e-06,0.002305932,0.006244676,0.997875323
1.21148931E+01,4106.279907,0.005746736,2.68488694129184e-05,0.00047433,0.991627593,4.40703715021553e-05,1.9102665155239e-06,0.002305465,0.006247915,0.997875508
1.21149014E+01,4109.535345,0.00576971,2.68751809488062e-05,0.000475852,0.991601193,4.45002054169009e-05,1.91944460107445e-06,0.002307048,0.006272437,0.99787363
1.21149097E+01,4113.356965,0.005739453,2.67680750661982e-05,0.000474421,0.991637498,4.49276944827803e-05,1.92838097895307e-06,0.002302236,0.006240643,0.997878141
1.21149180E+01,4116.660668,0.005763307,2.67965222071222e-05,0.000475634,0.991609977,4.53660729113216e-05,1.9376493143274e-06,0.002304367,0.006265738,0.997875715
1.21149263E+01,4120.303052,0.005750379,2.67310320622955e-05,0.000475095,0.991625938,4.58051016150868e-05,1.94682357049764e-06,0.002301626,0.006252205,0.997878143
1.21149346E+01,4123.780019,0.005756259,2.67147036199426e-05,0.000475473,0.991619594,4.62508085115365e-05,1.95615731754299e-06,0.002301432,0.006258447,0.997878041
1.21149429E+01,4127.160421,0.005768217,2.67134026222537e-05,0.000476335,0.991606134,4.67032485680992e-05,1.96562631044433e-06,0.002301764,0.006271266,0.9978774
1.21149512E+01,4130.86945,0.005749434,2.6635047735544e-05,0.000475459,0.991628949,4.71558974061464e-05,1.97497803259365e-06,0.002298352,0.006251528,0.997880476
1.21149595E+01,4133.941533,0.005790226,2.67048128592046e-05,0.000477867,0.99158154,4.76223593018154e-05,1.98473448770903e-06,0.002302192,0.006294798,0.997876338
1.21149677E+01,4137.888748,0.005745927,2.65649681967334e-05,0.000475757,0.991634357,4.80825592718319e-05,1.99409108652468e-06,0.002295586,0.006248249,0.997882606
1.21149760E+01,4141.153798,0.005774881,2.66055076392823e-05,0.000477129,0.991600798,4.85565827359405e-05,2.00387849507551e-06,0.00229844,0.006278615,0.997879413
1.21149842E+01,4144.85832,0.005756072,2.65259127143734e-05,0.000476235,0.991623719,4.90303842323007e-05,2.01352908746497e-06,0.002294956,0.006258833,0.997882551
1.21149925E+01,4148.14396,0.005778558,2.65524728816949e-05,0.000477612,0.99159783,4.9514788540162e-05,2.02347749294452e-06,0.00229663,0.006282723,0.997880553
1.21150007E+01,4151.857698,0.005758158,2.64691282753421e-05,0.000476635,0.991622493,4.99992832316582e-05,2.03327328709912e-06,0.002293066,0.006261261,0.997883754
1.21150089E+01,4155.063641,0.005787649,2.65153356311558e-05,0.000478417,0.991588338,5.04959613490804e-05,2.04342309152252e-06,0.002295552,0.006292581,0.997880919
1.21150172E+01,4158.802726,0.005762898,2.64193017152665e-05,0.000477263,0.991618204,5.09911096911838e-05,2.0533534389663e-06,0.002291315,0.00626658,0.997884784
1.21150254E+01,4162.195736,0.005777035,2.6423707333184e-05,0.000477992,0.991602133,5.1496785730073e-05,2.06354602332797e-06,0.002292153,0.006281451,0.997883584
1.21150336E+01,4165.798027,0.005767934,2.63688561652426e-05,0.000477555,0.991613576,5.20051746558616e-05,2.07370455144974e-06,0.002289939,0.006271857,0.997885434
1.21150418E+01,4169.082603,0.005788437,2.63915032333452e-05,0.000478919,0.991590056,5.25242269934327e-05,2.08411627620983e-06,0.002291203,0.006293748,0.997883803
1.21150500E+01,4172.821717,0.005765198,2.63016175704009e-05,0.000477777,0.991618008,5.3042637330539e-05,2.09436529090119e-06,0.002287326,0.006269277,0.997887285
1.21150582E+01,4175.864711,0.005807953,2.6375211274111e-05,0.000480285,0.991568352,5.35776100265542e-05,2.10508790364341e-06,0.002291283,0.006314614,0.997882966
1.21150664E+01,4179.822986,0.005761583,2.62328987027633e-05,0.000478054,0.991623558,5.41054108585738e-05,2.1153742296228e-06,0.002284397,0.00626587,0.997889427
1.21150745E+01,4182.815224,0.005812218,2.64487523554033e-05,0.000480751,0.99156442,5.46536599811573e-05,2.12629586399394e-06,0.002289605,0.006319418,0.997883837
1.21150827E+01,4186.801875,0.005763588,2.61768617835726e-05,0.000478396,0.991622509,5.5193687901422e-05,2.13673896851435e-06,0.002282358,0.00626816,0.997890669
1.21150909E+01,4189.851783,0.005809863,2.62572240474501e-05,0.000480802,0.991568572,5.5754073432977e-05,2.14780471372404e-06,0.002287136,0.006316922,0.997885494
1.21150990E+01,4193.760356,0.005768965,2.61287965182744e-05,0.000478852,0.991617469,5.63082484284065e-05,2.15846721811015e-06,0.00228078,0.006273946,0.997891415
1.21151072E+01,4196.932844,0.005803649,2.61812173537031e-05,0.000480626,0.991577127,5.68801696119397e-05,2.16964348468253e-06,0.002284197,0.006310456,0.997887583
1.21151153E+01,4200.676914,0.005778286,2.60904523827171e-05,0.000479511,0.99160779,5.74502874037913e-05,2.18058063200795e-06,0.00227966,0.006283887,0.997891677
1.21151234E+01,4204.073498,0.005791076,2.608885121859e-05,0.000480063,0.991593249,5.80324542658552e-05,2.19180997775042e-06,0.002280424,0.006297228,0.997890477
1.21151316E+01,4207.447543,0.005800232,2.60842218210885e-05,0.000480904,0.991583217,5.86221735402944e-05,2.20317109513418e-06,0.002280023,0.00630722,0.997890437
1.21151397E+01,4211.131759,0.005782221,2.60087805977748e-05,0.000480008,0.991604896,5.9214527885549e-05,2.21444399336622e-06,0.002276858,0.006288237,0.997893133
1.21151478E+01,4214.381725,0.005806634,2.60372451214542e-05,0.000481362,0.991576818,5.98207821388419e-05,2.22607102606177e-06,0.002278693,0.006314033,0.997890851
1.21151559E+01,4218.006746,0.005791202,2.59713451383881e-05,0.000480831,0.99159573,6.04288395776927e-05,2.23755961714414e-06,0.002275348,0.006298005,0.997893735
1.21151640E+01,4221.524655,0.005791593,2.59401981409253e-05,0.000480717,0.99159576,6.10462700276834e-05,2.2492358227505e-06,0.002274583,0.00629825,0.997894011
1.21151721E+01,4224.632833,0.005824502,2.59901414706163e-05,0.000482859,0.991557836,6.16781361313708e-05,2.2612608519733e-06,0.002276957,0.006333351,0.997891187
1.21151802E+01,4228.516796,0.005783997,2.58649539003917e-05,0.000480957,0.991605996,6.23052757502476e-05,2.27290551824283e-06,0.002270826,0.006290819,0.997896815
1.21151883E+01,4231.828801,0.005806478,2.58873891506315e-05,0.000481877,0.991580101,6.29495857473143e-05,2.28499420790891e-06,0.002272807,0.006314242,0.997894343
1.21151963E+01,4235.185919,0.005814853,2.58809797502467e-05,0.000482747,0.99157114,6.36017830555303e-05,2.29716937267827e-06,0.002272028,0.006323481,0.997894621
1.21152044E+01,4238.867974,0.005795398,2.58025835375901e-05,0.000481807,0.991594425,6.42565908352203e-05,2.30926286461252e-06,0.002268685,0.006303008,0.997897433
1.21152125E+01,4242.319664,0.005802569,2.57875147734689e-05,0.000481968,0.991586663,6.4923634435273e-05,2.32159037057096e-06,0.002268613,0.006310324,0.997896988
1.21152205E+01,4245.426339,0.005834095,2.58343109118841e-05,0.000484132,0.991550364,6.56060423023349e-05,2.33426263660084e-06,0.002270666,0.006344061,0.997894424
1.21152286E+01,4249.29987,0.005793512,2.57103366075609e-05,0.000482241,0.991598557,6.62836795772516e-05,2.3465731803908e-06,0.002264527,0.006301463,0.99790002
1.21152366E+01,4252.698853,0.005808045,2.57118413013485e-05,0.000482598,0.99158206,6.69780275711512e-05,2.35928332755322e-06,0.002265578,0.006316355,0.997898415
1.21152447E+01,4255.811365,0.005838588,2.57562693925016e-05,0.000484728,0.991547004,6.76875938089429e-05,2.37230704891832e-06,0.002267382,0.006349072,0.997896076
1.21152527E+01,4259.682307,0.005798195,2.5633438162137e-05,0.000482868,0.991594893,6.83926457471921e-05,2.38497321359882e-06,0.002261277,0.006306696,0.997901589
1.21152607E+01,4263.100687,0.005810583,2.56299705387691e-05,0.00048309,0.991580948,6.91147182917393e-05,2.39803400193228e-06,0.002262057,0.006319302,0.99790025
1.21152687E+01,4266.307946,0.00583386,2.56567885838742e-05,0.000484697,0.991554401,6.98511600155132e-05,2.41136336865755e-06,0.002263129,0.006344214,0.997898615
1.21152767E+01,4269.966817,0.005812657,2.55799240807791e-05,0.000483943,0.991579853,7.05891071137571e-05,2.42453352550203e-06,0.002259112,0.00632218,0.997902034
1.21152847E+01,4273.496966,0.005811466,2.55454520875267e-05,0.000483618,0.991581783,7.1339016594792e-05,2.43791056412202e-06,0.002258124,0.00632063,0.997902412
1.21152927E+01,4276.896987,0.005819876,2.55348109463657e-05,0.000484061,0.99157266,7.21018357322329e-05,2.45149381242558e-06,0.002257789,0.006329472,0.997902131
1.21153007E+01,4280.053129,0.005844794,2.55662758628828e-05,0.000485929,0.991544002,7.28805642381682e-05,2.46538572824507e-06,0.002259013,0.006356289,0.997900291
1.21153087E+01,4283.814732,0.005813654,2.54663700076982e-05,0.000484539,0.991581101,7.36577069196173e-05,2.47902980528074e-06,0.002253901,0.00632366,0.997904761
1.21153167E+01,4287.300652,0.005817934,2.54444639767801e-05,0.000484388,0.991576664,7.44513743965231e-05,2.49299005768658e-06,0.002253603,0.006327766,0.997904431
1.21153246E+01,4290.697725,0.00582579,2.5432871062678e-05,0.000484847,0.991568221,7.52578136988641e-05,2.50712473595946e-06,0.00225308,0.00633607,0.997904291
1.21153326E+01,4293.872751,0.005848573,2.54593306161491e-05,0.000486595,0.991542041,7.60803528465459e-05,2.52157782193823e-06,0.00225405,0.006360627,0.997902668
1.21153406E+01,4297.538737,0.005825282,2.53789379632953e-05,0.000485681,0.991569952,7.6905147627429e-05,2.53584199399807e-06,0.002249757,0.006336342,0.997906294
1.21153485E+01,4301.057712,0.005824279,2.53451986229531e-05,0.000485334,0.99157171,7.77445796798537e-05,2.55036061695655e-06,0.002248695,0.006334959,0.997906669
1.21153565E+01,4304.530407,0.005826133,2.53192717196012e-05,0.000485341,0.991570254,7.85962644032422e-05,2.56504495404578e-06,0.002247598,0.006336793,0.997907047
1.21153644E+01,4307.859893,0.00583815,2.53199815502409e-05,0.000486227,0.991556726,7.94641356821349e-05,2.57997406537302e-06,0.002247527,0.006349697,0.997906422
1.21153723E+01,4311.045038,0.005857487,2.53368723912929e-05,0.000487792,0.991534707,8.03484002021985e-05,2.59517240053814e-06,0.002247902,0.006370617,0.997905324
1.21153803E+01,4314.749231,0.005830545,2.52485141479325e-05,0.000486599,0.991566826,8.12347031650365e-05,2.6101823298247e-06,0.002243277,0.006342393,0.997909219
1.21153882E+01,4318.224429,0.005833872,2.52251076296914e-05,0.00048645,0.991563523,8.21384235121414e-05,2.62550422874993e-06,0.002242685,0.006345547,0.99790907
1.21153961E+01,4321.710587,0.00583337,2.51943326174703e-05,0.000486375,0.99156485,8.30555458982522e-05,2.64097092361769e-06,0.002241188,0.006344939,0.997909789
1.21154040E+01,4325.144883,0.005836349,2.51722455403788e-05,0.000486613,0.991561956,8.39876516976489e-05,2.65664131723789e-06,0.002240115,0.006348134,0.99791009
1.21154119E+01,4328.514234,0.005843094,2.51593969923544e-05,0.000487154,0.991554699,8.49355982505676e-05,2.672533431717e-06,0.00223933,0.006355407,0.997910106
1.21154198E+01,4331.746269,0.005859433,2.51707958476377e-05,0.000488463,0.991536056,8.59018206272994e-05,2.68871115176616e-06,0.002239507,0.006373067,0.997909123
1.21154277E+01,4335.197524,0.005853704,2.51345387118392e-05,0.000488582,0.991543369,8.68782792207052e-05,2.70492348596663e-06,0.002237027,0.00636742,0.997910789
1.21154356E+01,4338.659322,0.005851858,2.51009818752532e-05,0.000488514,0.991546065,8.78695594010676e-05,2.72132166280265e-06,0.002235452,0.006365473,0.997911538
1.21154434E+01,4342.125783,0.005850971,2.50695729311824e-05,0.000488452,0.991547761,8.88763891840941e-05,2.73788742965734e-06,0.002233883,0.006364493,0.997912254
1.21154513E+01,4345.589511,0.005850403,2.50392642299904e-05,0.000488443,0.991549066,8.98991692645412e-05,2.75464301674361e-06,0.002232321,0.006363885,0.997912951
1.21154592E+01,4349.050093,0.005849932,2.50094097940028e-05,0.000488446,0.991550255,9.09382997454922e-05,2.77159290906915e-06,0.002230755,0.006363388,0.997913643
1.21154670E+01,4352.505514,0.005849684,2.49802546245829e-05,0.000488466,0.991551167,9.19942416367473e-05,2.78874295744304e-06,0.002229198,0.006363131,0.997914297
1.21154749E+01,4355.953149,0.005849816,2.49521402738192e-05,0.000488515,0.991551636,9.30674970857271e-05,2.80609987800483e-06,0.002227664,0.006363283,0.997914919
1.21154827E+01,4359.391369,0.005850418,2.49252099219645e-05,0.000488603,0.991551562,9.41585690000797e-05,2.82366983336796e-06,0.002226158,0.006363946,0.997915508
1.21154906E+01,4362.812311,0.005852035,2.4900846574545e-05,0.000488771,0.991550276,9.526815121357e-05,2.84146447638233e-06,0.002224731,0.006365707,0.997915982
1.21154984E+01,4366.210402,0.005854754,2.48792231682488e-05,0.000489037,0.991547722,9.63969172836696e-05,2.85949380571162e-06,0.002223362,0.006368671,0.997916393
1.21155062E+01,4369.582063,0.005858993,2.48612898080868e-05,0.000489432,0.991543367,9.75455583366615e-05,2.87776764909778e-06,0.002222125,0.006373287,0.997916654
1.21155140E+01,4372.909103,0.005866644,2.48529977289832e-05,0.000490124,0.99153493,9.87146114533517e-05,2.89631696025871e-06,0.002221245,0.006381621,0.997916551
1.21155218E+01,4376.214593,0.005874188,2.48429981416339e-05,0.000490859,0.991526711,9.99053407263268e-05,2.91511497643584e-06,0.002220169,0.00638989,0.997916601
1.21155297E+01,4379.480934,0.005884036,2.48385830733091e-05,0.000491772,0.991515758,0.000101118,2.93419028266541e-06,0.002219325,0.006400647,0.997916405
1.21155375E+01,4383.018159,0.005870619,2.47859271962426e-05,0.000491266,0.991532002,0.000102345,2.95330747651221e-06,0.002215992,0.006386672,0.997918673
1.21155453E+01,4386.301294,0.005884521,2.48047178466013e-05,0.000492047,0.991516238,0.000103601,2.97288038931146e-06,0.002215982,0.006401373,0.997917612
1.21155530E+01,4389.872735,0.005869726,2.472764828178e-05,0.000491332,0.991534332,0.000104872,2.99247071433277e-06,0.002212384,0.006385785,0.997920117
1.21155608E+01,4393.1606,0.005884133,2.47367271289012e-05,0.000492132,0.991517954,0.000106172,3.01253457464519e-06,0.002212422,0.006401002,0.997918956
1.21155686E+01,4396.71262,0.005871033,2.46746634072149e-05,0.000491515,0.991534022,0.000107489,3.03266182077669e-06,0.00220897,0.006387222,0.997921245
1.21155764E+01,4399.986764,0.005885277,2.46813528850577e-05,0.000492338,0.99151789,0.000108838,3.05328073061178e-06,0.002208859,0.006402296,0.997920185
1.21155841E+01,4403.262838,0.005894455,2.46714933886652e-05,0.000493158,0.991507762,0.000110213,3.07422456881633e-06,0.002207808,0.006412284,0.997920046
1.21155919E+01,4406.787511,0.005881975,2.46232904849463e-05,0.000492733,0.991522872,0.000111607,3.09523603408216e-06,0.002204436,0.006399331,0.997922203
1.21155997E+01,4410.267887,0.005878294,2.45829892394862e-05,0.000492339,0.991527874,0.000113027,3.11655825753884e-06,0.002202299,0.006395216,0.997923089
1.21156074E+01,4413.533628,0.005892706,2.45920824754792e-05,0.000493217,0.991511584,0.000114481,3.13834244076103e-06,0.002202011,0.006410515,0.997922099
1.21156151E+01,4417.031943,0.00588236,2.45387792971859e-05,0.000492844,0.991524376,0.000115957,3.16025303413325e-06,0.002198708,0.006399743,0.997924119
1.21156229E+01,4420.206003,0.005903012,2.45841413132815e-05,0.000494147,0.991500653,0.000117472,3.18274765745065e-06,0.002199102,0.006421743,0.997922397
1.21156306E+01,4423.657556,0.005894348,2.45231491428627e-05,0.000494007,0.99151143,0.000119009,3.20535530177419e-06,0.002195842,0.006412879,0.997924309
1.21156383E+01,4427.067156,0.005894078,2.44899901412383e-05,0.000493997,0.9915123,0.000120577,3.22832355983e-06,0.002193892,0.006412565,0.997924865
1.21156460E+01,4430.46602,0.005894433,2.44614165910648e-05,0.00049402,0.991512599,0.000122178,3.25164256671892e-06,0.002191823,0.006412915,0.997925514
1.21156538E+01,4433.818488,0.005898493,2.4439727806567e-05,0.0004943,0.991508437,0.000123813,3.27535685956104e-06,0.002190229,0.006417232,0.997925669
1.21156615E+01,4437.207414,0.005898238,2.44127661578557e-05,0.000494421,0.991509337,0.000125481,3.29941847043514e-06,0.002187989,0.006417072,0.997926409
1.21156692E+01,4440.589115,0.00589908,2.43881508067282e-05,0.000494552,0.991508952,0.000127184,3.32384402581678e-06,0.002185914,0.00641802,0.997926972
1.21156769E+01,4443.976871,0.005899268,2.43621416429789e-05,0.000494638,0.991509359,0.000128923,3.34864749086727e-06,0.002183725,0.006418268,0.997927627
1.21156845E+01,4447.36793,0.005899206,2.43356197900879e-05,0.0004947,0.991510023,0.000130699,3.37384145807345e-06,0.00218149,0.006418241,0.997928264
1.21156922E+01,4450.762293,0.005898866,2.43085215265059e-05,0.000494734,0.991511024,0.000132514,3.39943688410856e-06,0.002179198,0.006417908,0.997928933
1.21156999E+01,4454.158118,0.005898341,2.42810672923708e-05,0.000494748,0.991512257,0.000134368,3.4254467162937e-06,0.00217685,0.00641737,0.997929628
1.21157076E+01,4457.553148,0.005897732,2.42535021833183e-05,0.000494751,0.991513569,0.000136264,3.45188496696651e-06,0.002174463,0.006416737,0.997930306
1.21157152E+01,4460.967097,0.005895047,2.42198453052024e-05,0.000494585,0.991517394,0.000138201,3.4787437931499e-06,0.002171773,0.006413852,0.997931246
1.21157229E+01,4464.34871,0.005895694,2.41950376211518e-05,0.000494631,0.991517219,0.000140184,3.50609045477035e-06,0.002169497,0.006414519,0.997931739
1.21157306E+01,4467.695133,0.00589837,2.41750906880244e-05,0.000494869,0.991514689,0.000142214,3.53393195618085e-06,0.002167303,0.006417414,0.997932103
1.21157382E+01,4470.971999,0.005905481,2.41655807761065e-05,0.000495467,0.991506943,0.000144294,3.56232705148256e-06,0.002165473,0.006425113,0.997932057
1.21157458E+01,4474.118268,0.005920981,2.41779252386889e-05,0.000496735,0.991489302,0.000146431,3.5913967035357e-06,0.002164391,0.006441894,0.997931197
1.21157535E+01,4477.555214,0.005910084,2.41263385547608e-05,0.000496391,0.991502502,0.000148609,3.62070302291287e-06,0.002160504,0.006430601,0.997933104
1.21157611E+01,4480.983451,0.005905752,2.409093766568e-05,0.000496046,0.991508214,0.000150839,3.65054677811755e-06,0.002157476,0.006425889,0.997934103
1.21157687E+01,4484.38633,0.005903799,2.40588970406331e-05,0.000495803,0.991511287,0.000153126,3.68094360875361e-06,0.002154555,0.006423661,0.997934947
1.21157764E+01,4487.729069,0.005906472,2.40389966388925e-05,0.000495977,0.991508743,0.000155472,3.71196849114398e-06,0.00215212,0.006426489,0.997935232
1.21157840E+01,4490.982782,0.00591445,2.40315846763203e-05,0.000496616,0.9915,0.000157883,3.74367066563859e-06,0.002150066,0.006435097,0.997935097
1.21157916E+01,4494.042032,0.005935952,2.40631946087434e-05,0.000498303,0.991475304,0.000160365,3.77619214028632e-06,0.002149284,0.006458318,0.997933622
1.21157992E+01,4497.41268,0.005926858,2.40102584942316e-05,0.00049819,0.991486481,0.000162901,3.8090802243931e-06,0.00214505,0.006449058,0.997935539
1.21158068E+01,4500.884206,0.005915903,2.39614093735647e-05,0.000497483,0.991499836,0.000165501,3.84253853441115e-06,0.00214101,0.006437347,0.997937183
1.21158144E+01,4504.301264,0.005912427,2.39261997998256e-05,0.000497019,0.991504713,0.000168172,3.87669231623881e-06,0.002137644,0.006433373,0.997938086
1.21158220E+01,4507.646081,0.005914442,2.39049018170408e-05,0.000497079,0.991502971,0.000170921,3.91161832182356e-06,0.00213479,0.006435426,0.997938396
1.21158295E+01,4510.859081,0.005924945,2.39032805186563e-05,0.00049786,0.991491275,0.000173753,3.94741258353417e-06,0.002132595,0.006446708,0.997937983
1.21158371E+01,4513.859636,0.005949169,2.3930933994163e-05,0.000499704,0.991463448,0.000176677,3.98421000021927e-06,0.002131639,0.006472803,0.997936252
1.21158447E+01,4517.406371,0.005923265,2.3852690715783e-05,0.000498616,0.991494163,0.000179662,4.02128912232811e-06,0.002125237,0.006445735,0.997939898
1.21158522E+01,4520.814008,0.005919734,2.38176139969573e-05,0.000498042,0.991498994,0.000182741,4.05929157151835e-06,0.002121678,0.006441594,0.997940588
1.21158598E+01,4524.142961,0.005922107,2.37972387093114e-05,0.000498052,0.991496948,0.000185916,4.09822714699356e-06,0.002118416,0.006443956,0.997940904
1.21158674E+01,4527.265559,0.005938619,2.38094902066463e-05,0.000499243,0.991478223,0.000189198,4.1382777427314e-06,0.002116381,0.006461672,0.997939895
1.21158749E+01,4530.504332,0.005940505,2.37891638775093e-05,0.000499728,0.991476423,0.00019258,4.17917216557273e-06,0.002112679,0.006464022,0.997940445
1.21158824E+01,4533.979895,0.005923905,2.37284616369748e-05,0.000498807,0.991496472,0.000196057,4.22079685914338e-06,0.002106971,0.006446441,0.997942913
1.21158900E+01,4537.261708,0.005929414,2.37149362144682e-05,0.000498924,0.991490672,0.000199656,4.26361672387882e-06,0.00210378,0.006452052,0.997942724
1.21158975E+01,4540.303034,0.005950695,2.37388097647712e-05,0.000500432,0.991466423,0.000203387,4.30777160759332e-06,0.00210174,0.006474866,0.997941289
1.21159050E+01,4543.739766,0.005933538,2.3677551653031e-05,0.000499776,0.991486848,0.000207226,4.35264571033526e-06,0.002095582,0.006456992,0.99794384
1.21159126E+01,4547.081203,0.005931117,2.36460815642651e-05,0.000499433,0.991490404,0.0002112,4.39876919018338e-06,0.002091086,0.006454196,0.9979446
1.21159201E+01,4550.18663,0.0059477,2.36579740027871e-05,0.000500466,0.991471699,0.000215327,4.4463605441321e-06,0.0020883,0.006471824,0.997943524
1.21159276E+01,4553.412653,0.005948443,2.36359801336691e-05,0.000500857,0.991471251,0.000219599,4.49517418277251e-06,0.002083608,0.006472937,0.997944188
1.21159351E+01,4556.839791,0.005933654,2.35798836295673e-05,0.000500029,0.991489176,0.000224015,4.54507060771542e-06,0.002077187,0.006457263,0.997946439
1.21159426E+01,4559.998082,0.005946245,2.35823877696369e-05,0.000500647,0.991475117,0.000228613,4.59666763511425e-06,0.002073699,0.006470475,0.997945591
1.21159501E+01,4563.014302,0.00596467,2.35980012055274e-05,0.000502063,0.991454127,0.000233399,4.6499870689839e-06,0.002070318,0.006490331,0.997944458
1.21159576E+01,4566.531944,0.005936994,2.35163680697795e-05,0.000500716,0.99148699,0.000238343,4.70428247583542e-06,0.002061869,0.006461226,0.997948216
1.21159650E+01,4569.730834,0.005946406,2.35115545996064e-05,0.000500961,0.991476666,0.000243505,4.7605712660322e-06,0.002057654,0.006470879,0.997947544
1.21159725E+01,4572.567971,0.00597966,2.35581055708616e-05,0.000503224,0.991438469,0.000248906,4.81907231075899e-06,0.002055177,0.006506442,0.997944911
1.21159800E+01,4576.153671,0.005941491,2.34560899209044e-05,0.000501463,0.991483472,0.00025449,4.87858385115875e-06,0.002044878,0.006466411,0.997949883
1.21159875E+01,4579.3864,0.005948172,2.34451936630636e-05,0.000501394,0.991476295,0.000260338,4.94043171400961e-06,0.002039876,0.006473012,0.997949306
1.21159949E+01,4582.26836,0.005977986,2.34916913510224e-05,0.000503382,0.991442149,0.000266473,5.00481632641523e-06,0.002036343,0.00650486,0.997947009
1.21160024E+01,4585.681528,0.005954651,2.34148922796923e-05,0.000502471,0.991469801,0.000272856,5.07081038217631e-06,0.002026884,0.006480537,0.997950338
1.21160098E+01,4588.976144,0.005950514,2.33812093663944e-05,0.000501937,0.99147535,0.000279548,5.13929361583006e-06,0.002019652,0.006475832,0.997951182
1.21160173E+01,4591.824384,0.005982223,2.34294737760658e-05,0.000503912,0.991439001,0.0002866,5.21085649115369e-06,0.002015526,0.006509564,0.997948565
1.21160247E+01,4595.345402,0.005948077,2.33313045322068e-05,0.000502257,0.991479319,0.000293958,5.2843000202998e-06,0.002004031,0.006473665,0.997952984
1.21160321E+01,4598.306862,0.005972425,2.33593544792544e-05,0.00050344,0.991451518,0.000301738,5.36133466914056e-06,0.001998786,0.006499225,0.997950743
1.21160396E+01,4601.535321,0.005965504,2.33227091632085e-05,0.000503296,0.99146015,0.000309917,5.44114934525933e-06,0.001989385,0.006492123,0.997952273
1.21160470E+01,4604.75502,0.005961139,2.32902209864739e-05,0.000503045,0.991465928,0.000318549,5.5243060902375e-06,0.001979942,0.006487474,0.997953403
1.21160544E+01,4607.512053,0.005995643,2.33393021567541e-05,0.000505227,0.991426242,0.000327715,5.61170553686731e-06,0.001974058,0.006524209,0.997950451
1.21160618E+01,4611.03512,0.005955832,2.32360201607071e-05,0.000503306,0.991473218,0.000337363,5.70200436956677e-06,0.001959579,0.006482374,0.997955592
1.21160692E+01,4613.997023,0.005977337,2.32578619922338e-05,0.000504199,0.991448769,0.000347652,5.79725276480369e-06,0.001951658,0.006504794,0.997953563
1.21160767E+01,4617.130928,0.00597485,2.32312400658819e-05,0.000504261,0.991452264,0.000358588,5.89690438187403e-06,0.001940002,0.006502342,0.997954606
1.21160841E+01,4620.285366,0.005970808,2.32005070066202e-05,0.0005041,0.99145765,0.00037025,6.00154618278033e-06,0.00192753,0.006498109,0.997955758
1.21160914E+01,4623.1128,0.005994291,2.32272870338378e-05,0.000505577,0.991430821,0.000382757,6.11218402432058e-06,0.001917241,0.006523095,0.997953916
1.21160988E+01,4626.463711,0.005966462,2.31492087025583e-05,0.000504224,0.991463912,0.000396123,6.2281398709975e-06,0.001900386,0.006493835,0.997957748
1.21161062E+01,4629.127471,0.006004976,2.32142671965261e-05,0.000506435,0.991419536,0.000410576,6.35180380834443e-06,0.001889897,0.006534626,0.997954162
1.21161136E+01,4632.476768,0.005972426,2.31195344009499e-05,0.000504866,0.991458187,0.000426113,6.48190464920329e-06,0.001870291,0.006500412,0.997958599
1.21161210E+01,4635.411992,0.005986215,2.31267218916976e-05,0.000505405,0.991442723,0.000442998,6.62089196187917e-06,0.001854905,0.006514747,0.997957471
1.21161284E+01,4638.369582,0.005990621,2.31154775603666e-05,0.0005058,0.991438239,0.00046138,6.76921813620547e-06,0.001836625,0.006519536,0.997957775
1.21161357E+01,4641.426847,0.005983592,2.30804729937015e-05,0.000505528,0.991447189,0.000481471,6.92784379853148e-06,0.00181532,0.006512201,0.99795939
1.21161431E+01,4644.167019,0.006004245,2.3102527869981e-05,0.000506783,0.991423653,0.000503606,7.09901382999986e-06,0.001795207,0.006534131,0.997957784
1.21161504E+01,4647.323128,0.005982303,2.30383156170402e-05,0.000505733,0.991449969,0.000528035,7.28315429482351e-06,0.001767914,0.006511074,0.997961043
1.21161578E+01,4649.830801,0.006020126,2.30954625213636e-05,0.000507918,0.991406519,0.000555332,7.48428136158266e-06,0.001744469,0.006551139,0.997957658
1.21161651E+01,4653.081185,0.00598233,2.30004516881592e-05,0.000506071,0.991451291,0.000585865,7.70267151461414e-06,0.001709322,0.006511401,0.997962692
1.21161725E+01,4655.493022,0.006025502,2.3077736020691e-05,0.000508445,0.99140163,0.00062057,7.94448070868882e-06,0.001679135,0.006557024,0.997958654
1.21161798E+01,4658.641381,0.005989906,2.29787934413153e-05,0.000506683,0.991443977,0.000660177,8.211293803383e-06,0.001635102,0.006519568,0.997963545
1.21161872E+01,4661.148829,0.006017476,2.30178874233834e-05,0.000508074,0.991412647,0.000706192,8.51135362953974e-06,0.001591925,0.006548568,0.997961215
1.21161945E+01,4664.044657,0.005998875,2.29613048077781e-05,0.000507135,0.991435218,0.000760279,8.85063605481091e-06,0.00153535,0.006528971,0.997964189
1.21162018E+01,4666.294451,0.006035645,2.30260790732788e-05,0.00050938,0.991393205,0.000825283,9.24219430557793e-06,0.001473814,0.006568051,0.997961256
1.21162091E+01,4669.160039,0.006003807,2.29399768042029e-05,0.000507803,0.991431358,0.000905023,9.69961387431359e-06,0.001389949,0.00653455,0.997965909
1.21162164E+01,4671.289143,0.006038158,2.29968791741786e-05,0.000509633,0.991392474,0.001006355,1.02507408636578e-05,0.001291817,0.006570788,0.997963262
1.21162238E+01,4673.857746,0.006014733,2.29339517443506e-05,0.000508462,0.991421143,0.00114062,1.0934745039458e-05,0.001154094,0.006546129,0.997967272
1.21162311E+01,4675.509567,0.006063015,2.30193044103104e-05,0.000511228,0.991366533,0.001331188,1.18327689004151e-05,0.000967549,0.006597262,0.997963795
1.21162384E+01,4677.69725,0.006030545,2.29466068998118e-05,0.000509701,0.991406667,0.001633489,1.31152994554048e-05,0.000659638,0.006563193,0.997969859
1.21162457E+01,4678.376937,0.006097442,2.30764071503996e-05,0.000513276,0.991332749,0.002255224,1.5365350861816e-05,4.14107919500983e-05,0.006633794,0.997966543