#
# mid-IR sky transmission 6 - 28 um
# 1.0mm H2O, sec z = 1.5
#  
# Modification of original spectrum from ATRANS via Tom Geballe
# 14Dec99 - converted to units of nm from um by Phil Puxley
#
# lam(um)    trans
 6.000        2.14E-02
 6.005        1.82E-02
 6.010        7.35E-03
 6.015        3.00E-03
 6.020        1.16E-02
 6.025        2.43E-02
 6.030        2.02E-02
 6.035        7.01E-03
 6.040        9.39E-04
 6.045        4.05E-05
 6.050        2.69E-07
 6.055               0
 6.060               0
 6.065               0
 6.070        6.67E-06
 6.075        2.24E-04
 6.080        1.98E-03
 6.085        7.04E-03
 6.090        1.42E-02
 6.095        1.41E-02
 6.100        7.08E-03
 6.105        2.04E-03
 6.110        2.35E-04
 6.115        2.64E-04
 6.120        3.23E-03
 6.125        1.70E-02
 6.130        4.05E-02
 6.135        4.02E-02
 6.140        1.52E-02
 6.145        4.00E-03
 6.150        3.84E-03
 6.155        2.01E-03
 6.160        6.33E-04
 6.165        1.82E-03
 6.170        4.06E-03
 6.175        3.54E-03
 6.180        1.09E-03
 6.185        3.07E-04
 6.190        3.20E-03
 6.195        2.06E-02
 6.200        6.47E-02
 6.205        1.02E-01
 6.210        7.60E-02
 6.215        5.21E-02
 6.220        7.42E-02
 6.225        0.169826
 6.230        0.262691
 6.235        0.183615
 6.240        0.122395
 6.245        0.193388
 6.250        0.374838
 6.255        0.481383
 6.260        0.381151
 6.265        0.194449
 6.270        0.126829
 6.275        0.202245
 6.280        0.243192
 6.285        0.208531
 6.290        0.239793
 6.295        0.384644
 6.300         0.46958
 6.305        0.464634
 6.310        0.408671
 6.315        0.298753
 6.320        0.203252
 6.325        0.138164
 6.330        6.45E-02
 6.335        1.58E-02
 6.340        1.75E-03
 6.345        1.11E-04
 6.350        4.25E-04
 6.355        1.81E-03
 6.360        2.96E-03
 6.365        1.65E-03
 6.370        4.23E-04
 6.375        1.28E-03
 6.380        3.53E-03
 6.385        2.99E-03
 6.390        8.33E-04
 6.395        3.07E-04
 6.400        2.39E-04
 6.405        6.60E-05
 6.410        5.19E-06
 6.415        9.19E-08
 6.420               0
 6.425        2.44E-07
 6.430        1.14E-05
 6.435        1.54E-04
 6.440        7.08E-04
 6.445        1.22E-03
 6.450        1.44E-03
 6.455        4.54E-03
 6.460        8.81E-03
 6.465        6.50E-03
 6.470        1.68E-03
 6.475        1.42E-04
 6.480        3.40E-06
 6.485        3.44E-10
 6.490               0
 6.495        1.07E-07
 6.500        2.92E-06
 6.505        2.05E-05
 6.510        3.71E-05
 6.515        1.76E-05
 6.520        3.32E-05
 6.525        6.57E-04
 6.530        4.09E-03
 6.535        7.69E-03
 6.540        4.38E-03
 6.545        7.48E-04
 6.550        3.72E-05
 6.555        3.22E-07
 6.560               0
 6.565               0
 6.570        2.01E-08
 6.575        4.78E-07
 6.580        2.86E-06
 6.585        4.30E-06
 6.590        6.21E-06
 6.595        1.47E-04
 6.600        1.31E-03
 6.605        3.29E-03
 6.610        2.36E-03
 6.615        6.41E-04
 6.620        1.97E-04
 6.625        4.18E-05
 6.630        2.65E-06
 6.635        1.61E-07
 6.640        8.80E-06
 6.645        1.60E-04
 6.650        8.90E-04
 6.655        1.62E-03
 6.660        1.33E-03
 6.665        7.35E-04
 6.670        1.90E-04
 6.675        1.77E-05
 6.680        9.38E-05
 6.685        1.63E-03
 6.690        9.36E-03
 6.695        1.97E-02
 6.700        1.75E-02
 6.705        6.41E-03
 6.710        8.41E-04
 6.715        8.26E-05
 6.720        5.09E-04
 6.725        7.46E-03
 6.730        4.31E-02
 6.735        0.115884
 6.740        0.179682
 6.745        0.148475
 6.750        7.60E-02
 6.755        0.114501
 6.760        0.178367
 6.765        0.130402
 6.770        4.36E-02
 6.775        6.21E-03
 6.780        6.58E-04
 6.785        1.65E-04
 6.790        1.09E-04
 6.795        1.85E-03
 6.800        1.45E-02
 6.805        4.80E-02
 6.810        6.85E-02
 6.815        4.42E-02
 6.820        1.41E-02
 6.825        2.75E-03
 6.830        6.99E-03
 6.835        2.64E-02
 6.840        4.29E-02
 6.845        3.08E-02
 6.850        9.40E-03
 6.855        1.12E-03
 6.860        4.76E-05
 6.865        5.13E-05
 6.870        1.22E-03
 6.875        9.50E-03
 6.880        2.68E-02
 6.885        4.30E-02
 6.890        8.61E-02
 6.895        0.125151
 6.900        8.56E-02
 6.905        2.73E-02
 6.910        3.91E-02
 6.915        0.145044
 6.920        0.302825
 6.925        0.422413
 6.930        0.437457
 6.935        0.398868
 6.940        0.327014
 6.945        0.224985
 6.950        1.04E-01
 6.955        2.50E-02
 6.960        3.61E-03
 6.965        1.08E-02
 6.970        3.43E-02
 6.975        5.61E-02
 6.980        8.02E-02
 6.985        7.27E-02
 6.990        3.56E-02
 6.995        2.90E-02
 7.000        1.01E-01
 7.005        0.234644
 7.010        0.289528
 7.015        0.205191
 7.020        7.73E-02
 7.025        3.46E-02
 7.030        6.07E-02
 7.035        5.24E-02
 7.040        1.67E-02
 7.045        2.08E-03
 7.050        1.90E-03
 7.055        1.42E-02
 7.060        6.12E-02
 7.065         0.16983
 7.070        0.329008
 7.075        0.430391
 7.080        0.332603
 7.085          0.2726
 7.090        0.340921
 7.095        0.427083
 7.100        0.513022
 7.105        0.481219
 7.110        0.304401
 7.115        0.110091
 7.120        8.40E-02
 7.125        0.216212
 7.130        0.342379
 7.135        0.308514
 7.140         0.14855
 7.145        3.35E-02
 7.150        1.04E-02
 7.155        2.79E-02
 7.160        3.34E-02
 7.165        1.22E-02
 7.170        1.03E-02
 7.175        6.79E-02
 7.180        0.202594
 7.185        0.285438
 7.190         0.25651
 7.195         0.25012
 7.200        0.179987
 7.205        5.72E-02
 7.210        4.29E-02
 7.215        0.189516
 7.220        0.425739
 7.225        0.545606
 7.230        0.566327
 7.235        0.598172
 7.240        0.584111
 7.245        0.415509
 7.250        0.295058
 7.255        0.292716
 7.260        0.347706
 7.265          0.2912
 7.270        0.110607
 7.275        1.95E-02
 7.280        3.35E-02
 7.285        0.141642
 7.290        0.328818
 7.295         0.43626
 7.300        0.341572
 7.305        0.196114
 7.310        0.304565
 7.315        0.520635
 7.320        0.547569
 7.325        0.447661
 7.330        0.241547
 7.335        6.71E-02
 7.340        3.42E-02
 7.345        6.81E-02
 7.350        0.196455
 7.355        0.396904
 7.360        0.473648
 7.365        0.517883
 7.370        0.498314
 7.375        0.325726
 7.380        0.250362
 7.385         0.42109
 7.390        0.537089
 7.395        0.532386
 7.400        0.473171
 7.405         0.42264
 7.410        0.331743
 7.415        0.365951
 7.420        0.397166
 7.425        0.395452
 7.430        0.568919
 7.435        0.710544
 7.440        0.656934
 7.445        0.453695
 7.450        0.247509
 7.455        0.130326
 7.460        4.79E-02
 7.465        1.19E-02
 7.470        2.39E-02
 7.475        6.94E-02
 7.480         0.16554
 7.485        0.403063
 7.490        0.644117
 7.495        0.684747
 7.500         0.51681
 7.505        0.393133
 7.510        0.592167
 7.515        0.707743
 7.520        0.655471
 7.525        0.676511
 7.530        0.545904
 7.535        0.452643
 7.540        0.649277
 7.545        0.797597
 7.550        0.763082
 7.555        0.641712
 7.560        0.553658
 7.565        0.498679
 7.570        0.401638
 7.575        0.214065
 7.580        0.133993
 7.585        0.221502
 7.590        0.278221
 7.595        0.332494
 7.600        0.477431
 7.605         0.44593
 7.610        0.310513
 7.615        0.213394
 7.620        0.262232
 7.625        0.431689
 7.630        0.585997
 7.635        0.615356
 7.640        0.500289
 7.645        0.381564
 7.650        0.339369
 7.655         0.16872
 7.660        4.24E-02
 7.665        3.02E-02
 7.670        5.26E-02
 7.675        1.03E-01
 7.680        0.155971
 7.685         0.22803
 7.690        0.269967
 7.695        0.311602
 7.700        0.359128
 7.705        0.270974
 7.710        0.222167
 7.715        0.280421
 7.720        0.315477
 7.725        0.332891
 7.730        0.392551
 7.735          0.4273
 7.740        0.494333
 7.745         0.52015
 7.750        0.477958
 7.755        0.408475
 7.760        0.259828
 7.765        0.225193
 7.770        0.417038
 7.775        0.623875
 7.780        0.714139
 7.785        0.609624
 7.790        0.406702
 7.795        0.340017
 7.800        0.429823
 7.805        0.485764
 7.810        0.480094
 7.815        0.508962
 7.820        0.552233
 7.825        0.467705
 7.830        0.375509
 7.835        0.410338
 7.840        0.402371
 7.845         0.42781
 7.850        0.497087
 7.855        0.452592
 7.860        0.290177
 7.865        0.172818
 7.870        0.209703
 7.875        0.254444
 7.880        0.263331
 7.885        0.273613
 7.890        0.393189
 7.895        0.456629
 7.900        0.407317
 7.905        0.468077
 7.910        0.534396
 7.915        0.499286
 7.920        0.489963
 7.925        0.452449
 7.930        0.326662
 7.935         0.21908
 7.940        0.368692
 7.945        0.594247
 7.950        0.709773
 7.955         0.70783
 7.960        0.702183
 7.965        0.700885
 7.970        0.640244
 7.975        0.566865
 7.980        0.623964
 7.985        0.755603
 7.990        0.814953
 7.995         0.81725
 8.000        0.771295
 8.005        0.782418
 8.010        0.759084
 8.015        0.716191
 8.020        0.753448
 8.025        0.727591
 8.030        0.674066
 8.035        0.602241
 8.040        0.611626
 8.045         0.72213
 8.050        0.785094
 8.055        0.812272
 8.060        0.848041
 8.065        0.883092
 8.070        0.857402
 8.075        0.834554
 8.080        0.804172
 8.085        0.772405
 8.090        0.808474
 8.095        0.903091
 8.100        0.952338
 8.105        0.937758
 8.110        0.939149
 8.115        0.962841
 8.120        0.962685
 8.125        0.914642
 8.130        0.851574
 8.135        0.851388
 8.140        0.905631
 8.145        0.953601
 8.150        0.946504
 8.155        0.860019
 8.160        0.703431
 8.165        0.720807
 8.170        0.869387
 8.175        0.915436
 8.180        0.908893
 8.185        0.901891
 8.190        0.898953
 8.195        0.895658
 8.200        0.869657
 8.205        0.803283
 8.210        0.836833
 8.215         0.92489
 8.220        0.939951
 8.225        0.942469
 8.230        0.956154
 8.235        0.964778
 8.240        0.936852
 8.245        0.800803
 8.250        0.671379
 8.255        0.731339
 8.260        0.857301
 8.265        0.938815
 8.270        0.964387
 8.275        0.970347
 8.280        0.972362
 8.285        0.970784
 8.290        0.962979
 8.295        0.967172
 8.300        0.974571
 8.305        0.971975
 8.310        0.967393
 8.315        0.966062
 8.320        0.965694
 8.325        0.966286
 8.330        0.969179
 8.335        0.959468
 8.340        0.894461
 8.345        0.795739
 8.350         0.84975
 8.355        0.941243
 8.360        0.962108
 8.365         0.96511
 8.370        0.965452
 8.375        0.961143
 8.380        0.955158
 8.385        0.953666
 8.390        0.948624
 8.395        0.940999
 8.400        0.944755
 8.405         0.95088
 8.410        0.948813
 8.415        0.923186
 8.420        0.816958
 8.425         0.73574
 8.430         0.84055
 8.435         0.92293
 8.440        0.938166
 8.445        0.939985
 8.450        0.941555
 8.455        0.941268
 8.460        0.938243
 8.465        0.931057
 8.470        0.928205
 8.475        0.934108
 8.480        0.934845
 8.485        0.932431
 8.490        0.932622
 8.495        0.933373
 8.500        0.931022
 8.505        0.900871
 8.510        0.773224
 8.515        0.682953
 8.520        0.798518
 8.525        0.906972
 8.530        0.941489
 8.535        0.948711
 8.540        0.952095
 8.545        0.955037
 8.550        0.958308
 8.555        0.962791
 8.560        0.966365
 8.565        0.964551
 8.570        0.950218
 8.575        0.903948
 8.580        0.848492
 8.585        0.870851
 8.590        0.925498
 8.595        0.941571
 8.600        0.941997
 8.605        0.940688
 8.610        0.939545
 8.615        0.937142
 8.620        0.935153
 8.625        0.934325
 8.630        0.933672
 8.635         0.93378
 8.640        0.932215
 8.645        0.930784
 8.650        0.930131
 8.655        0.931513
 8.660        0.931109
 8.665        0.930384
 8.670        0.921687
 8.675        0.895905
 8.680        0.887366
 8.685         0.90312
 8.690        0.918057
 8.695        0.896462
 8.700        0.873903
 8.705        0.906298
 8.710        0.932553
 8.715        0.938565
 8.720        0.939479
 8.725        0.943277
 8.730        0.944857
 8.735        0.944182
 8.740        0.942607
 8.745        0.940909
 8.750        0.948194
 8.755        0.951399
 8.760        0.950181
 8.765        0.952802
 8.770        0.953925
 8.775        0.954231
 8.780        0.947995
 8.785        0.927842
 8.790        0.883801
 8.795        0.873198
 8.800          0.8355
 8.805         0.77117
 8.810        0.853641
 8.815        0.929208
 8.820        0.943482
 8.825        0.947924
 8.830        0.947429
 8.835        0.942867
 8.840        0.935477
 8.845        0.936303
 8.850        0.942787
 8.855        0.944261
 8.860        0.947641
 8.865        0.945788
 8.870        0.942874
 8.875        0.948104
 8.880        0.942066
 8.885        0.935818
 8.890        0.932191
 8.895         0.92812
 8.900        0.940167
 8.905        0.946307
 8.910        0.931503
 8.915        0.894396
 8.920        0.864301
 8.925        0.912876
 8.930        0.943514
 8.935        0.933287
 8.940        0.938854
 8.945        0.948875
 8.950         0.94672
 8.955         0.94571
 8.960        0.955021
 8.965        0.952359
 8.970        0.951105
 8.975        0.954528
 8.980        0.953644
 8.985        0.953652
 8.990        0.941687
 8.995        0.901961
 9.000         0.90453
 9.005        0.945287
 9.010        0.962511
 9.015        0.964618
 9.020        0.960775
 9.025        0.953357
 9.030        0.928288
 9.035        0.897402
 9.040        0.922205
 9.045        0.951703
 9.050        0.959058
 9.055        0.958444
 9.060        0.957193
 9.065        0.960788
 9.070        0.951176
 9.075        0.924488
 9.080        0.919005
 9.085        0.938671
 9.090        0.933772
 9.095        0.929576
 9.100        0.944857
 9.105        0.953263
 9.110        0.957394
 9.115        0.958361
 9.120        0.957231
 9.125        0.956594
 9.130        0.948026
 9.135         0.93941
 9.140        0.942655
 9.145        0.947675
 9.150        0.948895
 9.155         0.94769
 9.160        0.934356
 9.165        0.923759
 9.170         0.93875
 9.175        0.945345
 9.180        0.944722
 9.185        0.942095
 9.190        0.934433
 9.195         0.92776
 9.200        0.933317
 9.205        0.939467
 9.210        0.938436
 9.215        0.941398
 9.220        0.939814
 9.225        0.940685
 9.230        0.939815
 9.235        0.939185
 9.240        0.931393
 9.245        0.912453
 9.250        0.901138
 9.255         0.92131
 9.260        0.929176
 9.265        0.936984
 9.270         0.93303
 9.275        0.933525
 9.280        0.929104
 9.285        0.929967
 9.290        0.930732
 9.295        0.919677
 9.300        0.896432
 9.305        0.870124
 9.310          0.9015
 9.315         0.92316
 9.320        0.929004
 9.325        0.931169
 9.330         0.92227
 9.335        0.922779
 9.340        0.908346
 9.345        0.902676
 9.350        0.884141
 9.355        0.837497
 9.360          0.8265
 9.365        0.819107
 9.370        0.792238
 9.375        0.741078
 9.380        0.690047
 9.385        0.688611
 9.390        0.669831
 9.395        0.633713
 9.400        0.591285
 9.405        0.552103
 9.410        0.515969
 9.415        0.474587
 9.420        0.443335
 9.425        0.415135
 9.430        0.389265
 9.435        0.385748
 9.440         0.39875
 9.445        0.387244
 9.450         0.38197
 9.455        0.380185
 9.460        0.356574
 9.465        0.326681
 9.470        0.309243
 9.475        0.336697
 9.480        0.327804
 9.485        0.314269
 9.490        0.287225
 9.495        0.285431
 9.500        0.291234
 9.505        0.301894
 9.510        0.336787
 9.515        0.306714
 9.520        0.304831
 9.525        0.364288
 9.530        0.375121
 9.535        0.390275
 9.540        0.374689
 9.545        0.378639
 9.550        0.450893
 9.555        0.487685
 9.560        0.546032
 9.565        0.631662
 9.570        0.656044
 9.575        0.720677
 9.580        0.807851
 9.585        0.821844
 9.590        0.794777
 9.595        0.658748
 9.600        0.414954
 9.605        0.282681
 9.610        0.265875
 9.615        0.268035
 9.620        0.266879
 9.625        0.280595
 9.630        0.298652
 9.635        0.329588
 9.640        0.338674
 9.645        0.344301
 9.650        0.372063
 9.655        0.395705
 9.660          0.3836
 9.665        0.388536
 9.670        0.440778
 9.675        0.461288
 9.680        0.443898
 9.685        0.468367
 9.690        0.486358
 9.695         0.46618
 9.700        0.471969
 9.705        0.506739
 9.710         0.50096
 9.715        0.467476
 9.720        0.460563
 9.725        0.482217
 9.730        0.485098
 9.735        0.463934
 9.740        0.467553
 9.745        0.491343
 9.750        0.491009
 9.755        0.467782
 9.760        0.469301
 9.765        0.489805
 9.770        0.494319
 9.775        0.479494
 9.780        0.490915
 9.785        0.512752
 9.790        0.507252
 9.795        0.486263
 9.800        0.495447
 9.805        0.524682
 9.810        0.536498
 9.815        0.509858
 9.820        0.518816
 9.825        0.542076
 9.830         0.56817
 9.835        0.557507
 9.840         0.57047
 9.845        0.594104
 9.850        0.598966
 9.855        0.580012
 9.860        0.574663
 9.865        0.609303
 9.870        0.628293
 9.875        0.628215
 9.880        0.604641
 9.885        0.626578
 9.890        0.648007
 9.895        0.652226
 9.900        0.650853
 9.905        0.652953
 9.910        0.694819
 9.915        0.710531
 9.920         0.70394
 9.925        0.698017
 9.930        0.702356
 9.935        0.727538
 9.940        0.729785
 9.945         0.73593
 9.950        0.737855
 9.955        0.746173
 9.960        0.776426
 9.965        0.776515
 9.970         0.77936
 9.975        0.785894
 9.980        0.792613
 9.985        0.826737
 9.990        0.819995
 9.995        0.813544
10.000        0.814238
10.005        0.816017
10.010         0.85503
10.015        0.855075
10.020        0.848189
10.025        0.859156
10.030        0.859923
10.035        0.887551
10.040        0.886723
10.045         0.87417
10.050        0.885731
10.055        0.880029
10.060        0.897033
10.065        0.910258
10.070        0.898463
10.075        0.905045
10.080        0.905282
10.085        0.909649
10.090        0.928438
10.095        0.925415
10.100        0.922014
10.105        0.928951
10.110        0.928148
10.115        0.937995
10.120        0.945839
10.125        0.939797
10.130        0.939969
10.135        0.943794
10.140        0.945438
10.145        0.952428
10.150        0.955902
10.155        0.951048
10.160        0.951746
10.165         0.95485
10.170        0.955497
10.175        0.961529
10.180        0.960048
10.185        0.957229
10.190        0.959976
10.195        0.959415
10.200        0.963074
10.205        0.963287
10.210        0.963549
10.215         0.96217
10.220        0.959443
10.225        0.963654
10.230        0.958082
10.235        0.959301
10.240        0.964143
10.245        0.952433
10.250        0.958335
10.255        0.966059
10.260        0.958001
10.265        0.959941
10.270        0.957066
10.275        0.954544
10.280        0.967299
10.285          0.9646
10.290        0.956636
10.295        0.963752
10.300         0.96295
10.305        0.961711
10.310        0.971935
10.315         0.96746
10.320        0.964165
10.325        0.973944
10.330        0.970345
10.335        0.965693
10.340        0.972579
10.345        0.970491
10.350        0.966865
10.355        0.975042
10.360         0.97691
10.365        0.972385
10.370        0.977261
10.375         0.98048
10.380        0.977349
10.385        0.979048
10.390        0.982433
10.395        0.981753
10.400        0.981625
10.405        0.983214
10.410        0.983741
10.415        0.982297
10.420        0.978316
10.425        0.977916
10.430        0.981585
10.435        0.979871
10.440         0.97493
10.445        0.978429
10.450        0.980934
10.455        0.973585
10.460        0.968694
10.465        0.969643
10.470        0.967041
10.475         0.96457
10.480        0.971212
10.485        0.975814
10.490        0.967043
10.495        0.963262
10.500        0.975118
10.505        0.979336
10.510         0.96873
10.515        0.966064
10.520        0.977663
10.525        0.977885
10.530        0.965815
10.535        0.965671
10.540        0.963166
10.545        0.940237
10.550        0.942626
10.555        0.965396
10.560        0.978145
10.565        0.974381
10.570        0.964485
10.575        0.970535
10.580        0.979171
10.585        0.974974
10.590        0.965734
10.595        0.971725
10.600        0.980686
10.605        0.977857
10.610        0.968248
10.615        0.971946
10.620        0.980147
10.625         0.97785
10.630         0.96967
10.635        0.971922
10.640        0.980412
10.645        0.981029
10.650        0.974294
10.655         0.97259
10.660        0.979738
10.665        0.981855
10.670        0.977477
10.675        0.973447
10.680        0.978623
10.685        0.982347
10.690        0.980438
10.695         0.97561
10.700        0.977585
10.705        0.981957
10.710        0.982142
10.715        0.978725
10.720        0.977167
10.725        0.980903
10.730        0.982675
10.735        0.981238
10.740        0.978353
10.745        0.979837
10.750        0.982355
10.755        0.982485
10.760        0.980256
10.765        0.978351
10.770        0.980813
10.775         0.98279
10.780        0.982343
10.785        0.980439
10.790         0.98064
10.795        0.982155
10.800        0.980778
10.805        0.970007
10.810        0.952912
10.815        0.962735
10.820        0.978782
10.825        0.982242
10.830        0.981517
10.835        0.978229
10.840        0.965655
10.845        0.955439
10.850        0.969029
10.855        0.978837
10.860        0.980939
10.865        0.981777
10.870        0.982237
10.875        0.982407
10.880        0.981294
10.885        0.978727
10.890        0.979055
10.895        0.981572
10.900        0.982157
10.905        0.982024
10.910          0.9819
10.915        0.982123
10.920        0.982164
10.925        0.982162
10.930         0.98195
10.935        0.981071
10.940        0.979697
10.945        0.980483
10.950         0.98179
10.955        0.982074
10.960        0.981927
10.965        0.981791
10.970        0.981831
10.975        0.981759
10.980        0.981244
10.985         0.98042
10.990        0.979175
10.995        0.965195
11.000        0.933231
11.005        0.942317
11.010        0.972522
11.015        0.980567
11.020        0.981293
11.025        0.980671
11.030        0.978527
11.035        0.977106
11.040        0.979228
11.045        0.980578
11.050        0.981223
11.055        0.981507
11.060        0.981391
11.065        0.981264
11.070        0.981403
11.075        0.981346
11.080        0.981087
11.085        0.980968
11.090        0.981257
11.095        0.981394
11.100        0.981236
11.105        0.980994
11.110        0.981088
11.115        0.981301
11.120         0.98122
11.125        0.980915
11.130        0.980672
11.135         0.98014
11.140        0.979617
11.145        0.980191
11.150        0.980375
11.155        0.980353
11.160        0.980577
11.165        0.980714
11.170        0.980658
11.175        0.980706
11.180        0.980833
11.185        0.980832
11.190        0.980674
11.195        0.980563
11.200         0.98065
11.205        0.980665
11.210        0.980227
11.215        0.977984
11.220         0.97618
11.225        0.978221
11.230        0.978485
11.235        0.977538
11.240        0.978779
11.245        0.978651
11.250        0.974345
11.255        0.973026
11.260        0.974838
11.265        0.956917
11.270        0.922153
11.275        0.939054
11.280        0.971417
11.285        0.978973
11.290         0.97964
11.295         0.97972
11.300        0.979486
11.305        0.977011
11.310        0.965563
11.315        0.957639
11.320        0.969224
11.325        0.976756
11.330         0.97883
11.335        0.979382
11.340        0.978609
11.345        0.974165
11.350        0.970119
11.355         0.97483
11.360        0.978583
11.365         0.97912
11.370        0.978668
11.375        0.974174
11.380        0.961386
11.385        0.960794
11.390        0.973544
11.395        0.978378
11.400        0.978904
11.405        0.978935
11.410        0.978752
11.415        0.978365
11.420        0.978478
11.425         0.97876
11.430        0.978803
11.435        0.978751
11.440        0.978683
11.445        0.978628
11.450        0.978556
11.455        0.978448
11.460        0.978247
11.465        0.977261
11.470        0.967612
11.475        0.937366
11.480        0.934507
11.485        0.965216
11.490        0.976775
11.495        0.977921
11.500        0.977998
11.505        0.978003
11.510        0.978005
11.515        0.977986
11.520        0.977941
11.525        0.977888
11.530        0.977822
11.535        0.977689
11.540        0.977427
11.545        0.975836
11.550        0.967102
11.555         0.95725
11.560        0.962638
11.565         0.97136
11.570        0.975765
11.575         0.97688
11.580         0.97716
11.585        0.977222
11.590        0.977159
11.595        0.977073
11.600        0.977073
11.605        0.977064
11.610        0.977005
11.615        0.976932
11.620        0.976871
11.625        0.976675
11.630         0.97616
11.635        0.976063
11.640         0.97605
11.645        0.974905
11.650        0.974815
11.655        0.976007
11.660        0.976318
11.665        0.976261
11.670        0.976191
11.675        0.976075
11.680         0.97589
11.685         0.97557
11.690        0.973794
11.695        0.960881
11.700        0.934642
11.705        0.942424
11.710        0.966132
11.715         0.96806
11.720        0.952529
11.725        0.909153
11.730        0.862694
11.735        0.901959
11.740        0.958893
11.745        0.972762
11.750        0.974045
11.755        0.974082
11.760        0.970677
11.765        0.946734
11.770        0.913567
11.775        0.937546
11.780        0.967936
11.785        0.973994
11.790        0.974468
11.795        0.974487
11.800        0.974487
11.805        0.974473
11.810        0.974371
11.815        0.974293
11.820        0.974189
11.825        0.974095
11.830         0.97418
11.835        0.974153
11.840        0.974049
11.845        0.974005
11.850        0.973981
11.855         0.97388
11.860        0.973698
11.865        0.973324
11.870        0.970809
11.875        0.963303
11.880        0.962211
11.885        0.969469
11.890        0.972029
11.895        0.969076
11.900        0.953146
11.905        0.930589
11.910         0.94368
11.915        0.966561
11.920        0.972181
11.925        0.972469
11.930        0.972059
11.935         0.97198
11.940         0.97234
11.945        0.972447
11.950        0.972347
11.955        0.972234
11.960        0.971598
11.965        0.969767
11.970        0.969321
11.975        0.971058
11.980        0.971776
11.985        0.971738
11.990        0.971742
11.995        0.971645
12.000        0.971548
12.005        0.971334
12.010        0.971241
12.015        0.971231
12.020        0.971141
12.025        0.970989
12.030        0.970727
12.035        0.970688
12.040        0.970648
12.045         0.97057
12.050        0.970186
12.055        0.969904
12.060        0.969745
12.065        0.968738
12.070        0.965256
12.075        0.950664
12.080        0.922212
12.085        0.928501
12.090        0.955185
12.095        0.965356
12.100        0.967832
12.105        0.968442
12.110        0.964068
12.115        0.944726
12.120         0.93468
12.125        0.955136
12.130        0.967073
12.135        0.968509
12.140        0.967725
12.145        0.966695
12.150        0.967376
12.155        0.967765
12.160        0.967475
12.165        0.965999
12.170        0.965617
12.175        0.967101
12.180        0.967468
12.185         0.96623
12.190        0.964204
12.195        0.965218
12.200        0.967137
12.205        0.966856
12.210        0.964202
12.215         0.96221
12.220        0.964745
12.225        0.966483
12.230        0.965176
12.235        0.961085
12.240        0.960658
12.245        0.964317
12.250        0.965059
12.255        0.962119
12.260        0.956501
12.265        0.957821
12.270         0.95364
12.275        0.930599
12.280        0.917509
12.285        0.908732
12.290        0.923196
12.295        0.953703
12.300        0.960429
12.305        0.953752
12.310        0.952992
12.315        0.960681
12.320        0.963427
12.325        0.959123
12.330        0.950013
12.335        0.952603
12.340        0.960707
12.345        0.961832
12.350        0.954484
12.355        0.945159
12.360        0.949469
12.365        0.937708
12.370        0.890967
12.375        0.881287
12.380        0.919783
12.385        0.949942
12.390        0.958645
12.395        0.955264
12.400        0.941695
12.405         0.93746
12.410        0.950636
12.415        0.958097
12.420        0.953298
12.425        0.939035
12.430        0.941496
12.435        0.946645
12.440        0.909495
12.445        0.857684
12.450        0.862617
12.455        0.897905
12.460        0.941061
12.465        0.955015
12.470        0.946681
12.475         0.93472
12.480        0.944617
12.485         0.95479
12.490        0.954204
12.495        0.942578
12.500        0.931738
12.505        0.938556
12.510        0.918772
12.515        0.824065
12.520        0.668949
12.525        0.695233
12.530        0.863471
12.535        0.913282
12.540        0.915418
12.545        0.925012
12.550        0.927679
12.555        0.912084
12.560        0.797464
12.565        0.704853
12.570         0.81954
12.575        0.917025
12.580        0.944038
12.585        0.945598
12.590        0.918153
12.595        0.870038
12.600        0.890065
12.605        0.929192
12.610         0.93022
12.615        0.909582
12.620        0.857316
12.625        0.760976
12.630        0.666943
12.635         0.72069
12.640        0.873516
12.645        0.937143
12.650        0.945724
12.655        0.946212
12.660        0.943916
12.665        0.946957
12.670         0.94777
12.675        0.947113
12.680        0.945929
12.685         0.94217
12.690         0.94435
12.695        0.946591
12.700        0.946391
12.705        0.942817
12.710        0.936665
12.715        0.939974
12.720        0.943256
12.725        0.939488
12.730        0.933183
12.735        0.916947
12.740        0.867864
12.745        0.741331
12.750        0.733058
12.755        0.864165
12.760        0.913515
12.765         0.92712
12.770        0.937827
12.775        0.937318
12.780        0.934983
12.785        0.924221
12.790        0.926064
12.795        0.936706
12.800        0.936321
12.805        0.933669
12.810        0.925519
12.815        0.924904
12.820        0.933178
12.825        0.918761
12.830           0.876
12.835         0.87185
12.840        0.901647
12.845         0.92325
12.850        0.929794
12.855        0.927514
12.860        0.908618
12.865        0.835477
12.870        0.771972
12.875        0.842391
12.880        0.910401
12.885        0.908907
12.890        0.851933
12.895        0.831014
12.900        0.890202
12.905        0.920744
12.910        0.921173
12.915        0.909225
12.920        0.912488
12.925        0.925514
12.930        0.923055
12.935        0.917668
12.940        0.912272
12.945        0.910658
12.950         0.92067
12.955        0.915524
12.960          0.9034
12.965        0.895433
12.970        0.892286
12.975        0.904505
12.980        0.889936
12.985        0.863408
12.990        0.879189
12.995        0.880969
13.000        0.851025
13.005        0.822599
13.010        0.867624
13.015        0.904237
13.020        0.889231
13.025        0.876989
13.030        0.890185
13.035        0.903887
13.040        0.906619
13.045        0.882492
13.050        0.854867
13.055        0.882519
13.060        0.909627
13.065         0.90236
13.070        0.869954
13.075        0.825607
13.080        0.854312
13.085        0.894394
13.090        0.894319
13.095        0.861083
13.100        0.804803
13.105        0.841986
13.110        0.898511
13.115        0.897363
13.120        0.856571
13.125        0.781296
13.130        0.808056
13.135        0.884883
13.140        0.893745
13.145        0.841128
13.150        0.749408
13.155        0.761252
13.160        0.858793
13.165        0.891113
13.170        0.844658
13.175        0.748113
13.180        0.729408
13.185        0.826679
13.190        0.876981
13.195        0.823969
13.200        0.693507
13.205        0.627612
13.210        0.738567
13.215        0.840762
13.220         0.82628
13.225        0.705697
13.230        0.600145
13.235        0.693905
13.240        0.822334
13.245        0.786873
13.250        0.602909
13.255        0.482191
13.260         0.54744
13.265        0.699441
13.270        0.801305
13.275        0.748527
13.280        0.582197
13.285        0.537851
13.290        0.675683
13.295        0.774625
13.300        0.761368
13.305        0.597394
13.310        0.484363
13.315        0.615714
13.320        0.752008
13.325        0.754595
13.330        0.609964
13.335        0.442779
13.340        0.527957
13.345         0.72171
13.350        0.788106
13.355         0.66344
13.360        0.426165
13.365        0.413413
13.370        0.629118
13.375        0.766246
13.380        0.725723
13.385        0.501456
13.390        0.365746
13.395        0.537383
13.400        0.715809
13.405        0.740894
13.410        0.573154
13.415        0.341035
13.420        0.358252
13.425        0.495786
13.430        0.604251
13.435        0.562466
13.440        0.349016
13.445        0.281471
13.450        0.484482
13.455        0.648105
13.460        0.628398
13.465        0.443189
13.470        0.235305
13.475         0.24677
13.480        0.238023
13.485        0.108808
13.490        8.98E-02
13.495        8.95E-02
13.500        1.02E-01
13.505        0.270116
13.510        0.456723
13.515         0.49648
13.520        0.369516
13.525        0.201147
13.530        0.271083
13.535        0.471304
13.540        0.530372
13.545          0.4609
13.550        0.279601
13.555         0.17932
13.560        0.339613
13.565        0.482959
13.570        0.456256
13.575        0.347918
13.580        0.184116
13.585        0.196367
13.590        0.403281
13.595        0.503121
13.600        0.442892
13.605        0.292243
13.610        0.149134
13.615        0.249221
13.620        0.452469
13.625        0.489772
13.630        0.391242
13.635        0.221215
13.640         0.14324
13.645        0.305641
13.650        0.473852
13.655        0.462834
13.660        0.335822
13.665        0.167311
13.670        0.153124
13.675        0.299367
13.680        0.341358
13.685        0.327859
13.690        0.249272
13.695        0.122937
13.700        0.171029
13.705         0.33022
13.710        0.354237
13.715        0.311138
13.720        0.217338
13.725        0.118212
13.730        0.225982
13.735        0.427018
13.740        0.509959
13.745        0.453369
13.750        0.256367
13.755        0.139428
13.760        0.277717
13.765        0.458068
13.770        0.521695
13.775        0.472612
13.780        0.277962
13.785        0.174903
13.790        0.320984
13.795        0.475065
13.800        0.516395
13.805        0.464083
13.810        0.282442
13.815        0.193645
13.820        0.303349
13.825        0.396415
13.830        0.399882
13.835        0.367511
13.840         0.25553
13.845        0.192028
13.850        0.215137
13.855        0.165226
13.860        6.77E-02
13.865        1.34E-02
13.870        1.54E-03
13.875        1.14E-04
13.880        3.60E-06
13.885        2.46E-08
13.890        5.16E-07
13.895        2.17E-05
13.900        3.44E-04
13.905        2.23E-03
13.910        6.41E-03
13.915        1.03E-02
13.920        2.44E-02
13.925        8.04E-02
13.930        0.187434
13.935        0.271957
13.940        0.260943
13.945        0.150417
13.950        7.82E-02
13.955        0.108552
13.960        0.189077
13.965        0.302675
13.970        0.319459
13.975        0.191681
13.980        8.48E-02
13.985        9.43E-02
13.990          0.1184
13.995         0.21036
14.000        0.286237
14.005        0.192032
14.010        6.74E-02
14.015        5.38E-02
14.020        7.10E-02
14.025        0.112687
14.030        0.210665
14.035        0.193131
14.040        8.33E-02
14.045        6.60E-02
14.050        8.35E-02
14.055        6.18E-02
14.060        8.85E-02
14.065        0.115004
14.070        7.05E-02
14.075        4.36E-02
14.080        6.22E-02
14.085        4.83E-02
14.090        5.46E-02
14.095        8.35E-02
14.100        5.73E-02
14.105        2.84E-02
14.110        3.55E-02
14.115        3.38E-02
14.120        2.32E-02
14.125        4.55E-02
14.130        5.06E-02
14.135        2.35E-02
14.140        2.17E-02
14.145        2.39E-02
14.150        1.23E-02
14.155        1.49E-02
14.160        3.30E-02
14.165        2.72E-02
14.170        1.32E-02
14.175        8.87E-03
14.180        3.24E-03
14.185        2.15E-03
14.190        8.89E-03
14.195        1.44E-02
14.200        9.88E-03
14.205        9.25E-03
14.210        6.05E-03
14.215        1.35E-03
14.220        7.74E-04
14.225        2.45E-03
14.230        2.70E-03
14.235        1.52E-03
14.240        1.14E-03
14.245        4.82E-04
14.250        1.13E-04
14.255        4.10E-04
14.260        1.07E-03
14.265        1.50E-03
14.270        1.50E-03
14.275        5.70E-04
14.280        6.15E-05
14.285        1.82E-05
14.290        1.12E-04
14.295        3.76E-04
14.300        8.35E-04
14.305        7.29E-04
14.310        1.90E-04
14.315        1.42E-05
14.320        8.77E-07
14.325        1.49E-05
14.330        1.05E-04
14.335        2.10E-04
14.340        1.21E-04
14.345        2.02E-05
14.350        9.83E-07
14.355        3.43E-07
14.360        5.33E-06
14.365        2.33E-05
14.370        2.79E-05
14.375        9.24E-06
14.380        8.35E-07
14.385        2.04E-08
14.390               0
14.395               0
14.400               0
14.405               0
14.410               0
14.415               0
14.420               0
14.425               0
14.430               0
14.435               0
14.440               0
14.445               0
14.450               0
14.455               0
14.460               0
14.465               0
14.470               0
14.475               0
14.480               0
14.485               0
14.490               0
14.495               0
14.500               0
14.505               0
14.510               0
14.515               0
14.520               0
14.525               0
14.530               0
14.535               0
14.540               0
14.545               0
14.550               0
14.555               0
14.560               0
14.565               0
14.570               0
14.575               0
14.580               0
14.585               0
14.590               0
14.595               0
14.600               0
14.605               0
14.610               0
14.615               0
14.620               0
14.625               0
14.630               0
14.635               0
14.640               0
14.645               0
14.650               0
14.655               0
14.660               0
14.665               0
14.670               0
14.675               0
14.680               0
14.685               0
14.690               0
14.695               0
14.700               0
14.705               0
14.710               0
14.715               0
14.720               0
14.725               0
14.730               0
14.735               0
14.740               0
14.745               0
14.750               0
14.755               0
14.760               0
14.765               0
14.770               0
14.775               0
14.780               0
14.785               0
14.790               0
14.795               0
14.800               0
14.805               0
14.810               0
14.815               0
14.820               0
14.825               0
14.830               0
14.835               0
14.840               0
14.845               0
14.850               0
14.855               0
14.860               0
14.865               0
14.870               0
14.875               0
14.880               0
14.885               0
14.890               0
14.895               0
14.900               0
14.905               0
14.910               0
14.915               0
14.920               0
14.925               0
14.930               0
14.935               0
14.940               0
14.945               0
14.950               0
14.955               0
14.960               0
14.965               0
14.970               0
14.975               0
14.980               0
14.985               0
14.990               0
14.995               0
15.000               0
15.005               0
15.010               0
15.015               0
15.020               0
15.025               0
15.030               0
15.035               0
15.040               0
15.045               0
15.050               0
15.055               0
15.060               0
15.065               0
15.070               0
15.075               0
15.080               0
15.085               0
15.090               0
15.095               0
15.100               0
15.105               0
15.110               0
15.115               0
15.120               0
15.125               0
15.130               0
15.135               0
15.140               0
15.145               0
15.150               0
15.155               0
15.160               0
15.165               0
15.170               0
15.175               0
15.180               0
15.185               0
15.190               0
15.195               0
15.200               0
15.205               0
15.210               0
15.215               0
15.220               0
15.225               0
15.230               0
15.235               0
15.240               0
15.245               0
15.250               0
15.255               0
15.260               0
15.265               0
15.270               0
15.275               0
15.280               0
15.285               0
15.290               0
15.295               0
15.300               0
15.305               0
15.310               0
15.315               0
15.320               0
15.325               0
15.330               0
15.335               0
15.340               0
15.345               0
15.350               0
15.355               0
15.360               0
15.365               0
15.370               0
15.375               0
15.380               0
15.385               0
15.390               0
15.395               0
15.400               0
15.405               0
15.410               0
15.415               0
15.420               0
15.425               0
15.430               0
15.435               0
15.440               0
15.445               0
15.450               0
15.455               0
15.460               0
15.465               0
15.470               0
15.475               0
15.480               0
15.485               0
15.490               0
15.495               0
15.500               0
15.505               0
15.510               0
15.515               0
15.520               0
15.525               0
15.530               0
15.535               0
15.540               0
15.545               0
15.550               0
15.555               0
15.560               0
15.565               0
15.570               0
15.575               0
15.580               0
15.585               0
15.590               0
15.595        1.21E-09
15.600        1.22E-07
15.605        2.63E-06
15.610        1.49E-05
15.615        2.25E-05
15.620        8.97E-06
15.625        9.49E-07
15.630        2.65E-08
15.635        5.44E-08
15.640        1.85E-06
15.645        1.63E-05
15.650        3.75E-05
15.655        2.25E-05
15.660        3.51E-06
15.665        1.42E-07
15.670        9.53E-10
15.675        1.53E-07
15.680        4.99E-06
15.685        4.30E-05
15.690        9.89E-05
15.695        6.23E-05
15.700        1.16E-05
15.705        1.24E-05
15.710        7.23E-05
15.715        1.52E-04
15.720        2.14E-04
15.725        4.33E-04
15.730        3.64E-04
15.735        8.85E-05
15.740        4.12E-05
15.745        3.68E-04
15.750        1.10E-03
15.755        1.02E-03
15.760        6.38E-04
15.765        8.36E-04
15.770        5.49E-04
15.775        1.25E-04
15.780        2.38E-04
15.785        1.21E-03
15.790        1.91E-03
15.795        1.22E-03
15.800        1.46E-03
15.805        1.92E-03
15.810        8.23E-04
15.815        1.87E-04
15.820        1.20E-03
15.825        5.36E-03
15.830        7.38E-03
15.835        4.53E-03
15.840        4.88E-03
15.845        3.90E-03
15.850        1.48E-03
15.855        1.54E-03
15.860        3.63E-03
15.865        9.07E-03
15.870        9.20E-03
15.875        7.69E-03
15.880        1.02E-02
15.885        7.21E-03
15.890        8.69E-03
15.895        1.16E-02
15.900        8.48E-03
15.905        1.15E-02
15.910        1.17E-02
15.915        1.35E-02
15.920        1.72E-02
15.925        2.64E-02
15.930        5.34E-02
15.935        4.39E-02
15.940        1.82E-02
15.945        1.70E-02
15.950        1.49E-02
15.955        1.70E-02
15.960        2.36E-02
15.965        5.96E-02
15.970        1.03E-01
15.975        6.59E-02
15.980        1.90E-02
15.985        9.60E-03
15.990        4.66E-03
15.995        1.07E-02
16.000        6.77E-02
16.005        0.171882
16.010        0.188364
16.015        9.31E-02
16.020        2.73E-02
16.025        2.14E-02
16.030        3.40E-02
16.035        8.64E-02
16.040        0.225498
16.045        0.343344
16.050        0.298542
16.055         0.14309
16.060        4.19E-02
16.065        2.93E-02
16.070        5.82E-02
16.075        0.171294
16.080        0.350705
16.085        0.431024
16.090        0.368274
16.095        0.198173
16.100        6.19E-02
16.105        2.87E-02
16.110        4.01E-02
16.115        0.134999
16.120        0.310633
16.125        0.404048
16.130        0.373038
16.135        0.245798
16.140        9.98E-02
16.145        4.86E-02
16.150        9.35E-02
16.155        0.146032
16.160        0.122548
16.165        6.37E-02
16.170        2.01E-02
16.175        3.27E-03
16.180        2.31E-04
16.185        6.02E-06
16.190        3.21E-08
16.195        1.37E-09
16.200        2.07E-07
16.205        8.55E-06
16.210        1.29E-04
16.215        7.51E-04
16.220        1.58E-03
16.225        1.25E-03
16.230        9.84E-04
16.235        3.03E-03
16.240        1.52E-02
16.245        7.90E-02
16.250         0.20191
16.255        0.268262
16.260        0.227055
16.265        0.232261
16.270        0.298566
16.275        0.255612
16.280        0.125686
16.285        9.77E-02
16.290        0.240495
16.295        0.350886
16.300        0.296142
16.305        0.250415
16.310        0.214182
16.315         0.11827
16.320        6.72E-02
16.325        5.34E-02
16.330        0.156232
16.335        0.310612
16.340        0.336801
16.345        0.366624
16.350        0.420576
16.355        0.362895
16.360        0.227889
16.365        8.73E-02
16.370        9.77E-02
16.375        0.229832
16.380        0.301192
16.385        0.348429
16.390         0.44593
16.395         0.42088
16.400         0.28025
16.405        0.123724
16.410        6.89E-02
16.415        0.168377
16.420        0.261986
16.425        0.317349
16.430        0.443078
16.435        0.492238
16.440        0.376279
16.445        0.189305
16.450        6.46E-02
16.455        9.39E-02
16.460        0.196843
16.465        0.263238
16.470        0.380491
16.475        0.491573
16.480        0.453022
16.485        0.304738
16.490        0.125575
16.495        6.57E-02
16.500        0.172386
16.505        0.298155
16.510        0.369704
16.515        0.484611
16.520        0.530494
16.525        0.429446
16.530        0.248593
16.535        7.95E-02
16.540        3.58E-02
16.545        0.119677
16.550        0.280269
16.555        0.425743
16.560          0.5066
16.565        0.507557
16.570        0.399872
16.575        0.202736
16.580        8.35E-02
16.585        0.171716
16.590        0.336739
16.595        0.461046
16.600        0.548823
16.605        0.538468
16.610        0.501915
16.615        0.374859
16.620         0.16268
16.625        9.20E-02
16.630        0.228027
16.635        0.398135
16.640        0.530349
16.645        0.581119
16.650        0.500199
16.655        0.358778
16.660        0.173764
16.665        5.21E-02
16.670        9.33E-02
16.675        0.243708
16.680         0.41968
16.685        0.566566
16.690        0.621547
16.695        0.580346
16.700        0.475563
16.705        0.304441
16.710        0.137418
16.715        0.185726
16.720        0.342298
16.725        0.486139
16.730        0.557764
16.735        0.422443
16.740         0.17276
16.745        5.05E-02
16.750        2.97E-02
16.755        3.44E-02
16.760        1.04E-01
16.765        0.218041
16.770        0.353202
16.775        0.489825
16.780        0.549388
16.785        0.523873
16.790        0.424356
16.795        0.231342
16.800        7.24E-02
16.805        3.54E-02
16.810        0.114973
16.815        0.316754
16.820        0.526325
16.825        0.615944
16.830        0.595678
16.835        0.519453
16.840        0.312744
16.845        0.175215
16.850        0.303131
16.855        0.516774
16.860        0.612749
16.865        0.600859
16.870        0.555229
16.875        0.453481
16.880        0.312141
16.885        0.134201
16.890        2.63E-02
16.895        2.55E-03
16.900        7.94E-03
16.905        5.90E-02
16.910        0.193356
16.915        0.348475
16.920         0.45831
16.925        0.505844
16.930        0.382965
16.935        0.224296
16.940        0.312302
16.945        0.493135
16.950        0.537263
16.955        0.462101
16.960        0.332859
16.965        0.203121
16.970        0.107668
16.975        4.56E-02
16.980        4.65E-02
16.985         0.21331
16.990        0.517172
16.995         0.71635
17.000        0.773933
17.005        0.770623
17.010        0.726963
17.015        0.709434
17.020        0.628077
17.025        0.413129
17.030        0.422462
17.035        0.647187
17.040        0.753634
17.045        0.756045
17.050        0.780259
17.055        0.748349
17.060        0.705625
17.065        0.673432
17.070        0.494028
17.075        0.420766
17.080        0.595224
17.085        0.721347
17.090        0.708198
17.095        0.541546
17.100        0.272388
17.105         0.23173
17.110        0.443954
17.115        0.506692
17.120        0.449192
17.125        0.586684
17.130         0.72558
17.135        0.791852
17.140        0.838871
17.145        0.835268
17.150         0.75641
17.155        0.673263
17.160        0.644094
17.165          0.5311
17.170        0.559822
17.175        0.696223
17.180        0.728578
17.185        0.745708
17.190        0.713923
17.195        0.615622
17.200        0.412776
17.205        0.168568
17.210        4.60E-02
17.215        2.78E-02
17.220        1.85E-02
17.225        5.06E-02
17.230        0.227448
17.235        0.498108
17.240        0.671623
17.245        0.706382
17.250        0.657321
17.255         0.60167
17.260        0.555827
17.265         0.64294
17.270        0.771919
17.275          0.7865
17.280        0.766891
17.285        0.793938
17.290        0.815573
17.295        0.792759
17.300        0.708155
17.305        0.633617
17.310        0.654512
17.315        0.757281
17.320         0.79953
17.325        0.753193
17.330        0.700446
17.335        0.683767
17.340        0.609243
17.345        0.431455
17.350        0.197039
17.355        4.97E-02
17.360        5.26E-02
17.365        0.203452
17.370        0.422125
17.375            0.56
17.380        0.634803
17.385        0.732748
17.390        0.794592
17.395        0.767985
17.400        0.651544
17.405        0.629241
17.410        0.760797
17.415        0.848045
17.420         0.85891
17.425        0.820204
17.430        0.792394
17.435        0.836894
17.440        0.865456
17.445        0.830705
17.450        0.748853
17.455        0.736125
17.460        0.815441
17.465        0.865899
17.470        0.864585
17.475        0.825318
17.480        0.790242
17.485        0.811711
17.490        0.805845
17.495        0.688267
17.500        0.443919
17.505        0.322899
17.510        0.528965
17.515         0.73563
17.520        0.794577
17.525        0.779071
17.530        0.740251
17.535        0.732628
17.540         0.71342
17.545        0.635269
17.550        0.500687
17.555        0.300147
17.560        0.112596
17.565        2.52E-02
17.570        4.17E-02
17.575        0.166207
17.580         0.35392
17.585        0.521815
17.590        0.629659
17.595         0.67698
17.600        0.683089
17.605        0.635382
17.610        0.574115
17.615        0.473028
17.620        0.279692
17.625        9.35E-02
17.630        2.69E-02
17.635        9.27E-02
17.640        0.282717
17.645        0.500673
17.650         0.64722
17.655        0.706402
17.660        0.737047
17.665        0.792064
17.670        0.829512
17.675        0.841875
17.680        0.838164
17.685        0.826777
17.690        0.842124
17.695         0.86606
17.700        0.873896
17.705        0.859581
17.710        0.828975
17.715        0.817776
17.720        0.831347
17.725         0.84293
17.730        0.831382
17.735        0.783375
17.740        0.698424
17.745        0.519507
17.750        0.247904
17.755        0.143427
17.760        0.330363
17.765        0.587482
17.770        0.747466
17.775         0.82014
17.780        0.853018
17.785         0.86133
17.790        0.862062
17.795        0.883536
17.800        0.900286
17.805        0.904096
17.810        0.896349
17.815        0.884077
17.820        0.889019
17.825        0.894916
17.830        0.894413
17.835         0.88545
17.840        0.870483
17.845        0.881002
17.850        0.901931
17.855        0.894371
17.860        0.869635
17.865        0.870432
17.870        0.887654
17.875        0.894791
17.880        0.897882
17.885        0.903793
17.890        0.883627
17.895        0.857079
17.900        0.880225
17.905        0.909795
17.910        0.916301
17.915         0.90995
17.920        0.897577
17.925         0.89013
17.930        0.869604
17.935        0.843607
17.940        0.800859
17.945        0.654688
17.950         0.60393
17.955        0.770802
17.960        0.880983
17.965        0.902728
17.970        0.899685
17.975        0.891074
17.980        0.879221
17.985        0.875938
17.990        0.884144
17.995        0.880936
18.000        0.866251
18.005        0.846442
18.010        0.804632
18.015        0.706293
18.020        0.500227
18.025         0.22546
18.030        1.02E-01
18.035        0.253831
18.040        0.529153
18.045        0.719272
18.050        0.806252
18.055        0.847364
18.060        0.873099
18.065        0.887894
18.070        0.895255
18.075        0.896251
18.080        0.889271
18.085        0.885075
18.090        0.893664
18.095        0.885588
18.100        0.804308
18.105        0.687261
18.110        0.750614
18.115        0.867101
18.120         0.90104
18.125        0.904105
18.130        0.897999
18.135        0.886599
18.140        0.885256
18.145        0.886828
18.150        0.870326
18.155        0.814312
18.160        0.755204
18.165        0.728921
18.170        0.598475
18.175        0.325986
18.180        0.120607
18.185        0.192837
18.190        0.463079
18.195        0.688118
18.200        0.794153
18.205        0.837227
18.210        0.855135
18.215        0.860178
18.220        0.858228
18.225          0.8543
18.230        0.841829
18.235        0.806791
18.240        0.719838
18.245        0.527019
18.250        0.255716
18.255        0.146837
18.260        0.334177
18.265        0.585465
18.270        0.708372
18.275        0.734881
18.280        0.710894
18.285        0.639393
18.290        0.498132
18.295        0.284865
18.300        9.42E-02
18.305        2.78E-02
18.310        9.01E-02
18.315        0.245461
18.320        0.364828
18.325         0.34047
18.330        0.194212
18.335        5.87E-02
18.340        3.39E-02
18.345        0.138785
18.350        0.338475
18.355        0.514031
18.360        0.612765
18.365        0.659949
18.370        0.696334
18.375        0.758054
18.380        0.824824
18.385         0.85775
18.390        0.868417
18.395        0.877726
18.400        0.881423
18.405        0.874078
18.410        0.879132
18.415        0.894666
18.420        0.900352
18.425        0.897642
18.430        0.884487
18.435        0.873319
18.440         0.88545
18.445        0.895323
18.450         0.89279
18.455        0.883349
18.460        0.863224
18.465        0.815593
18.470         0.68886
18.475        0.425918
18.480        0.194576
18.485        0.288378
18.490        0.568725
18.495        0.737243
18.500        0.812102
18.505        0.865711
18.510        0.890573
18.515        0.899678
18.520        0.902635
18.525        0.882193
18.530        0.810873
18.535        0.800136
18.540        0.876901
18.545        0.910994
18.550        0.915762
18.555        0.916404
18.560        0.916226
18.565        0.915451
18.570        0.913785
18.575        0.908579
18.580        0.891286
18.585        0.866624
18.590        0.869253
18.595        0.888995
18.600        0.891908
18.605         0.88411
18.610        0.870377
18.615        0.841032
18.620        0.772309
18.625        0.702259
18.630        0.646921
18.635        0.493799
18.640        0.253902
18.645        7.37E-02
18.650        5.37E-02
18.655        0.203134
18.660         0.44609
18.665         0.63041
18.670        0.717822
18.675        0.780944
18.680        0.836078
18.685        0.860518
18.690        0.863487
18.695        0.861598
18.700        0.872602
18.705        0.885146
18.710        0.846215
18.715        0.734084
18.720        0.733505
18.725        0.831465
18.730        0.852913
18.735        0.876055
18.740        0.900497
18.745        0.899902
18.750        0.898651
18.755        0.895892
18.760        0.901776
18.765        0.912253
18.770        0.902625
18.775         0.86499
18.780        0.850442
18.785        0.889266
18.790        0.913202
18.795        0.911904
18.800        0.907934
18.805        0.912954
18.810        0.915258
18.815        0.916999
18.820        0.919587
18.825        0.920267
18.830        0.919982
18.835        0.919366
18.840        0.918348
18.845         0.91537
18.850        0.907555
18.855        0.904316
18.860        0.910241
18.865        0.912586
18.870        0.911093
18.875        0.905916
18.880         0.89368
18.885         0.88312
18.890        0.882768
18.895        0.888992
18.900        0.884751
18.905        0.840459
18.910        0.756073
18.915        0.762464
18.920        0.840976
18.925         0.86955
18.930         0.86884
18.935        0.862259
18.940        0.853063
18.945        0.840731
18.950        0.821212
18.955        0.786995
18.960        0.754244
18.965        0.738653
18.970        0.709477
18.975        0.659357
18.980        0.593687
18.985        0.499052
18.990        0.365752
18.995        0.201452
19.000        6.69E-02
19.005        1.23E-02
19.010        1.33E-03
19.015        1.47E-03
19.020        1.56E-02
19.025        7.65E-02
19.030        0.201666
19.035        0.351743
19.040        0.479695
19.045        0.563245
19.050        0.620738
19.055        0.688975
19.060        0.741897
19.065        0.770672
19.070        0.783596
19.075        0.763865
19.080        0.678134
19.085         0.67365
19.090        0.786073
19.095        0.843517
19.100        0.856176
19.105         0.85439
19.110        0.848656
19.115        0.857092
19.120        0.865767
19.125        0.863921
19.130        0.863037
19.135         0.86984
19.140        0.874581
19.145        0.874817
19.150        0.873432
19.155        0.871147
19.160        0.868008
19.165        0.863915
19.170        0.858506
19.175        0.850477
19.180        0.839698
19.185        0.830066
19.190        0.818733
19.195        0.802735
19.200        0.780456
19.205        0.749191
19.210        0.704424
19.215        0.635216
19.220        0.513976
19.225         0.31664
19.230        0.134197
19.235        5.38E-02
19.240        1.68E-02
19.245        3.28E-03
19.250        1.48E-02
19.255        7.99E-02
19.260        0.216695
19.265        0.368749
19.270        0.480173
19.275        0.542213
19.280        0.559365
19.285        0.526244
19.290        0.465268
19.295        0.389132
19.300        0.255512
19.305        0.105906
19.310        2.24E-02
19.315        6.59E-03
19.320        3.26E-02
19.325        9.45E-02
19.330        0.133823
19.335        1.03E-01
19.340        4.21E-02
19.345        8.15E-03
19.350        1.46E-03
19.355        1.13E-02
19.360        6.43E-02
19.365        0.185857
19.370        0.337709
19.375        0.455377
19.380        0.502379
19.385        0.560046
19.390        0.665934
19.395        0.730099
19.400        0.756825
19.405        0.748459
19.410         0.64267
19.415        0.506331
19.420        0.555654
19.425        0.636104
19.430        0.684987
19.435          0.7471
19.440        0.661557
19.445        0.593372
19.450        0.738042
19.455          0.8342
19.460        0.851097
19.465         0.86854
19.470        0.881284
19.475        0.885691
19.480        0.887719
19.485        0.889049
19.490        0.888741
19.495         0.88552
19.500        0.883273
19.505        0.884723
19.510        0.882802
19.515        0.874386
19.520        0.847207
19.525        0.743487
19.530        0.534781
19.535        0.442452
19.540         0.60152
19.545        0.775179
19.550        0.799536
19.555        0.750799
19.560         0.76611
19.565        0.800435
19.570        0.765621
19.575        0.630277
19.580        0.364359
19.585        0.125442
19.590        0.128084
19.595         0.37797
19.600        0.650931
19.605        0.778051
19.610        0.820675
19.615        0.836904
19.620        0.843206
19.625        0.844416
19.630        0.842506
19.635        0.838461
19.640        0.832411
19.645        0.824169
19.650        0.812891
19.655        0.798936
19.660        0.783336
19.665        0.763425
19.670        0.737224
19.675        0.701673
19.680          0.6399
19.685        0.530614
19.690        0.451922
19.695        0.422223
19.700        0.340853
19.705        0.219005
19.710        1.03E-01
19.715        2.97E-02
19.720        4.39E-03
19.725        2.97E-04
19.730        6.33E-04
19.735        7.79E-03
19.740        4.33E-02
19.745        0.129043
19.750        0.250349
19.755        0.372463
19.760        0.475229
19.765        0.555369
19.770        0.616035
19.775         0.66069
19.780        0.691772
19.785        0.716352
19.790        0.738259
19.795        0.752594
19.800         0.75849
19.805          0.7552
19.810        0.733856
19.815        0.655511
19.820        0.454159
19.825        0.248684
19.830        0.334371
19.835        0.566417
19.840        0.681703
19.845        0.710044
19.850        0.705825
19.855        0.684196
19.860        0.669958
19.865        0.646821
19.870         0.60137
19.875        0.534985
19.880        0.445318
19.885         0.33074
19.890        0.200558
19.895        8.60E-02
19.900        2.16E-02
19.905        2.63E-03
19.910        2.29E-04
19.915        2.14E-03
19.920        1.81E-02
19.925        6.83E-02
19.930        0.123505
19.935        0.137018
19.940        0.236916
19.945        0.435688
19.950        0.572461
19.955        0.638108
19.960        0.646704
19.965        0.592074
19.970        0.535438
19.975        0.579127
19.980        0.709942
19.985        0.795172
19.990        0.821537
19.995        0.828323
20.000        0.827018
20.005        0.788107
20.010        0.681996
20.015        0.686551
20.020        0.806662
20.025        0.863402
20.030         0.87675
20.035        0.880867
20.040        0.879769
20.045        0.878826
20.050        0.885291
20.055        0.891087
20.060        0.893378
20.065        0.895577
20.070        0.896083
20.075         0.89538
20.080         0.89732
20.085        0.900579
20.090         0.90346
20.095        0.905014
20.100        0.905833
20.105         0.90637
20.110        0.906779
20.115        0.907263
20.120        0.907682
20.125        0.907938
20.130        0.908056
20.135        0.907888
20.140        0.906116
20.145        0.902318
20.150         0.90281
20.155        0.905886
20.160        0.906846
20.165        0.906626
20.170        0.906009
20.175        0.905235
20.180        0.904239
20.185        0.902691
20.190        0.900619
20.195        0.899186
20.200        0.897697
20.205        0.895109
20.210        0.891322
20.215        0.885482
20.220        0.874251
20.225        0.839908
20.230        0.710452
20.235        0.480022
20.240        0.486688
20.245        0.708866
20.250        0.819432
20.255        0.839696
20.260        0.837403
20.265        0.827742
20.270        0.812613
20.275        0.790696
20.280        0.757625
20.285        0.713307
20.290        0.661076
20.295        0.584431
20.300        0.468071
20.305        0.311143
20.310        0.146635
20.315        3.96E-02
20.320        5.09E-03
20.325        2.71E-03
20.330        1.09E-02
20.335        1.90E-02
20.340        5.47E-02
20.345          0.2072
20.350         0.43378
20.355        0.598459
20.360        0.688119
20.365        0.740997
20.370        0.776558
20.375        0.801884
20.380        0.820422
20.385        0.834315
20.390        0.844727
20.395        0.851741
20.400        0.856273
20.405        0.861016
20.410        0.862127
20.415        0.842916
20.420        0.745863
20.425         0.61809
20.430        0.695053
20.435         0.82806
20.440        0.869717
20.445         0.87816
20.450        0.880401
20.455        0.876794
20.460        0.870165
20.465        0.872535
20.470        0.878318
20.475        0.880212
20.480        0.879983
20.485        0.878504
20.490        0.870038
20.495        0.846727
20.500          0.8394
20.505        0.858555
20.510        0.866173
20.515        0.863798
20.520        0.858217
20.525        0.849016
20.530        0.837912
20.535        0.829914
20.540         0.82172
20.545        0.805096
20.550        0.773579
20.555        0.707951
20.560        0.556721
20.565        0.299936
20.570        0.129209
20.575        0.233533
20.580        0.447268
20.585        0.571462
20.590        0.640576
20.595        0.668467
20.600        0.660156
20.605        0.633876
20.610        0.595309
20.615        0.544356
20.620         0.47944
20.625        0.399405
20.630         0.30456
20.635        0.200678
20.640        1.04E-01
20.645        3.70E-02
20.650        7.60E-03
20.655        7.60E-04
20.660        3.29E-05
20.665        8.30E-05
20.670        1.54E-03
20.675        1.24E-02
20.680        5.11E-02
20.685        0.127762
20.690        0.228312
20.695        0.331166
20.700        0.423409
20.705         0.50055
20.710        0.563227
20.715        0.614185
20.720        0.655549
20.725        0.688791
20.730        0.714982
20.735        0.731843
20.740        0.732219
20.745        0.733484
20.750        0.761819
20.755        0.787503
20.760        0.798085
20.765        0.800338
20.770        0.790665
20.775        0.744659
20.780        0.601484
20.785        0.358795
20.790        0.318409
20.795        0.548013
20.800        0.705184
20.805        0.763081
20.810        0.760032
20.815        0.676945
20.820         0.67015
20.825         0.77643
20.830        0.839796
20.835        0.857139
20.840        0.863147
20.845        0.866912
20.850        0.869244
20.855        0.870613
20.860        0.871402
20.865        0.871521
20.870        0.869996
20.875        0.865201
20.880        0.850336
20.885        0.830588
20.890        0.842161
20.895        0.863531
20.900        0.869336
20.905        0.869378
20.910        0.868419
20.915          0.8671
20.920         0.86543
20.925        0.863422
20.930        0.861127
20.935        0.858368
20.940        0.855024
20.945         0.85093
20.950         0.84572
20.955        0.838779
20.960        0.828904
20.965        0.813367
20.970        0.785153
20.975        0.722148
20.980        0.565167
20.985        0.298601
20.990        0.152662
20.995        0.314494
21.000        0.568467
21.005        0.705364
21.010         0.75376
21.015        0.769855
21.020        0.773939
21.025        0.772301
21.030        0.767261
21.035        0.759739
21.040        0.750079
21.045        0.738336
21.050        0.724683
21.055         0.70907
21.060        0.690975
21.065        0.670049
21.070        0.645894
21.075        0.617973
21.080        0.585609
21.085        0.547891
21.090        0.503573
21.095        0.450734
21.100        0.384892
21.105        0.293525
21.110        0.167992
21.115        6.95E-02
21.120        5.38E-02
21.125        4.92E-02
21.130        2.51E-02
21.135        7.12E-03
21.140        1.07E-03
21.145        7.42E-05
21.150        2.01E-06
21.155        1.23E-08
21.160               0
21.165               0
21.170        3.16E-10
21.175        4.19E-07
21.180        2.82E-05
21.185        6.19E-04
21.190        5.70E-03
21.195        2.61E-02
21.200        7.14E-02
21.205        0.137405
21.210        0.205412
21.215        0.252158
21.220        0.297487
21.225        0.372719
21.230        0.446951
21.235        0.492045
21.240        0.504367
21.245        0.442765
21.250        0.277208
21.255        0.207117
21.260        0.323497
21.265        0.449447
21.270        0.584744
21.275         0.66651
21.280        0.684434
21.285        0.645777
21.290        0.600086
21.295        0.652012
21.300        0.711623
21.305        0.719806
21.310        0.691893
21.315        0.632478
21.320        0.547872
21.325        0.379088
21.330        0.162309
21.335         0.11653
21.340        0.293611
21.345        0.484757
21.350        0.547619
21.355        0.490329
21.360        0.329211
21.365         0.13365
21.370        3.25E-02
21.375        6.60E-02
21.380        0.231658
21.385        0.443802
21.390        0.594032
21.395        0.676321
21.400        0.707476
21.405        0.671744
21.410        0.601802
21.415        0.528045
21.420        0.349247
21.425        0.328591
21.430        0.566248
21.435         0.73472
21.440        0.788796
21.445        0.806048
21.450        0.796881
21.455        0.725239
21.460        0.583204
21.465        0.571225
21.470        0.715834
21.475         0.80411
21.480        0.827703
21.485        0.837767
21.490        0.844915
21.495        0.848076
21.500        0.849308
21.505        0.849719
21.510        0.849468
21.515        0.847789
21.520        0.844284
21.525        0.840617
21.530        0.833456
21.535        0.831979
21.540        0.838044
21.545        0.838693
21.550        0.834395
21.555        0.824309
21.560        0.791762
21.565        0.682268
21.570        0.530189
21.575        0.561778
21.580        0.694806
21.585        0.770164
21.590         0.79719
21.595        0.804515
21.600        0.806352
21.605        0.803685
21.610        0.798273
21.615        0.791232
21.620        0.782577
21.625        0.771454
21.630        0.757064
21.635        0.737986
21.640        0.710666
21.645         0.66894
21.650             0.6
21.655        0.479794
21.660        0.293878
21.665        0.108441
21.670        2.62E-02
21.675        6.35E-02
21.680        0.212833
21.685        0.395245
21.690        0.519011
21.695        0.579029
21.700        0.583514
21.705        0.522739
21.710        0.501219
21.715        0.570616
21.720        0.605507
21.725        0.601615
21.730        0.587327
21.735        0.568551
21.740        0.545125
21.745        0.515765
21.750        0.485424
21.755        0.457748
21.760        0.425276
21.765        0.386602
21.770        0.343421
21.775        0.295957
21.780        0.242481
21.785        0.178821
21.790        0.117029
21.795        8.16E-02
21.800        5.56E-02
21.805        2.92E-02
21.810        1.09E-02
21.815        2.71E-03
21.820        4.15E-04
21.825        3.46E-05
21.830        1.23E-06
21.835        1.24E-08
21.840               0
21.845               0
21.850               0
21.855               0
21.860        1.59E-08
21.865        5.15E-07
21.870        4.27E-06
21.875        9.03E-06
21.880        4.88E-06
21.885        2.10E-06
21.890        6.49E-05
21.895        1.09E-03
21.900        8.04E-03
21.905        3.01E-02
21.910        7.15E-02
21.915        0.129604
21.920        0.193261
21.925         0.25321
21.930        0.307286
21.935        0.354596
21.940        0.392319
21.945        0.405572
21.950        0.372788
21.955         0.36825
21.960        0.452752
21.965        0.518846
21.970        0.521065
21.975        0.455245
21.980        0.429334
21.985        0.523563
21.990        0.598479
21.995        0.623832
22.000         0.63316
22.005        0.636859
22.010        0.636339
22.015        0.630796
22.020        0.615213
22.025         0.57558
22.030        0.525576
22.035        0.516704
22.040        0.511371
22.045        0.468787
22.050        0.395235
22.055        0.298733
22.060        0.190429
22.065        8.89E-02
22.070        2.51E-02
22.075        3.52E-03
22.080        2.64E-04
22.085        1.40E-03
22.090        1.35E-02
22.095        6.10E-02
22.100        0.155594
22.105        0.270967
22.110        0.374887
22.115        0.452356
22.120        0.495419
22.125        0.480145
22.130        0.355867
22.135        0.172409
22.140        0.169864
22.145        0.384811
22.150        0.581785
22.155        0.676883
22.160         0.72021
22.165         0.74438
22.170        0.760025
22.175        0.770679
22.180        0.777419
22.185        0.779394
22.190        0.770522
22.195        0.721594
22.200        0.582975
22.205        0.482202
22.210        0.599152
22.215        0.736317
22.220        0.781957
22.225        0.774618
22.230        0.725537
22.235        0.683995
22.240        0.686742
22.245        0.703806
22.250        0.764053
22.255        0.808235
22.260        0.820176
22.265        0.823056
22.270        0.823222
22.275        0.819446
22.280        0.814464
22.285        0.815792
22.290        0.817229
22.295         0.81492
22.300        0.810702
22.305        0.804747
22.310        0.796021
22.315        0.784375
22.320        0.773407
22.325        0.760192
22.330        0.737356
22.335        0.692739
22.340        0.585708
22.345        0.402882
22.350        0.273868
22.355        0.281169
22.360        0.250511
22.365        0.125319
22.370        3.07E-02
22.375        6.73E-03
22.380        3.13E-02
22.385        0.111312
22.390        0.189269
22.395        0.163659
22.400        6.94E-02
22.405        4.70E-02
22.410        0.164852
22.415        0.365448
22.420        0.530086
22.425        0.623168
22.430        0.669292
22.435        0.693949
22.440        0.711239
22.445        0.721967
22.450        0.726207
22.455        0.726063
22.460        0.722258
22.465        0.715264
22.470        0.706202
22.475        0.692567
22.480        0.671711
22.485        0.650003
22.490        0.629632
22.495        0.599616
22.500        0.556754
22.505        0.499158
22.510        0.421296
22.515        0.318805
22.520        0.197438
22.525        8.54E-02
22.530        2.09E-02
22.535        2.40E-03
22.540        1.28E-03
22.545        1.19E-02
22.550        5.28E-02
22.555        0.125458
22.560        0.195473
22.565        0.235817
22.570        0.242335
22.575        0.218287
22.580        0.173398
22.585        0.127488
22.590        8.18E-02
22.595        3.98E-02
22.600        1.32E-02
22.605        2.61E-03
22.610        2.63E-04
22.615        1.15E-05
22.620        1.67E-07
22.625        7.90E-11
22.630        4.04E-10
22.635        4.31E-07
22.640        2.77E-05
22.645        5.91E-04
22.650        5.31E-03
22.655        2.41E-02
22.660        6.72E-02
22.665        0.132291
22.670        0.206763
22.675        0.280239
22.680        0.347852
22.685        0.407772
22.690        0.459955
22.695        0.504995
22.700        0.543801
22.705        0.577237
22.710         0.60606
22.715        0.630983
22.720        0.652532
22.725        0.671168
22.730        0.687058
22.735        0.700051
22.740        0.711571
22.745        0.723137
22.750        0.732589
22.755         0.73537
22.760          0.7101
22.765        0.646356
22.770        0.655286
22.775        0.730159
22.780        0.764679
22.785        0.773722
22.790         0.77764
22.795        0.779801
22.800        0.780101
22.805        0.775807
22.810        0.758571
22.815        0.731819
22.820        0.728144
22.825        0.739194
22.830        0.721404
22.835        0.692911
22.840        0.713784
22.845        0.743374
22.850        0.747704
22.855        0.739238
22.860        0.724459
22.865        0.702915
22.870        0.671857
22.875        0.631102
22.880        0.579804
22.885        0.506126
22.890        0.399709
22.895        0.261704
22.900        0.121981
22.905        3.29E-02
22.910        4.21E-03
22.915        1.86E-03
22.920        1.77E-02
22.925        8.27E-02
22.930        0.207825
22.935        0.347957
22.940         0.46245
22.945        0.543395
22.950        0.597266
22.955         0.63075
22.960        0.647426
22.965        0.647041
22.970        0.628616
22.975        0.583746
22.980        0.483268
22.985        0.322023
22.990        0.151227
22.995        4.05E-02
23.000        2.70E-02
23.005        0.122124
23.010        0.311831
23.015        0.493165
23.020        0.608922
23.025        0.674751
23.030         0.71332
23.035        0.736597
23.040        0.745916
23.045         0.73565
23.050        0.735983
23.055        0.761812
23.060        0.775494
23.065        0.778361
23.070        0.778696
23.075         0.77764
23.080        0.775358
23.085        0.772055
23.090        0.767722
23.095        0.762127
23.100        0.755166
23.105        0.746655
23.110         0.73606
23.115        0.722437
23.120        0.706435
23.125        0.688754
23.130        0.666199
23.135        0.639293
23.140        0.607496
23.145        0.566393
23.150        0.513649
23.155         0.44653
23.160        0.358987
23.165        0.243434
23.170        0.130244
23.175        6.07E-02
23.180        2.00E-02
23.185        3.28E-03
23.190        2.30E-04
23.195        6.40E-05
23.200        1.24E-03
23.205        1.11E-02
23.210        4.85E-02
23.215        0.124776
23.220         0.22452
23.225        0.323871
23.230        0.408828
23.235        0.473925
23.240         0.52197
23.245        0.565039
23.250        0.598781
23.255        0.624558
23.260        0.654498
23.265        0.676547
23.270        0.688551
23.275        0.701057
23.280         0.71413
23.285        0.722552
23.290        0.726701
23.295        0.726676
23.300        0.718753
23.305        0.685934
23.310        0.572856
23.315        0.362672
23.320        0.310703
23.325        0.510892
23.330        0.668339
23.335        0.720498
23.340        0.735767
23.345        0.741002
23.350        0.742382
23.355        0.741808
23.360        0.739827
23.365        0.736521
23.370        0.732436
23.375        0.727597
23.380        0.721473
23.385        0.713907
23.390        0.704691
23.395        0.693377
23.400        0.679134
23.405        0.659901
23.410        0.628069
23.415        0.566282
23.420        0.496177
23.425        0.477865
23.430        0.458643
23.435        0.387077
23.440        0.272651
23.445        0.141524
23.450        4.42E-02
23.455        6.85E-03
23.460        3.85E-03
23.465        2.60E-02
23.470        8.91E-02
23.475        0.170286
23.480        0.220541
23.485        0.218998
23.490        0.170128
23.495        9.56E-02
23.500        3.31E-02
23.505        5.80E-03
23.510        4.41E-04
23.515        1.85E-04
23.520        2.51E-03
23.525        2.28E-02
23.530        9.29E-02
23.535        0.199408
23.540        0.293125
23.545        0.357941
23.550        0.399185
23.555        0.424051
23.560         0.43704
23.565        0.440217
23.570        0.435081
23.575        0.422393
23.580        0.402301
23.585        0.373977
23.590        0.334576
23.595        0.276179
23.600         0.18657
23.605        9.50E-02
23.610        6.17E-02
23.615        4.95E-02
23.620        2.38E-02
23.625        5.87E-03
23.630        6.74E-04
23.635        3.14E-05
23.640        8.74E-07
23.645        2.49E-05
23.650        5.18E-04
23.655        4.53E-03
23.660        1.97E-02
23.665        5.09E-02
23.670        9.22E-02
23.675         0.13347
23.680        0.167679
23.685        0.189257
23.690        0.192629
23.695        0.187962
23.700        0.198382
23.705        0.206928
23.710        0.201985
23.715        0.189762
23.720        0.173948
23.725        0.155533
23.730        0.135178
23.735        0.113661
23.740        9.20E-02
23.745        7.01E-02
23.750        4.91E-02
23.755        3.27E-02
23.760        1.95E-02
23.765        8.68E-03
23.770        2.40E-03
23.775        5.37E-04
23.780        2.49E-04
23.785        8.20E-05
23.790        1.07E-05
23.795        4.84E-07
23.800        6.02E-09
23.805               0
23.810               0
23.815               0
23.820               0
23.825               0
23.830               0
23.835               0
23.840               0
23.845               0
23.850               0
23.855               0
23.860               0
23.865               0
23.870               0
23.875               0
23.880               0
23.885               0
23.890               0
23.895               0
23.900               0
23.905               0
23.910               0
23.915               0
23.920               0
23.925               0
23.930               0
23.935               0
23.940        3.95E-08
23.945        3.07E-06
23.950        7.32E-05
23.955        7.27E-04
23.960        3.66E-03
23.965        1.12E-02
23.970        2.43E-02
23.975        4.16E-02
23.980        5.98E-02
23.985        7.28E-02
23.990        6.55E-02
23.995        4.56E-02
24.000        5.91E-02
24.005        0.107922
24.010        0.159048
24.015        0.198392
24.020        0.247971
24.025        0.293113
24.030          0.3244
24.035        0.349413
24.040        0.371659
24.045         0.39184
24.050        0.409536
24.055        0.424642
24.060         0.43989
24.065        0.454492
24.070        0.464589
24.075        0.467653
24.080         0.45545
24.085        0.400773
24.090        0.264708
24.095        0.108629
24.100        8.94E-02
24.105        0.213165
24.110        0.289685
24.115        0.292281
24.120        0.407291
24.125        0.529922
24.130        0.579785
24.135        0.603623
24.140        0.619086
24.145        0.630366
24.150        0.639555
24.155        0.647244
24.160        0.652542
24.165        0.650732
24.170        0.641689
24.175        0.648943
24.180        0.670172
24.185        0.683106
24.190        0.689913
24.195        0.695154
24.200         0.69985
24.205        0.704173
24.210        0.708128
24.215        0.711877
24.220        0.715659
24.225        0.719299
24.230        0.722623
24.235        0.725652
24.240        0.728175
24.245        0.729105
24.250        0.727365
24.255        0.728197
24.260        0.734806
24.265        0.740235
24.270        0.742134
24.275        0.741929
24.280        0.744389
24.285        0.749145
24.290        0.752335
24.295        0.754454
24.300        0.756286
24.305        0.757962
24.310        0.759494
24.315        0.760848
24.320        0.761927
24.325        0.763147
24.330        0.764726
24.335        0.766123
24.340        0.767274
24.345        0.768329
24.350         0.76932
24.355        0.770244
24.360        0.771102
24.365         0.77189
24.370        0.772604
24.375        0.773236
24.380        0.773769
24.385        0.774174
24.390        0.774364
24.395        0.774138
24.400        0.773062
24.405        0.769438
24.410        0.756772
24.415        0.725874
24.420        0.704594
24.425        0.730864
24.430        0.761411
24.435         0.77264
24.440        0.775915
24.445         0.77717
24.450        0.777834
24.455        0.778276
24.460        0.778513
24.465        0.778594
24.470        0.778564
24.475        0.778454
24.480        0.778279
24.485        0.778015
24.490        0.777671
24.495        0.777317
24.500         0.77691
24.505        0.776429
24.510        0.775779
24.515         0.77482
24.520        0.772759
24.525        0.766865
24.530        0.757669
24.535        0.755267
24.540        0.754811
24.545        0.756157
24.550        0.762625
24.555        0.765173
24.560        0.765095
24.565        0.764917
24.570        0.764245
24.575        0.762933
24.580        0.761252
24.585        0.759314
24.590        0.757122
24.595        0.754617
24.600        0.751665
24.605        0.748101
24.610        0.743831
24.615        0.738542
24.620        0.731531
24.625        0.722084
24.630        0.708545
24.635        0.687066
24.640        0.649304
24.645          0.5747
24.650        0.426414
24.655        0.212962
24.660        7.36E-02
24.665        0.128345
24.670        0.326605
24.675        0.507384
24.680        0.604543
24.685        0.651665
24.690        0.676492
24.695        0.689551
24.700          0.6964
24.705        0.699672
24.710        0.700603
24.715        0.700766
24.720         0.70063
24.725        0.699506
24.730        0.697483
24.735        0.694524
24.740        0.689393
24.745        0.681602
24.750        0.677813
24.755        0.678699
24.760        0.677198
24.765        0.673241
24.770        0.668704
24.775          0.6643
24.780        0.659475
24.785        0.654165
24.790        0.648494
24.795        0.642463
24.800        0.636074
24.805         0.62931
24.810        0.622157
24.815        0.614595
24.820        0.606601
24.825        0.598142
24.830        0.589167
24.835        0.579634
24.840        0.569482
24.845        0.558676
24.850        0.547158
24.855        0.534861
24.860        0.521697
24.865        0.507568
24.870        0.492382
24.875        0.476004
24.880        0.458295
24.885        0.439056
24.890        0.418111
24.895        0.395165
24.900        0.369519
24.905        0.338363
24.910        0.297408
24.915        0.259508
24.920        0.235537
24.925        0.206059
24.930        0.167217
24.935        0.124616
24.940        8.10E-02
24.945        4.19E-02
24.950        1.67E-02
24.955        4.94E-03
24.960        8.45E-04
24.965        6.56E-05
24.970        1.94E-06
24.975        1.31E-08
24.980               0
24.985        1.55E-08
24.990        1.30E-06
24.995        3.12E-05
25.000        2.92E-04
25.005        1.26E-03
25.010        2.97E-03
25.015        4.30E-03
25.020        4.05E-03
25.025        2.37E-03
25.030        7.50E-04
25.035        1.34E-04
25.040        3.06E-05
25.045        5.38E-06
25.050        3.07E-07
25.055        4.50E-09
25.060               0
25.065               0
25.070               0
25.075        2.54E-10
25.080        6.17E-08
25.085        2.04E-06
25.090        2.13E-05
25.095        8.56E-05
25.100        1.68E-04
25.105        1.97E-04
25.110        1.46E-04
25.115        6.25E-05
25.120        1.25E-05
25.125        9.10E-07
25.130        2.02E-08
25.135               0
25.140               0
25.145               0
25.150               0
25.155               0
25.160               0
25.165               0
25.170               0
25.175               0
25.180               0
25.185               0
25.190               0
25.195               0
25.200               0
25.205               0
25.210               0
25.215               0
25.220               0
25.225               0
25.230               0
25.235        3.79E-11
25.240        5.58E-08
25.245        2.77E-06
25.250        4.63E-05
25.255        3.38E-04
25.260        1.37E-03
25.265        3.65E-03
25.270        7.21E-03
25.275        1.21E-02
25.280        1.90E-02
25.285        2.69E-02
25.290        3.37E-02
25.295        3.84E-02
25.300        4.05E-02
25.305        3.89E-02
25.310        3.22E-02
25.315        1.96E-02
25.320        8.37E-03
25.325        5.94E-03
25.330        4.95E-03
25.335        2.24E-03
25.340        5.08E-04
25.345        5.20E-05
25.350        2.02E-06
25.355        2.15E-08
25.360               0
25.365               0
25.370               0
25.375        2.06E-08
25.380        1.93E-06
25.385        5.27E-05
25.390        5.90E-04
25.395        3.26E-03
25.400        1.08E-02
25.405        2.53E-02
25.410        4.67E-02
25.415        7.28E-02
25.420        1.02E-01
25.425        0.135221
25.430        0.166255
25.435        0.197954
25.440        0.233992
25.445        0.266441
25.450         0.29468
25.455        0.320394
25.460        0.343829
25.465         0.36538
25.470        0.385501
25.475        0.404089
25.480        0.421541
25.485        0.437541
25.490        0.451751
25.495        0.464297
25.500        0.475297
25.505        0.480504
25.510        0.456409
25.515        0.386839
25.520        0.390577
25.525        0.477518
25.530        0.522073
25.535        0.535153
25.540        0.544852
25.545        0.552856
25.550        0.559503
25.555        0.566753
25.560        0.572894
25.565        0.577549
25.570        0.581648
25.575        0.585529
25.580        0.588646
25.585        0.592033
25.590        0.595353
25.595        0.597905
25.600        0.599673
25.605         0.60047
25.610        0.601316
25.615        0.602527
25.620        0.602185
25.625        0.598896
25.630          0.5913
25.635        0.580594
25.640        0.553087
25.645        0.451868
25.650        0.270581
25.655        0.243507
25.660        0.417739
25.665         0.54223
25.670         0.58179
25.675        0.593235
25.680        0.597118
25.685        0.598091
25.690        0.597556
25.695        0.596335
25.700        0.594479
25.705        0.591789
25.710         0.58809
25.715        0.582394
25.720        0.571222
25.725         0.55603
25.730        0.554795
25.735        0.562091
25.740        0.562064
25.745        0.557488
25.750        0.551567
25.755        0.544933
25.760        0.537676
25.765        0.529808
25.770        0.521235
25.775         0.51162
25.780        0.500153
25.785        0.487846
25.790        0.477758
25.795        0.467746
25.800        0.455601
25.805        0.441895
25.810        0.427037
25.815        0.411063
25.820        0.393927
25.825        0.375588
25.830        0.355966
25.835        0.335011
25.840        0.312669
25.845        0.288943
25.850        0.263825
25.855         0.23742
25.860        0.209779
25.865        0.180876
25.870        0.151677
25.875         0.12328
25.880        9.62E-02
25.885        7.07E-02
25.890        4.79E-02
25.895        2.90E-02
25.900        1.51E-02
25.905        6.40E-03
25.910        2.03E-03
25.915        4.35E-04
25.920        5.31E-05
25.925        2.94E-06
25.930        5.63E-08
25.935               0
25.940               0
25.945               0
25.950               0
25.955               0
25.960               0
25.965               0
25.970               0
25.975               0
25.980               0
25.985               0
25.990               0
25.995               0
26.000        1.71E-09
26.005        1.91E-07
26.010        5.04E-06
26.015        4.58E-05
26.020        1.76E-04
26.025        3.45E-04
26.030        3.76E-04
26.035        2.17E-04
26.040        5.88E-05
26.045        6.29E-06
26.050        2.26E-07
26.055        1.86E-07
26.060        6.45E-06
26.065        8.23E-05
26.070        6.62E-04
26.075        4.38E-03
26.080        1.73E-02
26.085        4.13E-02
26.090        7.32E-02
26.095        0.106459
26.100        0.134797
26.105        0.165418
26.110        0.202943
26.115        0.236529
26.120        0.260511
26.125        0.268904
26.130        0.261712
26.135        0.272828
26.140        0.308237
26.145        0.330554
26.150        0.354828
26.155        0.388304
26.160        0.411577
26.165        0.426334
26.170        0.437664
26.175        0.446739
26.180        0.452889
26.185        0.451347
26.190          0.4256
26.195        0.378292
26.200        0.386623
26.205        0.444399
26.210        0.477363
26.215        0.487237
26.220        0.489178
26.225          0.4869
26.230        0.478035
26.235        0.454582
26.240        0.395043
26.245        0.277851
26.250        0.152157
26.255        1.04E-01
26.260        0.127814
26.265        0.152048
26.270        0.236485
26.275        0.366668
26.280        0.446308
26.285        0.478997
26.290        0.492517
26.295        0.498482
26.300        0.500784
26.305        0.500978
26.310        0.499719
26.315         0.49731
26.320         0.49392
26.325        0.489535
26.330        0.483823
26.335        0.476738
26.340        0.469905
26.345        0.463646
26.350        0.455967
26.355        0.446373
26.360        0.434961
26.365        0.421428
26.370        0.405135
26.375         0.38547
26.380        0.361264
26.385        0.329675
26.390        0.286922
26.395        0.228236
26.400        0.151944
26.405        7.23E-02
26.410        1.98E-02
26.415        2.76E-03
26.420        4.04E-03
26.425        2.43E-02
26.430        7.29E-02
26.435         0.13143
26.440        0.175353
26.445        0.199658
26.450        0.209336
26.455        0.209533
26.460        0.203549
26.465        0.193328
26.470        0.180146
26.475        0.164854
26.480        0.148074
26.485        0.130301
26.490        0.111988
26.495        9.36E-02
26.500        7.56E-02
26.505        5.84E-02
26.510        4.24E-02
26.515        2.80E-02
26.520        1.67E-02
26.525        8.85E-03
26.530        4.04E-03
26.535        1.75E-03
26.540        6.22E-04
26.545        1.44E-04
26.550        1.79E-05
26.555        9.24E-07
26.560        1.51E-08
26.565               0
26.570               0
26.575               0
26.580               0
26.585               0
26.590               0
26.595               0
26.600               0
26.605               0
26.610               0
26.615               0
26.620               0
26.625               0
26.630               0
26.635               0
26.640               0
26.645               0
26.650               0
26.655               0
26.660               0
26.665               0
26.670               0
26.675               0
26.680               0
26.685               0
26.690               0
26.695               0
26.700               0
26.705               0
26.710               0
26.715               0
26.720               0
26.725               0
26.730               0
26.735               0
26.740        2.04E-08
26.745        1.59E-06
26.750        3.61E-05
26.755        3.22E-04
26.760        1.43E-03
26.765        3.97E-03
26.770        8.13E-03
26.775        1.34E-02
26.780        2.02E-02
26.785        3.04E-02
26.790        4.29E-02
26.795        5.54E-02
26.800        6.79E-02
26.805        8.07E-02
26.810        9.24E-02
26.815        1.01E-01
26.820        9.90E-02
26.825        7.55E-02
26.830        4.16E-02
26.835        4.93E-02
26.840        9.60E-02
26.845        0.123408
26.850        0.105702
26.855        9.24E-02
26.860         0.13392
26.865        0.176527
26.870        0.194421
26.875        0.200457
26.880         0.20183
26.885        0.199798
26.890        0.192462
26.895        0.171103
26.900        0.127329
26.905        1.01E-01
26.910         0.12663
26.915        0.150211
26.920         0.15083
26.925        0.141097
26.930        0.126899
26.935         0.11051
26.940        9.55E-02
26.945        8.12E-02
26.950        6.59E-02
26.955        5.05E-02
26.960        3.62E-02
26.965        2.37E-02
26.970        1.39E-02
26.975        6.91E-03
26.980        2.71E-03
26.985        7.19E-04
26.990        1.04E-04
26.995        6.33E-06
27.000        1.30E-07
27.005        1.39E-10
27.010               0
27.015               0
27.020               0
27.025               0
27.030               0
27.035               0
27.040               0
27.045               0
27.050               0
27.055               0
27.060               0
27.065               0
27.070        3.53E-08
27.075        2.98E-06
27.080        7.52E-05
27.085        7.64E-04
27.090        3.80E-03
27.095        1.10E-02
27.100        2.14E-02
27.105        3.17E-02
27.110        4.56E-02
27.115        6.79E-02
27.120        9.62E-02
27.125        0.118827
27.130        0.134051
27.135        0.158883
27.140        0.191225
27.145        0.217879
27.150        0.238505
27.155         0.25489
27.160        0.265713
27.165        0.264339
27.170        0.231612
27.175        0.152507
27.180        9.80E-02
27.185        0.156764
27.190        0.258888
27.195        0.328469
27.200        0.366916
27.205        0.389244
27.210        0.404701
27.215        0.416975
27.220         0.42739
27.225        0.436624
27.230        0.444972
27.235        0.452513
27.240        0.459286
27.245        0.465139
27.250         0.46922
27.255         0.47066
27.260        0.473771
27.265        0.481946
27.270        0.489599
27.275        0.494778
27.280         0.49884
27.285        0.502408
27.290        0.505635
27.295        0.508571
27.300        0.511242
27.305        0.513683
27.310        0.515904
27.315        0.517912
27.320        0.519693
27.325        0.521222
27.330        0.522595
27.335        0.523852
27.340        0.524717
27.345        0.524979
27.350        0.525267
27.355        0.526402
27.360        0.527544
27.365        0.528129
27.370        0.528365
27.375          0.5284
27.380        0.528257
27.385        0.527929
27.390        0.527408
27.395        0.526651
27.400        0.525551
27.405        0.523837
27.410        0.520534
27.415        0.512024
27.420        0.494494
27.425        0.482915
27.430        0.488986
27.435        0.489561
27.440          0.4906
27.445        0.502363
27.450         0.50876
27.455        0.508942
27.460         0.50724
27.465         0.50484
27.470        0.502018
27.475        0.498867
27.480        0.495308
27.485        0.491163
27.490        0.486049
27.495        0.479427
27.500        0.470415
27.505        0.458795
27.510        0.451414
27.515         0.44778
27.520        0.439612
27.525        0.425654
27.530        0.405379
27.535        0.377758
27.540        0.341196
27.545        0.286985
27.550        0.207526
27.555        0.111846
27.560        3.65E-02
27.565        6.27E-03
27.570        7.68E-03
27.575        4.16E-02
27.580        0.116925
27.585        0.204062
27.590        0.271253
27.595        0.314306
27.600        0.340315
27.605        0.355568
27.610        0.364008
27.615        0.367674
27.620        0.367337
27.625        0.364268
27.630        0.359779
27.635         0.35195
27.640        0.338144
27.645        0.313611
27.650        0.266405
27.655        0.182224
27.660        8.78E-02
27.665        6.36E-02
27.670        0.125941
27.675        0.206395
27.680        0.259723
27.685         0.28337
27.690        0.290446
27.695        0.290186
27.700        0.286532
27.705        0.281357
27.710        0.275044
27.715        0.267667
27.720        0.259469
27.725        0.250525
27.730        0.241006
27.735        0.231039
27.740        0.220043
27.745        0.208717
27.750        0.197953
27.755        0.188228
27.760        0.178758
27.765        0.168135
27.770        0.156738
27.775        0.145019
27.780        0.133119
27.785        0.121094
27.790        0.109017
27.795        9.70E-02
27.800        8.50E-02
27.805        7.33E-02
27.810        6.19E-02
27.815        5.10E-02
27.820        4.07E-02
27.825        3.13E-02
27.830        2.29E-02
27.835        1.57E-02
27.840        9.82E-03
27.845        5.38E-03
27.850        2.65E-03
27.855        1.12E-03
27.860        3.58E-04
27.865        7.36E-05
27.870        7.58E-06
27.875        2.94E-07
27.880        2.93E-09
27.885               0
27.890               0
27.895               0
27.900               0
27.905               0
27.910               0
27.915               0
27.920               0
27.925               0
27.930               0
27.935               0
27.940               0
27.945               0
27.950               0
27.955               0
27.960               0
27.965               0
27.970               0
27.975               0
27.980               0
27.985               0
27.990               0
27.995               0
28.000               0
