JDTDB,CalendarDate(TDB),X,Y,Z,VX,VY,VZ,LT,RG,RR,Note
2332111.500000000,A.D.1673-Jan-0100:00:00.0000,-5.349249726701802E+00,-1.033163748316153E+00,1.245376148196745E-01,1.351510089645546E-03,-7.060547469067756E-03,-2.772859182222441E-06,3.147387756380190E-02,5.449532969618494E+00,1.188934643160003E-05,
2332121.500000000,A.D.1673-Jan-1100:00:00.0000,-5.335244073406489E+00,-1.103677639106580E+00,1.244983354577280E-01,1.449636666091267E-03,-7.040799543304173E-03,-5.042331539369764E-06,3.147442013474006E-02,5.449626912864281E+00,6.602254560224674E-06,
2332131.500000000,A.D.1673-Jan-2100:00:00.0000,-5.320266736125030E+00,-1.173989162376145E+00,1.244362765714955E-01,1.546739101931942E-03,-7.021841889501118E-03,-7.379433934023615E-06,3.147470606470240E-02,5.449676420102582E+00,2.492517792188600E-06,
2332141.500000000,A.D.1673-Jan-3100:00:00.0000,-5.304312169043088E+00,-1.244085146174875E+00,1.243515485955207E-01,1.643503876003613E-03,-6.997575876439465E-03,-9.586341829981544E-06,3.147468786883056E-02,5.449673269585037E+00,-2.434912707787360E-06,
2332151.500000000,A.D.1673-Feb-1000:00:00.0000,-5.287392406269132E+00,-1.313954533094561E+00,1.242440210562927E-01,1.740641754538334E-03,-6.975582650775957E-03,-1.189929579417631E-05,3.147441910687421E-02,5.449626734894828E+00,-7.218102869955762E-06,
2332161.500000000,A.D.1673-Feb-2000:00:00.0000,-5.269504322026836E+00,-1.383582306681951E+00,1.241138384114830E-01,1.836751519054486E-03,-6.950665779208282E-03,-1.416526957541379E-05,3.147386190876134E-02,5.449530259032248E+00,-1.169091267053942E-05,
2332171.500000000,A.D.1673-Mar-0200:00:00.0000,-5.250652051236206E+00,-1.452957650791723E+00,1.239609690609091E-01,1.932902161447927E-03,-6.923243629461072E-03,-1.638804166191766E-05,3.147302420351794E-02,5.449385214865590E+00,-1.685481444765496E-05,
2332181.500000000,A.D.1673-Mar-1200:00:00.0000,-5.230844000251820E+00,-1.522067129688861E+00,1.237853950384849E-01,2.029664330222940E-03,-6.898138267664854E-03,-1.870509782695636E-05,3.147193302174028E-02,5.449196282597517E+00,-2.197450462858328E-05,
2332191.500000000,A.D.1673-Mar-2200:00:00.0000,-5.210075080666308E+00,-1.590896966178623E+00,1.235872795199573E-01,2.124055590442448E-03,-6.868434298990769E-03,-2.094398698004175E-05,3.147053881492853E-02,5.448954883171224E+00,-2.607953753931769E-05,
2332201.500000000,A.D.1673-Apr-0100:00:00.0000,-5.188357307520069E+00,-1.659436629470026E+00,1.233665067771388E-01,2.219164018141929E-03,-6.838959851828657E-03,-2.320554637166456E-05,3.146889134900070E-02,5.448669633288307E+00,-3.080718101921864E-05,
2332211.500000000,A.D.1673-Apr-1100:00:00.0000,-5.165689384984724E+00,-1.727671787294385E+00,1.231232061280108E-01,2.314474912429949E-03,-6.808319296484756E-03,-2.546093082611522E-05,3.146695955791549E-02,5.448335154030455E+00,-3.605728087655492E-05,
2332221.500000000,A.D.1673-Apr-2100:00:00.0000,-5.142075578790882E+00,-1.795590862177220E+00,1.228574084629631E-01,2.407666715207188E-03,-6.775030114871069E-03,-2.769804248235314E-05,3.146474704278267E-02,5.447952068910497E+00,-4.012975148277517E-05,
2332231.500000000,A.D.1673-May-0100:00:00.0000,-5.117524747638682E+00,-1.863181430273987E+00,1.225690884447805E-01,2.502604685397906E-03,-6.742377416074447E-03,-2.994887432274939E-05,3.146228004290481E-02,5.447524921122836E+00,-4.562435663463575E-05,
2332241.500000000,A.D.1673-May-1100:00:00.0000,-5.092033586129336E+00,-1.930430120921786E+00,1.222584073264026E-01,2.596064339072379E-03,-6.707268641130086E-03,-3.218148190704540E-05,3.145951587332931E-02,5.447046319997038E+00,-5.053525028240654E-05,
2332251.500000000,A.D.1673-May-2100:00:00.0000,-5.065614123974548E+00,-1.997325355683535E+00,1.219253212557680E-01,2.687838004770478E-03,-6.671914156313813E-03,-3.445069922337154E-05,3.145649768338397E-02,5.446523736607610E+00,-5.393665232140777E-05,
2332261.500000000,A.D.1673-May-3100:00:00.0000,-5.038265576421770E+00,-2.063854354008793E+00,1.215699339047488E-01,2.781331974755581E-03,-6.634031370368244E-03,-3.663769567059357E-05,3.145319607244272E-02,5.445952080393955E+00,-5.983685755536898E-05,
2332271.500000000,A.D.1673-Jun-1000:00:00.0000,-5.009993781587091E+00,-2.130005392520853E+00,1.211922957489823E-01,2.872888311546422E-03,-6.595469998134376E-03,-3.887151435515211E-05,3.144961884159198E-02,5.445332702072312E+00,-6.417915322915525E-05,
2332281.500000000,A.D.1673-Jun-2000:00:00.0000,-4.980807621344861E+00,-2.195765564704279E+00,1.207924349668500E-01,2.964233403094106E-03,-6.556532735344648E-03,-4.110889858249821E-05,3.144578629104185E-02,5.444669116515105E+00,-6.844000203397148E-05,
2332291.500000000,A.D.1673-Jun-3000:00:00.0000,-4.950704560121473E+00,-2.261123179444357E+00,1.203704818989758E-01,3.056205661802524E-03,-6.514296663451410E-03,-4.326333148982293E-05,3.144166013962960E-02,5.443954695544472E+00,-7.456927432552475E-05,
2332301.500000000,A.D.1673-Jul-1000:00:00.0000,-4.919698236200428E+00,-2.326065805822603E+00,1.199264349922238E-01,3.145884025603052E-03,-6.474052380997108E-03,-4.553872671364909E-05,3.143728492374914E-02,5.443197150397980E+00,-7.774649878822903E-05,
2332311.500000000,A.D.1673-Jul-2000:00:00.0000,-4.887787613311549E+00,-2.390580819395588E+00,1.194604346767567E-01,3.235615428895614E-03,-6.429870404422156E-03,-4.770139496371481E-05,3.143262654947084E-02,5.442390577894704E+00,-8.260608600710240E-05,
2332321.500000000,A.D.1673-Jul-3000:00:00.0000,-4.854979376966423E+00,-2.454657807101767E+00,1.189725105203200E-01,3.325443951043990E-03,-6.384441283123186E-03,-4.985671354757865E-05,3.142769628957884E-02,5.441536929856714E+00,-8.807709044893464E-05,
2332331.500000000,A.D.1673-Aug-0900:00:00.0000,-4.821283953162150E+00,-2.518283149972780E+00,1.184627304006553E-01,3.414039216399632E-03,-6.340619993851389E-03,-5.209840148518349E-05,3.142251541216566E-02,5.440639888740079E+00,-9.167078279138025E-05,
2332341.500000000,A.D.1673-Aug-1900:00:00.0000,-4.786698466271278E+00,-2.581445786584823E+00,1.179312492070519E-01,3.502375970526715E-03,-6.291673220297414E-03,-5.420242189019098E-05,3.141704260501988E-02,5.439692301557127E+00,-9.735780836210864E-05,
2332351.500000000,A.D.1673-Aug-2900:00:00.0000,-4.751237881143381E+00,-2.644134049060911E+00,1.173780555694572E-01,3.590383336026366E-03,-6.244998728857446E-03,-5.640370189334014E-05,3.141132545544482E-02,5.438702407794010E+00,-1.016367607654613E-04,
2332361.500000000,A.D.1673-Sep-0800:00:00.0000,-4.714902393087618E+00,-2.706334798385380E+00,1.168033296559552E-01,3.676920772249514E-03,-6.196238835224704E-03,-5.857584362051574E-05,3.140533122329586E-02,5.437664538670411E+00,-1.055724601779022E-04,
2332371.500000000,A.D.1673-Sep-1800:00:00.0000,-4.677698134413716E+00,-2.768038157389887E+00,1.162071296514596E-01,3.762887395811589E-03,-6.143992863287262E-03,-6.066664769751722E-05,3.139906589826338E-02,5.436579731269081E+00,-1.107119905956882E-04,
2332381.500000000,A.D.1673-Sep-2800:00:00.0000,-4.639637157317177E+00,-2.829231392832502E+00,1.155895055738986E-01,3.849477831195689E-03,-6.094081722180213E-03,-6.283821666687420E-05,3.139255570205234E-02,5.435452525737482E+00,-1.151470826830549E-04,
2332391.500000000,A.D.1673-Oct-0800:00:00.0000,-4.600717461952978E+00,-2.889903117745073E+00,1.149506538636201E-01,3.934214572136943E-03,-6.040293481384003E-03,-6.493778249560112E-05,3.138576023273425E-02,5.434275926698553E+00,-1.199444721806285E-04,
2332401.500000000,A.D.1673-Oct-1800:00:00.0000,-4.560953789698834E+00,-2.950042098956886E+00,1.142905896326279E-01,4.018528908876330E-03,-5.986673149142750E-03,-6.705720015242430E-05,3.137872127245702E-02,5.433057168506942E+00,-1.242488012357790E-04,
2332411.500000000,A.D.1673-Oct-2800:00:00.0000,-4.520348160745542E+00,-3.009636184606111E+00,1.136094717952094E-01,4.103038768553365E-03,-5.932461919277939E-03,-6.917073023611049E-05,3.137141439554233E-02,5.431792021987552E+00,-1.289574678359390E-04,
2332421.500000000,A.D.1673-Nov-0700:00:00.0000,-4.478907059311983E+00,-3.068674737733784E+00,1.129074208865177E-01,4.184785663330855E-03,-5.875409823769488E-03,-7.125388987060962E-05,3.136384112095481E-02,5.430480750140955E+00,-1.328776355722294E-04,
2332431.500000000,A.D.1673-Nov-1700:00:00.0000,-4.436642518808749E+00,-3.127145935844748E+00,1.121844934561994E-01,4.267532123258134E-03,-5.818580233773707E-03,-7.333266573793380E-05,3.135602459843033E-02,5.429127361219664E+00,-1.374422952916599E-04,
2332441.500000000,A.D.1673-Nov-2700:00:00.0000,-4.393554323693288E+00,-3.185039413098625E+00,1.114408669705365E-01,4.349951697991828E-03,-5.759524381075986E-03,-7.537260448746063E-05,3.134793377442010E-02,5.427726478468380E+00,-1.429395028668278E-04,
2332451.500000000,A.D.1673-Dec-0700:00:00.0000,-4.349657493103571E+00,-3.242342945973275E+00,1.106766275155447E-01,4.429697771734033E-03,-5.700807674968395E-03,-7.746853900208840E-05,3.133960236970827E-02,5.426283940459890E+00,-1.460057230789159E-04,
2332461.500000000,A.D.1673-Dec-1700:00:00.0000,-4.304954379274283E+00,-3.299045845051126E+00,1.098919195542676E-01,4.510736460463551E-03,-5.639904936424971E-03,-7.948078899776705E-05,3.133100889548245E-02,5.424796026521665E+00,-1.513317781324294E-04,
2332471.500000000,A.D.1673-Dec-2700:00:00.0000,-4.259453068518654E+00,-3.355137736197864E+00,1.090868723058906E-01,4.589752862867937E-03,-5.578130144793528E-03,-8.151673754795564E-05,3.132215915930447E-02,5.423263742201866E+00,-1.555031094362338E-04,
2332481.500000000,A.D.1674-Jan-0600:00:00.0000,-4.213165646090437E+00,-3.410606111299234E+00,1.082616053373034E-01,4.667352818385397E-03,-5.516152424253505E-03,-8.356401178417539E-05,3.131306834555072E-02,5.421689716593762E+00,-1.586136799787389E-04,
2332491.500000000,A.D.1674-Jan-1600:00:00.0000,-4.166092296783183E+00,-3.465442498737438E+00,1.074162675954880E-01,4.746333503436521E-03,-5.450412173237757E-03,-8.548924172946877E-05,3.130371161115180E-02,5.420069648253230E+00,-1.650820855062876E-04,
2332501.500000000,A.D.1674-Jan-2600:00:00.0000,-4.118249728355600E+00,-3.519634398924116E+00,1.065509709082986E-01,4.822886765440045E-03,-5.387104582844415E-03,-8.753796761185125E-05,3.129412271598066E-02,5.418409382521074E+00,-1.680457681289221E-04,
2332511.500000000,A.D.1674-Feb-0500:00:00.0000,-4.069640339092376E+00,-3.573171072748590E+00,1.056659046756700E-01,4.898800437698786E-03,-5.320890102169093E-03,-8.950166775281635E-05,3.128427701419659E-02,5.416704652102249E+00,-1.723118786637759E-04,
2332521.500000000,A.D.1674-Feb-1500:00:00.0000,-4.020272751116019E+00,-3.626043611807759E+00,1.047611814101234E-01,4.974535182835916E-03,-5.252833650543130E-03,-9.142250123188172E-05,3.127418387681068E-02,5.414957079537036E+00,-1.775751603743383E-04,
2332531.500000000,A.D.1674-Feb-2500:00:00.0000,-3.970160648519387E+00,-3.678239040836623E+00,1.038369539769080E-01,5.048268708647405E-03,-5.186761244776837E-03,-9.343538275916746E-05,3.126385759462424E-02,5.413169139200973E+00,-1.799301083487551E-04,
2332541.500000000,A.D.1674-Mar-0700:00:00.0000,-3.919303880894558E+00,-3.729749384487436E+00,1.028934041914141E-01,5.121828575307328E-03,-5.115434638949066E-03,-9.529229931889578E-05,3.125327193568091E-02,5.411336289171617E+00,-1.856322194488107E-04,
2332551.500000000,A.D.1674-Mar-1700:00:00.0000,-3.867720038084042E+00,-3.780563347261104E+00,1.019306300252449E-01,5.195013822874870E-03,-5.045966223523591E-03,-9.721876520905259E-05,3.124246201946018E-02,5.409464610198337E+00,-1.896996742966600E-04,
2332561.500000000,A.D.1674-Mar-2700:00:00.0000,-3.815413149103587E+00,-3.830670002596999E+00,1.009488485693474E-01,5.266781140326196E-03,-4.975803252512662E-03,-9.914614423057111E-05,3.123140620096970E-02,5.407550354566892E+00,-1.931178405476590E-04,
2332571.500000000,A.D.1674-Apr-0600:00:00.0000,-3.762391334768959E+00,-3.880060786576168E+00,9.994821227231040E-02,5.337175015631952E-03,-4.902055171916542E-03,-1.009819463225334E-04,3.122010906406808E-02,5.405594315947789E+00,-1.980100405651357E-04,
2332581.500000000,A.D.1674-Apr-1600:00:00.0000,-3.708669520089067E+00,-3.928723812134948E+00,9.892885866838959E-02,5.407423112931669E-03,-4.830495409753207E-03,-1.028838890107622E-04,3.120858784184590E-02,5.403599478158172E+00,-2.011328061150980E-04,
2332591.500000000,A.D.1674-Apr-2600:00:00.0000,-3.654248676300624E+00,-3.976651005189850E+00,9.789100291579279E-02,5.476177882227934E-03,-4.755379344136457E-03,-1.047047252268039E-04,3.119681885991712E-02,5.401561742105164E+00,-2.056963211769836E-04,
2332601.500000000,A.D.1674-May-0600:00:00.0000,-3.599145867897535E+00,-4.023831474551309E+00,9.683477911474479E-02,5.543800593236581E-03,-4.679908146853555E-03,-1.065243065279363E-04,3.118482963755396E-02,5.399485872603044E+00,-2.096682133597519E-04,
2332611.500000000,A.D.1674-May-1600:00:00.0000,-3.543366818610035E+00,-4.070255760604791E+00,9.576037373530107E-02,5.612139173528323E-03,-4.604585810639384E-03,-1.083394951334128E-04,3.117260803910002E-02,5.397369768428045E+00,-2.138820366254531E-04,
2332621.500000000,A.D.1674-May-2600:00:00.0000,-3.486920424126766E+00,-4.115914750259762E+00,9.466799350962236E-02,5.677420674191992E-03,-4.527057984487258E-03,-1.101325144787520E-04,3.116015532445228E-02,5.395213647724565E+00,-2.176290824420548E-04,
2332631.500000000,A.D.1674-Jun-0500:00:00.0000,-3.429821333294439E+00,-4.160797186407233E+00,9.355780063434070E-02,5.742180993205128E-03,-4.449700684895023E-03,-1.119201049202911E-04,3.114748370125368E-02,5.393019624180458E+00,-2.208083526325603E-04,
2332641.500000000,A.D.1674-Jun-1500:00:00.0000,-3.372072137423484E+00,-4.204896418519857E+00,9.242998351910479E-02,5.807236405367272E-03,-4.370038026087279E-03,-1.136392357763211E-04,3.113458014681604E-02,5.390785442987158E+00,-2.258235870904297E-04,
2332651.500000000,A.D.1674-Jun-2500:00:00.0000,-3.313690260648382E+00,-4.248200732231245E+00,9.128474360756726E-02,5.868991467995316E-03,-4.290645697637301E-03,-1.154068279749308E-04,3.112146266224197E-02,5.388514220938971E+00,-2.284545433313602E-04,
2332661.500000000,A.D.1674-Jul-0500:00:00.0000,-3.254681501834636E+00,-4.290702133995174E+00,9.012226158723916E-02,5.932004279665263E-03,-4.209408619699450E-03,-1.170878228616720E-04,3.110812260533668E-02,5.386204461686253E+00,-2.331917176117963E-04,
2332671.500000000,A.D.1674-Jul-1500:00:00.0000,-3.195056415013990E+00,-4.332392386211122E+00,8.894273657963371E-02,5.993506184539212E-03,-4.127668568649369E-03,-1.187804095279134E-04,3.109456688767118E-02,5.383857361930423E+00,-2.372787896327097E-04,
2332681.500000000,A.D.1674-Jul-2500:00:00.0000,-3.134829958519271E+00,-4.373259419082139E+00,8.774639924890767E-02,6.052088573253362E-03,-4.046501893034519E-03,-1.205114693710894E-04,3.108079842804497E-02,5.381473427045954E+00,-2.390498657932700E-04,
2332691.500000000,A.D.1674-Aug-0400:00:00.0000,-3.074004816962395E+00,-4.413298380745494E+00,8.653342160818188E-02,6.111956515669592E-03,-3.961253778078484E-03,-1.220911674573485E-04,3.106681119122441E-02,5.379051612064531E+00,-2.447557575451838E-04,
2332701.500000000,A.D.1674-Aug-1400:00:00.0000,-3.012599912380432E+00,-4.452497818062864E+00,8.530401835975883E-02,6.169277743257752E-03,-3.878084165879574E-03,-1.237673816391698E-04,3.105262192698345E-02,5.376594817119612E+00,-2.471754339214945E-04,
2332711.500000000,A.D.1674-Aug-2400:00:00.0000,-2.950621244629047E+00,-4.490849664851019E+00,8.405841767966891E-02,6.225724619670352E-03,-3.792790010640618E-03,-1.253740237805012E-04,3.103821921713710E-02,5.374101065213752E+00,-2.507292482184172E-04,
2332721.500000000,A.D.1674-Sep-0300:00:00.0000,-2.888079618908875E+00,-4.528347419134170E+00,8.279680252047936E-02,6.282304850001471E-03,-3.705461176024816E-03,-1.269106805396591E-04,3.102361459367637E-02,5.371572353049295E+00,-2.559192638784410E-04,
2332731.500000000,A.D.1674-Sep-1300:00:00.0000,-2.824991733290330E+00,-4.564978954496486E+00,8.151942587373588E-02,6.336184092281646E-03,-3.621023549749623E-03,-1.285595552199004E-04,3.100880932180737E-02,5.369008899689898E+00,-2.570775183796001E-04,
2332741.500000000,A.D.1674-Sep-2300:00:00.0000,-2.761360144094342E+00,-4.600739668994785E+00,8.022650260691970E-02,6.389351526955711E-03,-3.531794380392388E-03,-1.300552137099794E-04,3.099379682723143E-02,5.366409566831021E+00,-2.617891910756757E-04,
2332751.500000000,A.D.1674-Oct-0300:00:00.0000,-2.697204083330758E+00,-4.635619500562542E+00,7.891823913544738E-02,6.441594303987914E-03,-3.443429609320082E-03,-1.315756482302082E-04,3.097859368344020E-02,5.363777224083796E+00,-2.651580543246928E-04,
2332761.500000000,A.D.1674-Oct-1300:00:00.0000,-2.632531270265510E+00,-4.669610630616782E+00,7.759487850003036E-02,6.492732702959357E-03,-3.355162064836997E-03,-1.331035488478999E-04,3.096319170160658E-02,5.361110453596758E+00,-2.677336329358440E-04,
2332771.500000000,A.D.1674-Oct-2300:00:00.0000,-2.567352070217742E+00,-4.702706940034822E+00,7.625664630509575E-02,6.542495481480629E-03,-3.263445315940116E-03,-1.345298000728536E-04,3.094759871999829E-02,5.358410612523895E+00,-2.724914680936924E-04,
2332781.500000000,A.D.1674-Nov-0200:00:00.0000,-2.501684091946814E+00,-4.734897685387802E+00,7.490378043240453E-02,6.591510437077069E-03,-3.174196743485299E-03,-1.360206284707330E-04,3.093181815052177E-02,5.355678291618493E+00,-2.745811768107339E-04,
2332791.500000000,A.D.1674-Nov-1200:00:00.0000,-2.435531391381928E+00,-4.766178421882127E+00,7.353651968622806E-02,6.639084136816373E-03,-3.082452042440227E-03,-1.374441619513856E-04,3.091584712667929E-02,5.352912994561855E+00,-2.780333961919513E-04,
2332801.500000000,A.D.1674-Nov-2200:00:00.0000,-2.368912461732998E+00,-4.796539286980755E+00,7.215512052763087E-02,6.684253406146922E-03,-2.989735357528716E-03,-1.388433865049014E-04,3.089969331985272E-02,5.350116049612578E+00,-2.811240613252451E-04,
2332811.500000000,A.D.1674-Dec-0200:00:00.0000,-2.301836274834042E+00,-4.825974249890445E+00,7.075979404481650E-02,6.730358381748456E-03,-2.897173992332733E-03,-1.402173113169881E-04,3.088335754003137E-02,5.347287597015963E+00,-2.843343848216889E-04,
2332821.500000000,A.D.1674-Dec-1200:00:00.0000,-2.234314211830261E+00,-4.854477110469047E+00,6.935080460637974E-02,6.773963092513382E-03,-2.802881421193182E-03,-1.415625126227198E-04,3.086684561341952E-02,5.344428645548010E+00,-2.878615997444558E-04,
2332831.500000000,A.D.1674-Dec-2200:00:00.0000,-2.166363444793428E+00,-4.882037683763700E+00,6.792842463233480E-02,6.816008669411774E-03,-2.709108860263670E-03,-1.429111628402881E-04,3.085015527888722E-02,5.341538803706205E+00,-2.901201812223605E-04,
2332841.500000000,A.D.1675-Jan-0100:00:00.0000,-2.097989561876502E+00,-4.908653323265998E+00,6.649285988288044E-02,6.858762010295194E-03,-2.613686794697762E-03,-1.441861706756392E-04,3.083329521110727E-02,5.338619573463582E+00,-2.939928690311801E-04,
2332851.500000000,A.D.1675-Jan-1100:00:00.0000,-2.029211606359153E+00,-4.934313485005832E+00,6.504443054248142E-02,6.897205515116845E-03,-2.518684056620606E-03,-1.455076200811185E-04,3.081626300248725E-02,5.335670537958438E+00,-2.956286799819032E-04,
2332861.500000000,A.D.1675-Jan-2100:00:00.0000,-1.960038263159148E+00,-4.959013395878499E+00,6.358335742039775E-02,6.936256414690741E-03,-2.421765016668468E-03,-1.467294938196412E-04,3.079906188027159E-02,5.332692255970823E+00,-2.991157737654506E-04,
2332871.500000000,A.D.1675-Jan-3100:00:00.0000,-1.890482298825473E+00,-4.982748367386031E+00,6.210988285750047E-02,6.974752339261073E-03,-2.324136606367901E-03,-1.479262996662758E-04,3.078170428360913E-02,5.329686881272592E+00,-3.028781382859071E-04,
2332881.500000000,A.D.1675-Feb-1000:00:00.0000,-1.820561400795463E+00,-5.005507623608831E+00,6.062434148771140E-02,7.009624121374824E-03,-2.227956011446642E-03,-1.491848896931375E-04,3.076417852957978E-02,5.326652391028843E+00,-3.038389641347498E-04,
2332891.500000000,A.D.1675-Feb-2000:00:00.0000,-1.750281118107567E+00,-5.027290270837927E+00,5.912693136847399E-02,7.045747986060005E-03,-2.128270086835598E-03,-1.502917402279885E-04,3.074650083696057E-02,5.323591593433760E+00,-3.083434223458501E-04,
2332901.500000000,A.D.1675-Mar-0200:00:00.0000,-1.679661847170149E+00,-5.048086503471482E+00,5.761797610176742E-02,7.078883688009575E-03,-2.030612813578232E-03,-1.514773747124284E-04,3.072866745339133E-02,5.320503838786326E+00,-3.097732062601746E-04,
2332911.500000000,A.D.1675-Mar-1200:00:00.0000,-1.608712612759396E+00,-5.067891348266262E+00,5.609774942532712E-02,7.110268120538262E-03,-1.931522261690864E-03,-1.526078757078442E-04,3.071067773636450E-02,5.317389015839802E+00,-3.118436510919892E-04,
2332921.500000000,A.D.1675-Mar-2200:00:00.0000,-1.537445953422645E+00,-5.086701983261738E+00,5.456648281845362E-02,7.142106738817184E-03,-1.829709071116703E-03,-1.536228015329525E-04,3.069254914312930E-02,5.314250147223194E+00,-3.164700480847528E-04,
2332931.500000000,A.D.1675-Apr-0100:00:00.0000,-1.465881133662167E+00,-5.104508214538036E+00,5.302451720210574E-02,7.171260490921214E-03,-1.731214620305469E-03,-1.547479522066172E-04,3.067426841439173E-02,5.311084937160908E+00,-3.169637961192801E-04,
2332941.500000000,A.D.1675-Apr-1100:00:00.0000,-1.394023904413783E+00,-5.121309402491616E+00,5.147209313402650E-02,7.199662758245764E-03,-1.629216928944098E-03,-1.557453818847884E-04,3.065585177645885E-02,5.307896195150926E+00,-3.204272446336994E-04,
2332951.500000000,A.D.1675-Apr-2100:00:00.0000,-1.321894578675882E+00,-5.137097267257722E+00,4.990953152909620E-02,7.226418403256046E-03,-1.527713039966891E-03,-1.567433042630209E-04,3.063729545567845E-02,5.304683267805619E+00,-3.228045344419469E-04,
2332961.500000000,A.D.1675-May-0100:00:00.0000,-1.249503898978316E+00,-5.151867398039216E+00,4.833711339131908E-02,7.251705368779817E-03,-1.427082778251221E-03,-1.577571042543905E-04,3.061860098889045E-02,5.301446421220569E+00,-3.237830357244486E-04,
2332971.500000000,A.D.1675-May-1100:00:00.0000,-1.176863953976865E+00,-5.165617288534123E+00,4.675511770463776E-02,7.275414864525395E-03,-1.322891858771204E-03,-1.586488677514231E-04,3.059978229645774E-02,5.298188065631897E+00,-3.276663781537960E-04,
2332981.500000000,A.D.1675-May-2100:00:00.0000,-1.103994303906034E+00,-5.178338448665202E+00,4.516387072893401E-02,7.298136640152433E-03,-1.220776498255062E-03,-1.595784159448032E-04,3.058082815969700E-02,5.294906258584803E+00,-3.291303935435092E-04,
2332991.500000000,A.D.1675-May-3100:00:00.0000,-1.030902418141858E+00,-5.190030931440371E+00,4.356361910831596E-02,7.320200589085977E-03,-1.117514393858929E-03,-1.604575699930822E-04,3.056175904869757E-02,5.291604544365382E+00,-3.313679841105788E-04,
2333001.500000000,A.D.1675-Jun-1000:00:00.0000,-9.576079131171548E-01,-5.200686597352661E+00,4.195473955436723E-02,7.338842084483163E-03,-1.013517359827873E-03,-1.613143544692930E-04,3.054256290951215E-02,5.288280835897358E+00,-3.334760502003657E-04,
2333011.500000000,A.D.1675-Jun-2000:00:00.0000,-8.841223742944626E-01,-5.210302955712056E+00,4.033748567432401E-02,7.357904677054974E-03,-9.100010886430852E-04,-1.621402769541117E-04,3.052324903873555E-02,5.284936742836227E+00,-3.349987347626519E-04,
2333021.500000000,A.D.1675-Jun-3000:00:00.0000,-8.104589959577624E-01,-5.218877782927939E+00,3.871216366947929E-02,7.374701834034349E-03,-8.050082561894060E-04,-1.629213403464706E-04,3.050382953977036E-02,5.281574360821183E+00,-3.373919699796815E-04,
2333031.500000000,A.D.1675-Jul-1000:00:00.0000,-7.366365758307719E-01,-5.226403064830096E+00,3.707914360432363E-02,7.389000771260116E-03,-7.002870943678937E-04,-1.636927717264392E-04,3.048428727501469E-02,5.278190722568438E+00,-3.389599376973440E-04,
2333041.500000000,A.D.1675-Jul-2000:00:00.0000,-6.626637710913140E-01,-5.232881133525147E+00,3.543862994863194E-02,7.404977823704564E-03,-5.944928348570119E-04,-1.643788152701896E-04,3.046465432343211E-02,5.274791382378362E+00,-3.416107708050740E-04,
2333051.500000000,A.D.1675-Jul-3000:00:00.0000,-5.885609739946814E-01,-5.238303617644847E+00,3.379104815748151E-02,7.416383227952622E-03,-4.898262792770231E-04,-1.651202867360360E-04,3.044490993644280E-02,5.271372747745719E+00,-3.423613998345919E-04,
2333061.500000000,A.D.1675-Aug-0900:00:00.0000,-5.143393378000711E-01,-5.242669012176643E+00,3.213667601880685E-02,7.427244703553777E-03,-3.839232950229080E-04,-1.657780263776076E-04,3.042506444050478E-02,5.267936606641292E+00,-3.440946713510344E-04,
2333071.500000000,A.D.1675-Aug-1900:00:00.0000,-4.400130825897715E-01,-5.245976998072458E+00,3.047579127466735E-02,7.437921316742018E-03,-2.771388854835627E-04,-1.663764213698610E-04,3.040513655425596E-02,5.264486200096766E+00,-3.464704535038552E-04,
2333081.500000000,A.D.1675-Aug-2900:00:00.0000,-3.656014837322427E-01,-5.248219204439048E+00,2.880881980390428E-02,7.444258180948670E-03,-1.719902654235442E-04,-1.670337741323840E-04,3.038509976134084E-02,5.261016936947508E+00,-3.466632573182017E-04,
2333091.500000000,A.D.1675-Sep-0800:00:00.0000,-2.911128457087919E-01,-5.249399690145039E+00,2.713596493246912E-02,7.452127616509200E-03,-6.373492827733886E-05,-1.675308299222593E-04,3.036499300043585E-02,5.257535559216344E+00,-3.498570868965528E-04,
2333101.500000000,A.D.1675-Sep-1800:00:00.0000,-2.165686339057158E-01,-5.249511512466405E+00,2.545763822982634E-02,7.457404257988911E-03,4.235071924167493E-05,-1.680884696638199E-04,3.034479601410661E-02,5.254038559437241E+00,-3.505188543009658E-04,
2333111.500000000,A.D.1675-Sep-2800:00:00.0000,-1.419806024788617E-01,-5.248553022326115E+00,2.377416743942449E-02,7.460120717065214E-03,1.484199004568956E-04,-1.686296738574561E-04,3.032451425233868E-02,5.250526881245948E+00,-3.508583467636165E-04,
2333121.500000000,A.D.1675-Oct-0800:00:00.0000,-6.736240707427582E-02,-5.246525652410034E+00,2.208582985073596E-02,7.462952862850718E-03,2.573484667777927E-04,-1.690312335024678E-04,3.030417104700692E-02,5.247004564431364E+00,-3.538477951648911E-04,
2333131.500000000,A.D.1675-Oct-1800:00:00.0000,7.265523690466193E-03,-5.243422097671729E+00,2.039304741275409E-02,7.462755193225034E-03,3.631689653403042E-04,-1.695197280447369E-04,3.028373855531705E-02,5.243466788163101E+00,-3.534845269616235E-04,
2333141.500000000,A.D.1675-Oct-2800:00:00.0000,8.189460592769464E-02,-5.239246752535228E+00,1.869606219550254E-02,7.462032462536440E-03,4.715759567384868E-04,-1.698894890137472E-04,3.026325467481368E-02,5.239920114197602E+00,-3.554975678698753E-04,
2333151.500000000,A.D.1675-Nov-0700:00:00.0000,1.565039623724940E-01,-5.233994436764470E+00,1.699528306157906E-02,7.459662924811782E-03,5.798489712145932E-04,-1.702306271646008E-04,3.024270091521987E-02,5.236361341042657E+00,-3.571855492169952E-04,
2333161.500000000,A.D.1675-Nov-1700:00:00.0000,2.310801803939084E-01,-5.227664574393873E+00,1.529102985602341E-02,7.455824838269639E-03,6.859680260480354E-04,-1.706110521442793E-04,3.022208427323692E-02,5.232791680139542E+00,-3.565450973519033E-04,
2333171.500000000,A.D.1675-Nov-2700:00:00.0000,3.056098721133893E-01,-5.220258844754851E+00,1.358362855662997E-02,7.449986200315845E-03,7.948907559684935E-04,-1.708774966735864E-04,3.020142421929994E-02,5.229214502689595E+00,-3.585753280941977E-04,
2333181.500000000,A.D.1675-Dec-0700:00:00.0000,3.800729847071121E-01,-5.211771670379293E+00,1.187349491418377E-02,7.442210829154002E-03,9.023712441665185E-04,-1.711508466691347E-04,3.018069505696141E-02,5.225625359490844E+00,-3.590769780606956E-04,
2333191.500000000,A.D.1675-Dec-1700:00:00.0000,4.544593615814853E-01,-5.202208611202842E+00,1.016086169688120E-02,7.434499821085689E-03,1.010215109697725E-03,-1.713699778516988E-04,3.015993755066258E-02,5.222031308687499E+00,-3.597092503040791E-04,
2333201.500000000,A.D.1675-Dec-2700:00:00.0000,5.287489354034477E-01,-5.191564752082472E+00,8.446190480266626E-03,7.423167909604378E-03,1.118750040740768E-03,-1.715544272801531E-04,3.013912688445873E-02,5.218428053531929E+00,-3.611279317094952E-04,
2333211.500000000,A.D.1676-Jan-0600:00:00.0000,6.029279416429999E-01,-5.179841662338110E+00,6.729772830595083E-03,7.412133892545726E-03,1.226174420805914E-03,-1.717122874157373E-04,3.011827710164367E-02,5.214818025545076E+00,-3.611942534962215E-04,
2333221.500000000,A.D.1676-Jan-1600:00:00.0000,6.769817405485707E-01,-5.167041763989348E+00,5.011944497822565E-03,7.399215423267552E-03,1.333977647453323E-03,-1.718352959891303E-04,3.009740581450139E-02,5.211204274199389E+00,-3.616142470135386E-04,
2333231.500000000,A.D.1676-Jan-2600:00:00.0000,7.508912515524987E-01,-5.153159740967181E+00,3.293174859318201E-03,7.382342994684866E-03,1.441509455449188E-03,-1.719460196947373E-04,3.007648172444827E-02,5.207581380313099E+00,-3.620794053863433E-04,
2333241.500000000,A.D.1676-Feb-0500:00:00.0000,8.246457398224571E-01,-5.138203607493727E+00,1.573654594233166E-03,7.367518082687007E-03,1.549988267071623E-03,-1.719479739898776E-04,3.005555511297055E-02,5.203958049855673E+00,-3.629609374463020E-04,
2333251.500000000,A.D.1676-Feb-1500:00:00.0000,8.982244648536688E-01,-5.122168786403337E+00,-1.461261241582726E-04,7.348535716194287E-03,1.657173539508758E-03,-1.719885656198866E-04,3.003459467979440E-02,5.200328863352696E+00,-3.629891366810846E-04,
2333261.500000000,A.D.1676-Feb-2500:00:00.0000,9.716143185336664E-01,-5.105057753649506E+00,-1.865847263998953E-03,7.328487266708208E-03,1.764758270100383E-03,-1.719635038921241E-04,3.001361479859030E-02,5.196696309528063E+00,-3.633864206134366E-04,
2333271.500000000,A.D.1676-Mar-0600:00:00.0000,1.044799994213757E+00,-5.086875241236614E+00,-3.585211623389449E-03,7.308878139935771E-03,1.872666659943311E-03,-1.718687141306921E-04,2.999263960556157E-02,5.193064567435832E+00,-3.637716456242941E-04,
2333281.500000000,A.D.1676-Mar-1600:00:00.0000,1.117761903035689E+00,-5.067615823362058E+00,-5.303704198645769E-03,7.284022228906605E-03,1.978310015397855E-03,-1.718452813086840E-04,2.997162929129262E-02,5.189426744289364E+00,-3.627763268342860E-04,
2333291.500000000,A.D.1676-Mar-2600:00:00.0000,1.190490015077025E+00,-5.047288942103763E+00,-7.021123443336054E-03,7.260250048428782E-03,2.086646467036621E-03,-1.716577744025839E-04,2.995063830151618E-02,5.185792267075053E+00,-3.639650649132844E-04,
2333301.500000000,A.D.1676-Apr-0500:00:00.0000,1.262963166362268E+00,-5.025891984428670E+00,-8.737006335691435E-03,7.234433059142710E-03,2.193414484665156E-03,-1.714846464909284E-04,2.992963793599998E-02,5.182156166501726E+00,-3.638530894810131E-04,
2333311.500000000,A.D.1676-Apr-1500:00:00.0000,1.335167648334769E+00,-5.003427574907686E+00,-1.045099639849312E-02,7.205991186057411E-03,2.298958894138347E-03,-1.713207596398261E-04,2.990863717824361E-02,5.178519998014116E+00,-3.629758206554351E-04,
2333321.500000000,A.D.1676-Apr-2500:00:00.0000,1.407088994539396E+00,-4.979902178416302E+00,-1.216279512007750E-02,7.177868437492734E-03,2.406754042530995E-03,-1.710158482863850E-04,2.988766456190836E-02,5.174888702062534E+00,-3.639537185000657E-04,
2333331.500000000,A.D.1676-May-0500:00:00.0000,1.478706887771506E+00,-4.955311878856491E+00,-1.387190365723021E-02,7.146323923828734E-03,2.511215547721206E-03,-1.707908334384651E-04,2.986668030025110E-02,5.171255389785948E+00,-3.624204357214582E-04,
2333341.500000000,A.D.1676-May-1500:00:00.0000,1.550010939240981E+00,-4.929666395009074E+00,-1.557808474904499E-02,7.113888960493413E-03,2.617018750935798E-03,-1.704707490577720E-04,2.984573483092350E-02,5.167628794193030E+00,-3.622102416902840E-04,
2333351.500000000,A.D.1676-May-2500:00:00.0000,1.620981239312802E+00,-4.902964854478395E+00,-1.728087328246538E-02,7.079600199960196E-03,2.723488722663847E-03,-1.700775977225210E-04,2.982480304203228E-02,5.164004567294246E+00,-3.629608124816425E-04,
2333361.500000000,A.D.1676-Jun-0400:00:00.0000,1.691602924160000E+00,-4.875211486295854E+00,-1.897993790950843E-02,7.044273546620483E-03,2.827257129472475E-03,-1.697200192054033E-04,2.980389501922756E-02,5.160384455365778E+00,-3.612408034647602E-04,
2333371.500000000,A.D.1676-Jun-1400:00:00.0000,1.761861676128442E+00,-4.846413163818297E+00,-2.067494320346458E-02,7.007390506578650E-03,2.932589165532002E-03,-1.692675466253253E-04,2.978303520057397E-02,5.156772689727352E+00,-3.612698227898513E-04,
2333381.500000000,A.D.1676-Jun-2400:00:00.0000,1.831738114252013E+00,-4.816567724606378E+00,-2.236539406371809E-02,6.967840240479418E-03,3.036483459110619E-03,-1.688132950358325E-04,2.976218763543999E-02,5.153163045720075E+00,-3.606317305688750E-04,
2333391.500000000,A.D.1676-Jul-0400:00:00.0000,1.901220496408610E+00,-4.785686355953757E+00,-2.405107554313867E-02,6.928555318520497E-03,3.139572308115417E-03,-1.683189670150025E-04,2.974140259181767E-02,5.149564226976972E+00,-3.589136172984731E-04,
2333401.500000000,A.D.1676-Jul-1400:00:00.0000,1.970289883316536E+00,-4.753768391400985E+00,-2.573147174866564E-02,6.885173991844270E-03,3.243411439564195E-03,-1.677741539298887E-04,2.972065024712462E-02,5.145971069877962E+00,-3.591782813589682E-04,
2333411.500000000,A.D.1676-Jul-2400:00:00.0000,2.038931877879230E+00,-4.720820254083123E+00,-2.740627790146860E-02,6.841968576447760E-03,3.346238057283669E-03,-1.671831932678935E-04,2.969994708403447E-02,5.142386428309524E+00,-3.582186431274474E-04,
2333421.500000000,A.D.1676-Aug-0300:00:00.0000,2.107131094429899E+00,-4.686850154352589E+00,-2.907517417424003E-02,6.798115998359721E-03,3.448455059353345E-03,-1.665584118596317E-04,2.967931550273864E-02,5.138814180744571E+00,-3.567024889820930E-04,
2333431.500000000,A.D.1676-Aug-1300:00:00.0000,2.174869235719348E+00,-4.651856163474592E+00,-3.073761536107640E-02,6.749528755311795E-03,3.549784041535162E-03,-1.659374391370128E-04,2.965871600122947E-02,5.135247487622490E+00,-3.560961395371403E-04,
2333441.500000000,A.D.1676-Aug-2300:00:00.0000,2.242134534492064E+00,-4.615851900878204E+00,-3.239342754885491E-02,6.702939707269636E-03,3.651252629465044E-03,-1.652138150956718E-04,2.963820518559197E-02,5.131696149983087E+00,-3.545410513582357E-04,
2333451.500000000,A.D.1676-Sep-0200:00:00.0000,2.308907597567046E+00,-4.578837411724840E+00,-3.404208407812700E-02,6.652308585430818E-03,3.751276889712809E-03,-1.645125997732390E-04,2.961774842051487E-02,5.128154170908109E+00,-3.532110615192282E-04,
2333461.500000000,A.D.1676-Sep-1200:00:00.0000,2.375175095725319E+00,-4.540819770072410E+00,-3.568324644898287E-02,6.599867922344269E-03,3.851390272670715E-03,-1.637480784615723E-04,2.959736158500302E-02,5.124624299762020E+00,-3.525690859374520E-04,
2333471.500000000,A.D.1676-Sep-2200:00:00.0000,2.440921672527518E+00,-4.501809810436661E+00,-3.731664477901579E-02,6.548992902098910E-03,3.951629294483833E-03,-1.628889061943285E-04,2.957707318617227E-02,5.121111472398924E+00,-3.510617488787124E-04,
2333481.500000000,A.D.1676-Oct-0200:00:00.0000,2.506128656860738E+00,-4.461805983478701E+00,-3.894171197878658E-02,6.492975031828627E-03,4.048851512380785E-03,-1.621127955989621E-04,2.955683785456854E-02,5.117607833341354E+00,-3.491174425629197E-04,
2333491.500000000,A.D.1676-Oct-1200:00:00.0000,2.570785173466055E+00,-4.420823006808605E+00,-4.055825804828033E-02,6.437556658621319E-03,4.147430898969327E-03,-1.612051796231155E-04,2.953671304361348E-02,5.114123330340898E+00,-3.478493594695286E-04,
2333501.500000000,A.D.1676-Oct-2200:00:00.0000,2.634872058822261E+00,-4.378863122870894E+00,-4.216579243840495E-02,6.380242439153305E-03,4.244731295047668E-03,-1.602804372148317E-04,2.951666832577368E-02,5.110652695033469E+00,-3.461820939260847E-04,
2333511.500000000,A.D.1676-Nov-0100:00:00.0000,2.698375631141460E+00,-4.335933677488899E+00,-4.376395224938642E-02,6.319935240175523E-03,4.340123123684503E-03,-1.593754966923967E-04,2.949671328213212E-02,5.107197586332153E+00,-3.442106639907213E-04,
2333521.500000000,A.D.1676-Nov-1100:00:00.0000,2.761281867087788E+00,-4.292047052466110E+00,-4.535246508113215E-02,6.260352062872114E-03,4.437493423340842E-03,-1.583164658011486E-04,2.947687989813890E-02,5.103763542345960E+00,-3.433062442389360E-04,
2333531.500000000,A.D.1676-Nov-2100:00:00.0000,2.823572068930197E+00,-4.247203710524992E+00,-4.693079968305901E-02,6.197853716688207E-03,4.531572960852441E-03,-1.573176122082035E-04,2.945712583467329E-02,5.100343232283382E+00,-3.409660353323832E-04,
2333541.500000000,A.D.1676-Dec-0100:00:00.0000,2.885234938947969E+00,-4.201418741627926E+00,-4.849874569691261E-02,6.134602767309030E-03,4.625081571141075E-03,-1.562714086106948E-04,2.943750148618833E-02,5.096945381673483E+00,-3.383507291716357E-04,
2333551.500000000,A.D.1676-Dec-1100:00:00.0000,2.946253035623855E+00,-4.154695878923538E+00,-5.005580660251820E-02,6.069058553025847E-03,4.719295001200417E-03,-1.551387067108634E-04,2.941798141497620E-02,5.093565586113685E+00,-3.373840359032267E-04,
2333561.500000000,A.D.1676-Dec-2100:00:00.0000,3.006612214315574E+00,-4.107044274576222E+00,-5.160165570667088E-02,6.002336584440411E-03,4.810587946186571E-03,-1.540330712634136E-04,2.939857539118197E-02,5.090205537252165E+00,-3.344954969986419E-04,
2333571.500000000,A.D.1676-Dec-3100:00:00.0000,3.066298754167155E+00,-4.058476742542140E+00,-5.313599648033196E-02,5.934599245555415E-03,4.902639817866522E-03,-1.528365051454526E-04,2.937931011533959E-02,5.086869858143067E+00,-3.325963376154752E-04,
2333581.500000000,A.D.1677-Jan-1000:00:00.0000,3.125295655731666E+00,-4.008995459607459E+00,-5.465830385807413E-02,5.864137483211572E-03,4.993663599186929E-03,-1.516138981689236E-04,2.936015010769719E-02,5.083552405657788E+00,-3.312888708816105E-04,
2333591.500000000,A.D.1677-Jan-2000:00:00.0000,3.183590673667149E+00,-3.958617358851354E+00,-5.616841178078720E-02,5.794779487145298E-03,5.082441296656447E-03,-1.503759163121344E-04,2.934114282680457E-02,5.080261396989499E+00,-3.273036374958443E-04,
2333601.500000000,A.D.1677-Jan-3000:00:00.0000,3.241167341706167E+00,-3.907346336198085E+00,-5.766578444707495E-02,5.721181464059722E-03,5.171173481196618E-03,-1.491024988010658E-04,2.932225962659235E-02,5.076991872225040E+00,-3.257167171772811E-04,
2333611.500000000,A.D.1677-Feb-0900:00:00.0000,3.298012749206499E+00,-3.855193404156621E+00,-5.915011466250871E-02,5.646947279893703E-03,5.258852596617915E-03,-1.477778363932307E-04,2.930351561655805E-02,5.073746447492811E+00,-3.235180673190326E-04,
2333621.500000000,A.D.1677-Feb-1900:00:00.0000,3.354112591615527E+00,-3.802172998097995E+00,-6.062114160807570E-02,5.573036000454581E-03,5.345384156269953E-03,-1.464083484853896E-04,2.928493396849497E-02,5.070529134864445E+00,-3.200079511221160E-04,
2333631.500000000,A.D.1677-Mar-0100:00:00.0000,3.409451299977470E+00,-3.748287482934610E+00,-6.207830026781560E-02,5.494271745418141E-03,5.430994064003322E-03,-1.450359512699553E-04,2.926647873845994E-02,5.067333710839111E+00,-3.188010958035731E-04,
2333641.500000000,A.D.1677-Mar-1100:00:00.0000,3.464017322750458E+00,-3.693556140936370E+00,-6.352147015348943E-02,5.417995236063546E-03,5.515909108037207E-03,-1.435707535855902E-04,2.924820106131278E-02,5.064169029143328E+00,-3.151890807770528E-04,
2333651.500000000,A.D.1677-Mar-2100:00:00.0000,3.517793968686028E+00,-3.637983990485562E+00,-6.495013220216415E-02,5.338444007322900E-03,5.598597338686556E-03,-1.421339956485581E-04,2.923006913303215E-02,5.061029583081503E+00,-3.119582109652675E-04,
2333661.500000000,A.D.1677-Mar-3100:00:00.0000,3.570769643894269E+00,-3.581582278307211E+00,-6.636394402385934E-02,5.256063507869950E-03,5.680562569318391E-03,-1.406614112977384E-04,2.921209649752421E-02,5.057917717708293E+00,-3.099843552789732E-04,
2333671.500000000,A.D.1677-Apr-1000:00:00.0000,3.622930877306954E+00,-3.524367886649241E+00,-6.776269639755081E-02,5.175700339197621E-03,5.762592277538055E-03,-1.390731578865012E-04,2.919431051346678E-02,5.054838170031919E+00,-3.064127024379500E-04,
2333681.500000000,A.D.1677-Apr-2000:00:00.0000,3.674262202686713E+00,-3.466343896082819E+00,-6.914582720805587E-02,5.090674018490662E-03,5.841666941140966E-03,-1.375508954882866E-04,2.917667241479444E-02,5.051784227916224E+00,-3.039014083574143E-04,
2333691.500000000,A.D.1677-Apr-3000:00:00.0000,3.724753315504049E+00,-3.407530368968715E+00,-7.051320345725635E-02,5.006413025527863E-03,5.920944176297333E-03,-1.359246497996331E-04,2.915923169904934E-02,5.048764461594963E+00,-3.007783601610403E-04,
2333701.500000000,A.D.1677-May-1000:00:00.0000,3.774388444051327E+00,-3.347934675665042E+00,-7.186435742303982E-02,4.921098285652464E-03,5.998819236942173E-03,-1.342657389583070E-04,2.914196249157592E-02,5.045774391010403E+00,-2.972525915181153E-04,
2333711.500000000,A.D.1677-May-2000:00:00.0000,3.823155826283652E+00,-3.287568407136682E+00,-7.319894147524915E-02,4.832535909083400E-03,6.073601470035313E-03,-1.326609633496709E-04,2.912487131316471E-02,5.042815145202424E+00,-2.939096138012534E-04,
2333721.500000000,A.D.1677-May-3000:00:00.0000,3.871043703305557E+00,-3.226449441647292E+00,-7.451673942523339E-02,4.744533714044348E-03,6.149728654037496E-03,-1.309109288069578E-04,2.910798675806552E-02,5.039891675111906E+00,-2.908269189390784E-04,
2333731.500000000,A.D.1677-Jun-0900:00:00.0000,3.918037540780988E+00,-3.164582958702562E+00,-7.581723694765731E-02,4.653966096667366E-03,6.223388224753697E-03,-1.291788467454254E-04,2.909127593261578E-02,5.036998285377727E+00,-2.879136294643328E-04,
2333741.500000000,A.D.1677-Jun-1900:00:00.0000,3.964126869290828E+00,-3.101989453627826E+00,-7.710030197123947E-02,4.563331705737227E-03,6.295140416763953E-03,-1.274285476935295E-04,2.907477893749205E-02,5.034141919216801E+00,-2.836647430916309E-04,
2333751.500000000,A.D.1677-Jun-2900:00:00.0000,4.009298093770004E+00,-3.038677535443957E+00,-7.836546716717724E-02,4.470879554425072E-03,6.367334164325125E-03,-1.255888971623173E-04,2.905847662864388E-02,5.031319261939543E+00,-2.809093409878106E-04,
2333761.500000000,A.D.1677-Jul-0900:00:00.0000,4.053539669551597E+00,-2.974660674202537E+00,-7.961243647387345E-02,4.377372102005445E-03,6.436029765706012E-03,-1.237876071194743E-04,2.904237532600486E-02,5.028531407808533E+00,-2.766808104263979E-04,
2333771.500000000,A.D.1677-Jul-1900:00:00.0000,4.096840182437271E+00,-2.909956979513030E+00,-8.084098413832637E-02,4.283101748723752E-03,6.504110749644613E-03,-1.219281353405888E-04,2.902649587328633E-02,5.025781965800516E+00,-2.725232293562125E-04,
2333781.500000000,A.D.1677-Jul-2900:00:00.0000,4.139187548206522E+00,-2.844572878652436E+00,-8.205059861321555E-02,4.185701579284450E-03,6.571897362614825E-03,-1.200143922450229E-04,2.901081475404935E-02,5.023066864170306E+00,-2.705498305162618E-04,
2333791.500000000,A.D.1677-Aug-0800:00:00.0000,4.180571137431285E+00,-2.778530782837465E+00,-8.324120971238055E-02,4.090307977207059E-03,6.636884356257253E-03,-1.180844803956979E-04,2.899536695401830E-02,5.020392160508306E+00,-2.651455256326525E-04,
2333801.500000000,A.D.1677-Aug-1800:00:00.0000,4.220978462004272E+00,-2.711839473993346E+00,-8.441233364862145E-02,3.991581906096903E-03,6.701109008287972E-03,-1.161299144983831E-04,2.898013179054446E-02,5.017754273724896E+00,-2.618996077665580E-04,
2333811.500000000,A.D.1677-Aug-2800:00:00.0000,4.260399864887258E+00,-2.644513883417398E+00,-8.556369497567150E-02,3.891952092367556E-03,6.763851569393864E-03,-1.141389322766258E-04,2.896512088135039E-02,5.015155215366383E+00,-2.584289035380056E-04,
2333821.500000000,A.D.1677-Sep-0700:00:00.0000,4.298823781241423E+00,-2.576573759570391E+00,-8.669512328163115E-02,3.793464506200687E-03,6.824369805043212E-03,-1.121210308054555E-04,2.895034908815147E-02,5.012597558659015E+00,-2.526307710365466E-04,
2333831.500000000,A.D.1677-Sep-1700:00:00.0000,4.336239796336166E+00,-2.508025370392595E+00,-8.780607634945278E-02,3.689755814193976E-03,6.883920303310537E-03,-1.101019452953111E-04,2.893579454743904E-02,5.010077518053619E+00,-2.506374689519492E-04,
2333841.500000000,A.D.1677-Sep-2700:00:00.0000,4.372638853971448E+00,-2.438892954212319E+00,-8.889652640829086E-02,3.588678046944555E-03,6.942610370447663E-03,-1.079860289881509E-04,2.892149379784873E-02,5.007601420018839E+00,-2.457645422945314E-04,
2333851.500000000,A.D.1677-Oct-0700:00:00.0000,4.408008777322376E+00,-2.369186691043212E+00,-8.996603642619856E-02,3.485882823666206E-03,6.998902154155117E-03,-1.058831640100168E-04,2.890742461437983E-02,5.005165416415090E+00,-2.410265721794751E-04,
2333861.500000000,A.D.1677-Oct-1700:00:00.0000,4.442341427818256E+00,-2.298921413941575E+00,-9.101430758631104E-02,3.380141182129769E-03,7.053508547973738E-03,-1.037808858149420E-04,2.889359732393264E-02,5.002771295289731E+00,-2.379231476691060E-04,
2333871.500000000,A.D.1677-Oct-2700:00:00.0000,4.475626685202389E+00,-2.228118890793824E+00,-9.204122425062393E-02,3.276915208945596E-03,7.107394950550388E-03,-1.015780894888332E-04,2.888002859425249E-02,5.000421942573404E+00,-2.320849002275687E-04,
2333881.500000000,A.D.1677-Nov-0600:00:00.0000,4.507854651236873E+00,-2.156786131577771E+00,-9.304626955770592E-02,3.169339610839354E-03,7.158307159102072E-03,-9.943605736293794E-05,2.886669557762609E-02,4.998113402307187E+00,-2.286388991352452E-04,
2333891.500000000,A.D.1677-Nov-1600:00:00.0000,4.539017872199938E+00,-2.084947460051601E+00,-9.402940214697640E-02,3.062226718411660E-03,7.208645530646774E-03,-9.721585195562399E-05,2.885363103716188E-02,4.995851347247454E+00,-2.243870282719012E-04,
2333901.500000000,A.D.1677-Nov-2600:00:00.0000,4.569105966120419E+00,-2.012615207243253E+00,-9.499024678493449E-02,2.955220604074489E-03,7.258124461943868E-03,-9.492809673480278E-05,2.884082003670697E-02,4.993633191279499E+00,-2.194951630552669E-04,
2333911.500000000,A.D.1677-Dec-0600:00:00.0000,4.598111003133750E+00,-1.939804660928656E+00,-9.592852768103667E-02,2.845702141982591E-03,7.303778652957922E-03,-9.271494407292195E-05,2.882826657298302E-02,4.991459626414226E+00,-2.151986823542190E-04,
2333921.500000000,A.D.1677-Dec-1600:00:00.0000,4.626024718188365E+00,-1.866537967528128E+00,-9.684412654775661E-02,2.737037481461558E-03,7.349414234419338E-03,-9.039994217755383E-05,2.881598633161479E-02,4.989333368533373E+00,-2.099685234410307E-04,
2333931.500000000,A.D.1677-Dec-2600:00:00.0000,4.652838885155789E+00,-1.792823966254715E+00,-9.773658321532548E-02,2.626041913582619E-03,7.393022533290193E-03,-8.808535362508978E-05,2.880396384019507E-02,4.987251738672678E+00,-2.059709321904881E-04,
2333941.500000000,A.D.1678-Jan-0500:00:00.0000,4.678546177323550E+00,-1.718687119131374E+00,-9.860587308693040E-02,2.515179805111165E-03,7.433710603284387E-03,-8.578281414081499E-05,2.879222046935414E-02,4.985218437042066E+00,-2.006690623651612E-04,
2333951.500000000,A.D.1678-Jan-1500:00:00.0000,4.703138855630978E+00,-1.644140370385130E+00,-9.945162309403260E-02,2.403001952954287E-03,7.475075440005871E-03,-8.337751197566520E-05,2.878074898992221E-02,4.983232211949595E+00,-1.966854798068164E-04,
2333961.500000000,A.D.1678-Jan-2500:00:00.0000,4.726610081988992E+00,-1.569200779062304E+00,-1.002736247946387E-01,2.290556119614158E-03,7.513129040223884E-03,-8.099937613004898E-05,2.876955413738844E-02,4.981293883319793E+00,-1.917012358841206E-04,
2333971.500000000,A.D.1678-Feb-0400:00:00.0000,4.748951960755987E+00,-1.493890568269895E+00,-1.010717752663498E-01,2.178430594639078E-03,7.548937758748409E-03,-7.861021939323427E-05,2.875864201849293E-02,4.979404508501933E+00,-1.855803035207731E-04,
2333981.500000000,A.D.1678-Feb-1400:00:00.0000,4.770159086898956E+00,-1.418219154457949E+00,-1.018456173415447E-01,2.062982182359477E-03,7.584520541341363E-03,-7.617294893497033E-05,2.874800774196956E-02,4.977563240599539E+00,-1.824188224073713E-04,
2333991.500000000,A.D.1678-Feb-2400:00:00.0000,4.790224665060141E+00,-1.342212530223420E+00,-1.025951966286537E-01,1.949808902022869E-03,7.616806853115207E-03,-7.373279273717273E-05,2.873766564701549E-02,4.975772562367633E+00,-1.760101095001602E-04,
2334001.500000000,A.D.1678-Mar-0600:00:00.0000,4.809142226356657E+00,-1.265883489172564E+00,-1.033201416152351E-01,1.834131086318724E-03,7.648106578834653E-03,-7.126899706861670E-05,2.872760758401940E-02,4.974031062744760E+00,-1.716215785651138E-04,
2334011.500000000,A.D.1678-Mar-1600:00:00.0000,4.826907518648918E+00,-1.189249887854003E+00,-1.040202634611348E-01,1.717633932775187E-03,7.678289477376290E-03,-6.876273371716426E-05,2.871784467000306E-02,4.972340666583569E+00,-1.676055792806960E-04,
2334021.500000000,A.D.1678-Mar-2600:00:00.0000,4.843513017416524E+00,-1.112335504087114E+00,-1.046955373395364E-01,1.603825519382529E-03,7.705356950066397E-03,-6.624691917718433E-05,2.870837552853157E-02,4.970701135561750E+00,-1.601095193462819E-04,
2334031.500000000,A.D.1678-Apr-0500:00:00.0000,4.858954960412736E+00,-1.035149269915460E+00,-1.053454948742190E-01,1.485194581790122E-03,7.730912706024969E-03,-6.375572094719256E-05,2.869919798339956E-02,4.969112092881015E+00,-1.568567322514388E-04,
2334041.500000000,A.D.1678-Apr-1500:00:00.0000,4.873228664176692E+00,-9.577180891943783E-01,-1.059702153867927E-01,1.368796037823722E-03,7.755076338191101E-03,-6.119496103286585E-05,2.869032620575206E-02,4.967575992199072E+00,-1.510265697418179E-04,
2334051.500000000,A.D.1678-Apr-2500:00:00.0000,4.886328478013154E+00,-8.800559545213681E-01,-1.065693928042753E-01,1.251832068673841E-03,7.777015446129433E-03,-5.863124479514219E-05,2.868175059074937E-02,4.966091170489476E+00,-1.452042952911602E-04,
2334061.500000000,A.D.1678-May-0500:00:00.0000,4.898251917294705E+00,-8.021800863224666E-01,-1.071428253459965E-01,1.132064461869080E-03,7.797197227205309E-03,-5.607975843722952E-05,2.867348216695733E-02,4.964659537289208E+00,-1.417238936311692E-04,
2334071.500000000,A.D.1678-May-1500:00:00.0000,4.908993515410362E+00,-7.241156415132015E-01,-1.076905449633946E-01,1.015785541941064E-03,7.816264361903465E-03,-5.343738951299782E-05,2.866552026292477E-02,4.963280976340104E+00,-1.345158466354767E-04,
2334081.500000000,A.D.1678-May-2500:00:00.0000,4.918550330490649E+00,-6.458723054214693E-01,-1.082121372640166E-01,8.963945527435089E-04,7.832218818530884E-03,-5.085990177811359E-05,2.865786254711680E-02,4.961955083949407E+00,-1.298173465242670E-04,
2334091.500000000,A.D.1678-Jun-0400:00:00.0000,4.926919262575489E+00,-5.674762584285300E-01,-1.087076709703097E-01,7.771582022674565E-04,7.846306709058134E-03,-4.826323887350376E-05,2.865051807994087E-02,4.960683428878044E+00,-1.246502586776320E-04,
2334101.500000000,A.D.1678-Jun-1400:00:00.0000,4.934097050832697E+00,-4.889429120944389E-01,-1.091768994190734E-01,6.585657130556265E-04,7.859994553033052E-03,-4.558334723866612E-05,2.864348415859176E-02,4.959465543149792E+00,-1.186992488607090E-04,
2334111.500000000,A.D.1678-Jun-2400:00:00.0000,4.940081861890868E+00,-4.102897125317834E-01,-1.096196633902900E-01,5.380923882680581E-04,7.870080664489859E-03,-4.297421419429976E-05,2.863676653863103E-02,4.958302423309248E+00,-1.141684832646140E-04,
2334121.500000000,A.D.1678-Jul-0400:00:00.0000,4.944870213733897E+00,-3.315414514018833E-01,-1.100359972689911E-01,4.192085154022218E-04,7.879355298232782E-03,-4.029343487351477E-05,2.863036291559409E-02,4.957193670350732E+00,-1.079174020254914E-04,
2334131.500000000,A.D.1678-Jul-1400:00:00.0000,4.948461443397217E+00,-2.527092500351605E-01,-1.104255533862218E-01,2.990523085531948E-04,7.887187173123410E-03,-3.759673053371021E-05,2.862427901097293E-02,4.956140274919875E+00,-1.027341174692794E-04,
2334141.500000000,A.D.1678-Jul-2400:00:00.0000,4.950852628351374E+00,-1.738191007712306E-01,-1.107884374256542E-01,1.795567427994226E-04,7.890779873831447E-03,-3.496561066415114E-05,2.861851151238832E-02,4.955141663495993E+00,-9.661388859657678E-05,
2334151.500000000,A.D.1678-Aug-0300:00:00.0000,4.952043162080650E+00,-9.488611108455272E-02,-1.111244029293837E-01,5.894066353297312E-05,7.894777445189646E-03,-3.225157249128977E-05,2.861306466742891E-02,4.954198571526264E+00,-9.156760201453643E-05,
2334161.500000000,A.D.1678-Aug-1300:00:00.0000,4.952033054801216E+00,-1.592888252312041E-02,-1.114333582569396E-01,-6.170922123933459E-05,7.896358481205668E-03,-2.954344415831000E-05,2.860794584839803E-02,4.953312275485437E+00,-8.642179635884306E-05,
2334171.500000000,A.D.1678-Aug-2300:00:00.0000,4.950819301971103E+00,6.302807308602243E-02,-1.117153728714588E-01,-1.808054553863196E-04,7.894916675200937E-03,-2.684908393568434E-05,2.860314280038250E-02,4.952480653501071E+00,-7.966397557022325E-05,
2334181.500000000,A.D.1678-Sep-0200:00:00.0000,4.948404255569894E+00,1.419737492755176E-01,-1.119701064893032E-01,-3.025044944612026E-04,7.893625336365307E-03,-2.410612861995631E-05,2.859867240015883E-02,4.951706627696436E+00,-7.543414940274419E-05,
2334191.500000000,A.D.1678-Sep-1200:00:00.0000,4.944786003852814E+00,2.208811090263379E-01,-1.121977430833956E-01,-4.212778981500456E-04,7.888484594590016E-03,-2.138820205339809E-05,2.859452384580216E-02,4.950988327776223E+00,-6.833223960913781E-05,
2334201.500000000,A.D.1678-Sep-2200:00:00.0000,4.939964982179673E+00,2.997356447647424E-01,-1.123980557832681E-01,-5.416905046381385E-04,7.881581500612184E-03,-1.868024827491920E-05,2.859069931710748E-02,4.950326131160230E+00,-6.291334740386830E-05,
2334211.500000000,A.D.1678-Oct-0200:00:00.0000,4.933944094604045E+00,3.785189939581591E-01,-1.125709616932179E-01,-6.633722206809820E-04,7.874108119454017E-03,-1.593390065440298E-05,2.858721323956679E-02,4.949722535544973E+00,-5.874031735146424E-05,
2334221.500000000,A.D.1678-Oct-1200:00:00.0000,4.926721254317965E+00,4.572055989527911E-01,-1.127166153464519E-01,-7.812294249741075E-04,7.863542298465113E-03,-1.317574202259889E-05,2.858404576378642E-02,4.949174104114475E+00,-5.094969700158493E-05,
2334231.500000000,A.D.1678-Oct-2200:00:00.0000,4.918300384518531E+00,5.357852643310055E-01,-1.128346863045577E-01,-9.026860177769896E-04,7.851607433907826E-03,-1.044609301788042E-05,2.858121682531891E-02,4.948684288602660E+00,-4.682592963899260E-05,
2334241.500000000,A.D.1678-Nov-0100:00:00.0000,4.908681932061778E+00,6.142309485904944E-01,-1.129253870023296E-01,-1.021730163670738E-03,7.837783177974964E-03,-7.683515270499094E-06,2.857871561516571E-02,4.948251217489443E+00,-4.047323485832303E-05,
2334251.500000000,A.D.1678-Nov-1100:00:00.0000,4.897867322723152E+00,6.925272921763809E-01,-1.129885711190533E-01,-1.140022407122228E-03,7.821489861646004E-03,-4.929721033712515E-06,2.857654145855689E-02,4.947874773942034E+00,-3.365612628007912E-05,
2334261.500000000,A.D.1678-Nov-2100:00:00.0000,4.885861049893480E+00,7.706572818134512E-01,-1.130241489971598E-01,-1.261268177526274E-03,7.803290938878795E-03,-2.217617324598278E-06,2.857470908805999E-02,4.947557508825425E+00,-3.000822796180581E-05,
2334271.500000000,A.D.1678-Dec-0100:00:00.0000,4.872663446922267E+00,8.485950500656400E-01,-1.130323185521563E-01,-1.378763654145603E-03,7.784076375894240E-03,5.765966236891720E-07,2.857319945080815E-02,4.947296123237983E+00,-2.279785742094223E-05,
2334281.500000000,A.D.1678-Dec-1100:00:00.0000,4.858279600443642E+00,9.263298398365533E-01,-1.130128221736183E-01,-1.497772916662947E-03,7.762644151041451E-03,3.333764677721411E-06,2.857203237702226E-02,4.947094050676022E+00,-1.742587693902819E-05,
2334291.500000000,A.D.1678-Dec-2100:00:00.0000,4.842711348156731E+00,1.003836004497713E+00,-1.129658701632665E-01,-1.616197883145579E-03,7.738451801956759E-03,6.058624716876854E-06,2.857119276894927E-02,4.946948677044634E+00,-1.199278856277797E-05,
2334301.500000000,A.D.1678-Dec-3100:00:00.0000,4.825962650364727E+00,1.081097560207239E+00,-1.128913726072307E-01,-1.733073143888576E-03,7.713831501541683E-03,8.853133964309164E-06,2.857068530633959E-02,4.946860812617486E+00,-5.122701041123641E-06,
2334311.500000000,A.D.1679-Jan-1000:00:00.0000,4.808038728853512E+00,1.158097641190215E+00,-1.127892955307744E-01,-1.851342741163967E-03,7.685755072251358E-03,1.156345672964064E-05,2.857051957199184E-02,4.946832116604723E+00,-3.592226408125461E-07,
2334321.500000000,A.D.1679-Jan-2000:00:00.0000,4.788941663532217E+00,1.234811752890775E+00,-1.126598340734589E-01,-1.967983210792374E-03,7.656230111635099E-03,1.430379862295581E-05,2.857067518435781E-02,4.946859060050667E+00,5.626735969307684E-06,
2334331.500000000,A.D.1679-Jan-3000:00:00.0000,4.768679257042644E+00,1.311228422640297E+00,-1.125027926101983E-01,-2.084966379461351E-03,7.626680496422739E-03,1.709685155160125E-05,2.857117963345768E-02,4.946946402704767E+00,1.129198981463017E-05,
2334341.500000000,A.D.1679-Feb-0900:00:00.0000,4.747253607227438E+00,1.387322476134241E+00,-1.123184356372866E-01,-2.200216151564220E-03,7.592532703291827E-03,1.979966191099227E-05,2.857200689660840E-02,4.947089638879122E+00,1.740080473561512E-05,
2334351.500000000,A.D.1679-Feb-1900:00:00.0000,4.724670937389767E+00,1.463079010287497E+00,-1.121066767186892E-01,-2.315703263373150E-03,7.558211158862177E-03,2.254709534167665E-05,2.857316713277361E-02,4.947290527543764E+00,2.320391600345513E-05,
2334361.500000000,A.D.1679-Mar-0100:00:00.0000,4.700938560723364E+00,1.538480718081894E+00,-1.118675446782339E-01,-2.430988059733529E-03,7.522063734307656E-03,2.528416994242433E-05,2.857467133369935E-02,4.947550971860519E+00,2.865984151589083E-05,
2334371.500000000,A.D.1679-Mar-1100:00:00.0000,4.676058832473671E+00,1.613503936812490E+00,-1.116012780988077E-01,-2.544122246574842E-03,7.482198814743153E-03,2.796914992165842E-05,2.857648964650714E-02,4.947865802963710E+00,3.495861763885666E-05,
2334381.500000000,A.D.1679-Mar-2100:00:00.0000,4.650042428885117E+00,1.688138237146661E+00,-1.113076813414880E-01,-2.659472040246780E-03,7.443378535987935E-03,3.071087229324307E-05,2.857865993267876E-02,4.948241576365694E+00,3.948387231597799E-05,
2334391.500000000,A.D.1679-Mar-3100:00:00.0000,4.622892888704770E+00,1.762358025658539E+00,-1.109870938790341E-01,-2.771185798236100E-03,7.401227810823205E-03,3.342930246771627E-05,2.858115054538603E-02,4.948672812588028E+00,4.627662804303952E-05,
2334401.500000000,A.D.1679-Apr-1000:00:00.0000,4.594617103132478E+00,1.836149259233932E+00,-1.106394689790478E-01,-2.882865466596062E-03,7.356796743464660E-03,3.611046998067400E-05,2.858396828054170E-02,4.949160688306530E+00,5.223485052375507E-05,
2334411.500000000,A.D.1679-Apr-2000:00:00.0000,4.565225025752452E+00,1.909495779985885E+00,-1.102648363609119E-01,-2.995878880395035E-03,7.311950756792264E-03,3.880077217565148E-05,2.858713087523773E-02,4.949708274603471E+00,5.677092431970900E-05,
2334421.500000000,A.D.1679-Apr-3000:00:00.0000,4.534720041922913E+00,1.982373595034467E+00,-1.098635138661462E-01,-3.104594534123565E-03,7.263828322226953E-03,4.147902521567353E-05,2.859060138211641E-02,4.950309174242175E+00,6.395507155334323E-05,
2334431.500000000,A.D.1679-May-1000:00:00.0000,4.503114037435368E+00,2.054773561100149E+00,-1.094353248719979E-01,-3.216065279736114E-03,7.214888898593615E-03,4.412946347950440E-05,2.859441949296986E-02,4.950970259643405E+00,6.823408518494437E-05,
2334441.500000000,A.D.1679-May-2000:00:00.0000,4.470412949546322E+00,2.126671116007302E+00,-1.089806207767108E-01,-3.325212086336550E-03,7.164492447622053E-03,4.679885764797390E-05,2.859855589366704E-02,4.951686455222712E+00,7.398445220999544E-05,
2334451.500000000,A.D.1679-May-3000:00:00.0000,4.436624747643982E+00,2.198051689099894E+00,-1.084994433986531E-01,-3.431826052543431E-03,7.111980177751891E-03,4.946501843885892E-05,2.860301328644329E-02,4.952458228857640E+00,8.105241936654000E-05,
2334461.500000000,A.D.1679-Jun-0900:00:00.0000,4.401760453092959E+00,2.268900863228891E+00,-1.079918281636480E-01,-3.540734341027418E-03,7.057393378196613E-03,5.205525635159482E-05,2.860780939798576E-02,4.953288649828926E+00,8.508286477694546E-05,
2334471.500000000,A.D.1679-Jun-1900:00:00.0000,4.365825646123716E+00,2.339195430146758E+00,-1.074581175308005E-01,-3.646039599117779E-03,7.001369753612419E-03,5.468245954181685E-05,2.861290879819203E-02,4.954171583604499E+00,9.158400390170496E-05,
2334481.500000000,A.D.1679-Jun-2900:00:00.0000,4.328833353246166E+00,2.408926094493345E+00,-1.068982101829455E-01,-3.751856783142216E-03,6.944151246771783E-03,5.729175589920844E-05,2.861834917900720E-02,4.955113556342349E+00,9.700281766682444E-05,
2334491.500000000,A.D.1679-Jul-0900:00:00.0000,4.290790533291124E+00,2.478070387819739E+00,-1.063124535570709E-01,-3.857031126359974E-03,6.884175224892031E-03,5.984037616012364E-05,2.862409964384695E-02,4.956109218464735E+00,1.015708747268567E-04,
2334501.500000000,A.D.1679-Jul-1900:00:00.0000,4.251707650948277E+00,2.546613942320912E+00,-1.057009333195091E-01,-3.959648468452353E-03,6.824392958783059E-03,6.246240201812658E-05,2.863016725302751E-02,4.957159792427513E+00,1.083733945714369E-04,
2334511.500000000,A.D.1679-Jul-2900:00:00.0000,4.211596354941189E+00,2.614542629347578E+00,-1.050637528855232E-01,-4.062430051640743E-03,6.761696245439247E-03,6.499879991197276E-05,2.863656414432404E-02,4.958267379821307E+00,1.134667458928249E-04,
2334521.500000000,A.D.1679-Aug-0800:00:00.0000,4.170463256974124E+00,2.681835348395231E+00,-1.044012502608113E-01,-4.163400579302542E-03,6.696466367877723E-03,6.749701488155718E-05,2.864325460326483E-02,4.959425796877034E+00,1.186557327455776E-04,
2334531.500000000,A.D.1679-Aug-1800:00:00.0000,4.128323969791476E+00,2.748482953013198E+00,-1.037133687050908E-01,-4.264377441469101E-03,6.632293051844896E-03,7.005732655080716E-05,2.865028157372135E-02,4.960642479095541E+00,1.243280292398797E-04,
2334541.500000000,A.D.1679-Aug-2800:00:00.0000,4.085185616503943E+00,2.814463857515507E+00,-1.030005103367406E-01,-4.363259479509709E-03,6.563932822004806E-03,7.251846175879914E-05,2.865760599548852E-02,4.961910663411969E+00,1.293367472507992E-04,
2334551.500000000,A.D.1679-Sep-0700:00:00.0000,4.041060376302614E+00,2.879765472779606E+00,-1.022627601073882E-01,-4.461513201655333E-03,6.495526542324533E-03,7.500781613025220E-05,2.866523968542900E-02,4.963232395852661E+00,1.347263812996054E-04,
2334561.500000000,A.D.1679-Sep-1700:00:00.0000,3.995962036166337E+00,2.944373799829117E+00,-1.015002745358831E-01,-4.558828281584605E-03,6.426478088231199E-03,7.750085868350984E-05,2.867319578495191E-02,4.964609951782076E+00,1.404304897843896E-04,
2334571.500000000,A.D.1679-Sep-2700:00:00.0000,3.949897011442993E+00,3.008268818536065E+00,-1.007134442615217E-01,-4.653067037600240E-03,6.352920568752079E-03,7.989338579403432E-05,2.868143040004843E-02,4.966035731188176E+00,1.458126700836101E-04,
2334581.500000000,A.D.1679-Oct-0700:00:00.0000,3.902883051890604E+00,3.071443186277239E+00,-9.990220377701865E-02,-4.749245663099175E-03,6.280684816515843E-03,8.231874075622807E-05,2.868999402232105E-02,4.967518476420929E+00,1.503350932661536E-04,
2334591.500000000,A.D.1679-Oct-1700:00:00.0000,3.854928783917549E+00,3.133875702320204E+00,-9.906700877236209E-02,-4.842055515308983E-03,6.205992659267398E-03,8.471893046047436E-05,2.869884472092722E-02,4.969050927380005E+00,1.558924600810347E-04,
2334601.500000000,A.D.1679-Oct-2700:00:00.0000,3.806046613150310E+00,3.195554903854771E+00,-9.820798979517324E-02,-4.933554748397735E-03,6.129288341871112E-03,8.707794804681411E-05,2.870799034926671E-02,4.970634443839421E+00,1.610632075014805E-04,
2334611.500000000,A.D.1679-Nov-0600:00:00.0000,3.756252524712049E+00,3.256468595600975E+00,-9.732529485609188E-02,-5.025980274768376E-03,6.053027838552502E-03,8.944307621124874E-05,2.871745047452356E-02,4.972272413752072E+00,1.657067083149137E-04,
2334621.500000000,A.D.1679-Nov-1600:00:00.0000,3.705553859421373E+00,3.316596917160867E+00,-9.641938468357353E-02,-5.113384848206095E-03,5.973481494798317E-03,9.177249560753467E-05,2.872717575524911E-02,4.973956293910950E+00,1.718669512391709E-04,
2334631.500000000,A.D.1679-Nov-2600:00:00.0000,3.653968801584967E+00,3.375933984993990E+00,-9.549022252741904E-02,-5.202475146609467E-03,5.893175839400276E-03,9.405199090962140E-05,2.873721531828755E-02,4.975694590365451E+00,1.761180590143987E-04,
2334641.500000000,A.D.1679-Dec-0600:00:00.0000,3.601507890243329E+00,3.434460602145774E+00,-9.453825190625821E-02,-5.290048630671571E-03,5.811691391838378E-03,9.631685977475644E-05,2.874753223012447E-02,4.977480908275787E+00,1.805667611738150E-04,
2334651.500000000,A.D.1679-Dec-1600:00:00.0000,3.548184533435104E+00,3.492165269679948E+00,-9.356367911619738E-02,-5.374197924771082E-03,5.729021392571505E-03,9.859441027612095E-05,2.875812972730242E-02,4.979315808031929E+00,1.865354117198007E-04,
2334661.500000000,A.D.1679-Dec-2600:00:00.0000,3.494015235188284E+00,3.549037701186589E+00,-9.256666407260636E-02,-5.459762925844860E-03,5.645067134419948E-03,1.007988372734486E-04,2.876902711048646E-02,4.981202631440440E+00,1.904621635487439E-04,
2334671.500000000,A.D.1680-Jan-0500:00:00.0000,3.439009084595329E+00,3.605059576998737E+00,-9.154767448415348E-02,-5.541537151248907E-03,5.559547487603338E-03,1.030037346705410E-04,2.878017860807894E-02,4.983133453394859E+00,1.957951889005113E-04,
2334681.500000000,A.D.1680-Jan-1500:00:00.0000,3.383185079209329E+00,3.660225012997458E+00,-9.050674868840362E-02,-5.622522719396260E-03,5.473566493803674E-03,1.051958094806775E-04,2.879162789467814E-02,4.985115835917458E+00,2.011847109409844E-04,
2334691.500000000,A.D.1680-Jan-2500:00:00.0000,3.326553986095915E+00,3.714517340083155E+00,-8.944432249332618E-02,-5.703169793571969E-03,5.384552927143875E-03,1.072793349672170E-04,2.880333898915275E-02,4.987143549068479E+00,2.044291424175143E-04,
2334701.500000000,A.D.1680-Feb-0400:00:00.0000,3.269131280777942E+00,3.767926148800481E+00,-8.836061916931766E-02,-5.781221616919833E-03,5.296366162064210E-03,1.094286214146044E-04,2.881531894270327E-02,4.989217813725438E+00,2.098675554027657E-04,
2334711.500000000,A.D.1680-Feb-1400:00:00.0000,3.210934002305255E+00,3.820441566345124E+00,-8.725586281850925E-02,-5.858518826380098E-03,5.206844501693466E-03,1.115267247613275E-04,2.882758117569667E-02,4.991340953552846E+00,2.146510347358570E-04,
2334721.500000000,A.D.1680-Feb-2400:00:00.0000,3.151971525861418E+00,3.872047722918752E+00,-8.613051531175450E-02,-5.933527614204894E-03,5.114358447951140E-03,1.135445618869579E-04,2.884008218068776E-02,4.993505435470088E+00,2.184738270870347E-04,
2334731.500000000,A.D.1680-Mar-0500:00:00.0000,3.092264965465622E+00,3.922739397412477E+00,-8.498464439003360E-02,-6.007738570080304E-03,5.023729589620667E-03,1.156238256987314E-04,2.885286727563660E-02,4.995719106038710E+00,2.240790980727434E-04,
2334741.500000000,A.D.1680-Mar-1500:00:00.0000,3.031824864286323E+00,3.972500944090862E+00,-8.381873735561525E-02,-6.079674136569089E-03,4.929135767364387E-03,1.175805084298038E-04,2.886589463707432E-02,4.997974723749556E+00,2.278190444288563E-04,
2334751.500000000,A.D.1680-Mar-2500:00:00.0000,2.970667479554914E+00,4.021324292973884E+00,-8.263300539824267E-02,-6.150887603874767E-03,4.834317794152785E-03,1.195288436219294E-04,2.887917558252749E-02,5.000274248171614E+00,2.316354514350007E-04,
2334761.500000000,A.D.1680-Apr-0400:00:00.0000,2.908811828210148E+00,4.069200301661951E+00,-8.142770079718274E-02,-6.221093035602292E-03,4.740633246332179E-03,1.215110876185970E-04,2.889272406535396E-02,5.002620095253895E+00,2.368164758954345E-04,
2334771.500000000,A.D.1680-Apr-1400:00:00.0000,2.846266770752385E+00,4.116114213073716E+00,-8.020333767173905E-02,-6.287391112227534E-03,4.642684023103780E-03,1.233833762262362E-04,2.890649135893167E-02,5.005003828243327E+00,2.406250983202066E-04,
2334781.500000000,A.D.1680-Apr-2400:00:00.0000,2.783054642204649E+00,4.162062885616727E+00,-7.895997226141646E-02,-6.354700661559081E-03,4.546338098684857E-03,1.252713458732188E-04,2.892052687095015E-02,5.007434001816160E+00,2.449906414319913E-04,
2334791.500000000,A.D.1680-May-0400:00:00.0000,2.719187199521640E+00,4.207031533024510E+00,-7.769812481542278E-02,-6.418883416580932E-03,4.448092978891809E-03,1.271154742857149E-04,2.893478792660955E-02,5.009903227059853E+00,2.493551495565076E-04,
2334801.500000000,A.D.1680-May-1400:00:00.0000,2.654680233140537E+00,4.251013300186466E+00,-7.641805043165888E-02,-6.481091938552044E-03,4.347755843460895E-03,1.288942263641769E-04,2.894928135401511E-02,5.012412686224180E+00,2.528306210834150E-04,
2334811.500000000,A.D.1680-May-2400:00:00.0000,2.589554226816347E+00,4.294001392287139E+00,-7.511997469768224E-02,-6.544497584104218E-03,4.248908310609525E-03,1.306785133567309E-04,2.896402695895960E-02,5.014965808575854E+00,2.567655100125264E-04,
2334821.500000000,A.D.1680-Jun-0300:00:00.0000,2.523818892879001E+00,4.335981651215248E+00,-7.380445862730346E-02,-6.602758443990284E-03,4.147648068136714E-03,1.324324422378380E-04,2.897897374710284E-02,5.017553764718577E+00,2.611203326985300E-04,
2334831.500000000,A.D.1680-Jun-1300:00:00.0000,2.457496326360133E+00,4.376952159991714E+00,-7.247159627975423E-02,-6.661098277299021E-03,4.046213308716994E-03,1.341431441454997E-04,2.899416652732990E-02,5.020184313070290E+00,2.650771136308817E-04,
2334841.500000000,A.D.1680-Jun-2300:00:00.0000,2.390599436314449E+00,4.416900587413653E+00,-7.112188030148993E-02,-6.718334927305369E-03,3.943661736425255E-03,1.357994931352944E-04,2.900956953153221E-02,5.022851260574979E+00,2.684243997580479E-04,
2334851.500000000,A.D.1680-Jul-0300:00:00.0000,2.323144617711644E+00,4.455820354546599E+00,-6.975562345047571E-02,-6.771764295771639E-03,3.840254530668126E-03,1.374546605893704E-04,2.902518430170068E-02,5.025554874220092E+00,2.726282623516492E-04,
2334861.500000000,A.D.1680-Jul-1300:00:00.0000,2.255152140004915E+00,4.493706569085062E+00,-6.837306142093125E-02,-6.826318485698566E-03,3.736391076260025E-03,1.390378595945870E-04,2.904102957347268E-02,5.028298397980678E+00,2.757099576916720E-04,
2334871.500000000,A.D.1680-Jul-2300:00:00.0000,2.186632929561954E+00,4.530547271619587E+00,-6.697473442818754E-02,-6.877710553954356E-03,3.631409464795457E-03,1.406021360023278E-04,2.905706135970713E-02,5.031074215719353E+00,2.790312793409472E-04,
2334881.500000000,A.D.1680-Aug-0200:00:00.0000,2.117609677442089E+00,4.566340515627633E+00,-6.556080280851505E-02,-6.926959646923539E-03,3.527358373422971E-03,1.421889471535026E-04,2.907331602098168E-02,5.033888623074981E+00,2.839158264341297E-04,
2334891.500000000,A.D.1680-Aug-1200:00:00.0000,2.048094752090653E+00,4.601076349056192E+00,-6.413175563974624E-02,-6.975539279671782E-03,3.420277852629155E-03,1.436381580747844E-04,2.908976054348479E-02,5.036735903883285E+00,2.861341955351240E-04,
2334901.500000000,A.D.1680-Aug-2200:00:00.0000,1.978105842130621E+00,4.634749807373842E+00,-6.268790004280141E-02,-7.021626269295437E-03,3.313912069329375E-03,1.451153700945526E-04,2.910639965967956E-02,5.039616877544852E+00,2.898109991494828E-04,
2334911.500000000,A.D.1680-Sep-0100:00:00.0000,1.907663419554454E+00,4.667356429425454E+00,-6.122952356919940E-02,-7.066669009790844E-03,3.207499439493972E-03,1.465597144843234E-04,2.912324507705586E-02,5.042533571148716E+00,2.936506739793528E-04,
2334921.500000000,A.D.1680-Sep-1100:00:00.0000,1.836777943511136E+00,4.698886876288249E+00,-5.975715069900694E-02,-7.109770649169917E-03,3.098134049305440E-03,1.478952787847306E-04,2.914025855448268E-02,5.045479363448294E+00,2.952888329652568E-04,
2334931.500000000,A.D.1680-Sep-2100:00:00.0000,1.765473762015445E+00,4.729340249152595E+00,-5.827094811459910E-02,-7.151565324787979E-03,2.991943915261724E-03,1.493151311306935E-04,2.915747552261022E-02,5.048460389070501E+00,3.001546991283792E-04,
2334941.500000000,A.D.1680-Oct-0100:00:00.0000,1.693762793898937E+00,4.758707377749966E+00,-5.677145286742658E-02,-7.190530209721275E-03,2.882641796579828E-03,1.506201635140655E-04,2.917485881250671E-02,5.051470212414300E+00,3.028910905756955E-04,
2334951.500000000,A.D.1680-Oct-1100:00:00.0000,1.621662467023114E+00,4.786985642366323E+00,-5.525895855428225E-02,-7.228334587440791E-03,2.772479383012899E-03,1.518693347505337E-04,2.919241682373849E-02,5.054510287819515E+00,3.049767181484956E-04,
2334961.500000000,A.D.1680-Oct-2100:00:00.0000,1.549194710717936E+00,4.814171695471481E+00,-5.373375559187082E-02,-7.265455373810090E-03,2.664551501605196E-03,1.531542438959489E-04,2.921016040574981E-02,5.057582493809191E+00,3.091939347098668E-04,
2334971.500000000,A.D.1680-Oct-3100:00:00.0000,1.476369127174052E+00,4.840257288563175E+00,-5.219640823878273E-02,-7.298869534694548E-03,2.552792885583506E-03,1.543199973209902E-04,2.922804943722112E-02,5.060679883592188E+00,3.106882499842868E-04,
2334981.500000000,A.D.1680-Nov-1000:00:00.0000,1.403210436154596E+00,4.865243680669558E+00,-5.064706318525364E-02,-7.332753866436838E-03,2.443358281108501E-03,1.555067696441511E-04,2.924612121422428E-02,5.063808914783173E+00,3.140443786903489E-04,
2334991.500000000,A.D.1680-Nov-2000:00:00.0000,1.329731593717455E+00,4.889122777010455E+00,-4.908626734330010E-02,-7.363692877343161E-03,2.333281372164369E-03,1.566636322626837E-04,2.926433943418835E-02,5.066963301786828E+00,3.174039178227849E-04,
2335001.500000000,A.D.1680-Nov-3000:00:00.0000,1.255948982448619E+00,4.911892815431238E+00,-4.751436093475848E-02,-7.391644688832985E-03,2.220998604631355E-03,1.577374770076315E-04,2.928270751366073E-02,5.070143636160003E+00,3.191790577002670E-04,
2335011.500000000,A.D.1680-Dec-1000:00:00.0000,1.181885012583673E+00,4.933552864659600E+00,-4.593159942380662E-02,-7.420873732751761E-03,2.110520469193475E-03,1.587943596035232E-04,2.930124046459303E-02,5.073352517141547E+00,3.221639295236370E-04,
2335021.500000000,A.D.1680-Dec-2000:00:00.0000,1.107549870918500E+00,4.954095665127582E+00,-4.433856306930620E-02,-7.445875839042334E-03,1.998234379281228E-03,1.598073505561949E-04,2.931989904680083E-02,5.076583150504140E+00,3.241707610845534E-04,
2335031.500000000,A.D.1680-Dec-3000:00:00.0000,1.032967487260971E+00,4.973523411684966E+00,-4.273543392839932E-02,-7.470069566365909E-03,1.886692986111707E-03,1.607983047515140E-04,2.933871407064518E-02,5.079840870896425E+00,3.268411362329252E-04,
2335041.500000000,A.D.1681-Jan-0900:00:00.0000,9.581513537721277E-01,4.991830601151005E+00,-4.112271621838740E-02,-7.493581084176606E-03,1.774814668733804E-03,1.617315666192929E-04,2.935765780313697E-02,5.083120876500198E+00,3.291164057830285E-04,
2335051.500000000,A.D.1681-Jan-1900:00:00.0000,8.831182020991907E-01,5.009015759539014E+00,-3.950079080733495E-02,-7.512749725558760E-03,1.662609562921407E-03,1.626645108123801E-04,2.937672815139842E-02,5.086422804944897E+00,3.316606110140031E-04,
2335061.500000000,A.D.1681-Jan-2900:00:00.0000,8.078894818272387E-01,5.025079373380383E+00,-3.786993003839694E-02,-7.532298589782041E-03,1.550343036625663E-03,1.635198323136455E-04,2.939593716099570E-02,5.089748741855651E+00,3.338356394220323E-04,
2335071.500000000,A.D.1681-Feb-0800:00:00.0000,7.324758132388793E-01,5.040016740426890E+00,-3.623067021181658E-02,-7.549871820599323E-03,1.436778705275992E-03,1.643106394212455E-04,2.941525533931758E-02,5.093093580745130E+00,3.348332626549596E-04,
2335081.500000000,A.D.1681-Feb-1800:00:00.0000,6.569014865171225E-01,5.053830073054497E+00,-3.458323807408591E-02,-7.564958955112671E-03,1.325483434629566E-03,1.651539422490039E-04,2.943470350379731E-02,5.096460926040160E+00,3.382001210489961E-04,
2335091.500000000,A.D.1681-Feb-2800:00:00.0000,5.811789526060916E-01,5.066515908135758E+00,-3.292813265105161E-02,-7.579361955057796E-03,1.211982084445326E-03,1.658685517881740E-04,2.945425828499927E-02,5.099846731448397E+00,3.392453181798956E-04,
2335101.500000000,A.D.1681-Mar-1000:00:00.0000,5.053256134554717E-01,5.078074557911094E+00,-3.126571120602332E-02,-7.591224865100802E-03,1.099377836120747E-03,1.665956746363264E-04,2.947392081349181E-02,5.103251192721687E+00,3.412478553932406E-04,
2335111.500000000,A.D.1681-Mar-2000:00:00.0000,4.293628661496546E-01,5.088506610414594E+00,-2.959629072814720E-02,-7.601310796412856E-03,9.878447031609341E-04,1.673118044818120E-04,2.949369415902326E-02,5.106674841370473E+00,3.442517798481636E-04,
2335121.500000000,A.D.1681-Mar-3000:00:00.0000,3.533000459633791E-01,5.097809749103699E+00,-2.792038966918182E-02,-7.609955326258720E-03,8.728287601782203E-04,1.678723761087170E-04,2.951355686556107E-02,5.110113962397876E+00,3.436773322778138E-04,
2335131.500000000,A.D.1681-Apr-0900:00:00.0000,2.771624425505191E-01,5.105987541284501E+00,-2.623821564123316E-02,-7.617594170936086E-03,7.616899507723101E-04,1.685156326539569E-04,2.953352749016464E-02,5.113571768859135E+00,3.468117634490442E-04,
2335141.500000000,A.D.1681-Apr-1900:00:00.0000,2.009620425780956E-01,5.113037100305736E+00,-2.455029998889850E-02,-7.622617240046863E-03,6.489552981635807E-04,1.690772916245070E-04,2.955358004267167E-02,5.117043760697146E+00,3.482723562102284E-04,
2335151.500000000,A.D.1681-Apr-2900:00:00.0000,1.247152699728442E-01,5.118960800055906E+00,-2.285698543077260E-02,-7.626077720820646E-03,5.353073128612648E-04,1.695691814640397E-04,2.957371969332993E-02,5.120530833112558E+00,3.486460733483419E-04,
2335161.500000000,A.D.1681-May-0900:00:00.0000,4.844451627821462E-02,5.123760339534439E+00,-2.115857603959484E-02,-7.628627537135137E-03,4.248964116996252E-04,1.701093930492455E-04,2.959394674127619E-02,5.124033037899300E+00,3.520474840625777E-04,
2335171.500000000,A.D.1681-May-1900:00:00.0000,-2.784201633299882E-02,5.127434146973957E+00,-1.945562309741944E-02,-7.627662854852603E-03,3.107605764480656E-04,1.705120712127488E-04,2.961423966267076E-02,5.127546648320048E+00,3.515241518085468E-04,
2335181.500000000,A.D.1681-May-2900:00:00.0000,-1.041196335077315E-01,5.129987792798696E+00,-1.774830958137855E-02,-7.627075731513431E-03,1.988806021974871E-04,1.709139046756927E-04,2.963461772203539E-02,5.131074999923350E+00,3.530156855110412E-04,
2335191.500000000,A.D.1681-Jun-0800:00:00.0000,-1.803755189759935E-01,5.131419704586567E+00,-1.603714713996853E-02,-7.624604839078357E-03,8.770484772336641E-05,1.713018348533537E-04,2.965505715449948E-02,5.134613977949416E+00,3.549624672326521E-04,
2335201.500000000,A.D.1681-Jun-1800:00:00.0000,-2.565944740309931E-01,5.131732719998557E+00,-1.432251870528074E-02,-7.618642617949022E-03,-2.504586970181194E-05,1.716229669959805E-04,2.967555884168702E-02,5.138163735046704E+00,3.549740543956205E-04,
2335211.500000000,A.D.1681-Jun-2800:00:00.0000,-3.327543815664432E-01,5.130930615981564E+00,-1.260469409514658E-02,-7.613452988062001E-03,-1.354395617704928E-04,1.719319714346522E-04,2.969612551401792E-02,5.141724743972770E+00,3.571392456921899E-04,
2335221.500000000,A.D.1681-Jul-0800:00:00.0000,-4.088467057197035E-01,5.129012852978200E+00,-1.088421975471301E-02,-7.604744908373904E-03,-2.473633528330333E-04,1.721783001390570E-04,2.971673790637488E-02,5.145293669075954E+00,3.573306363804563E-04,
2335231.500000000,A.D.1681-Jul-1800:00:00.0000,-4.848480769668993E-01,5.125985446262667E+00,-9.161314527445874E-03,-7.594566799228135E-03,-3.583395240013501E-04,1.724000125432405E-04,2.973740771270922E-02,5.148872535101161E+00,3.580955830313906E-04,
2335241.500000000,A.D.1681-Jul-2800:00:00.0000,-5.607458273777465E-01,5.121849426456907E+00,-7.436432882642178E-03,-7.584794608580444E-03,-4.691379588341023E-04,1.725515241583613E-04,2.975812083708788E-02,5.152458901413239E+00,3.588587139549518E-04,
2335251.500000000,A.D.1681-Aug-0700:00:00.0000,-6.365244798481149E-01,5.116608031727490E+00,-5.709971781637404E-03,-7.571046685837816E-03,-5.793653709938761E-04,1.727182015578277E-04,2.977887370683338E-02,5.156052149422262E+00,3.595357015982302E-04,
2335261.500000000,A.D.1681-Aug-1700:00:00.0000,-7.121632040954109E-01,5.110265766008870E+00,-3.982224238929940E-03,-7.556649632564479E-03,-6.886159162400264E-04,1.728417626988924E-04,2.979966455621182E-02,5.159651973400876E+00,3.608516982937437E-04,
2335271.500000000,A.D.1681-Aug-2700:00:00.0000,-7.876536709741484E-01,5.102824554511659E+00,-2.253683538768100E-03,-7.540986534638582E-03,-7.993964771213539E-04,1.728667063309734E-04,2.982048487766837E-02,5.163256900311629E+00,3.602602395335031E-04,
2335281.500000000,A.D.1681-Sep-0600:00:00.0000,-8.629724466717998E-01,5.094290292139383E+00,-5.245981735307531E-04,-7.522537525510901E-03,-9.074199234024327E-04,1.729469592447383E-04,2.984133546795842E-02,5.166867068108441E+00,3.617262365360182E-04,
2335291.500000000,A.D.1681-Sep-1600:00:00.0000,-9.381083676182148E-01,5.084665567060854E+00,1.204583014108589E-03,-7.503833675096859E-03,-1.017165213072886E-03,1.728957912978516E-04,2.986220719348923E-02,5.170480895358750E+00,3.612183334648427E-04,
2335301.500000000,A.D.1681-Sep-2600:00:00.0000,-1.013045842171872E+00,5.073955596064198E+00,2.933508728916368E-03,-7.483476472758985E-03,-1.125836386808430E-03,1.728417430052305E-04,2.988310106299492E-02,5.174098556719457E+00,3.612547969258480E-04,
2335311.500000000,A.D.1681-Oct-0600:00:00.0000,-1.087764046790738E+00,5.062164691577434E+00,4.661854868735269E-03,-7.460838056011184E-03,-1.231773008017220E-03,1.728291344086715E-04,2.990400524158566E-02,5.177718003042908E+00,3.632873150431187E-04,
2335321.500000000,A.D.1681-Oct-1600:00:00.0000,-1.162256352117245E+00,5.049296554489772E+00,6.389139857126755E-03,-7.436765211198919E-03,-1.341231882660738E-03,1.726481132809356E-04,2.992491977559255E-02,5.181339242351082E+00,3.613454104043686E-04,
2335331.500000000,A.D.1681-Oct-2600:00:00.0000,-1.236499011590005E+00,5.035358410553820E+00,8.115146185003102E-03,-7.411652944277682E-03,-1.446891742298556E-03,1.725303629211556E-04,2.994584254555442E-02,5.184961907670659E+00,3.626416507396805E-04,
2335341.500000000,A.D.1681-Nov-0500:00:00.0000,-1.310481392994491E+00,5.020353136272883E+00,9.839405474396415E-03,-7.384471771786433E-03,-1.553225740069105E-03,1.723420522957905E-04,2.996676199680252E-02,5.188583998372759E+00,3.625588180602410E-04,
2335351.500000000,A.D.1681-Nov-1500:00:00.0000,-1.384189463129713E+00,5.004287700123511E+00,1.156158491425931E-02,-7.356142030746871E-03,-1.660667689188305E-03,1.720643880034914E-04,2.998768448156027E-02,5.192206614310771E+00,3.608917890740020E-04,
2335361.500000000,A.D.1681-Nov-2500:00:00.0000,-1.457601720153136E+00,4.987167577042892E+00,1.328139323268071E-02,-7.327144129228446E-03,-1.763613190517555E-03,1.718652593030778E-04,3.000859486222747E-02,5.195827134490470E+00,3.631579584211660E-04,
2335371.500000000,A.D.1681-Dec-0500:00:00.0000,-1.530712528335263E+00,4.968996759949393E+00,1.499832343818447E-02,-7.294753777561941E-03,-1.869465730549345E-03,1.715479561947791E-04,3.002949340228903E-02,5.199445604532858E+00,3.614567619656728E-04,
2335381.500000000,A.D.1681-Dec-1500:00:00.0000,-1.603499475780746E+00,4.949783924419419E+00,1.671217380865751E-02,-7.261999279016213E-03,-1.973443655329036E-03,1.712134324449616E-04,3.005037806700358E-02,5.203061672133384E+00,3.612015046514549E-04,
2335391.500000000,A.D.1681-Dec-2500:00:00.0000,-1.675951441612192E+00,4.929533286477601E+00,1.842251392590779E-02,-7.228372815507268E-03,-2.076150793269660E-03,1.708569539346691E-04,3.007123941562404E-02,5.206673702677362E+00,3.616694879755946E-04,
2335401.500000000,A.D.1682-Jan-0400:00:00.0000,-1.748055732076862E+00,4.908251965520985E+00,2.012898119874521E-02,-7.191622124369793E-03,-2.180211988807796E-03,1.704299603959571E-04,3.009208078578790E-02,5.210282274058814E+00,3.596267881521072E-04,
2335411.500000000,A.D.1682-Jan-1400:00:00.0000,-1.819791697815113E+00,4.885947178038605E+00,2.183132064390033E-02,-7.155610919349392E-03,-2.281260651679225E-03,1.700066978803787E-04,3.011288920599798E-02,5.213885140332617E+00,3.604440298425368E-04,
2335421.500000000,A.D.1682-Jan-2400:00:00.0000,-1.891153337954396E+00,4.862623988959042E+00,2.352905257696972E-02,-7.117042558233953E-03,-2.382922373239937E-03,1.695345553827403E-04,3.013366747436980E-02,5.217482785977465E+00,3.595895489935250E-04,
2335431.500000000,A.D.1682-Feb-0300:00:00.0000,-1.962119733545115E+00,4.838290842873505E+00,2.522193387318487E-02,-7.075909769467584E-03,-2.483327049580357E-03,1.690544432172984E-04,3.015440558875725E-02,5.221073479175433E+00,3.587361018898917E-04,
2335441.500000000,A.D.1682-Feb-1300:00:00.0000,-2.032680564763549E+00,4.812954168708090E+00,2.690958875937951E-02,-7.035667063318805E-03,-2.583609978848334E-03,1.684836651109879E-04,3.017510308968013E-02,5.224657140370001E+00,3.581098352703711E-04,
2335451.500000000,A.D.1682-Feb-2300:00:00.0000,-2.102823032462860E+00,4.786621616266610E+00,2.859166439356054E-02,-6.992477814237361E-03,-2.683194187948714E-03,1.679111823115015E-04,3.019576016342048E-02,5.228233801814898E+00,3.567761182777820E-04,
2335461.500000000,A.D.1682-Mar-0500:00:00.0000,-2.172527945884971E+00,4.759300585137159E+00,3.026788316227857E-02,-6.948303338399455E-03,-2.780871722404758E-03,1.673269850173876E-04,3.021635936756875E-02,5.231800443450534E+00,3.565585915062918E-04,
2335471.500000000,A.D.1682-Mar-1500:00:00.0000,-2.241789876036670E+00,4.730998460007556E+00,3.193782801365188E-02,-6.903884159053615E-03,-2.879739243551175E-03,1.666401851802779E-04,3.023691432678649E-02,5.235359424313923E+00,3.549589744643712E-04,
2335481.500000000,A.D.1682-Mar-2500:00:00.0000,-2.310587833973667E+00,4.701723397015718E+00,3.360123984713527E-02,-6.856251993366039E-03,-2.975114167938075E-03,1.660340132510044E-04,3.025740425812247E-02,5.238907145948611E+00,3.549189644412428E-04,
2335491.500000000,A.D.1682-Apr-0400:00:00.0000,-2.378913228915388E+00,4.671482605477670E+00,3.525773748825476E-02,-6.808102874384044E-03,-3.071861132662471E-03,1.653034500393111E-04,3.027783246952927E-02,5.242444181108834E+00,3.531879988980969E-04,
2335501.500000000,A.D.1682-Apr-1400:00:00.0000,-2.446753786182827E+00,4.640285672578723E+00,3.690702285491768E-02,-6.759257867482063E-03,-3.168232715607641E-03,1.645258759729169E-04,3.029820476419194E-02,5.245971534584932E+00,3.512804157503016E-04,
2335511.500000000,A.D.1682-Apr-2400:00:00.0000,-2.514090316490083E+00,4.608139710184339E+00,3.854880510628676E-02,-6.708378503447984E-03,-3.260748950841427E-03,1.638194475263951E-04,3.031849407184035E-02,5.249484519304931E+00,3.516150484341693E-04,
2335521.500000000,A.D.1682-May-0400:00:00.0000,-2.580919194282569E+00,4.575053365183317E+00,4.018267902378912E-02,-6.656680548381255E-03,-3.356288518863638E-03,1.629543808422443E-04,3.033872238742512E-02,5.252986943576475E+00,3.486975082989980E-04,
2335531.500000000,A.D.1682-May-1400:00:00.0000,-2.647219529917732E+00,4.541036026555595E+00,4.180842539541484E-02,-6.603857359037073E-03,-3.447826118258864E-03,1.621582381393510E-04,3.035886659660075E-02,5.256474805274704E+00,3.485105904215981E-04,
2335541.500000000,A.D.1682-May-2400:00:00.0000,-2.712983079865772E+00,4.506094773698232E+00,4.342564954558059E-02,-6.548966043598884E-03,-3.538978087740121E-03,1.613221662636819E-04,3.037892616531859E-02,5.259948011931957E+00,3.473929622901136E-04,
2335551.500000000,A.D.1682-Jun-0300:00:00.0000,-2.778199589588946E+00,4.470240374830882E+00,4.503406354492124E-02,-6.493086949834703E-03,-3.631997749738942E-03,1.603633608319371E-04,3.039891282479507E-02,5.263408594745396E+00,3.439615789295831E-04,
2335561.500000000,A.D.1682-Jun-1300:00:00.0000,-2.842849678222688E+00,4.433481130477688E+00,4.663342274774664E-02,-6.437106285235136E-03,-3.720222724995388E-03,1.594795178439907E-04,3.041879693779410E-02,5.266851422186668E+00,3.443471648658846E-04,
2335571.500000000,A.D.1682-Jun-2300:00:00.0000,-2.906930423160530E+00,4.395825782653937E+00,4.822331279305649E-02,-6.378761318804414E-03,-3.810313497579623E-03,1.585009370006128E-04,3.043860039891252E-02,5.270280285187694E+00,3.416866598881785E-04,
2335581.500000000,A.D.1682-Jul-0300:00:00.0000,-2.970422632329574E+00,4.357284652601833E+00,4.980352474694996E-02,-6.319546194827034E-03,-3.898460619645691E-03,1.575156794446336E-04,3.045830111799415E-02,5.273691358956500E+00,3.399640082095494E-04,
2335591.500000000,A.D.1682-Jul-1300:00:00.0000,-3.033317712038230E+00,4.317866021117601E+00,5.137371150180371E-02,-6.259916477517728E-03,-3.984545852465019E-03,1.565264569003492E-04,3.047789922753870E-02,5.277084666434702E+00,3.395097557607276E-04,
2335601.500000000,A.D.1682-Jul-2300:00:00.0000,-3.095606665405174E+00,4.277580357876790E+00,5.293355747413486E-02,-6.197232466525854E-03,-4.072014773822190E-03,1.554617981556728E-04,3.049740364284381E-02,5.280461751258231E+00,3.359654792617071E-04,
2335611.500000000,A.D.1682-Aug-0200:00:00.0000,-3.157271581832433E+00,4.236437216459531E+00,5.448284622070531E-02,-6.135160804024449E-03,-4.156726589406131E-03,1.543884282518825E-04,3.051678763910613E-02,5.283817986170829E+00,3.348088749719270E-04,
2335621.500000000,A.D.1682-Aug-1200:00:00.0000,-3.218309234985060E+00,4.194446587043154E+00,5.602121359630516E-02,-6.072255474845190E-03,-4.241480047302196E-03,1.532631534025317E-04,3.053607530828986E-02,5.287157542566789E+00,3.329426704510770E-04,
2335631.500000000,A.D.1682-Aug-2200:00:00.0000,-3.278701773915094E+00,4.151618150517829E+00,5.754841441011018E-02,-6.006388057974529E-03,-4.324279676983091E-03,1.521628305586878E-04,3.055523790142521E-02,5.290475442716295E+00,3.306231990291377E-04,
2335641.500000000,A.D.1682-Sep-0100:00:00.0000,-3.338441719034662E+00,4.107961884733316E+00,5.906414921680147E-02,-5.941471078490087E-03,-4.406479488553373E-03,1.509882624009960E-04,3.057428297996773E-02,5.293772995844789E+00,3.291646866348344E-04,
2335651.500000000,A.D.1682-Sep-1100:00:00.0000,-3.397520009603433E+00,4.063488757212761E+00,6.056812523994701E-02,-5.874232166437492E-03,-4.488009360599471E-03,1.498016306831994E-04,3.059321640521246E-02,5.297051216804054E+00,3.265815036687575E-04,
2335661.500000000,A.D.1682-Sep-2100:00:00.0000,-3.455920295878732E+00,4.018207871495537E+00,6.206009601302975E-02,-5.805388913632524E-03,-4.567400679863808E-03,1.486155280280823E-04,3.061200757417406E-02,5.300304806851431E+00,3.244000419947633E-04,
2335671.500000000,A.D.1682-Oct-0100:00:00.0000,-3.513640361841092E+00,3.972131352090392E+00,6.353976362098369E-02,-5.737711781128825E-03,-4.648182816771804E-03,1.473011866643556E-04,3.063069077121566E-02,5.303539702140379E+00,3.217516188162673E-04,
2335681.500000000,A.D.1682-Oct-1100:00:00.0000,-3.570662237825256E+00,3.925268717460896E+00,6.500688821617619E-02,-5.667299221788489E-03,-4.724873359570956E-03,1.460853377274171E-04,3.064922845202678E-02,5.306749402075052E+00,3.201791066229081E-04,
2335691.500000000,A.D.1682-Oct-2100:00:00.0000,-3.626979990747618E+00,3.877630052587479E+00,6.646115910118985E-02,-5.596108264757431E-03,-4.801832528360243E-03,1.447906737323405E-04,3.066763022661865E-02,5.309935570577315E+00,3.176809805793319E-04,
2335701.500000000,A.D.1682-Oct-3100:00:00.0000,-3.682585458803717E+00,3.829228006343267E+00,6.790233740399373E-02,-5.524688242226680E-03,-4.878905779543162E-03,1.434281973815126E-04,3.068590748127753E-02,5.313100179121521E+00,3.147753641715639E-04,
2335711.500000000,A.D.1682-Nov-1000:00:00.0000,-3.737462305620894E+00,3.780071205072596E+00,6.933017079273984E-02,-5.451035113196598E-03,-4.951707400648118E-03,1.421509291911167E-04,3.070402078965172E-02,5.316236401246486E+00,3.132078642819827E-04,
2335721.500000000,A.D.1682-Nov-2000:00:00.0000,-3.791610190375189E+00,3.730172474636660E+00,7.074436750422618E-02,-5.377295106554348E-03,-5.027508094677187E-03,1.407064661546044E-04,3.072201150856212E-02,5.319351397663773E+00,3.092649232691491E-04,
2335731.500000000,A.D.1682-Nov-3000:00:00.0000,-3.845011699057155E+00,3.679542612941985E+00,7.214473781153541E-02,-5.303090036934192E-03,-5.099586579291077E-03,1.393159195227630E-04,3.073984225499291E-02,5.322438695704838E+00,3.074432812320228E-04,
2335741.500000000,A.D.1682-Dec-1000:00:00.0000,-3.897660885079309E+00,3.628191425438351E+00,7.353097168015364E-02,-5.227265581879472E-03,-5.169788174062697E-03,1.379361082596994E-04,3.075751742362736E-02,5.325499056285507E+00,3.055619818570032E-04,
2335751.500000000,A.D.1682-Dec-2000:00:00.0000,-3.949551618142540E+00,3.576132108949905E+00,7.490283073317296E-02,-5.150346200331937E-03,-5.241934579585077E-03,1.364383806675932E-04,3.077505375778239E-02,5.328535378421232E+00,3.013824838026572E-04,
2335761.500000000,A.D.1682-Dec-3000:00:00.0000,-4.000667799262234E+00,3.523374288041851E+00,7.626010856410052E-02,-5.073172467549116E-03,-5.309445306580982E-03,1.350115933925637E-04,3.079241027965997E-02,5.331540567026228E+00,2.999528246517842E-04,
2335771.500000000,A.D.1683-Jan-0900:00:00.0000,-4.051009567192817E+00,3.469930659778749E+00,7.760251259050445E-02,-4.994604329688789E-03,-5.378380647820418E-03,1.334925700417079E-04,3.080962661155104E-02,5.334521482487504E+00,2.963604848376003E-04,
2335781.500000000,A.D.1683-Jan-1900:00:00.0000,-4.100561534157631E+00,3.415812527134694E+00,7.892985781549516E-02,-4.915191663391555E-03,-5.445855942981149E-03,1.319533163413387E-04,3.082666883362504E-02,5.337472251768459E+00,2.929173023595266E-04,
2335791.500000000,A.D.1683-Jan-2900:00:00.0000,-4.149317529729474E+00,3.361030952169355E+00,8.024189542937082E-02,-4.836345730757675E-03,-5.510423558991201E-03,1.304317057685274E-04,3.084354112459993E-02,5.340393598391681E+00,2.916069832186963E-04,
2335801.500000000,A.D.1683-Feb-0800:00:00.0000,-4.197272257833382E+00,3.305598566397961E+00,8.153836786719748E-02,-4.754769904221558E-03,-5.575707761429100E-03,1.288617661810975E-04,3.086025679056075E-02,5.343287826234372E+00,2.875606661290324E-04,
2335811.500000000,A.D.1683-Feb-1800:00:00.0000,-4.244411409268605E+00,3.249525566637848E+00,8.281908005191831E-02,-4.672893016711105E-03,-5.638412583811639E-03,1.272921255294868E-04,3.087677857538725E-02,5.346148484599280E+00,2.847015583630962E-04,
2335821.500000000,A.D.1683-Feb-2800:00:00.0000,-4.290734968373190E+00,3.192825886887832E+00,8.408379829003355E-02,-4.591448172890845E-03,-5.701149255528030E-03,1.256549613697669E-04,3.089314649010435E-02,5.348982501180615E+00,2.820117375459287E-04,
2335831.500000000,A.D.1683-Mar-1000:00:00.0000,-4.336228795405708E+00,3.135509931280217E+00,8.533230602163593E-02,-4.507120050155226E-03,-5.761999955415342E-03,1.240423120736058E-04,3.090932245118709E-02,5.351783282020440E+00,2.779784605860191E-04,
2335841.500000000,A.D.1683-Mar-2000:00:00.0000,-4.380888104377449E+00,3.077590059692686E+00,8.656439717014400E-02,-4.424215157568050E-03,-5.821889325940762E-03,1.223671048112371E-04,3.092531724118202E-02,5.354552694058813E+00,2.755030262655338E-04,
2335851.500000000,A.D.1683-Mar-3000:00:00.0000,-4.424707414407517E+00,3.019079572495702E+00,8.777985583695690E-02,-4.340134959802561E-03,-5.880664563586537E-03,1.206895237415904E-04,3.094114079304635E-02,5.357292457133963E+00,2.725681303052204E-04,
2335861.500000000,A.D.1683-Apr-0900:00:00.0000,-4.467673744917128E+00,2.959987645269092E+00,8.897845058086565E-02,-4.253472019920571E-03,-5.936696020887288E-03,1.190525722029602E-04,3.095675278162612E-02,5.359995589161922E+00,2.688755022337304E-04,
2335871.500000000,A.D.1683-Apr-1900:00:00.0000,-4.509788404202801E+00,2.900329853967790E+00,9.016000216109289E-02,-4.168537811265856E-03,-5.994462372208410E-03,1.172710613681336E-04,3.097220104958171E-02,5.362670373842547E+00,2.655166860929353E-04,
2335881.500000000,A.D.1683-Apr-2900:00:00.0000,-4.551037258361843E+00,2.840116580979135E+00,9.132431317023415E-02,-4.081487259201710E-03,-6.048491857088526E-03,1.155701835877286E-04,3.098744144419277E-02,5.365309166369288E+00,2.622650246105121E-04,
2335891.500000000,A.D.1683-May-0900:00:00.0000,-4.591416906823112E+00,2.779359838817315E+00,9.247116429146369E-02,-3.993900797822124E-03,-6.102052178858163E-03,1.138175815345209E-04,3.100248599408760E-02,5.367914049434580E+00,2.586460436035354E-04,
2335901.500000000,A.D.1683-May-1900:00:00.0000,-4.630922990200561E+00,2.718074473783133E+00,9.360039654867316E-02,-3.907079329498984E-03,-6.155885439206912E-03,1.119886156826832E-04,3.101734988296222E-02,5.370487652013886E+00,2.554163948212620E-04,
2335911.500000000,A.D.1683-May-2900:00:00.0000,-4.669542351259888E+00,2.656269161779925E+00,9.471178414367218E-02,-3.817829754825412E-03,-6.204677575673792E-03,1.102825553465958E-04,3.103198519640625E-02,5.373021677984226E+00,2.524964844536927E-04,
2335921.500000000,A.D.1683-Jun-0800:00:00.0000,-4.707277967730760E+00,2.593959492520197E+00,9.580514149100218E-02,-3.728528082813879E-03,-6.256124190020217E-03,1.084265746105450E-04,3.104644388439405E-02,5.375525122204824E+00,2.480638003198512E-04,
2335931.500000000,A.D.1683-Jun-1800:00:00.0000,-4.744116778319663E+00,2.531156955152369E+00,9.688031723380447E-02,-3.639006130072048E-03,-6.304926425941493E-03,1.065874505827594E-04,3.106068460684462E-02,5.377990826862543E+00,2.445965290219985E-04,
2335941.500000000,A.D.1683-Jun-2800:00:00.0000,-4.780055212264911E+00,2.467873299867863E+00,9.793710572511595E-02,-3.548664182866281E-03,-6.351104647017483E-03,1.047780586173357E-04,3.107471367357349E-02,5.380419884468076E+00,2.414961710334146E-04,
2335951.500000000,A.D.1683-Jul-0800:00:00.0000,-4.815090818865847E+00,2.404123530416696E+00,9.897534671293476E-02,-3.457876825301764E-03,-6.399117980505202E-03,1.028557882694358E-04,3.108855118063066E-02,5.382815774544616E+00,2.370322679021501E-04,
2335961.500000000,A.D.1683-Jul-1800:00:00.0000,-4.849210941784590E+00,2.339917227610260E+00,9.999486281275020E-02,-3.366785006408230E-03,-6.442373306677922E-03,1.010194485027927E-04,3.110214935794794E-02,5.385170225961256E+00,2.342974832124610E-04,
2335971.500000000,A.D.1683-Jul-2800:00:00.0000,-4.882418595401210E+00,2.275269655015579E+00,1.009954746305875E-01,-3.274853161267309E-03,-6.486103764812364E-03,9.912477764745212E-05,3.111555525785012E-02,5.387491385575489E+00,2.304560622983911E-04,
2335981.500000000,A.D.1683-Aug-0700:00:00.0000,-4.914702922031331E+00,2.210192212633403E+00,1.019770200437604E-01,-3.181557090791692E-03,-6.529191767053158E-03,9.719389641916606E-05,3.112873316546033E-02,5.389773069548072E+00,2.255291012498242E-04,
2335991.500000000,A.D.1683-Aug-1700:00:00.0000,-4.946060488304393E+00,2.144697865336072E+00,1.029393571161670E-01,-3.089606370543612E-03,-6.569467159249535E-03,9.527023860108057E-05,3.114168899440456E-02,5.392016301791611E+00,2.228600194765747E-04,
2336001.500000000,A.D.1683-Aug-2700:00:00.0000,-4.976489316630284E+00,2.078801083742776E+00,1.038823216089872E-01,-2.996106979229316E-03,-6.609995390052363E-03,9.330745184209081E-05,3.115443897427602E-02,5.394223892373059E+00,2.185526243410440E-04,
2336011.500000000,A.D.1683-Sep-0600:00:00.0000,-5.005978641689580E+00,2.012511550928529E+00,1.048057387330132E-01,-2.901809732041599E-03,-6.647823594248218E-03,9.136658851637788E-05,3.116694086777717E-02,5.396388528131047E+00,2.144307263386016E-04,
2336021.500000000,A.D.1683-Sep-1600:00:00.0000,-5.034531308984332E+00,1.945845732713654E+00,1.057094944591226E-01,-2.808873898315361E-03,-6.685140493939164E-03,8.937511833636034E-05,3.117923914606775E-02,5.398517909008197E+00,2.116431396855832E-04,
2336031.500000000,A.D.1683-Sep-2600:00:00.0000,-5.062137433205096E+00,1.878813846011965E+00,1.065933954714924E-01,-2.712713836116368E-03,-6.720647582471022E-03,8.741809354470446E-05,3.119129566291141E-02,5.400605430188423E+00,2.063847709463843E-04,
2336041.500000000,A.D.1683-Oct-0600:00:00.0000,-5.088795275479885E+00,1.811429581018962E+00,1.074573258716136E-01,-2.617891866795093E-03,-6.755501592989144E-03,8.539259520281253E-05,3.120312257369670E-02,5.402653196312013E+00,2.024887334947460E-04,
2336051.500000000,A.D.1683-Oct-1600:00:00.0000,-5.114502790292945E+00,1.743708329478726E+00,1.083011784658998E-01,-2.523534074630268E-03,-6.789458571302815E-03,8.334287164556252E-05,3.121473265317117E-02,5.404663419257939E+00,1.992377046169826E-04,
2336061.500000000,A.D.1683-Oct-2600:00:00.0000,-5.139250226508411E+00,1.675658549322514E+00,1.091247477549969E-01,-2.426382036091181E-03,-6.820027744813854E-03,8.136971343073091E-05,3.122608251409648E-02,5.406628586758755E+00,1.943218521408242E-04,
2336071.500000000,A.D.1683-Nov-0500:00:00.0000,-5.163041797979625E+00,1.607297902507717E+00,1.099279653083745E-01,-2.331434399608857E-03,-6.851942253485061E-03,7.927093340976272E-05,3.123722142980559E-02,5.408557230227598E+00,1.909742082311084E-04,
2336081.500000000,A.D.1683-Nov-1500:00:00.0000,-5.185867632801116E+00,1.538636663189994E+00,1.107106656811201E-01,-2.234588482691236E-03,-6.880382449732351E-03,7.725137247343562E-05,3.124810700681981E-02,5.410442009461172E+00,1.867544167733165E-04,
2336091.500000000,A.D.1683-Nov-2500:00:00.0000,-5.207727162658734E+00,1.469687641933585E+00,1.114727101431392E-01,-2.136817700493573E-03,-6.907975898732244E-03,7.520367200209581E-05,3.125875187775925E-02,5.412285111729846E+00,1.817679424107214E-04,
2336101.500000000,A.D.1683-Dec-0500:00:00.0000,-5.228619814346411E+00,1.400467551638378E+00,1.122140427923783E-01,-2.040860801704952E-03,-6.936643287375149E-03,7.304429940113531E-05,3.126917390391797E-02,5.414089629620819E+00,1.781533086781640E-04,
2336111.500000000,A.D.1683-Dec-1500:00:00.0000,-5.248535652263947E+00,1.330984602150889E+00,1.129344806328416E-01,-1.943019312135680E-03,-6.960039356269008E-03,7.101836772373417E-05,3.127932468117513E-02,5.415847182220370E+00,1.739933402831342E-04,
2336121.500000000,A.D.1683-Dec-2500:00:00.0000,-5.267480112794862E+00,1.261256038747439E+00,1.136339468986460E-01,-1.845519735037002E-03,-6.985019775391621E-03,6.888693003175945E-05,3.128925432652980E-02,5.417566447017888E+00,1.696643746474191E-04,
2336131.500000000,A.D.1684-Jan-0400:00:00.0000,-5.285444658465077E+00,1.191293004801886E+00,1.143123162103092E-01,-1.747745272433557E-03,-7.007998325479826E-03,6.676338008899012E-05,3.129892496560074E-02,5.419240866267552E+00,1.654592276810274E-04,
2336141.500000000,A.D.1684-Jan-1400:00:00.0000,-5.302428415368072E+00,1.121107969108943E+00,1.149694679065879E-01,-1.649241980336584E-03,-7.027895757116443E-03,6.469175030284555E-05,3.130834290042615E-02,5.420871531133446E+00,1.611171141169044E-04,
2336151.500000000,A.D.1684-Jan-2400:00:00.0000,-5.318432600998946E+00,1.050717342775966E+00,1.156053358910055E-01,-1.550762076111485E-03,-7.049949676912811E-03,6.249658560079559E-05,3.131753013001615E-02,5.422462250626101E+00,1.562655654129458E-04,
2336161.500000000,A.D.1684-Feb-0300:00:00.0000,-5.333448230969731E+00,9.801302252215736E-01,1.162197861111819E-01,-1.452341475632936E-03,-7.067895464518931E-03,6.036811819169747E-05,3.132644141975540E-02,5.424005192614659E+00,1.522023008763359E-04,
2336171.500000000,A.D.1684-Feb-1300:00:00.0000,-5.347480370498560E+00,9.093636478292368E-01,1.168127644255376E-01,-1.354275274061656E-03,-7.085142532368560E-03,5.821838273173517E-05,3.133511916594660E-02,5.425507697791374E+00,1.485188263997507E-04,
2336181.500000000,A.D.1684-Feb-2300:00:00.0000,-5.360522504417617E+00,8.384281990628176E-01,1.173841263885448E-01,-1.254420199639046E-03,-7.101837833067076E-03,5.604937585762965E-05,3.134353226962692E-02,5.426964381537753E+00,1.430902910304648E-04,
2336191.500000000,A.D.1684-Mar-0400:00:00.0000,-5.372574162660832E+00,7.673373397634957E-01,1.179338087162877E-01,-1.155870296938283E-03,-7.115772685109613E-03,5.389586300857327E-05,3.135168622154230E-02,5.428376194546982E+00,1.392970802801413E-04,
2336201.500000000,A.D.1684-Mar-1400:00:00.0000,-5.383636760751170E+00,6.961069083783584E-01,1.184617482785783E-01,-1.056620581091716E-03,-7.129928277038526E-03,5.170109456688577E-05,3.135959817545649E-02,5.429746106901192E+00,1.347012660064547E-04,
2336211.500000000,A.D.1684-Mar-2400:00:00.0000,-5.393703383637173E+00,6.247456736072621E-01,1.189678018503235E-01,-9.562258642308093E-04,-7.141994923710262E-03,4.951908187526889E-05,3.136723123249773E-02,5.431067729758780E+00,1.291752305695493E-04,
2336221.500000000,A.D.1684-Apr-0300:00:00.0000,-5.402779063286346E+00,5.532719853323088E-01,1.194519897606265E-01,-8.586353182182686E-04,-7.153163978893009E-03,4.729114416887149E-05,3.137462305461107E-02,5.432347584083387E+00,1.264684733245266E-04,
2336231.500000000,A.D.1684-Apr-1300:00:00.0000,-5.410857819747901E+00,4.816952775650863E-01,1.199141489019942E-01,-7.580840330722548E-04,-7.162103204827369E-03,4.512432205507984E-05,3.138174114653308E-02,5.433580043494565E+00,1.209781887057967E-04,
2336241.500000000,A.D.1684-Apr-2300:00:00.0000,-5.417940892454084E+00,4.100290919501279E-01,1.203542239179215E-01,-6.581406118100180E-04,-7.170183791424979E-03,4.291766107245142E-05,3.138859652341952E-02,5.434767015207411E+00,1.160948214747719E-04,
2336251.500000000,A.D.1684-May-0300:00:00.0000,-5.424029776242594E+00,3.382902188842102E-01,1.207722119982143E-01,-5.596573381364213E-04,-7.177794625852906E-03,4.066805379346938E-05,3.139520193552178E-02,5.435910706859518E+00,1.126456918250213E-04,
2336261.500000000,A.D.1684-May-1300:00:00.0000,-5.429118412891261E+00,2.664860651170519E-01,1.211679412641198E-01,-4.582053189092251E-04,-7.182223439328896E-03,3.849822750143548E-05,3.140152197341361E-02,5.437004987498786E+00,1.063734947705648E-04,
2336271.500000000,A.D.1684-May-2300:00:00.0000,-5.433213329924906E+00,1.946357933352102E-01,1.215414684230989E-01,-3.597203799243521E-04,-7.187886875350344E-03,3.620511139302268E-05,3.140759713355724E-02,5.438056868870291E+00,1.029444771846436E-04,
2336281.500000000,A.D.1684-Jun-0200:00:00.0000,-5.436308577032142E+00,1.227492158272439E-01,1.218926752777795E-01,-2.602898266312884E-04,-7.190186557978942E-03,3.398963688957698E-05,3.141339203942323E-02,5.439060225717841E+00,9.865107590121461E-05,
2336291.500000000,A.D.1684-Jun-1200:00:00.0000,-5.438406120089293E+00,5.083864415247295E-02,1.222214820438594E-01,-1.594503350955313E-04,-7.190674312768854E-03,3.180018711241980E-05,3.141891728317461E-02,5.440016892017610E+00,9.291850037644295E-05,
2336301.500000000,A.D.1684-Jun-2200:00:00.0000,-5.439509070587643E+00,-2.107828646380275E-02,1.225279221135288E-01,-6.067769963670897E-05,-7.192730284383544E-03,2.948956686259430E-05,3.142418938934111E-02,5.440929728903227E+00,8.919075350691956E-05,
2336311.500000000,A.D.1684-Jul-0200:00:00.0000,-5.439611369043424E+00,-9.299426442771504E-02,1.228118532999175E-01,3.976350284098350E-05,-7.190133247033209E-03,2.729685870038708E-05,3.142917070396179E-02,5.441792216793460E+00,8.373997204786393E-05,
2336321.500000000,A.D.1684-Jul-1200:00:00.0000,-5.438720473219981E+00,-1.648908475027516E-01,1.230733221385051E-01,1.392135229959009E-04,-7.188544908928204E-03,2.501812439109294E-05,3.143390062154056E-02,5.442611176635215E+00,7.923786476089585E-05,
2336331.500000000,A.D.1684-Jul-2200:00:00.0000,-5.436832019578649E+00,-2.367574560435287E-01,1.233122491513786E-01,2.383521287849694E-04,-7.185622062402259E-03,2.272940520047720E-05,3.143834977531521E-02,5.443381523731239E+00,7.498499345846233E-05,
2336341.500000000,A.D.1684-Aug-0100:00:00.0000,-5.433947474859447E+00,-3.085819808762092E-01,1.235285855440060E-01,3.379029616500275E-04,-7.178782183633347E-03,2.053246602612814E-05,3.144252189174255E-02,5.444103903297525E+00,7.010009995465044E-05,
2336351.500000000,A.D.1684-Aug-1100:00:00.0000,-5.430071339405072E+00,-3.803475628467898E-01,1.237223465478246E-01,4.373803321828056E-04,-7.173747777418831E-03,1.823740602344604E-05,3.144643571178195E-02,5.444781560230601E+00,6.534099635516032E-05,
2336361.500000000,A.D.1684-Aug-2100:00:00.0000,-5.425198950566234E+00,-4.520462791157958E-01,1.238934266756547E-01,5.371719061876249E-04,-7.165742317214716E-03,1.598425133196330E-05,3.145005944629686E-02,5.445408990412091E+00,6.004379728369399E-05,
2336371.500000000,A.D.1684-Aug-3100:00:00.0000,-5.419337267113337E+00,-5.236597847357151E-01,1.240419054435914E-01,6.354683892668545E-04,-7.156600184622416E-03,1.371775864050633E-05,3.145342319022267E-02,5.445991404618538E+00,5.609773176536746E-05,
2336381.500000000,A.D.1684-Sep-1000:00:00.0000,-5.412483794280825E+00,-5.951782937839969E-01,1.241676827755120E-01,7.352181638044078E-04,-7.147219135232140E-03,1.142891058969371E-05,3.145650554350412E-02,5.446525097545226E+00,5.066209918402295E-05,
2336391.500000000,A.D.1684-Sep-2000:00:00.0000,-5.404640632907367E+00,-6.665888029741097E-01,1.242707662809078E-01,8.334329918422793E-04,-7.134928839374871E-03,9.171486317081370E-06,3.145930943927355E-02,5.447010577048282E+00,4.641033937510016E-05,
2336401.500000000,A.D.1684-Sep-3000:00:00.0000,-5.395812039900185E+00,-7.378749626786836E-01,1.243511864223460E-01,9.315628001364388E-04,-7.122127495112116E-03,6.903817279524899E-06,3.146184666958441E-02,5.447449884858465E+00,4.214087131980456E-05,
2336411.500000000,A.D.1684-Oct-1000:00:00.0000,-5.385995402995171E+00,-8.090297344514572E-01,1.244088120507998E-01,1.031805748147305E-03,-7.107832277752523E-03,4.653626511866972E-06,3.146409580016842E-02,5.447839309747270E+00,3.556007896372720E-05,
2336421.500000000,A.D.1684-Oct-2000:00:00.0000,-5.375197983557713E+00,-8.800335842622763E-01,1.244437919951819E-01,1.128422127681307E-03,-7.092936996391529E-03,2.343540596756519E-06,3.146608117526034E-02,5.448183066788279E+00,3.245523497969906E-05,
2336431.500000000,A.D.1684-Oct-3000:00:00.0000,-5.363417593625931E+00,-9.508776640882602E-01,1.244560227942383E-01,1.227078811313931E-03,-7.075981746425981E-03,8.815293750947812E-08,3.146778106977731E-02,5.448477394400005E+00,2.699247318546887E-05,
2336441.500000000,A.D.1684-Nov-0900:00:00.0000,-5.350658003964892E+00,-1.021549303563209E+00,1.244455109630195E-01,1.325333714161334E-03,-7.057878965069255E-03,-2.181272474905459E-06,3.146920402634441E-02,5.448723771692128E+00,2.171011987154434E-05,
2336451.500000000,A.D.1684-Nov-1900:00:00.0000,-5.336923587551218E+00,-1.092031137367629E+00,1.244123537961832E-01,1.421092269931606E-03,-7.039115627101252E-03,-4.485100754238730E-06,3.147035571086777E-02,5.448923179685882E+00,1.874032419465610E-05,
2336461.500000000,A.D.1684-Nov-2900:00:00.0000,-5.322212260382122E+00,-1.162317597404938E+00,1.243563952616254E-01,1.520332631996153E-03,-7.017123978422255E-03,-6.684809728266996E-06,3.147121755375763E-02,5.449072403156470E+00,1.170151649033676E-05,
2336471.500000000,A.D.1684-Dec-0900:00:00.0000,-5.306532875237457E+00,-1.232388951072850E+00,1.242778004937972E-01,1.616657462451594E-03,-6.996502178589792E-03,-9.003164309258280E-06,3.147181565422384E-02,5.449175961041992E+00,7.789639277473922E-06,
2336481.500000000,A.D.1684-Dec-1900:00:00.0000,-5.289883569295559E+00,-1.302235728171378E+00,1.241765197588549E-01,1.712829526979103E-03,-6.973477330879104E-03,-1.128171354242205E-05,3.147212684762316E-02,5.449229842508809E+00,3.494371630234164E-06,
2336491.500000000,A.D.1684-Dec-2900:00:00.0000,-5.272268511366068E+00,-1.371846535549222E+00,1.240525429385419E-01,1.810209138953947E-03,-6.947970758291655E-03,-1.350086493788042E-05,3.147215934874206E-02,5.449235469903104E+00,-2.575378718572880E-06,
